evid,station,origin_time,start_time,p_time,p_quality,s_time,s_quality,quality,event_lat,event_lon,event_depth,event_magnitude
61504363,STAR,2025-07-08 15:24:37.709999084+00:00,2025-07-08 15:24:32.709999084+00:00,2025-07-08 15:24:38.421168804+00:00,1.0,2025-07-08 15:24:38.989881754+00:00,1.0,1.0,46.854166666666664,-121.76466666666668,0.45,-0.44
61504373,STAR,2025-07-08 15:38:45.819999695+00:00,2025-07-08 15:38:40.819999695+00:00,2025-07-08 15:38:46.439848900+00:00,1.0,2025-07-08 15:38:47.008554220+00:00,0.75,1.0,46.85216666666667,-121.76833333333332,0.03,0.31
61504388,STAR,2025-07-08 15:47:51.469997406+00:00,2025-07-08 15:47:46.469997406+00:00,2025-07-08 15:47:52.119999886+00:00,1.0,2025-07-08 15:47:52.719038963+00:00,1.0,1.0,46.85183333333333,-121.76433333333334,0.26,0.36
61504393,STAR,2025-07-08 15:50:27.059999704+00:00,2025-07-08 15:50:22.059999704+00:00,2025-07-08 15:50:27.759302855+00:00,1.0,2025-07-08 15:50:28.331223011+00:00,0.75,1.0,46.8535,-121.76516666666669,0.13,-0.53
61504398,STAR,2025-07-08 15:50:56.389999390+00:00,2025-07-08 15:50:51.389999390+00:00,2025-07-08 15:50:57.039684772+00:00,1.0,2025-07-08 15:50:57.589113712+00:00,0.75,1.0,46.85,-121.76283333333332,-0.26,-0.08
61504403,STAR,2025-07-08 16:05:51.539997101+00:00,2025-07-08 16:05:46.539997101+00:00,2025-07-08 16:05:52.211188078+00:00,1.0,2025-07-08 16:05:52.808811188+00:00,0.75,1.0,46.852666666666664,-121.76833333333332,0.55,-0.7
61504408,STAR,2025-07-08 16:06:07.259999751+00:00,2025-07-08 16:06:02.259999751+00:00,2025-07-08 16:06:07.929317236+00:00,0.75,2025-07-08 16:06:08.478744745+00:00,0.75,0.75,46.85483333333333,-121.76583333333332,0.23,-0.64
61504413,STAR,2025-07-08 16:19:23.010000229+00:00,2025-07-08 16:19:18.010000229+00:00,2025-07-08 16:19:23.661316395+00:00,1.0,2025-07-08 16:19:24.249310017+00:00,0.75,1.0,46.85,-121.76533333333332,0.1,0.29
61504418,STAR,2025-07-08 14:32:42.149997711+00:00,2025-07-08 14:32:37.149997711+00:00,2025-07-08 14:32:42.829158306+00:00,1.0,2025-07-08 14:32:43.420355558+00:00,0.75,1.0,46.849,-121.762,-0.07,0.4
61504423,STAR,2025-07-08 14:32:58.090000153+00:00,2025-07-08 14:32:53.090000153+00:00,2025-07-08 14:32:58.829999924+00:00,0.75,2025-07-08 14:32:59.389097691+00:00,1.0,1.0,46.85183333333333,-121.76033333333334,0.12,-0.6
61504428,STAR,2025-07-08 10:18:43.809997559+00:00,2025-07-08 10:18:38.809997559+00:00,2025-07-08 10:18:44.551368237+00:00,0.75,2025-07-08 10:18:45.139777184+00:00,0.75,0.75,46.852,-121.75916666666669,-0.02,-0.41
61504433,STAR,2025-07-08 12:04:11.739999771+00:00,2025-07-08 12:04:06.739999771+00:00,2025-07-08 12:04:12.408561230+00:00,0.75,2025-07-08 12:04:12.829788685+00:00,0.75,0.75,46.852,-121.76816666666669,-0.23,-0.21
61504463,STAR,2025-07-08 22:01:30.859998703+00:00,2025-07-08 22:01:25.859998703+00:00,2025-07-08 22:01:31.508768082+00:00,0.75,2025-07-08 22:01:32.079723835+00:00,1.0,1.0,46.849,-121.762,-0.3,0.83
61504473,STAR,2025-07-08 19:33:34.899997711+00:00,2025-07-08 19:33:29.899997711+00:00,2025-07-08 19:33:35.609582424+00:00,0.75,2025-07-08 19:33:36.209768295+00:00,0.75,0.75,46.859833333333334,-121.76133333333334,0.06,0.55
61504478,STAR,2025-07-08 22:01:30.939998627+00:00,2025-07-08 22:01:25.939998627+00:00,2025-07-08 22:01:31.518513680+00:00,0.75,2025-07-08 22:01:32.035667419+00:00,0.75,0.75,46.84916666666667,-121.76083333333334,-2.23,0.94
61504483,STAR,2025-07-09 10:02:12.189999580+00:00,2025-07-09 10:02:07.189999580+00:00,2025-07-09 10:02:12.928627014+00:00,0.75,2025-07-09 10:02:13.478569508+00:00,0.75,0.75,46.848166666666664,-121.77066666666668,0.78,0.01
61504488,STAR,2025-07-09 14:52:57.439998627+00:00,2025-07-09 14:52:52.439998627+00:00,2025-07-09 14:52:58.219703436+00:00,0.5,2025-07-09 14:52:58.889551401+00:00,0.75,0.75,46.85366666666667,-121.755,0.49,-0.17
61504493,STAR,2025-07-09 18:00:49.329998016+00:00,2025-07-09 18:00:44.329998016+00:00,2025-07-09 18:00:50.208513498+00:00,0.75,2025-07-09 18:00:50.788886070+00:00,0.75,0.75,46.863,-121.76166666666668,0.64,-0.28
61504498,STAR,2025-07-09 20:17:04.929999828+00:00,2025-07-09 20:16:59.929999828+00:00,2025-07-09 20:17:05.778022289+00:00,0.75,2025-07-09 20:17:06.379401445+00:00,0.75,0.75,46.852,-121.75783333333334,0.63,0.78
61504508,STAR,2025-07-08 08:40:21.079999924+00:00,2025-07-08 08:40:16.079999924+00:00,2025-07-08 08:40:21.861403704+00:00,0.75,2025-07-08 08:40:22.471722841+00:00,0.75,0.75,46.853,-121.7645,0.52,0.02
61504518,STAR,2025-07-08 11:05:34.239998102+00:00,2025-07-08 11:05:29.239998102+00:00,2025-07-08 11:05:35.059760809+00:00,0.5,2025-07-08 11:05:35.587666750+00:00,0.75,0.75,46.8535,-121.76133333333334,0.25,0.41
61504523,STAR,2025-07-08 11:06:34.119998932+00:00,2025-07-08 11:06:29.119998932+00:00,2025-07-08 11:06:34.818291187+00:00,1.0,2025-07-08 11:06:35.430000067+00:00,0.75,1.0,46.855,-121.76033333333334,-0.06,-0.33
61504528,STAR,2025-07-08 10:47:19.129999161+00:00,2025-07-08 10:47:14.129999161+00:00,2025-07-08 10:47:19.846933603+00:00,0.75,2025-07-08 10:47:20.565622568+00:00,0.5,0.75,46.849666666666664,-121.75933333333332,-0.05,-0.39
61504533,STAR,2025-07-11 05:20:55.139999390+00:00,2025-07-11 05:20:50.139999390+00:00,2025-07-11 05:20:55.877653122+00:00,0.75,2025-07-11 05:20:56.529454708+00:00,0.75,0.75,46.856,-121.75716666666666,0.27,-0.08
61504538,STAR,2025-07-11 16:43:16.500000+00:00,2025-07-11 16:43:11.500000+00:00,2025-07-11 16:43:17.368616104+00:00,0.75,2025-07-11 16:43:17.982353210+00:00,0.75,0.75,46.859,-121.75883333333331,0.56,0.39
61504543,STAR,2025-07-11 19:43:57.899997711+00:00,2025-07-11 19:43:52.899997711+00:00,2025-07-11 19:43:58.699607372+00:00,0.75,2025-07-11 19:43:59.318550110+00:00,0.75,0.75,46.85966666666667,-121.76316666666666,0.93,-0.7
61504548,STAR,2025-07-11 19:51:03.599999905+00:00,2025-07-11 19:50:58.599999905+00:00,2025-07-11 19:51:04.479555845+00:00,1.0,2025-07-11 19:51:05.118304014+00:00,0.75,1.0,46.85766666666667,-121.764,0.97,-0.55
61504558,STAR,2025-07-12 02:24:31.059999704+00:00,2025-07-12 02:24:26.059999704+00:00,2025-07-12 02:24:31.828024387+00:00,1.0,2025-07-12 02:24:32.518684626+00:00,1.0,1.0,46.859833333333334,-121.7605,0.58,1.1
61504568,STAR,2025-07-08 11:29:00.690000057+00:00,2025-07-08 11:28:55.690000057+00:00,2025-07-08 11:29:01.355923653+00:00,0.75,2025-07-08 11:29:01.926311493+00:00,0.75,0.75,46.849666666666664,-121.76616666666666,0.53,0.31
61504583,STAR,2025-07-08 10:52:08.979999542+00:00,2025-07-08 10:52:03.979999542+00:00,2025-07-08 10:52:09.649746895+00:00,0.75,2025-07-08 10:52:10.089098454+00:00,0.5,0.75,46.85016666666667,-121.76216666666669,-0.42,-0.45
61504593,STAR,2025-07-08 10:56:26.250000+00:00,2025-07-08 10:56:21.250000+00:00,2025-07-08 10:56:26.909560204+00:00,0.75,2025-07-08 10:56:27.474172831+00:00,0.75,0.75,46.849833333333336,-121.76266666666666,-0.33,0.2
61504618,STAR,2025-07-08 11:42:18.859998703+00:00,2025-07-08 11:42:13.859998703+00:00,2025-07-08 11:42:19.567980051+00:00,0.75,2025-07-08 11:42:20.153975248+00:00,0.75,0.75,46.8505,-121.76316666666666,0.31,-0.69
61504623,STAR,2025-07-08 11:43:01.690000057+00:00,2025-07-08 11:42:56.690000057+00:00,2025-07-08 11:43:02.474321842+00:00,0.5,2025-07-08 11:43:03.086339712+00:00,0.75,0.75,46.85,-121.7615,0.21,0.59
61504633,STAR,2025-07-08 11:56:16.899999619+00:00,2025-07-08 11:56:11.899999619+00:00,2025-07-08 11:56:17.650649071+00:00,0.75,2025-07-08 11:56:18.293731928+00:00,0.75,0.75,46.84866666666667,-121.76533333333332,0.73,-0.41
61504638,STAR,2025-07-08 12:26:33.739998102+00:00,2025-07-08 12:26:28.739998102+00:00,2025-07-08 12:26:34.444960833+00:00,0.75,2025-07-08 12:26:35.056412697+00:00,0.5,0.75,46.849333333333334,-121.75783333333334,-0.02,-0.2
61504643,STAR,2025-07-08 12:01:59.849998474+00:00,2025-07-08 12:01:54.849998474+00:00,2025-07-08 12:02:00.533507109+00:00,1.0,2025-07-08 12:02:01.109486341+00:00,0.75,1.0,46.848,-121.7615,-0.07,0.64
61504648,STAR,2025-07-08 20:41:35.389999390+00:00,2025-07-08 20:41:30.389999390+00:00,2025-07-08 20:41:36.496056795+00:00,0.75,2025-07-08 20:41:37.059088230+00:00,0.5,0.75,46.8525,-121.7945,1.82,0.77
61504653,STAR,2025-07-10 18:00:35.369998932+00:00,2025-07-10 18:00:30.369998932+00:00,2025-07-10 18:00:35.598544598+00:00,0.75,2025-07-10 18:00:36.719424009+00:00,0.75,0.75,46.8505,-121.75816666666668,0.09,0.34
61504658,STAR,2025-07-16 12:40:30.829999924+00:00,2025-07-16 12:40:25.829999924+00:00,2025-07-16 12:40:31.684857845+00:00,0.75,2025-07-16 12:40:32.244759083+00:00,0.75,0.75,46.852,-121.75783333333334,0.3,0.18
61504663,STAR,2025-07-16 12:51:46.479999542+00:00,2025-07-16 12:51:41.479999542+00:00,2025-07-16 12:51:47.181971788+00:00,0.75,2025-07-16 12:51:47.853855610+00:00,0.75,0.75,46.86083333333333,-121.75866666666668,-0.26,0.07
61504668,STAR,2025-07-18 14:10:04.069999695+00:00,2025-07-18 14:09:59.069999695+00:00,2025-07-18 14:10:04.954870701+00:00,0.75,2025-07-18 14:10:05.544395208+00:00,1.0,1.0,46.851166666666664,-121.7585,0.39,0.4
61504683,STAR,2025-07-08 12:34:49.229999542+00:00,2025-07-08 12:34:44.229999542+00:00,2025-07-08 12:34:49.831663370+00:00,1.0,2025-07-08 12:34:50.398646116+00:00,0.75,1.0,46.8515,-121.76783333333331,-0.24,0.38
61504703,STAR,2025-07-08 13:37:37.959999084+00:00,2025-07-08 13:37:32.959999084+00:00,2025-07-08 13:37:38.756268978+00:00,1.0,2025-07-08 13:37:39.377775908+00:00,0.75,1.0,46.85166666666667,-121.76533333333332,0.86,0.33
61504708,STAR,2025-07-08 13:47:33.689998627+00:00,2025-07-08 13:47:28.689998627+00:00,2025-07-08 13:47:34.387164354+00:00,0.5,2025-07-08 13:47:35.056762695+00:00,0.75,0.75,46.85,-121.759,0.3,-0.27
61504723,STAR,2025-07-09 08:11:57.430000305+00:00,2025-07-09 08:11:52.430000305+00:00,2025-07-09 08:11:58.319803238+00:00,0.75,2025-07-09 08:11:58.926649809+00:00,0.75,0.75,46.86183333333334,-121.759,0.68,0.39
61504728,STAR,2025-07-10 10:38:05.109999657+00:00,2025-07-10 10:38:00.109999657+00:00,2025-07-10 10:38:05.922798634+00:00,0.75,2025-07-10 10:38:06.572525263+00:00,0.5,0.75,46.862833333333334,-121.76883333333332,1.23,0.17
61504733,STAR,2025-07-10 10:38:12.189999580+00:00,2025-07-10 10:38:07.189999580+00:00,2025-07-10 10:38:12.933703423+00:00,0.75,2025-07-10 10:38:13.611745119+00:00,0.75,0.75,46.859,-121.76083333333334,0.33,-0.36
61504738,STAR,2025-07-10 10:38:53.919998169+00:00,2025-07-10 10:38:48.919998169+00:00,2025-07-10 10:38:54.741436005+00:00,0.75,2025-07-10 10:38:55.475807428+00:00,0.5,0.75,46.8595,-121.76133333333334,1.17,0.2
61504743,STAR,2025-07-13 10:32:49.169998169+00:00,2025-07-13 10:32:44.169998169+00:00,2025-07-13 10:32:50.035175800+00:00,0.75,2025-07-13 10:32:50.696013689+00:00,0.75,0.75,46.86116666666667,-121.75833333333334,0.63,0.46
61504748,STAR,2025-07-13 12:07:57.389999390+00:00,2025-07-13 12:07:52.389999390+00:00,2025-07-13 12:07:58.099135637+00:00,0.75,2025-07-13 12:07:58.588383198+00:00,0.5,0.75,46.8505,-121.7685,0.35,-0.67
62134077,STAR,2025-07-08 05:14:01.960000038+00:00,2025-07-08 05:13:56.960000038+00:00,2025-07-08 05:14:02.509229183+00:00,0.75,2025-07-08 05:14:03.099999905+00:00,0.75,0.75,46.8495,-121.7615,-1.02,0.34
62134102,STAR,2025-07-08 08:39:50.009998322+00:00,2025-07-08 08:39:45.009998322+00:00,2025-07-08 08:39:50.595781803+00:00,0.75,2025-07-08 08:39:51.275921106+00:00,0.75,0.75,46.851333333333336,-121.762,-0.33,0.28
62134107,STAR,2025-07-08 08:45:38.549999237+00:00,2025-07-08 08:45:33.549999237+00:00,2025-07-08 08:45:39.219060183+00:00,1.0,2025-07-08 08:45:39.791755199+00:00,0.75,1.0,46.85016666666667,-121.75933333333332,-0.28,1.46
62134112,STAR,2025-07-08 08:55:07.489999771+00:00,2025-07-08 08:55:02.489999771+00:00,2025-07-08 08:55:08.177824497+00:00,1.0,2025-07-08 08:55:08.797836781+00:00,1.0,1.0,46.8515,-121.76083333333334,0.16,1.38
62134117,STAR,2025-07-08 09:04:35.209999084+00:00,2025-07-08 09:04:30.209999084+00:00,2025-07-08 09:04:35.859999895+00:00,0.75,2025-07-08 09:04:36.440000057+00:00,0.5,0.75,46.84916666666667,-121.76033333333334,-0.63,0.44
62134122,STAR,2025-07-08 09:15:15.029999495+00:00,2025-07-08 09:15:10.029999495+00:00,2025-07-08 09:15:15.678972960+00:00,1.0,2025-07-08 09:15:16.280294895+00:00,0.75,1.0,46.85016666666667,-121.76183333333331,-0.55,0.34
62134127,STAR,2025-07-08 09:16:17.299999237+00:00,2025-07-08 09:16:12.299999237+00:00,2025-07-08 09:16:17.956089258+00:00,1.0,2025-07-08 09:16:18.558962345+00:00,0.75,1.0,46.85,-121.762,-0.4,0.3
62134132,STAR,2025-07-08 09:22:55.520000458+00:00,2025-07-08 09:22:50.520000458+00:00,2025-07-08 09:22:56.148523092+00:00,0.75,2025-07-08 09:22:56.738557577+00:00,0.75,0.75,46.85,-121.76233333333332,-0.49,0.29
62134137,STAR,2025-07-08 09:25:27.969999313+00:00,2025-07-08 09:25:22.969999313+00:00,2025-07-08 09:25:28.616790295+00:00,1.0,2025-07-08 09:25:29.239746094+00:00,0.5,1.0,46.849666666666664,-121.76033333333334,-0.46,1.13
62134142,STAR,2025-07-08 09:31:55.639999390+00:00,2025-07-08 09:31:50.639999390+00:00,2025-07-08 09:31:56.269999981+00:00,1.0,2025-07-08 09:31:56.839999914+00:00,0.75,1.0,46.85016666666667,-121.76133333333334,-0.57,0.3
62134152,STAR,2025-07-08 09:42:58.139999390+00:00,2025-07-08 09:42:53.139999390+00:00,2025-07-08 09:42:58.798597813+00:00,1.0,2025-07-08 09:42:59.386529922+00:00,0.5,1.0,46.8495,-121.76066666666668,-0.58,0.69
62134157,STAR,2025-07-08 09:44:22.689998627+00:00,2025-07-08 09:44:17.689998627+00:00,2025-07-08 09:44:23.359278202+00:00,1.0,2025-07-08 09:44:23.816953659+00:00,0.75,1.0,46.85066666666667,-121.7615,-0.76,0.37
62134162,STAR,2025-07-08 09:48:24.189998627+00:00,2025-07-08 09:48:19.189998627+00:00,2025-07-08 09:48:24.817244768+00:00,0.75,2025-07-08 09:48:25.346841097+00:00,0.5,0.75,46.849833333333336,-121.76283333333332,-0.99,0.93
62134167,STAR,2025-07-08 09:50:48.049999237+00:00,2025-07-08 09:50:43.049999237+00:00,2025-07-08 09:50:48.758425713+00:00,1.0,2025-07-08 09:50:49.337811232+00:00,0.5,1.0,46.85016666666667,-121.76166666666668,-0.05,0.38
62134172,STAR,2025-07-08 09:51:40.799999237+00:00,2025-07-08 09:51:35.799999237+00:00,2025-07-08 09:51:41.369163513+00:00,0.5,2025-07-08 09:51:42.067928076+00:00,0.75,0.75,46.84916666666667,-121.7575,-0.23,0.09
62134177,STAR,2025-07-08 09:53:31.010000229+00:00,2025-07-08 09:53:26.010000229+00:00,2025-07-08 09:53:31.699081898+00:00,0.75,2025-07-08 09:53:32.269356012+00:00,0.5,0.75,46.849333333333334,-121.76016666666666,-0.46,0.38
62134182,STAR,2025-07-08 09:53:55.379997253+00:00,2025-07-08 09:53:50.379997253+00:00,2025-07-08 09:53:56.038789988+00:00,1.0,2025-07-08 09:53:56.619610071+00:00,0.75,1.0,46.849833333333336,-121.7615,-0.37,0.3
62134187,STAR,2025-07-08 09:54:08.069999695+00:00,2025-07-08 09:54:03.069999695+00:00,2025-07-08 09:54:08.769999981+00:00,0.75,2025-07-08 09:54:09.278203487+00:00,0.5,0.75,46.8495,-121.7625,-0.51,0.28
62134192,STAR,2025-07-08 09:55:59.479999542+00:00,2025-07-08 09:55:54.479999542+00:00,2025-07-08 09:56:00.188887119+00:00,1.0,2025-07-08 09:56:00.816530228+00:00,0.75,1.0,46.851333333333336,-121.76,-0.09,1.62
62134197,STAR,2025-07-08 09:57:11.489999771+00:00,2025-07-08 09:57:06.489999771+00:00,2025-07-08 09:57:12.176179886+00:00,1.0,2025-07-08 09:57:12.785921812+00:00,0.5,1.0,46.85016666666667,-121.76,-0.4,0.38
62134202,STAR,2025-07-08 09:58:59.899997711+00:00,2025-07-08 09:58:54.899997711+00:00,2025-07-08 09:59:00.582579136+00:00,0.75,2025-07-08 09:59:01.075006008+00:00,0.5,0.75,46.84866666666667,-121.76133333333334,-0.57,0.47
62134212,STAR,2025-07-08 09:59:56.329998016+00:00,2025-07-08 09:59:51.329998016+00:00,2025-07-08 09:59:57.002446413+00:00,1.0,2025-07-08 09:59:57.543420553+00:00,0.5,1.0,46.849333333333334,-121.76033333333334,-0.67,0.42
62134222,STAR,2025-07-08 10:12:29.609998703+00:00,2025-07-08 10:12:24.609998703+00:00,2025-07-08 10:12:30.299998999+00:00,1.0,2025-07-08 10:12:30.748789549+00:00,0.75,1.0,46.8495,-121.76016666666666,-0.65,0.77
62134227,STAR,2025-07-08 10:15:59.739998102+00:00,2025-07-08 10:15:54.739998102+00:00,2025-07-08 10:16:00.409189224+00:00,1.0,2025-07-08 10:16:01.008308649+00:00,0.75,1.0,46.849666666666664,-121.75933333333332,-0.34,0.02
62134232,STAR,2025-07-08 10:18:13.369999886+00:00,2025-07-08 10:18:08.369999886+00:00,2025-07-08 10:18:14.000911236+00:00,0.75,2025-07-08 10:18:14.589320183+00:00,0.75,0.75,46.849833333333336,-121.7615,-0.39,0.22
62134242,STAR,2025-07-08 10:20:16.979999542+00:00,2025-07-08 10:20:11.979999542+00:00,2025-07-08 10:20:17.719156504+00:00,1.0,2025-07-08 10:20:18.238274574+00:00,0.75,1.0,46.8515,-121.75816666666668,0.02,1.47
62134247,STAR,2025-07-08 10:21:15.469999313+00:00,2025-07-08 10:21:10.469999313+00:00,2025-07-08 10:21:16.085887194+00:00,0.5,2025-07-08 10:21:16.695472002+00:00,0.75,0.75,46.85016666666667,-121.761,-0.52,0.17
62134252,STAR,2025-07-08 10:30:08.779999495+00:00,2025-07-08 10:30:03.779999495+00:00,2025-07-08 10:30:09.459528446+00:00,1.0,2025-07-08 10:30:10.039999962+00:00,0.75,1.0,46.852666666666664,-121.7605,-0.24,0.31
62134257,STAR,2025-07-08 10:32:07.179999828+00:00,2025-07-08 10:32:02.179999828+00:00,2025-07-08 10:32:07.870865107+00:00,0.75,2025-07-08 10:32:08.449002981+00:00,0.75,0.75,46.8565,-121.75666666666666,-0.56,0.21
62134267,STAR,2025-07-08 10:35:21.430000305+00:00,2025-07-08 10:35:16.430000305+00:00,2025-07-08 10:35:22.129009485+00:00,0.75,2025-07-08 10:35:22.769613266+00:00,0.75,0.75,46.8515,-121.759,-0.27,0.53
62134272,STAR,2025-07-08 10:35:52.289997101+00:00,2025-07-08 10:35:47.289997101+00:00,2025-07-08 10:35:52.939782619+00:00,1.0,2025-07-08 10:35:53.457112312+00:00,0.75,1.0,46.85,-121.76,-0.71,0.43
62134277,STAR,2025-07-08 10:40:43.669998169+00:00,2025-07-08 10:40:38.669998169+00:00,2025-07-08 10:40:44.339827299+00:00,1.0,2025-07-08 10:40:44.856317759+00:00,0.75,1.0,46.850833333333334,-121.76316666666666,-0.3,0.34
62134282,STAR,2025-07-08 10:43:10.579999924+00:00,2025-07-08 10:43:05.579999924+00:00,2025-07-08 10:43:11.261478186+00:00,1.0,2025-07-08 10:43:11.815344095+00:00,0.5,1.0,46.85033333333333,-121.7595,-0.48,0.4
62134287,STAR,2025-07-08 10:42:05.369999886+00:00,2025-07-08 10:42:00.369999886+00:00,2025-07-08 10:42:06.016894817+00:00,1.0,2025-07-08 10:42:06.547048330+00:00,0.75,1.0,46.8505,-121.76233333333332,-0.49,0.37
62134292,STAR,2025-07-08 10:46:54.489998102+00:00,2025-07-08 10:46:49.489998102+00:00,2025-07-08 10:46:55.209341049+00:00,1.0,2025-07-08 10:46:55.798668623+00:00,0.75,1.0,46.85016666666667,-121.76033333333334,-0.01,0.68
62134302,STAR,2025-07-08 10:50:47.559997559+00:00,2025-07-08 10:50:42.559997559+00:00,2025-07-08 10:50:48.217406511+00:00,1.0,2025-07-08 10:50:48.752968073+00:00,0.75,1.0,46.849833333333336,-121.76033333333334,-0.61,0.51
62134307,STAR,2025-07-08 10:51:49.860000610+00:00,2025-07-08 10:51:44.860000610+00:00,2025-07-08 10:51:50.510523558+00:00,1.0,2025-07-08 10:51:51.079809904+00:00,0.75,1.0,46.8485,-121.76116666666668,-0.49,0.15
62134312,STAR,2025-07-08 10:53:32.369998932+00:00,2025-07-08 10:53:27.369998932+00:00,2025-07-08 10:53:32.949816227+00:00,1.0,2025-07-08 10:53:33.569999933+00:00,0.75,1.0,46.85066666666667,-121.76433333333334,-0.42,-0.12
62134317,STAR,2025-07-08 10:55:08.210000038+00:00,2025-07-08 10:55:03.210000038+00:00,2025-07-08 10:55:08.958913088+00:00,0.75,2025-07-08 10:55:09.452447414+00:00,0.5,0.75,46.85066666666667,-121.75933333333332,0.02,0.48
62134322,STAR,2025-07-08 10:55:37.250000+00:00,2025-07-08 10:55:32.250000+00:00,2025-07-08 10:55:37.940791368+00:00,0.75,2025-07-08 10:55:38.509802580+00:00,0.75,0.75,46.8505,-121.76016666666666,-0.29,0.14
62134327,STAR,2025-07-08 11:01:13.949999809+00:00,2025-07-08 11:01:08.949999809+00:00,2025-07-08 11:01:14.588886023+00:00,1.0,2025-07-08 11:01:15.115075111+00:00,0.75,1.0,46.85183333333333,-121.76233333333332,-0.31,0.37
62134332,STAR,2025-07-08 11:05:29.709999084+00:00,2025-07-08 11:05:24.709999084+00:00,2025-07-08 11:05:30.374872208+00:00,1.0,2025-07-08 11:05:30.929157972+00:00,0.5,1.0,46.84866666666667,-121.76083333333334,-0.52,0.39
62134337,STAR,2025-07-08 11:06:29.549999237+00:00,2025-07-08 11:06:24.549999237+00:00,2025-07-08 11:06:30.217327595+00:00,1.0,2025-07-08 11:06:30.799999952+00:00,0.75,1.0,46.849333333333334,-121.75983333333332,-0.46,0.3
62134342,STAR,2025-07-08 11:08:23.639999390+00:00,2025-07-08 11:08:18.639999390+00:00,2025-07-08 11:08:24.286216497+00:00,1.0,2025-07-08 11:08:24.909852505+00:00,0.75,1.0,46.85,-121.759,-0.55,0.5
62134347,STAR,2025-07-08 11:10:08.979999542+00:00,2025-07-08 11:10:03.979999542+00:00,2025-07-08 11:10:09.668461561+00:00,1.0,2025-07-08 11:10:10.281007767+00:00,0.75,1.0,46.8505,-121.7605,-0.06,0.58
62134357,STAR,2025-07-08 11:10:52.579998016+00:00,2025-07-08 11:10:47.579998016+00:00,2025-07-08 11:10:53.249773502+00:00,1.0,2025-07-08 11:10:53.788607836+00:00,0.75,1.0,46.84916666666667,-121.76083333333334,-0.47,1.15
62134362,STAR,2025-07-08 11:12:27.149999619+00:00,2025-07-08 11:12:22.149999619+00:00,2025-07-08 11:12:27.851498604+00:00,1.0,2025-07-08 11:12:28.258519650+00:00,0.75,1.0,46.851,-121.7595,-0.67,0.32
62134367,STAR,2025-07-08 11:13:30.679998398+00:00,2025-07-08 11:13:25.679998398+00:00,2025-07-08 11:13:31.356638193+00:00,1.0,2025-07-08 11:13:31.905819416+00:00,0.75,1.0,46.85033333333333,-121.761,-0.44,0.63
62134372,STAR,2025-07-08 11:15:11.359999657+00:00,2025-07-08 11:15:06.359999657+00:00,2025-07-08 11:15:12.025135279+00:00,1.0,2025-07-08 11:15:12.549341679+00:00,0.75,1.0,46.8485,-121.76116666666668,-0.44,0.61
62134387,STAR,2025-07-08 11:24:57.129997253+00:00,2025-07-08 11:24:52.129997253+00:00,2025-07-08 11:24:57.879128695+00:00,0.75,2025-07-08 11:24:58.489611626+00:00,0.5,0.75,46.85,-121.7575,0.41,0.48
62134392,STAR,2025-07-08 11:26:44.270000458+00:00,2025-07-08 11:26:39.270000458+00:00,2025-07-08 11:26:45.002661705+00:00,1.0,2025-07-08 11:26:45.619269133+00:00,0.75,1.0,46.851333333333336,-121.757,0.06,-0.04
62134402,STAR,2025-07-08 11:35:08.529999495+00:00,2025-07-08 11:35:03.529999495+00:00,2025-07-08 11:35:09.259073496+00:00,1.0,2025-07-08 11:35:09.969805717+00:00,0.5,1.0,46.850833333333334,-121.7565,-0.02,0.32
62134407,STAR,2025-07-08 11:36:36.329998016+00:00,2025-07-08 11:36:31.329998016+00:00,2025-07-08 11:36:37.013082743+00:00,0.75,2025-07-08 11:36:37.629282951+00:00,0.75,0.75,46.848166666666664,-121.759,-0.24,0.47
62134412,STAR,2025-07-08 11:37:40.469997406+00:00,2025-07-08 11:37:35.469997406+00:00,2025-07-08 11:37:41.118859529+00:00,0.75,2025-07-08 11:37:41.589821577+00:00,0.5,0.75,46.849,-121.761,-0.51,0.47
62134417,STAR,2025-07-08 11:40:32.750000+00:00,2025-07-08 11:40:27.750000+00:00,2025-07-08 11:40:33.408140182+00:00,1.0,2025-07-08 11:40:33.989541292+00:00,0.75,1.0,46.847,-121.76016666666666,-0.14,0.46
62134422,STAR,2025-07-08 11:40:43.610000610+00:00,2025-07-08 11:40:38.610000610+00:00,2025-07-08 11:40:44.259298801+00:00,1.0,2025-07-08 11:40:44.829651356+00:00,0.75,1.0,46.85,-121.76133333333334,-0.61,0.69
62134432,STAR,2025-07-08 11:45:43.059997559+00:00,2025-07-08 11:45:38.059997559+00:00,2025-07-08 11:45:43.839004517+00:00,1.0,2025-07-08 11:45:44.366455078+00:00,0.75,1.0,46.8525,-121.756,0.28,1.35
62134437,STAR,2025-07-08 11:46:45.329998016+00:00,2025-07-08 11:46:40.329998016+00:00,2025-07-08 11:46:46.071741581+00:00,1.0,2025-07-08 11:46:46.726768494+00:00,0.75,1.0,46.848333333333336,-121.76033333333334,0.52,0.58
62134442,STAR,2025-07-08 11:46:59.590000153+00:00,2025-07-08 11:46:54.590000153+00:00,2025-07-08 11:47:00.141208887+00:00,1.0,2025-07-08 11:47:00.640309572+00:00,0.75,1.0,46.849833333333336,-121.76583333333332,0.26,0.72
62134447,STAR,2025-07-08 11:44:38.729999542+00:00,2025-07-08 11:44:33.729999542+00:00,2025-07-08 11:44:39.459645510+00:00,1.0,2025-07-08 11:44:40.170186996+00:00,0.5,1.0,46.85,-121.75933333333332,0.42,-0.01
62134457,STAR,2025-07-08 11:51:38.909999847+00:00,2025-07-08 11:51:33.909999847+00:00,2025-07-08 11:51:39.632578611+00:00,0.75,2025-07-08 11:51:40.251339674+00:00,0.75,0.75,46.848333333333336,-121.76066666666668,0.07,1.08
62134467,STAR,2025-07-08 11:54:00.420000076+00:00,2025-07-08 11:53:55.420000076+00:00,2025-07-08 11:54:00.947037220+00:00,0.75,2025-07-08 11:54:01.366379499+00:00,0.5,0.75,46.847833333333334,-121.76633333333334,-1.9,0.96
62134472,STAR,2025-07-08 11:55:40.469997406+00:00,2025-07-08 11:55:35.469997406+00:00,2025-07-08 11:55:41.221373558+00:00,0.5,2025-07-08 11:55:41.838439226+00:00,0.75,0.75,46.84866666666667,-121.76033333333334,0.28,0.67
62134477,STAR,2025-07-08 11:56:57.909999847+00:00,2025-07-08 11:56:52.909999847+00:00,2025-07-08 11:56:58.609999895+00:00,0.75,2025-07-08 11:56:59.140519381+00:00,0.5,0.75,46.85,-121.7615,-0.47,0.3
62134482,STAR,2025-07-08 11:57:56.369998932+00:00,2025-07-08 11:57:51.369998932+00:00,2025-07-08 11:57:57.046441078+00:00,0.75,2025-07-08 11:57:57.648132801+00:00,0.75,0.75,46.848166666666664,-121.75983333333332,-0.28,0.68
62134487,STAR,2025-07-08 11:58:03.119999886+00:00,2025-07-08 11:57:58.119999886+00:00,2025-07-08 11:58:03.776598454+00:00,1.0,2025-07-08 11:58:04.378405094+00:00,0.5,1.0,46.847833333333334,-121.76233333333332,-0.47,1.25
62134492,STAR,2025-07-08 12:00:42.049999237+00:00,2025-07-08 12:00:37.049999237+00:00,2025-07-08 12:00:42.690544605+00:00,1.0,2025-07-08 12:00:43.220761299+00:00,0.5,1.0,46.84883333333333,-121.7635,-0.45,0.34
62134502,STAR,2025-07-08 12:03:42.619998932+00:00,2025-07-08 12:03:37.619998932+00:00,2025-07-08 12:03:43.309024096+00:00,1.0,2025-07-08 12:03:43.880000114+00:00,0.75,1.0,46.8485,-121.75933333333332,-0.46,0.56
62134507,STAR,2025-07-08 12:03:50.149997711+00:00,2025-07-08 12:03:45.149997711+00:00,2025-07-08 12:03:50.801121950+00:00,0.75,2025-07-08 12:03:51.400734425+00:00,0.75,0.75,46.849,-121.7585,-0.68,0.4
62134512,STAR,2025-07-08 12:04:05.519999981+00:00,2025-07-08 12:04:00.519999981+00:00,2025-07-08 12:04:06.205138922+00:00,1.0,2025-07-08 12:04:06.830487251+00:00,0.75,1.0,46.85016666666667,-121.75883333333331,-0.4,0.65
62134517,STAR,2025-07-08 12:04:24.489999771+00:00,2025-07-08 12:04:19.489999771+00:00,2025-07-08 12:04:25.098573923+00:00,1.0,2025-07-08 12:04:25.669474602+00:00,1.0,1.0,46.851333333333336,-121.76416666666668,-0.53,0.49
62134527,STAR,2025-07-08 12:09:30.389999390+00:00,2025-07-08 12:09:25.389999390+00:00,2025-07-08 12:09:31.110662222+00:00,0.75,2025-07-08 12:09:31.620175600+00:00,0.5,0.75,46.851,-121.75933333333332,-0.44,0.42
62134532,STAR,2025-07-08 12:09:55.799999237+00:00,2025-07-08 12:09:50.799999237+00:00,2025-07-08 12:09:56.490118027+00:00,1.0,2025-07-08 12:09:57.010964632+00:00,0.5,1.0,46.849,-121.76083333333334,-0.49,0.68
62134542,STAR,2025-07-08 12:14:47.659999847+00:00,2025-07-08 12:14:42.659999847+00:00,2025-07-08 12:14:48.351720095+00:00,0.75,2025-07-08 12:14:48.917852402+00:00,0.5,0.75,46.85033333333333,-121.7605,-0.33,0.36
62134547,STAR,2025-07-08 12:15:16.949998856+00:00,2025-07-08 12:15:11.949998856+00:00,2025-07-08 12:15:17.695813894+00:00,0.5,2025-07-08 12:15:18.198673964+00:00,0.75,0.75,46.849,-121.75833333333334,-0.05,0.37
62134552,STAR,2025-07-08 12:17:06.289999962+00:00,2025-07-08 12:17:01.289999962+00:00,2025-07-08 12:17:06.971580744+00:00,1.0,2025-07-08 12:17:07.539285660+00:00,0.75,1.0,46.85183333333333,-121.76083333333334,-0.41,0.17
62134557,STAR,2025-07-08 12:21:16.680000305+00:00,2025-07-08 12:21:11.680000305+00:00,2025-07-08 12:21:17.169283390+00:00,1.0,2025-07-08 12:21:17.630805969+00:00,0.5,1.0,46.8505,-121.7685,-1.46,0.45
62134572,STAR,2025-07-08 12:26:53.930000305+00:00,2025-07-08 12:26:48.930000305+00:00,2025-07-08 12:26:54.647802114+00:00,0.75,2025-07-08 12:26:55.210721016+00:00,0.5,0.75,46.849833333333336,-121.75883333333331,-0.32,0.55
62134577,STAR,2025-07-08 12:30:22.459999084+00:00,2025-07-08 12:30:17.459999084+00:00,2025-07-08 12:30:23.199312210+00:00,1.0,2025-07-08 12:30:23.699822187+00:00,0.75,1.0,46.85366666666667,-121.75983333333332,-0.41,1.5
62134582,STAR,2025-07-08 12:30:53.189998627+00:00,2025-07-08 12:30:48.189998627+00:00,2025-07-08 12:30:53.859658480+00:00,1.0,2025-07-08 12:30:55.728942394+00:00,0.75,1.0,46.85033333333333,-121.75966666666666,-0.48,0.43
62134587,STAR,2025-07-08 12:31:44.779998779+00:00,2025-07-08 12:31:39.779998779+00:00,2025-07-08 12:31:45.619194746+00:00,1.0,2025-07-08 12:31:46.260780573+00:00,0.75,1.0,46.853,-121.76733333333334,0.96,0.43
62134592,STAR,2025-07-08 12:33:09.409999847+00:00,2025-07-08 12:33:04.409999847+00:00,2025-07-08 12:33:10.217372894+00:00,1.0,2025-07-08 12:33:11.803756714+00:00,0.5,1.0,46.85033333333333,-121.76683333333334,1.54,0.6
62134597,STAR,2025-07-08 12:34:11.469999313+00:00,2025-07-08 12:34:06.469999313+00:00,2025-07-08 12:34:12.209373236+00:00,0.75,2025-07-08 12:34:12.798860788+00:00,0.75,0.75,46.849833333333336,-121.7585,-0.04,0.88
62134602,STAR,2025-07-08 12:34:33.989998102+00:00,2025-07-08 12:34:28.989998102+00:00,2025-07-08 12:34:34.620779037+00:00,1.0,2025-07-08 12:34:35.209618092+00:00,0.75,1.0,46.84916666666667,-121.75933333333332,-1.73,0.48
62134607,STAR,2025-07-08 12:36:33.180000305+00:00,2025-07-08 12:36:28.180000305+00:00,2025-07-08 12:36:33.829999924+00:00,0.75,2025-07-08 12:36:34.299648285+00:00,0.75,0.75,46.850833333333334,-121.76066666666668,-0.7,0.37
62134612,STAR,2025-07-08 12:47:37.110000610+00:00,2025-07-08 12:47:32.110000610+00:00,2025-07-08 12:47:37.769654989+00:00,1.0,2025-07-08 12:47:38.318422556+00:00,0.75,1.0,46.849666666666664,-121.76116666666668,-0.38,0.28
62134617,STAR,2025-07-08 12:53:23.519998549+00:00,2025-07-08 12:53:18.519998549+00:00,2025-07-08 12:53:24.080000162+00:00,0.75,2025-07-08 12:53:24.593734741+00:00,0.75,0.75,46.84766666666667,-121.76266666666666,-1.27,0.45
62134622,STAR,2025-07-08 12:53:43.340000153+00:00,2025-07-08 12:53:38.340000153+00:00,2025-07-08 12:53:44.089658022+00:00,1.0,2025-07-08 12:53:44.729365110+00:00,0.75,1.0,46.849833333333336,-121.7595,0.19,0.6
62134627,STAR,2025-07-08 12:52:27.149999619+00:00,2025-07-08 12:52:22.149999619+00:00,2025-07-08 12:52:27.786214828+00:00,1.0,2025-07-08 12:52:28.338367701+00:00,0.75,1.0,46.8495,-121.76766666666668,-0.05,0.16
62134632,STAR,2025-07-08 12:56:12.069999695+00:00,2025-07-08 12:56:07.069999695+00:00,2025-07-08 12:56:12.719688416+00:00,1.0,2025-07-08 12:56:13.109695435+00:00,0.75,1.0,46.849833333333336,-121.759,-0.97,0.32
62134637,STAR,2025-07-08 12:57:39.029998779+00:00,2025-07-08 12:57:34.029998779+00:00,2025-07-08 12:57:39.788678408+00:00,0.75,2025-07-08 12:57:40.348917484+00:00,0.75,0.75,46.85183333333333,-121.75316666666669,-2.54,0.48
62134642,STAR,2025-07-08 13:00:31.689998627+00:00,2025-07-08 13:00:26.689998627+00:00,2025-07-08 13:00:32.357932091+00:00,0.5,2025-07-08 13:00:32.937811136+00:00,0.75,0.75,46.85166666666667,-121.7605,-0.22,0.3
62134647,STAR,2025-07-08 13:01:16.010000229+00:00,2025-07-08 13:01:11.010000229+00:00,2025-07-08 13:01:16.519692897+00:00,1.0,2025-07-08 13:01:16.984151840+00:00,1.0,1.0,46.8505,-121.76883333333332,-1.29,0.7
62134657,STAR,2025-07-08 13:01:57.389999390+00:00,2025-07-08 13:01:52.389999390+00:00,2025-07-08 13:01:58.117378712+00:00,0.5,2025-07-08 13:01:58.658929825+00:00,0.75,0.75,46.849333333333334,-121.76,-0.11,0.46
62134662,STAR,2025-07-08 13:02:43.360000610+00:00,2025-07-08 13:02:38.360000610+00:00,2025-07-08 13:02:44.049358368+00:00,0.75,2025-07-08 13:02:44.607074022+00:00,1.0,1.0,46.849833333333336,-121.76,-0.17,0.2
62134667,STAR,2025-07-08 13:02:48.689998627+00:00,2025-07-08 13:02:43.689998627+00:00,2025-07-08 13:02:49.572947979+00:00,0.75,2025-07-08 13:02:50.313763380+00:00,0.5,0.75,46.85183333333333,-121.75466666666668,0.76,-0.01
62134672,STAR,2025-07-08 13:08:26.149999619+00:00,2025-07-08 13:08:21.149999619+00:00,2025-07-08 13:08:26.837679625+00:00,0.75,2025-07-08 13:08:27.397690058+00:00,0.5,0.75,46.851,-121.76283333333332,-0.09,0.39
62134677,STAR,2025-07-08 13:06:33.860000610+00:00,2025-07-08 13:06:28.860000610+00:00,2025-07-08 13:06:34.439468384+00:00,0.75,2025-07-08 13:06:35.039262056+00:00,0.5,0.75,46.84616666666667,-121.76166666666668,-2.59,0.29
62134687,STAR,2025-07-08 13:09:11.829999924+00:00,2025-07-08 13:09:06.829999924+00:00,2025-07-08 13:09:12.469838858+00:00,1.0,2025-07-08 13:09:13.937015533+00:00,0.5,1.0,46.8495,-121.76383333333334,-1.0,0.74
62134697,STAR,2025-07-08 13:13:33.209999084+00:00,2025-07-08 13:13:28.209999084+00:00,2025-07-08 13:13:33.850352287+00:00,0.75,2025-07-08 13:13:34.390151024+00:00,1.0,1.0,46.849333333333334,-121.76183333333331,-0.65,0.55
62134702,STAR,2025-07-08 13:13:57.049999237+00:00,2025-07-08 13:13:52.049999237+00:00,2025-07-08 13:13:57.691536427+00:00,0.75,2025-07-08 13:13:58.269999981+00:00,1.0,1.0,46.85016666666667,-121.766,0.0,0.28
62134707,STAR,2025-07-08 13:15:04.059999943+00:00,2025-07-08 13:14:59.059999943+00:00,2025-07-08 13:15:04.779068947+00:00,0.5,2025-07-08 13:15:05.278125048+00:00,0.75,0.75,46.847166666666666,-121.76083333333334,-0.01,0.56
62134717,STAR,2025-07-08 13:21:03.240000010+00:00,2025-07-08 13:20:58.240000010+00:00,2025-07-08 13:21:03.889319420+00:00,1.0,2025-07-08 13:21:04.424786806+00:00,0.5,1.0,46.85016666666667,-121.7665,-0.3,0.39
62134722,STAR,2025-07-08 13:21:27.269998550+00:00,2025-07-08 13:21:22.269998550+00:00,2025-07-08 13:21:28.049127102+00:00,1.0,2025-07-08 13:21:28.689293146+00:00,1.0,1.0,46.85,-121.7675,0.87,0.71
62134732,STAR,2025-07-08 13:37:04.400000095+00:00,2025-07-08 13:36:59.400000095+00:00,2025-07-08 13:37:04.968767166+00:00,1.0,2025-07-08 13:37:05.549530745+00:00,0.5,1.0,46.848166666666664,-121.76133333333334,-0.87,0.37
62134737,STAR,2025-07-08 13:41:49.039997101+00:00,2025-07-08 13:41:44.039997101+00:00,2025-07-08 13:41:49.768864870+00:00,0.75,2025-07-08 13:41:50.328876734+00:00,0.5,0.75,46.851166666666664,-121.76083333333334,-0.12,0.56
62134742,STAR,2025-07-08 13:43:05.839999676+00:00,2025-07-08 13:43:00.839999676+00:00,2025-07-08 13:43:06.349828482+00:00,1.0,2025-07-08 13:43:06.736259699+00:00,0.75,1.0,46.849,-121.76783333333331,-1.86,0.57
62134747,STAR,2025-07-08 13:47:00.220000029+00:00,2025-07-08 13:46:55.220000029+00:00,2025-07-08 13:47:00.863718510+00:00,1.0,2025-07-08 13:47:01.427813530+00:00,0.75,1.0,46.851333333333336,-121.76266666666666,-0.37,0.39
62134777,STAR,2025-07-08 14:07:41.540000916+00:00,2025-07-08 14:07:36.540000916+00:00,2025-07-08 14:07:42.189023018+00:00,0.75,2025-07-08 14:07:42.738770723+00:00,0.5,0.75,46.849833333333336,-121.76283333333332,-0.56,0.6
62134782,STAR,2025-07-08 14:09:43.629997253+00:00,2025-07-08 14:09:38.629997253+00:00,2025-07-08 14:09:44.329653025+00:00,1.0,2025-07-08 14:09:44.871306896+00:00,0.75,1.0,46.8485,-121.76,-0.18,0.65
62134792,STAR,2025-07-08 14:13:52.369998932+00:00,2025-07-08 14:13:47.369998932+00:00,2025-07-08 14:13:53.098797083+00:00,1.0,2025-07-08 14:13:53.718912840+00:00,0.5,1.0,46.8505,-121.75866666666668,-0.34,0.47
62134797,STAR,2025-07-08 14:16:40.379997253+00:00,2025-07-08 14:16:35.379997253+00:00,2025-07-08 14:16:40.927177429+00:00,0.75,2025-07-08 14:16:41.496714354+00:00,0.5,0.75,46.85483333333333,-121.7635,-1.48,0.53
62134802,STAR,2025-07-08 14:20:02.559999943+00:00,2025-07-08 14:19:57.559999943+00:00,2025-07-08 14:20:03.286742449+00:00,1.0,2025-07-08 14:20:03.863939047+00:00,0.5,1.0,46.85,-121.75833333333334,-0.31,0.14
62134807,STAR,2025-07-08 14:23:09.679999352+00:00,2025-07-08 14:23:04.679999352+00:00,2025-07-08 14:23:10.359858751+00:00,1.0,2025-07-08 14:23:10.949278831+00:00,0.5,1.0,46.86033333333334,-121.76433333333334,-0.13,1.31
62134827,STAR,2025-07-08 14:28:44.009998322+00:00,2025-07-08 14:28:39.009998322+00:00,2025-07-08 14:28:44.658485889+00:00,1.0,2025-07-08 14:28:45.247330904+00:00,0.75,1.0,46.85883333333334,-121.76733333333334,-0.26,1.13
62134832,STAR,2025-07-08 14:29:16.709999084+00:00,2025-07-08 14:29:11.709999084+00:00,2025-07-08 14:29:17.439875364+00:00,0.5,2025-07-08 14:29:17.961579800+00:00,0.75,0.75,46.8505,-121.76333333333334,-0.15,0.31
62134862,STAR,2025-07-08 14:43:25.369998932+00:00,2025-07-08 14:43:20.369998932+00:00,2025-07-08 14:43:26.119765520+00:00,0.75,2025-07-08 14:43:26.729663610+00:00,0.75,0.75,46.8505,-121.75583333333331,-0.34,0.48
62134867,STAR,2025-07-08 14:45:04.549999714+00:00,2025-07-08 14:44:59.549999714+00:00,2025-07-08 14:45:05.035401106+00:00,0.5,2025-07-08 14:45:05.829482555+00:00,0.75,0.75,46.85033333333333,-121.76,-0.13,0.35
62134877,STAR,2025-07-08 14:50:29.229999542+00:00,2025-07-08 14:50:24.229999542+00:00,2025-07-08 14:50:29.809999943+00:00,1.0,2025-07-08 14:50:30.198502302+00:00,0.5,1.0,46.84766666666667,-121.76583333333332,0.14,1.08
62134882,STAR,2025-07-08 14:53:31.459999084+00:00,2025-07-08 14:53:26.459999084+00:00,2025-07-08 14:53:32.181151390+00:00,1.0,2025-07-08 14:53:32.770604372+00:00,1.0,1.0,46.848166666666664,-121.76883333333332,0.52,0.7
62134887,STAR,2025-07-08 14:54:14.979999542+00:00,2025-07-08 14:54:09.979999542+00:00,2025-07-08 14:54:15.712161779+00:00,1.0,2025-07-08 14:54:16.291296005+00:00,0.75,1.0,46.8485,-121.76766666666668,0.65,0.62
62134892,STAR,2025-07-08 14:56:30.629999161+00:00,2025-07-08 14:56:25.629999161+00:00,2025-07-08 14:56:31.290987492+00:00,1.0,2025-07-08 14:56:31.858148813+00:00,0.75,1.0,46.852666666666664,-121.76683333333334,-0.02,0.45
62134897,STAR,2025-07-08 15:01:58.649997711+00:00,2025-07-08 15:01:53.649997711+00:00,2025-07-08 15:01:59.370931149+00:00,1.0,2025-07-08 15:01:59.990734100+00:00,0.75,1.0,46.848166666666664,-121.76033333333334,-0.14,0.62
62134902,STAR,2025-07-08 15:06:08.420000076+00:00,2025-07-08 15:06:03.420000076+00:00,2025-07-08 15:06:09.089685917+00:00,1.0,2025-07-08 15:06:09.669779778+00:00,0.75,1.0,46.852,-121.7655,0.07,0.26
62134907,STAR,2025-07-08 15:08:10.300000191+00:00,2025-07-08 15:08:05.300000191+00:00,2025-07-08 15:08:10.969349623+00:00,1.0,2025-07-08 15:08:11.529338598+00:00,0.75,1.0,46.85166666666667,-121.7625,-0.39,0.36
62134912,STAR,2025-07-08 15:07:22.350000381+00:00,2025-07-08 15:07:17.350000381+00:00,2025-07-08 15:07:23.136282444+00:00,0.75,2025-07-08 15:07:23.664662600+00:00,0.5,0.75,46.848166666666664,-121.75916666666669,0.04,0.26
62134917,STAR,2025-07-08 15:12:49.819999695+00:00,2025-07-08 15:12:44.819999695+00:00,2025-07-08 15:12:50.468825102+00:00,1.0,2025-07-08 15:12:51.039224863+00:00,0.75,1.0,46.852666666666664,-121.76583333333332,-0.07,0.41
62134922,STAR,2025-07-08 15:16:39.680000305+00:00,2025-07-08 15:16:34.680000305+00:00,2025-07-08 15:16:40.359999895+00:00,1.0,2025-07-08 15:16:40.919021368+00:00,0.75,1.0,46.85316666666667,-121.76566666666666,0.12,0.21
62134927,STAR,2025-07-08 15:17:00.599999905+00:00,2025-07-08 15:16:55.599999905+00:00,2025-07-08 15:17:01.408729792+00:00,1.0,2025-07-08 15:17:02.028849602+00:00,0.75,1.0,46.85816666666667,-121.76133333333334,0.62,0.74
62134932,STAR,2025-07-08 15:17:49.419998169+00:00,2025-07-08 15:17:44.419998169+00:00,2025-07-08 15:17:50.250000+00:00,1.0,2025-07-08 15:17:50.919661522+00:00,0.75,1.0,46.85783333333333,-121.761,0.63,1.02
62134937,STAR,2025-07-08 15:18:06.059999943+00:00,2025-07-08 15:18:01.059999943+00:00,2025-07-08 15:18:06.810589790+00:00,1.0,2025-07-08 15:18:07.421071053+00:00,0.75,1.0,46.856833333333334,-121.76583333333332,0.57,-0.19
62134947,STAR,2025-07-08 15:24:30.639999390+00:00,2025-07-08 15:24:25.639999390+00:00,2025-07-08 15:24:31.301011801+00:00,1.0,2025-07-08 15:24:31.889003277+00:00,1.0,1.0,46.85333333333333,-121.76183333333331,-0.31,0.76
62134952,STAR,2025-07-08 15:27:21.129999161+00:00,2025-07-08 15:27:16.129999161+00:00,2025-07-08 15:27:21.789999962+00:00,1.0,2025-07-08 15:27:22.358918190+00:00,0.75,1.0,46.851,-121.765,-0.16,0.86
62134957,STAR,2025-07-08 15:31:15.119999886+00:00,2025-07-08 15:31:10.119999886+00:00,2025-07-08 15:31:15.851111889+00:00,1.0,2025-07-08 15:31:16.471225500+00:00,1.0,1.0,46.849666666666664,-121.75983333333332,-0.15,0.63
62134972,STAR,2025-07-08 15:35:14.380000114+00:00,2025-07-08 15:35:09.380000114+00:00,2025-07-08 15:35:15.051063299+00:00,1.0,2025-07-08 15:35:15.610439777+00:00,0.75,1.0,46.85616666666667,-121.76733333333334,-0.14,0.31
62134977,STAR,2025-07-08 15:38:27.949998856+00:00,2025-07-08 15:38:22.949998856+00:00,2025-07-08 15:38:28.584307671+00:00,1.0,2025-07-08 15:38:29.153016090+00:00,1.0,1.0,46.852833333333336,-121.7685,-0.14,0.3
62134982,STAR,2025-07-08 15:40:41.479999542+00:00,2025-07-08 15:40:36.479999542+00:00,2025-07-08 15:40:42.169233084+00:00,1.0,2025-07-08 15:40:42.741151571+00:00,1.0,1.0,46.854166666666664,-121.765,0.23,0.25
62134992,STAR,2025-07-08 15:47:43.790000916+00:00,2025-07-08 15:47:38.790000916+00:00,2025-07-08 15:47:44.509777069+00:00,1.0,2025-07-08 15:47:45.129889488+00:00,1.0,1.0,46.852666666666664,-121.757,-0.19,0.39
62134997,STAR,2025-07-08 15:49:38.770000458+00:00,2025-07-08 15:49:33.770000458+00:00,2025-07-08 15:49:39.431029797+00:00,0.75,2025-07-08 15:49:39.999737263+00:00,1.0,1.0,46.8515,-121.76183333333331,-0.06,-0.2
62135002,STAR,2025-07-08 15:50:10.889999390+00:00,2025-07-08 15:50:05.889999390+00:00,2025-07-08 15:50:11.578461885+00:00,1.0,2025-07-08 15:50:12.131103753+00:00,1.0,1.0,46.85,-121.76633333333334,0.26,0.3
62135012,STAR,2025-07-08 15:57:14.460000038+00:00,2025-07-08 15:57:09.460000038+00:00,2025-07-08 15:57:15.130000114+00:00,1.0,2025-07-08 15:57:15.670302153+00:00,0.75,1.0,46.853,-121.76366666666668,-0.29,0.66
62135017,STAR,2025-07-08 15:57:39.169998169+00:00,2025-07-08 15:57:34.169998169+00:00,2025-07-08 15:57:39.868692398+00:00,1.0,2025-07-08 15:57:40.407329559+00:00,0.75,1.0,46.852833333333336,-121.76566666666666,0.06,0.87
62135022,STAR,2025-07-08 15:57:25.299999237+00:00,2025-07-08 15:57:20.299999237+00:00,2025-07-08 15:57:25.970273972+00:00,1.0,2025-07-08 15:57:26.519711971+00:00,1.0,1.0,46.849666666666664,-121.76333333333334,-0.15,0.97
62135027,STAR,2025-07-08 15:58:55.459999084+00:00,2025-07-08 15:58:50.459999084+00:00,2025-07-08 15:58:56.201178074+00:00,1.0,2025-07-08 15:58:56.769892931+00:00,1.0,1.0,46.84883333333333,-121.7685,0.71,0.26
62135032,STAR,2025-07-08 15:59:35.930000305+00:00,2025-07-08 15:59:30.930000305+00:00,2025-07-08 15:59:36.671533823+00:00,1.0,2025-07-08 15:59:37.310935974+00:00,0.75,1.0,46.848,-121.7675,0.62,0.66
62135037,STAR,2025-07-08 16:02:35+00:00,2025-07-08 16:02:30+00:00,2025-07-08 16:02:35.758458614+00:00,0.75,2025-07-08 16:02:36.298971653+00:00,0.75,0.75,46.849333333333334,-121.76733333333334,0.73,0.21
62135042,STAR,2025-07-08 16:05:45.209999084+00:00,2025-07-08 16:05:40.209999084+00:00,2025-07-08 16:05:45.900802612+00:00,1.0,2025-07-08 16:05:46.479147434+00:00,0.75,1.0,46.85183333333333,-121.765,0.33,0.16
62135047,STAR,2025-07-08 16:08:03.189999819+00:00,2025-07-08 16:07:58.189999819+00:00,2025-07-08 16:08:03.711529255+00:00,0.75,2025-07-08 16:08:04.540490627+00:00,0.75,0.75,46.851,-121.77183333333332,0.38,0.16
62135052,STAR,2025-07-08 16:12:16.680000305+00:00,2025-07-08 16:12:11.680000305+00:00,2025-07-08 16:12:17.341575623+00:00,1.0,2025-07-08 16:12:17.900645256+00:00,1.0,1.0,46.8535,-121.7635,-0.13,0.45
62135057,STAR,2025-07-08 16:14:49.819999695+00:00,2025-07-08 16:14:44.819999695+00:00,2025-07-08 16:14:50.549887419+00:00,0.5,2025-07-08 16:14:51.117626190+00:00,0.75,0.75,46.848333333333336,-121.76033333333334,0.01,0.86
62135062,STAR,2025-07-08 16:15:09.729999542+00:00,2025-07-08 16:15:04.729999542+00:00,2025-07-08 16:15:10.168055534+00:00,1.0,2025-07-08 16:15:10.635907650+00:00,0.5,1.0,46.84916666666667,-121.77166666666666,-2.61,0.69
62135072,STAR,2025-07-08 16:18:43.299999237+00:00,2025-07-08 16:18:38.299999237+00:00,2025-07-08 16:18:44.031183481+00:00,1.0,2025-07-08 16:18:44.638455629+00:00,0.75,1.0,46.84766666666667,-121.75916666666669,-0.12,0.63
62135087,STAR,2025-07-08 16:27:52.020000458+00:00,2025-07-08 16:27:47.020000458+00:00,2025-07-08 16:27:52.668822289+00:00,1.0,2025-07-08 16:27:53.231103182+00:00,0.75,1.0,46.851166666666664,-121.7685,0.03,0.32
62135092,STAR,2025-07-08 16:28:44.419998169+00:00,2025-07-08 16:28:39.419998169+00:00,2025-07-08 16:28:45.091282845+00:00,1.0,2025-07-08 16:28:45.650353432+00:00,1.0,1.0,46.854,-121.7655,-0.15,0.57
62135097,STAR,2025-07-08 16:29:45.979999542+00:00,2025-07-08 16:29:40.979999542+00:00,2025-07-08 16:29:46.689806700+00:00,1.0,2025-07-08 16:29:47.277727604+00:00,0.75,1.0,46.84866666666667,-121.76066666666668,-0.21,0.85
62135107,STAR,2025-07-08 16:35:13.219999313+00:00,2025-07-08 16:35:08.219999313+00:00,2025-07-08 16:35:13.848598719+00:00,1.0,2025-07-08 16:35:14.396193981+00:00,0.75,1.0,46.85183333333333,-121.768,-0.14,0.27
62135112,STAR,2025-07-08 16:40:05.900000095+00:00,2025-07-08 16:40:00.900000095+00:00,2025-07-08 16:40:06.529401064+00:00,1.0,2025-07-08 16:40:07.087279081+00:00,0.75,1.0,46.84866666666667,-121.7635,-0.33,-0.22
62135117,STAR,2025-07-08 16:39:54.930000305+00:00,2025-07-08 16:39:49.930000305+00:00,2025-07-08 16:39:55.589764118+00:00,1.0,2025-07-08 16:39:56.149690628+00:00,0.5,1.0,46.8525,-121.762,-0.21,0.61
62135127,STAR,2025-07-08 16:46:49.489998102+00:00,2025-07-08 16:46:44.489998102+00:00,2025-07-08 16:46:50.195849895+00:00,1.0,2025-07-08 16:46:50.666152716+00:00,0.5,1.0,46.847166666666666,-121.76,-0.69,1.57
62135132,STAR,2025-07-08 16:50:21.129999161+00:00,2025-07-08 16:50:16.129999161+00:00,2025-07-08 16:50:21.888416290+00:00,1.0,2025-07-08 16:50:22.479757071+00:00,0.5,1.0,46.85166666666667,-121.75683333333332,-0.06,0.72
62135137,STAR,2025-07-08 16:58:57.750000+00:00,2025-07-08 16:58:52.750000+00:00,2025-07-08 16:58:58.420000076+00:00,1.0,2025-07-08 16:58:58.929331541+00:00,0.5,1.0,46.84883333333333,-121.76166666666668,-0.65,1.01
62135142,STAR,2025-07-08 16:59:29.989999771+00:00,2025-07-08 16:59:24.989999771+00:00,2025-07-08 16:59:30.518357277+00:00,1.0,2025-07-08 16:59:30.999890327+00:00,0.75,1.0,46.845,-121.76616666666666,-1.78,0.9
62135147,STAR,2025-07-08 17:00:23.350000381+00:00,2025-07-08 17:00:18.350000381+00:00,2025-07-08 17:00:24.019460440+00:00,1.0,2025-07-08 17:00:24.576488495+00:00,0.75,1.0,46.85333333333333,-121.76483333333331,0.0,0.71
62135152,STAR,2025-07-08 17:00:34.049999237+00:00,2025-07-08 17:00:29.049999237+00:00,2025-07-08 17:00:34.768325090+00:00,1.0,2025-07-08 17:00:35.377948999+00:00,0.75,1.0,46.84733333333333,-121.76733333333334,0.67,-0.13
62135167,STAR,2025-07-08 17:03:32.009998322+00:00,2025-07-08 17:03:27.009998322+00:00,2025-07-08 17:03:32.580000162+00:00,0.75,2025-07-08 17:03:33.100558996+00:00,0.75,0.75,46.84883333333333,-121.76566666666666,-0.7,0.54
62135172,STAR,2025-07-08 17:04:05.819999695+00:00,2025-07-08 17:04:00.819999695+00:00,2025-07-08 17:04:06.459644556+00:00,1.0,2025-07-08 17:04:07.039554119+00:00,0.75,1.0,46.85466666666667,-121.76566666666666,-0.44,1.28
62135177,STAR,2025-07-08 17:04:54.750000+00:00,2025-07-08 17:04:49.750000+00:00,2025-07-08 17:04:55.434522867+00:00,1.0,2025-07-08 17:04:56.002540827+00:00,0.75,1.0,46.85516666666667,-121.76766666666668,0.18,0.19
62135182,STAR,2025-07-08 17:07:01.799999952+00:00,2025-07-08 17:06:56.799999952+00:00,2025-07-08 17:07:02.307540894+00:00,0.75,2025-07-08 17:07:03.130000114+00:00,0.5,0.75,46.8485,-121.7585,-0.56,0.82
62135187,STAR,2025-07-08 17:07:54.419998169+00:00,2025-07-08 17:07:49.419998169+00:00,2025-07-08 17:07:55.019534826+00:00,0.75,2025-07-08 17:07:55.534490585+00:00,0.75,0.75,46.854,-121.762,-1.06,0.34
62135192,STAR,2025-07-08 17:13:30.099998474+00:00,2025-07-08 17:13:25.099998474+00:00,2025-07-08 17:13:30.887599707+00:00,0.5,2025-07-08 17:13:31.499470711+00:00,1.0,1.0,46.8515,-121.75883333333331,0.18,0.45
62135202,STAR,2025-07-08 17:24:36.349998474+00:00,2025-07-08 17:24:31.349998474+00:00,2025-07-08 17:24:37.038755655+00:00,0.75,2025-07-08 17:24:37.628631830+00:00,0.75,0.75,46.84883333333333,-121.76766666666668,0.23,0.75
62135212,STAR,2025-07-08 17:26:42.629997253+00:00,2025-07-08 17:26:37.629997253+00:00,2025-07-08 17:26:43.159885168+00:00,1.0,2025-07-08 17:26:43.694336176+00:00,0.75,1.0,46.844833333333334,-121.7675,-2.36,0.83
62135222,STAR,2025-07-08 17:32:44.229999542+00:00,2025-07-08 17:32:39.229999542+00:00,2025-07-08 17:32:44.900883198+00:00,1.0,2025-07-08 17:32:45.427762508+00:00,0.5,1.0,46.85366666666667,-121.764,0.08,0.69
62135262,STAR,2025-07-08 17:52:16.299999237+00:00,2025-07-08 17:52:11.299999237+00:00,2025-07-08 17:52:17.008762598+00:00,1.0,2025-07-08 17:52:17.572251558+00:00,0.5,1.0,46.84733333333333,-121.75783333333334,-0.17,0.81
62135272,STAR,2025-07-08 17:56:28.469999313+00:00,2025-07-08 17:56:23.469999313+00:00,2025-07-08 17:56:29.119360209+00:00,0.75,2025-07-08 17:56:29.716301680+00:00,0.5,0.75,46.85183333333333,-121.76566666666666,0.16,1.32
62135277,STAR,2025-07-08 17:57:19.139999390+00:00,2025-07-08 17:57:14.139999390+00:00,2025-07-08 17:57:19.844866514+00:00,1.0,2025-07-08 17:57:20.360951424+00:00,0.75,1.0,46.85483333333333,-121.76416666666668,-0.03,0.37
62135292,STAR,2025-07-08 18:06:08.260000229+00:00,2025-07-08 18:06:03.260000229+00:00,2025-07-08 18:06:08.854027987+00:00,1.0,2025-07-08 18:06:09.398502350+00:00,0.75,1.0,46.848166666666664,-121.76866666666666,-0.01,0.26
62135297,STAR,2025-07-08 18:07:59.689998627+00:00,2025-07-08 18:07:54.689998627+00:00,2025-07-08 18:08:00.399745226+00:00,1.0,2025-07-08 18:08:00.829780817+00:00,0.75,1.0,46.85216666666667,-121.75883333333331,-0.6,0.79
62135317,STAR,2025-07-08 18:27:39.719997406+00:00,2025-07-08 18:27:34.719997406+00:00,2025-07-08 18:27:40.469324350+00:00,0.75,2025-07-08 18:27:41.029814243+00:00,1.0,1.0,46.848,-121.76666666666668,0.73,-0.03
62135332,STAR,2025-07-08 18:41:05.159999847+00:00,2025-07-08 18:41:00.159999847+00:00,2025-07-08 18:41:05.859999895+00:00,1.0,2025-07-08 18:41:06.448324442+00:00,0.75,1.0,46.8485,-121.76016666666666,-0.16,0.67
62135342,STAR,2025-07-08 18:45:06.969999790+00:00,2025-07-08 18:45:01.969999790+00:00,2025-07-08 18:45:07.729615211+00:00,1.0,2025-07-08 18:45:08.359999895+00:00,0.5,1.0,46.85216666666667,-121.75783333333334,0.09,0.41
62135362,STAR,2025-07-08 18:58:53.729999542+00:00,2025-07-08 18:58:48.729999542+00:00,2025-07-08 18:58:54.414519787+00:00,1.0,2025-07-08 18:58:54.743968248+00:00,0.5,1.0,46.85583333333334,-121.76316666666666,0.1,0.85
62135367,STAR,2025-07-08 18:59:33.809997559+00:00,2025-07-08 18:59:28.809997559+00:00,2025-07-08 18:59:34.426578045+00:00,1.0,2025-07-08 18:59:34.986881256+00:00,0.75,1.0,46.851166666666664,-121.76616666666666,0.31,0.64
62135372,STAR,2025-07-08 19:02:07+00:00,2025-07-08 19:02:02+00:00,2025-07-08 19:02:07.649650097+00:00,0.75,2025-07-08 19:02:08.289617062+00:00,0.75,0.75,46.84866666666667,-121.76016666666666,0.04,0.56
62135382,STAR,2025-07-08 19:11:30.260000229+00:00,2025-07-08 19:11:25.260000229+00:00,2025-07-08 19:11:30.879251719+00:00,0.75,2025-07-08 19:11:31.424312115+00:00,0.5,0.75,46.84866666666667,-121.76766666666668,0.31,0.14
62135392,STAR,2025-07-08 19:15:04.849999905+00:00,2025-07-08 19:14:59.849999905+00:00,2025-07-08 19:15:05.558661938+00:00,1.0,2025-07-08 19:15:06.157513380+00:00,0.75,1.0,46.848333333333336,-121.7695,0.82,0.53
62135397,STAR,2025-07-08 19:17:35.930000305+00:00,2025-07-08 19:17:30.930000305+00:00,2025-07-08 19:17:36.599882841+00:00,0.75,2025-07-08 19:17:37.108877182+00:00,0.75,0.75,46.849666666666664,-121.76083333333334,-0.34,0.78
62135407,STAR,2025-07-08 19:20:07.809999943+00:00,2025-07-08 19:20:02.809999943+00:00,2025-07-08 19:20:08.501910925+00:00,1.0,2025-07-08 19:20:09.128533602+00:00,0.75,1.0,46.849833333333336,-121.75766666666668,-0.17,1.06
62135412,STAR,2025-07-08 19:22:53.569999695+00:00,2025-07-08 19:22:48.569999695+00:00,2025-07-08 19:22:54.208133698+00:00,1.0,2025-07-08 19:22:54.778486490+00:00,0.75,1.0,46.85033333333333,-121.76,-0.54,0.35
62135417,STAR,2025-07-08 19:29:40.520000458+00:00,2025-07-08 19:29:35.520000458+00:00,2025-07-08 19:29:41.199863911+00:00,1.0,2025-07-08 19:29:41.731636763+00:00,0.75,1.0,46.84916666666667,-121.75816666666668,-0.37,0.54
62135422,STAR,2025-07-08 19:31:49.369998932+00:00,2025-07-08 19:31:44.369998932+00:00,2025-07-08 19:31:50.119805098+00:00,0.75,2025-07-08 19:31:50.678100824+00:00,0.5,0.75,46.85816666666667,-121.76266666666666,0.77,0.28
62135427,STAR,2025-07-08 19:32:53.079998016+00:00,2025-07-08 19:32:48.079998016+00:00,2025-07-08 19:32:53.728267908+00:00,1.0,2025-07-08 19:32:54.329474211+00:00,0.75,1.0,46.85466666666667,-121.76616666666666,0.28,0.4
62135432,STAR,2025-07-08 19:35:37.469997406+00:00,2025-07-08 19:35:32.469997406+00:00,2025-07-08 19:35:38.168267488+00:00,0.75,2025-07-08 19:35:38.811048985+00:00,0.5,0.75,46.862833333333334,-121.76333333333334,-0.16,0.2
62135442,STAR,2025-07-08 19:36:26.689998627+00:00,2025-07-08 19:36:21.689998627+00:00,2025-07-08 19:36:27.311811209+00:00,0.5,2025-07-08 19:36:27.988628387+00:00,0.75,0.75,46.8605,-121.76116666666668,0.22,-0.13
62135447,STAR,2025-07-08 19:36:37.319999695+00:00,2025-07-08 19:36:32.319999695+00:00,2025-07-08 19:36:37.974839926+00:00,0.75,2025-07-08 19:36:38.498756170+00:00,0.75,0.75,46.857,-121.764,-0.32,0.6
62135452,STAR,2025-07-08 19:38:36.619998932+00:00,2025-07-08 19:38:31.619998932+00:00,2025-07-08 19:38:37.308439493+00:00,1.0,2025-07-08 19:38:37.942552090+00:00,0.75,1.0,46.8575,-121.7625,0.05,0.49
62135457,STAR,2025-07-08 19:42:40.319999695+00:00,2025-07-08 19:42:35.319999695+00:00,2025-07-08 19:42:40.830758333+00:00,0.75,2025-07-08 19:42:41.347033501+00:00,0.75,0.75,46.849,-121.76133333333334,-2.73,0.17
62135462,STAR,2025-07-08 19:44:12.300000191+00:00,2025-07-08 19:44:07.300000191+00:00,2025-07-08 19:44:13.017929792+00:00,0.75,2025-07-08 19:44:13.537511587+00:00,0.75,0.75,46.85816666666667,-121.76316666666666,0.06,0.72
62135467,STAR,2025-07-08 19:50:05.679999828+00:00,2025-07-08 19:50:00.679999828+00:00,2025-07-08 19:50:06.347382307+00:00,1.0,2025-07-08 19:50:06.846937180+00:00,0.5,1.0,46.855333333333334,-121.7665,0.24,1.26
62135477,STAR,2025-07-08 19:57:26.430000305+00:00,2025-07-08 19:57:21.430000305+00:00,2025-07-08 19:57:27.010639906+00:00,1.0,2025-07-08 19:57:27.551336050+00:00,0.75,1.0,46.852666666666664,-121.769,-0.2,0.41
62135487,STAR,2025-07-08 20:08:03.230000019+00:00,2025-07-08 20:07:58.230000019+00:00,2025-07-08 20:08:03.969872952+00:00,0.75,2025-07-08 20:08:04.569999933+00:00,0.75,0.75,46.85016666666667,-121.757,-0.03,1.0
62135492,STAR,2025-07-08 20:12:58.369998932+00:00,2025-07-08 20:12:53.369998932+00:00,2025-07-08 20:12:59.038460016+00:00,0.75,2025-07-08 20:12:59.617373705+00:00,0.75,0.75,46.84916666666667,-121.76083333333334,-0.19,0.89
62135497,STAR,2025-07-08 20:14:08.779999495+00:00,2025-07-08 20:14:03.779999495+00:00,2025-07-08 20:14:09.448484182+00:00,1.0,2025-07-08 20:14:10.008467197+00:00,1.0,1.0,46.848333333333336,-121.76833333333332,0.35,1.02
62135502,STAR,2025-07-08 20:14:45.539997101+00:00,2025-07-08 20:14:40.539997101+00:00,2025-07-08 20:14:46.162501097+00:00,1.0,2025-07-08 20:14:46.602683544+00:00,0.75,1.0,46.85733333333334,-121.76466666666668,-0.9,0.45
62135507,STAR,2025-07-08 20:15:42.219997406+00:00,2025-07-08 20:15:37.219997406+00:00,2025-07-08 20:15:42.929807901+00:00,1.0,2025-07-08 20:15:43.549022913+00:00,0.75,1.0,46.85766666666667,-121.762,0.08,0.54
62135512,STAR,2025-07-08 20:22:07.489999771+00:00,2025-07-08 20:22:02.489999771+00:00,2025-07-08 20:22:08.209731579+00:00,0.75,2025-07-08 20:22:08.799586773+00:00,0.75,0.75,46.86216666666667,-121.76116666666668,0.1,0.33
62135522,STAR,2025-07-08 20:28:13.719999313+00:00,2025-07-08 20:28:08.719999313+00:00,2025-07-08 20:28:14.328831911+00:00,0.75,2025-07-08 20:28:14.927612066+00:00,0.75,0.75,46.858,-121.764,-1.49,0.32
62135552,STAR,2025-07-08 20:38:45.739998102+00:00,2025-07-08 20:38:40.739998102+00:00,2025-07-08 20:38:46.279688597+00:00,1.0,2025-07-08 20:38:46.829103708+00:00,0.75,1.0,46.852333333333334,-121.76216666666669,-1.27,0.57
62135557,STAR,2025-07-08 20:40:49.979999542+00:00,2025-07-08 20:40:44.979999542+00:00,2025-07-08 20:40:50.509766102+00:00,1.0,2025-07-08 20:40:51.035517693+00:00,0.75,1.0,46.845666666666666,-121.765,-2.16,0.62
62135567,STAR,2025-07-08 20:49:07.710000038+00:00,2025-07-08 20:49:02.710000038+00:00,2025-07-08 20:49:08.342904568+00:00,1.0,2025-07-08 20:49:08.912444353+00:00,0.75,1.0,46.84916666666667,-121.76183333333331,-0.47,1.1
62135572,STAR,2025-07-08 20:52:13.909999847+00:00,2025-07-08 20:52:08.909999847+00:00,2025-07-08 20:52:14.557212353+00:00,0.75,2025-07-08 20:52:15.196757555+00:00,0.75,0.75,46.85166666666667,-121.75616666666669,-0.46,0.51
62135582,STAR,2025-07-08 20:54:36.149997711+00:00,2025-07-08 20:54:31.149997711+00:00,2025-07-08 20:54:36.840320110+00:00,1.0,2025-07-08 20:54:37.460426807+00:00,0.75,1.0,46.85166666666667,-121.75966666666666,0.06,0.19
62135587,STAR,2025-07-08 20:56:31.340000153+00:00,2025-07-08 20:56:26.340000153+00:00,2025-07-08 20:56:31.828093529+00:00,1.0,2025-07-08 20:56:32.309470892+00:00,0.75,1.0,46.84583333333333,-121.76633333333334,-2.13,0.48
62135592,STAR,2025-07-08 21:02:50.559997559+00:00,2025-07-08 21:02:45.559997559+00:00,2025-07-08 21:02:51.155662060+00:00,1.0,2025-07-08 21:02:51.672218561+00:00,0.75,1.0,46.852,-121.76633333333334,-0.44,0.3
62135602,STAR,2025-07-08 21:26:02.909999847+00:00,2025-07-08 21:25:57.909999847+00:00,2025-07-08 21:26:03.518350363+00:00,1.0,2025-07-08 21:26:04.089295149+00:00,0.75,1.0,46.8505,-121.767,0.12,0.24
62135612,STAR,2025-07-08 21:30:04.150000095+00:00,2025-07-08 21:29:59.150000095+00:00,2025-07-08 21:30:04.679347754+00:00,1.0,2025-07-08 21:30:05.250289916+00:00,1.0,1.0,46.85183333333333,-121.76133333333334,-1.91,0.27
62135627,STAR,2025-07-08 21:36:34.450000763+00:00,2025-07-08 21:36:29.450000763+00:00,2025-07-08 21:36:34.780667305+00:00,1.0,2025-07-08 21:36:35.291123629+00:00,1.0,1.0,46.84916666666667,-121.767,-2.44,0.52
62135637,STAR,2025-07-08 21:49:09.429999352+00:00,2025-07-08 21:49:04.429999352+00:00,2025-07-08 21:49:10.059045076+00:00,0.75,2025-07-08 21:49:10.660241365+00:00,0.75,0.75,46.8495,-121.76633333333334,0.11,0.57
62135652,STAR,2025-07-08 21:55:55.579998016+00:00,2025-07-08 21:55:50.579998016+00:00,2025-07-08 21:55:56.084538221+00:00,1.0,2025-07-08 21:55:56.582658768+00:00,0.75,1.0,46.85166666666667,-121.766,-2.19,1.05
62135657,STAR,2025-07-08 21:56:28.760000229+00:00,2025-07-08 21:56:23.760000229+00:00,2025-07-08 21:56:29.267481089+00:00,1.0,2025-07-08 21:56:29.839999914+00:00,0.75,1.0,46.852,-121.76433333333334,-2.04,2.3
62135662,STAR,2025-07-08 22:01:00.960000038+00:00,2025-07-08 22:00:55.960000038+00:00,2025-07-08 22:01:01.580851316+00:00,1.0,2025-07-08 22:01:02.200962305+00:00,1.0,1.0,46.84883333333333,-121.76166666666668,-0.27,0.37
62135667,STAR,2025-07-08 22:01:57.539997101+00:00,2025-07-08 22:01:52.539997101+00:00,2025-07-08 22:01:58.199887276+00:00,1.0,2025-07-08 22:01:58.772053719+00:00,0.75,1.0,46.85483333333333,-121.76716666666668,0.31,1.63
62135682,STAR,2025-07-08 22:44:30.209999084+00:00,2025-07-08 22:44:25.209999084+00:00,2025-07-08 22:44:30.810697794+00:00,0.75,2025-07-08 22:44:31.439857483+00:00,0.75,0.75,46.851333333333336,-121.7565,-0.71,0.44
62135702,STAR,2025-07-08 22:50:56.219997406+00:00,2025-07-08 22:50:51.219997406+00:00,2025-07-08 22:50:56.840000153+00:00,1.0,2025-07-08 22:50:57.482246399+00:00,0.5,1.0,46.85066666666667,-121.7585,-0.53,0.91
62135722,STAR,2025-07-08 23:01:23.309999704+00:00,2025-07-08 23:01:18.309999704+00:00,2025-07-08 23:01:23.938107967+00:00,1.0,2025-07-08 23:01:24.491156340+00:00,0.75,1.0,46.849,-121.76916666666666,0.31,0.47
62135742,STAR,2025-07-08 23:15:12.989999771+00:00,2025-07-08 23:15:07.989999771+00:00,2025-07-08 23:15:13.619999886+00:00,1.0,2025-07-08 23:15:14.200402975+00:00,0.75,1.0,46.8495,-121.75783333333334,-0.31,0.69
62135747,STAR,2025-07-08 23:19:52.209999084+00:00,2025-07-08 23:19:47.209999084+00:00,2025-07-08 23:19:52.799754620+00:00,1.0,2025-07-08 23:19:53.359569788+00:00,1.0,1.0,46.8465,-121.76716666666668,0.0,0.21
62135752,STAR,2025-07-08 23:17:29.459999084+00:00,2025-07-08 23:17:24.459999084+00:00,2025-07-08 23:17:30.055644989+00:00,1.0,2025-07-08 23:17:30.625777006+00:00,1.0,1.0,46.8485,-121.762,-0.51,0.58
62135767,STAR,2025-07-08 23:29:16.899999619+00:00,2025-07-08 23:29:11.899999619+00:00,2025-07-08 23:29:17.363880396+00:00,0.5,2025-07-08 23:29:18.047863007+00:00,0.75,0.75,46.847166666666666,-121.77116666666667,0.16,0.28
62135792,STAR,2025-07-08 23:38:32.599998474+00:00,2025-07-08 23:38:27.599998474+00:00,2025-07-08 23:38:33.159672022+00:00,0.75,2025-07-08 23:38:33.739500999+00:00,0.75,0.75,46.85333333333333,-121.7685,-0.11,0.27
62135837,STAR,2025-07-09 00:02:36.200000763+00:00,2025-07-09 00:02:31.200000763+00:00,2025-07-09 00:02:36.759999990+00:00,1.0,2025-07-09 00:02:37.360374928+00:00,1.0,1.0,46.85316666666667,-121.76783333333331,-0.25,1.05
62135862,STAR,2025-07-09 00:11:37.579998016+00:00,2025-07-09 00:11:32.579998016+00:00,2025-07-09 00:11:38.099997997+00:00,0.75,2025-07-09 00:11:38.738689184+00:00,0.5,0.75,46.84733333333333,-121.762,-2.4,0.42
62135872,STAR,2025-07-09 00:13:38+00:00,2025-07-09 00:13:33+00:00,2025-07-09 00:13:38.526400328+00:00,0.75,2025-07-09 00:13:39.038121700+00:00,0.5,0.75,46.848333333333336,-121.7625,-1.6,0.32
62135887,STAR,2025-07-09 00:25:26.129999161+00:00,2025-07-09 00:25:21.129999161+00:00,2025-07-09 00:25:26.715892553+00:00,1.0,2025-07-09 00:25:27.295155287+00:00,0.75,1.0,46.849,-121.7675,0.21,0.81
62135897,STAR,2025-07-09 00:31:56.319999695+00:00,2025-07-09 00:31:51.319999695+00:00,2025-07-09 00:31:56.864729643+00:00,0.75,2025-07-09 00:31:57.456906557+00:00,0.75,0.75,46.8465,-121.77033333333333,0.07,0.49
62135902,STAR,2025-07-09 00:39:46.649997711+00:00,2025-07-09 00:39:41.649997711+00:00,2025-07-09 00:39:47.179121256+00:00,0.75,2025-07-09 00:39:47.799999952+00:00,0.75,0.75,46.847166666666666,-121.76783333333331,-0.2,0.73
62135907,STAR,2025-07-09 00:39:27.049999237+00:00,2025-07-09 00:39:22.049999237+00:00,2025-07-09 00:39:27.619027138+00:00,1.0,2025-07-09 00:39:28.238333702+00:00,0.75,1.0,46.848333333333336,-121.77066666666668,0.2,0.31
62135917,STAR,2025-07-09 00:49:47.649997711+00:00,2025-07-09 00:49:42.649997711+00:00,2025-07-09 00:49:48.189126730+00:00,1.0,2025-07-09 00:49:48.737990379+00:00,0.75,1.0,46.851,-121.768,-0.36,0.73
62135932,STAR,2025-07-09 01:11:16.079999924+00:00,2025-07-09 01:11:11.079999924+00:00,2025-07-09 01:11:16.588319302+00:00,1.0,2025-07-09 01:11:17.188263893+00:00,0.75,1.0,46.849666666666664,-121.76433333333334,-0.9,0.3
62135942,STAR,2025-07-09 01:15:45.200000763+00:00,2025-07-09 01:15:40.200000763+00:00,2025-07-09 01:15:45.795840502+00:00,0.75,2025-07-09 01:15:46.338402510+00:00,0.75,0.75,46.852666666666664,-121.75866666666668,-0.89,0.5
62135947,STAR,2025-07-09 01:23:33.549999237+00:00,2025-07-09 01:23:28.549999237+00:00,2025-07-09 01:23:34.200000048+00:00,1.0,2025-07-09 01:23:34.839233160+00:00,0.75,1.0,46.854166666666664,-121.7655,0.5,0.66
62135952,STAR,2025-07-09 01:25:42.500000+00:00,2025-07-09 01:25:37.500000+00:00,2025-07-09 01:25:43.048447132+00:00,1.0,2025-07-09 01:25:43.649303913+00:00,0.75,1.0,46.85216666666667,-121.762,-0.85,0.66
62135967,STAR,2025-07-09 01:36:27.010000229+00:00,2025-07-09 01:36:22.010000229+00:00,2025-07-09 01:36:27.532429218+00:00,1.0,2025-07-09 01:36:28.090509176+00:00,0.75,1.0,46.8535,-121.766,-0.38,1.38
62135972,STAR,2025-07-09 01:40:02.650000095+00:00,2025-07-09 01:39:57.650000095+00:00,2025-07-09 01:40:03.179409027+00:00,0.75,2025-07-09 01:40:03.798724413+00:00,0.75,0.75,46.85483333333333,-121.76733333333334,-0.22,0.34
62135977,STAR,2025-07-09 01:50:10.889999390+00:00,2025-07-09 01:50:05.889999390+00:00,2025-07-09 01:50:11.299822330+00:00,0.75,2025-07-09 01:50:11.830109119+00:00,0.75,0.75,46.85166666666667,-121.76766666666668,-2.05,0.3
62135982,STAR,2025-07-09 01:53:22.250000+00:00,2025-07-09 01:53:17.250000+00:00,2025-07-09 01:53:22.789697886+00:00,1.0,2025-07-09 01:53:23.358939886+00:00,0.75,1.0,46.8525,-121.7695,-0.44,0.64
62135992,STAR,2025-07-09 02:09:17.729999542+00:00,2025-07-09 02:09:12.729999542+00:00,2025-07-09 02:09:18.230000019+00:00,1.0,2025-07-09 02:09:18.759999990+00:00,0.75,1.0,46.85166666666667,-121.76283333333332,-1.88,0.35
62135997,STAR,2025-07-09 02:23:13.549999237+00:00,2025-07-09 02:23:08.549999237+00:00,2025-07-09 02:23:14.108220816+00:00,0.75,2025-07-09 02:23:14.687998056+00:00,0.75,0.75,46.848166666666664,-121.76933333333334,0.0,0.28
62136002,STAR,2025-07-09 02:28:06.629999638+00:00,2025-07-09 02:28:01.629999638+00:00,2025-07-09 02:28:07.177714109+00:00,0.75,2025-07-09 02:28:07.717960596+00:00,0.75,0.75,46.847,-121.76766666666668,-0.26,0.19
62136007,STAR,2025-07-09 02:31:33.290000916+00:00,2025-07-09 02:31:28.290000916+00:00,2025-07-09 02:31:33.868909121+00:00,0.5,2025-07-09 02:31:34.409153700+00:00,0.75,0.75,46.849833333333336,-121.75866666666668,-1.26,0.47
62136012,STAR,2025-07-09 02:39:52.319999695+00:00,2025-07-09 02:39:47.319999695+00:00,2025-07-09 02:39:52.800193548+00:00,0.75,2025-07-09 02:39:53.379872799+00:00,0.75,0.75,46.851,-121.76666666666668,-0.58,0.36
62136022,STAR,2025-07-09 02:51:08+00:00,2025-07-09 02:51:03+00:00,2025-07-09 02:51:08.569398642+00:00,1.0,2025-07-09 02:51:09.188711882+00:00,1.0,1.0,46.853,-121.76833333333332,0.0,0.75
62136027,STAR,2025-07-09 03:06:08+00:00,2025-07-09 03:06:03+00:00,2025-07-09 03:06:08.474566698+00:00,1.0,2025-07-09 03:06:09.054344893+00:00,0.75,1.0,46.84916666666667,-121.76983333333334,-0.49,0.28
62136032,STAR,2025-07-09 03:10:50.189998627+00:00,2025-07-09 03:10:45.189998627+00:00,2025-07-09 03:10:50.678104162+00:00,1.0,2025-07-09 03:10:51.268424510+00:00,1.0,1.0,46.849333333333334,-121.76216666666669,-1.45,0.56
62136037,STAR,2025-07-09 03:11:17.340000153+00:00,2025-07-09 03:11:12.340000153+00:00,2025-07-09 03:11:17.977641582+00:00,0.75,2025-07-09 03:11:18.499439240+00:00,1.0,1.0,46.8525,-121.76066666666668,-0.67,0.91
62136042,STAR,2025-07-09 03:17:23.100000381+00:00,2025-07-09 03:17:18.100000381+00:00,2025-07-09 03:17:23.599463940+00:00,1.0,2025-07-09 03:17:24.168699503+00:00,0.75,1.0,46.848333333333336,-121.76866666666666,-0.48,0.59
62136047,STAR,2025-07-09 03:54:32.130001068+00:00,2025-07-09 03:54:27.130001068+00:00,2025-07-09 03:54:32.612718105+00:00,1.0,2025-07-09 03:54:33.197007656+00:00,0.75,1.0,46.849333333333334,-121.762,-1.75,0.63
62136052,STAR,2025-07-09 04:03:39.009998322+00:00,2025-07-09 04:03:34.009998322+00:00,2025-07-09 04:03:39.450217009+00:00,1.0,2025-07-09 04:03:39.940814018+00:00,0.5,1.0,46.849666666666664,-121.769,-2.05,0.28
62136057,STAR,2025-07-09 04:12:37.549999237+00:00,2025-07-09 04:12:32.549999237+00:00,2025-07-09 04:12:38.158375978+00:00,1.0,2025-07-09 04:12:38.936594486+00:00,0.75,1.0,46.85516666666667,-121.7685,0.53,0.68
62136067,STAR,2025-07-09 04:24:16.920000076+00:00,2025-07-09 04:24:11.920000076+00:00,2025-07-09 04:24:17.419248581+00:00,1.0,2025-07-09 04:24:18.009578943+00:00,0.75,1.0,46.84866666666667,-121.76116666666668,-0.83,0.97
62136072,STAR,2025-07-09 04:32:20.069999695+00:00,2025-07-09 04:32:15.069999695+00:00,2025-07-09 04:32:20.590000153+00:00,1.0,2025-07-09 04:32:21.166024923+00:00,0.5,1.0,46.8485,-121.76283333333332,-0.87,0.57
62136077,STAR,2025-07-09 04:32:55.379997253+00:00,2025-07-09 04:32:50.379997253+00:00,2025-07-09 04:32:55.879219055+00:00,0.75,2025-07-09 04:32:56.498850584+00:00,0.75,0.75,46.84916666666667,-121.77083333333331,-0.1,0.42
62136082,STAR,2025-07-09 04:33:33.669998169+00:00,2025-07-09 04:33:28.669998169+00:00,2025-07-09 04:33:34.216029882+00:00,0.75,2025-07-09 04:33:34.846639395+00:00,0.75,0.75,46.852833333333336,-121.767,0.12,-0.48
62136097,STAR,2025-07-09 04:46:02.289999962+00:00,2025-07-09 04:45:57.289999962+00:00,2025-07-09 04:46:02.919817448+00:00,1.0,2025-07-09 04:46:03.582050085+00:00,0.75,1.0,46.8525,-121.76683333333334,0.5,0.8
62136102,STAR,2025-07-09 04:53:39.869998932+00:00,2025-07-09 04:53:34.869998932+00:00,2025-07-09 04:53:40.480000019+00:00,1.0,2025-07-09 04:53:41.127599+00:00,0.75,1.0,46.8535,-121.76666666666668,0.54,0.81
62136107,STAR,2025-07-09 05:02:05.710000038+00:00,2025-07-09 05:02:00.710000038+00:00,2025-07-09 05:02:06.169352293+00:00,0.75,2025-07-09 05:02:06.724366903+00:00,0.75,0.75,46.85,-121.77183333333332,-0.38,0.02
62136112,STAR,2025-07-09 05:15:24.090000153+00:00,2025-07-09 05:15:19.090000153+00:00,2025-07-09 05:15:24.604393005+00:00,0.75,2025-07-09 05:15:25.208463669+00:00,0.75,0.75,46.855666666666664,-121.7655,-0.21,0.16
62136122,STAR,2025-07-09 05:31:49.779998779+00:00,2025-07-09 05:31:44.779998779+00:00,2025-07-09 05:31:50.309999943+00:00,0.75,2025-07-09 05:31:50.879181385+00:00,0.75,0.75,46.85366666666667,-121.77066666666668,-0.05,0.13
62136132,STAR,2025-07-09 05:39:03.699999809+00:00,2025-07-09 05:38:58.699999809+00:00,2025-07-09 05:39:04.229145050+00:00,1.0,2025-07-09 05:39:04.840510368+00:00,1.0,1.0,46.854,-121.76866666666666,-0.01,0.26
62136137,STAR,2025-07-09 05:43:04.099999905+00:00,2025-07-09 05:42:59.099999905+00:00,2025-07-09 05:43:04.589858294+00:00,1.0,2025-07-09 05:43:05.208979607+00:00,0.75,1.0,46.85216666666667,-121.77016666666668,-0.25,0.57
62136142,STAR,2025-07-09 05:43:34.279998779+00:00,2025-07-09 05:43:29.279998779+00:00,2025-07-09 05:43:34.629775763+00:00,1.0,2025-07-09 05:43:35.244999647+00:00,0.75,1.0,46.856,-121.76083333333334,-2.63,0.48
62136152,STAR,2025-07-09 05:51:55.419998169+00:00,2025-07-09 05:51:50.419998169+00:00,2025-07-09 05:51:55.928760052+00:00,1.0,2025-07-09 05:51:56.519084215+00:00,0.75,1.0,46.85166666666667,-121.76166666666668,-1.76,0.17
62136157,STAR,2025-07-09 06:21:40.360000610+00:00,2025-07-09 06:21:35.360000610+00:00,2025-07-09 06:21:40.909792185+00:00,1.0,2025-07-09 06:21:41.570194006+00:00,0.75,1.0,46.85183333333333,-121.76966666666668,0.07,0.55
62136162,STAR,2025-07-09 06:23:58.009998322+00:00,2025-07-09 06:23:53.009998322+00:00,2025-07-09 06:23:58.399837017+00:00,0.75,2025-07-09 06:23:58.907648563+00:00,0.75,0.75,46.85966666666667,-121.76566666666666,-2.61,0.09
62136167,STAR,2025-07-09 06:32:48.610000610+00:00,2025-07-09 06:32:43.610000610+00:00,2025-07-09 06:32:49.059093714+00:00,1.0,2025-07-09 06:32:49.657558918+00:00,0.75,1.0,46.852333333333334,-121.7685,-0.98,0.31
62136172,STAR,2025-07-09 06:36:22.680000305+00:00,2025-07-09 06:36:17.680000305+00:00,2025-07-09 06:36:23.205358505+00:00,0.75,2025-07-09 06:36:23.788552284+00:00,0.75,0.75,46.85433333333334,-121.769,-0.09,0.0
62136177,STAR,2025-07-09 06:44:32.389999390+00:00,2025-07-09 06:44:27.389999390+00:00,2025-07-09 06:44:32.970554590+00:00,1.0,2025-07-09 06:44:33.571512938+00:00,0.75,1.0,46.847833333333334,-121.76016666666666,-0.47,0.73
62136182,STAR,2025-07-09 06:45:44.819999695+00:00,2025-07-09 06:45:39.819999695+00:00,2025-07-09 06:45:45.287972689+00:00,0.75,2025-07-09 06:45:45.843577147+00:00,0.75,0.75,46.851166666666664,-121.77066666666668,-0.77,0.08
62136187,STAR,2025-07-09 06:52:20.209999084+00:00,2025-07-09 06:52:15.209999084+00:00,2025-07-09 06:52:20.749739170+00:00,0.75,2025-07-09 06:52:21.308434010+00:00,0.75,0.75,46.84766666666667,-121.77083333333331,0.11,0.22
62136192,STAR,2025-07-09 06:49:58.779998779+00:00,2025-07-09 06:49:53.779998779+00:00,2025-07-09 06:49:59.210243225+00:00,1.0,2025-07-09 06:49:59.749043941+00:00,0.75,1.0,46.849833333333336,-121.76966666666668,-0.95,0.45
62136197,STAR,2025-07-09 06:54:20.689998627+00:00,2025-07-09 06:54:15.689998627+00:00,2025-07-09 06:54:21.190000057+00:00,0.75,2025-07-09 06:54:21.687419176+00:00,0.75,0.75,46.8495,-121.76483333333331,-2.29,0.17
62136202,STAR,2025-07-09 06:58:36.700000763+00:00,2025-07-09 06:58:31.700000763+00:00,2025-07-09 06:58:37.219704628+00:00,1.0,2025-07-09 06:58:37.839019299+00:00,0.5,1.0,46.84883333333333,-121.77166666666666,-0.14,0.64
62136207,STAR,2025-07-09 07:01:00.980000019+00:00,2025-07-09 07:00:55.980000019+00:00,2025-07-09 07:01:01.649278402+00:00,0.75,2025-07-09 07:01:02.152638197+00:00,0.75,0.75,46.84866666666667,-121.76016666666666,-0.53,0.63
62136212,STAR,2025-07-09 07:18:01.130000114+00:00,2025-07-09 07:17:56.130000114+00:00,2025-07-09 07:18:01.890114784+00:00,1.0,2025-07-09 07:18:02.539863586+00:00,0.75,1.0,46.8495,-121.7565,0.31,1.39
62136237,STAR,2025-07-09 07:43:15.139999390+00:00,2025-07-09 07:43:10.139999390+00:00,2025-07-09 07:43:15.839474440+00:00,1.0,2025-07-09 07:43:16.458383083+00:00,0.75,1.0,46.848,-121.76866666666666,0.73,0.67
62136242,STAR,2025-07-09 07:45:33.869998932+00:00,2025-07-09 07:45:28.869998932+00:00,2025-07-09 07:45:34.719321251+00:00,0.75,2025-07-09 07:45:35.405603886+00:00,1.0,1.0,46.856,-121.75983333333332,1.71,0.65
62136247,STAR,2025-07-09 07:46:11.219999313+00:00,2025-07-09 07:46:06.219999313+00:00,2025-07-09 07:46:12.037614346+00:00,0.75,2025-07-09 07:46:12.697192907+00:00,0.75,0.75,46.85616666666667,-121.76133333333334,0.53,0.6
62136252,STAR,2025-07-09 07:47:50.639999390+00:00,2025-07-09 07:47:45.639999390+00:00,2025-07-09 07:47:51.479622841+00:00,1.0,2025-07-09 07:47:52.178419352+00:00,0.75,1.0,46.85766666666667,-121.76166666666668,1.07,0.24
62136267,STAR,2025-07-09 07:51:10.859999657+00:00,2025-07-09 07:51:05.859999657+00:00,2025-07-09 07:51:11.692009926+00:00,0.75,2025-07-09 07:51:12.320511103+00:00,0.75,0.75,46.85733333333334,-121.76066666666668,0.5,0.69
62136272,STAR,2025-07-09 07:52:24.029998779+00:00,2025-07-09 07:52:19.029998779+00:00,2025-07-09 07:52:24.858075619+00:00,1.0,2025-07-09 07:52:25.509406327+00:00,0.75,1.0,46.858333333333334,-121.75916666666669,0.8,0.8
62136277,STAR,2025-07-09 08:07:06.750000+00:00,2025-07-09 08:07:01.750000+00:00,2025-07-09 08:07:07.598714113+00:00,0.75,2025-07-09 08:07:08.237669230+00:00,0.75,0.75,46.85633333333333,-121.757,0.99,0.71
62136282,STAR,2025-07-09 08:11:54.129997253+00:00,2025-07-09 08:11:49.129997253+00:00,2025-07-09 08:11:54.920222044+00:00,0.75,2025-07-09 08:11:55.417302608+00:00,0.75,0.75,46.851166666666664,-121.77166666666666,0.95,-0.1
62136287,STAR,2025-07-09 08:21:09.139999390+00:00,2025-07-09 08:21:04.139999390+00:00,2025-07-09 08:21:09.822056055+00:00,1.0,2025-07-09 08:21:10.456806421+00:00,0.75,1.0,46.85166666666667,-121.767,0.44,0.18
62136292,STAR,2025-07-09 08:34:10.210000038+00:00,2025-07-09 08:34:05.210000038+00:00,2025-07-09 08:34:10.940449715+00:00,0.75,2025-07-09 08:34:11.539999962+00:00,0.5,0.75,46.84866666666667,-121.76716666666668,0.91,0.47
62136297,STAR,2025-07-09 08:39:02.130000114+00:00,2025-07-09 08:38:57.130000114+00:00,2025-07-09 08:39:02.810396910+00:00,0.75,2025-07-09 08:39:03.367782116+00:00,0.75,0.75,46.849333333333334,-121.75866666666668,-0.52,0.3
62136302,STAR,2025-07-09 08:46:47.739998102+00:00,2025-07-09 08:46:42.739998102+00:00,2025-07-09 08:46:48.431055784+00:00,1.0,2025-07-09 08:46:49.009761810+00:00,0.75,1.0,46.849666666666664,-121.76683333333334,0.77,0.45
62136312,STAR,2025-07-09 09:04:39.590000153+00:00,2025-07-09 09:04:34.590000153+00:00,2025-07-09 09:04:40.306953669+00:00,0.5,2025-07-09 09:04:40.889291763+00:00,0.75,0.75,46.85016666666667,-121.76666666666668,0.85,0.16
62136317,STAR,2025-07-09 09:32:46.469997406+00:00,2025-07-09 09:32:41.469997406+00:00,2025-07-09 09:32:47.142875195+00:00,1.0,2025-07-09 09:32:47.783000469+00:00,0.75,1.0,46.8495,-121.76883333333332,0.56,0.69
62136322,STAR,2025-07-09 09:33:05.029999495+00:00,2025-07-09 09:33:00.029999495+00:00,2025-07-09 09:33:05.390674114+00:00,1.0,2025-07-09 09:33:05.769677401+00:00,0.75,1.0,46.849833333333336,-121.77316666666668,-2.6,0.49
62136327,STAR,2025-07-09 09:35:19.500000+00:00,2025-07-09 09:35:14.500000+00:00,2025-07-09 09:35:20.170518637+00:00,1.0,2025-07-09 09:35:20.739659786+00:00,0.75,1.0,46.851166666666664,-121.76883333333332,0.15,0.46
62136332,STAR,2025-07-09 09:57:14.449999809+00:00,2025-07-09 09:57:09.449999809+00:00,2025-07-09 09:57:15.099071264+00:00,1.0,2025-07-09 09:57:15.677764177+00:00,0.5,1.0,46.85016666666667,-121.76916666666666,0.26,0.18
62136337,STAR,2025-07-09 10:02:16.529998779+00:00,2025-07-09 10:02:11.529998779+00:00,2025-07-09 10:02:17.241333961+00:00,0.75,2025-07-09 10:02:17.869839668+00:00,0.75,0.75,46.853,-121.75616666666669,-0.1,0.66
62136347,STAR,2025-07-09 10:24:21.010000229+00:00,2025-07-09 10:24:16.010000229+00:00,2025-07-09 10:24:21.713889599+00:00,0.75,2025-07-09 10:24:22.281465292+00:00,0.75,0.75,46.85,-121.762,0.41,0.26
62136352,STAR,2025-07-09 10:33:20.189998627+00:00,2025-07-09 10:33:15.189998627+00:00,2025-07-09 10:33:20.906470776+00:00,0.75,2025-07-09 10:33:21.488090515+00:00,0.75,0.75,46.848,-121.76833333333332,0.63,0.29
62136357,STAR,2025-07-09 10:37:33.819999695+00:00,2025-07-09 10:37:28.819999695+00:00,2025-07-09 10:37:34.419360161+00:00,1.0,2025-07-09 10:37:34.951092720+00:00,0.75,1.0,46.852,-121.76383333333334,-0.84,0.46
62136367,STAR,2025-07-09 10:38:42.419998169+00:00,2025-07-09 10:38:37.419998169+00:00,2025-07-09 10:38:43.160000086+00:00,1.0,2025-07-09 10:38:43.909198284+00:00,0.5,1.0,46.85,-121.75783333333334,-0.05,0.19
62136382,STAR,2025-07-09 11:21:46.829998016+00:00,2025-07-09 11:21:41.829998016+00:00,2025-07-09 11:21:47.536952734+00:00,0.75,2025-07-09 11:21:48.197760820+00:00,0.75,0.75,46.85216666666667,-121.77366666666668,1.05,-0.05
62136392,STAR,2025-07-09 11:56:33.250000+00:00,2025-07-09 11:56:28.250000+00:00,2025-07-09 11:56:33.867711782+00:00,1.0,2025-07-09 11:56:34.385491610+00:00,0.75,1.0,46.84883333333333,-121.76866666666666,-0.08,0.17
62136397,STAR,2025-07-09 12:07:17.920000076+00:00,2025-07-09 12:07:12.920000076+00:00,2025-07-09 12:07:18.654957056+00:00,1.0,2025-07-09 12:07:19.236938953+00:00,0.75,1.0,46.85466666666667,-121.76633333333334,0.46,0.06
62136402,STAR,2025-07-09 12:07:33.919998169+00:00,2025-07-09 12:07:28.919998169+00:00,2025-07-09 12:07:34.731720209+00:00,1.0,2025-07-09 12:07:35.204303026+00:00,0.75,1.0,46.85,-121.76683333333334,0.54,0.22
62136407,STAR,2025-07-09 12:09:24.449998856+00:00,2025-07-09 12:09:19.449998856+00:00,2025-07-09 12:09:25.166971684+00:00,0.75,2025-07-09 12:09:25.758048296+00:00,0.75,0.75,46.84916666666667,-121.768,0.68,0.39
62136412,STAR,2025-07-09 12:12:01.220000029+00:00,2025-07-09 12:11:56.220000029+00:00,2025-07-09 12:12:01.954684734+00:00,0.75,2025-07-09 12:12:02.538967371+00:00,0.75,0.75,46.85183333333333,-121.76583333333332,0.4,0.11
62136417,STAR,2025-07-09 12:15:00.450000048+00:00,2025-07-09 12:14:55.450000048+00:00,2025-07-09 12:15:01.136972427+00:00,0.5,2025-07-09 12:15:01.805948496+00:00,0.75,0.75,46.8505,-121.77,0.83,0.13
62136437,STAR,2025-07-09 12:28:54.479999542+00:00,2025-07-09 12:28:49.479999542+00:00,2025-07-09 12:28:55.179703712+00:00,1.0,2025-07-09 12:28:55.768000603+00:00,0.75,1.0,46.849833333333336,-121.769,0.38,0.99
62136457,STAR,2025-07-09 12:48:20.149999619+00:00,2025-07-09 12:48:15.149999619+00:00,2025-07-09 12:48:20.909843206+00:00,1.0,2025-07-09 12:48:21.538812160+00:00,1.0,1.0,46.849666666666664,-121.76933333333334,0.68,0.68
62136472,STAR,2025-07-09 13:02:23.449998856+00:00,2025-07-09 13:02:18.449998856+00:00,2025-07-09 13:02:24.181664705+00:00,1.0,2025-07-09 13:02:24.744545937+00:00,0.75,1.0,46.850833333333334,-121.76816666666669,0.82,0.07
62136482,STAR,2025-07-09 13:12:12.029999495+00:00,2025-07-09 13:12:07.029999495+00:00,2025-07-09 13:12:12.772764921+00:00,0.75,2025-07-09 13:12:13.353668213+00:00,0.75,0.75,46.848166666666664,-121.76883333333332,0.69,0.56
62136492,STAR,2025-07-09 13:18:32.889999390+00:00,2025-07-09 13:18:27.889999390+00:00,2025-07-09 13:18:33.780756235+00:00,1.0,2025-07-09 13:18:34.470961809+00:00,0.75,1.0,46.8565,-121.76566666666666,1.42,0.36
62136497,STAR,2025-07-09 13:22:05.170000076+00:00,2025-07-09 13:22:00.170000076+00:00,2025-07-09 13:22:05.874795437+00:00,1.0,2025-07-09 13:22:06.296926737+00:00,0.75,1.0,46.84616666666667,-121.76033333333334,-0.55,0.46
62136507,STAR,2025-07-09 13:24:28.599998474+00:00,2025-07-09 13:24:23.599998474+00:00,2025-07-09 13:24:29.319865942+00:00,1.0,2025-07-09 13:24:29.939531088+00:00,0.75,1.0,46.847,-121.76866666666666,0.91,0.58
62136512,STAR,2025-07-09 13:25:29.659999847+00:00,2025-07-09 13:25:24.659999847+00:00,2025-07-09 13:25:30.325671673+00:00,1.0,2025-07-09 13:25:30.908230066+00:00,0.75,1.0,46.849833333333336,-121.76933333333334,0.2,0.3
62136527,STAR,2025-07-09 13:36:43.719997406+00:00,2025-07-09 13:36:38.719997406+00:00,2025-07-09 13:36:44.481420040+00:00,1.0,2025-07-09 13:36:45.068580151+00:00,1.0,1.0,46.850833333333334,-121.767,0.58,0.95
62136537,STAR,2025-07-09 13:44:32.360000610+00:00,2025-07-09 13:44:27.360000610+00:00,2025-07-09 13:44:33.094834089+00:00,1.0,2025-07-09 13:44:33.708455086+00:00,0.75,1.0,46.851333333333336,-121.76616666666666,0.57,0.56
62136547,STAR,2025-07-09 14:01:13.889999390+00:00,2025-07-09 14:01:08.889999390+00:00,2025-07-09 14:01:14.637612104+00:00,0.75,2025-07-09 14:01:15.236241579+00:00,0.75,0.75,46.84916666666667,-121.76816666666669,0.92,0.24
62136552,STAR,2025-07-09 14:10:37.290000916+00:00,2025-07-09 14:10:32.290000916+00:00,2025-07-09 14:10:38.098990917+00:00,0.75,2025-07-09 14:10:38.830876589+00:00,0.75,0.75,46.853833333333334,-121.76633333333334,1.25,0.34
62136557,STAR,2025-07-09 14:13:23.809999704+00:00,2025-07-09 14:13:18.809999704+00:00,2025-07-09 14:13:24.610829592+00:00,1.0,2025-07-09 14:13:25.260412931+00:00,0.5,1.0,46.85516666666667,-121.76716666666668,1.04,0.35
62136562,STAR,2025-07-09 14:22:35.200000763+00:00,2025-07-09 14:22:30.200000763+00:00,2025-07-09 14:22:35.997938395+00:00,0.75,2025-07-09 14:22:36.606668711+00:00,0.75,0.75,46.85,-121.76783333333331,0.96,0.26
62136572,STAR,2025-07-09 14:27:09.039999962+00:00,2025-07-09 14:27:04.039999962+00:00,2025-07-09 14:27:09.799999952+00:00,0.75,2025-07-09 14:27:10.428552866+00:00,0.75,0.75,46.852333333333334,-121.758,-0.18,0.92
62136577,STAR,2025-07-09 14:28:36.349998474+00:00,2025-07-09 14:28:31.349998474+00:00,2025-07-09 14:28:37.210977316+00:00,1.0,2025-07-09 14:28:37.860162973+00:00,1.0,1.0,46.858333333333334,-121.75933333333332,0.62,0.5
62136592,STAR,2025-07-09 14:45:16.489999771+00:00,2025-07-09 14:45:11.489999771+00:00,2025-07-09 14:45:17.251408815+00:00,0.75,2025-07-09 14:45:17.751726866+00:00,0.75,0.75,46.849833333333336,-121.76733333333334,0.36,-0.02
62136602,STAR,2025-07-09 14:52:42.430000305+00:00,2025-07-09 14:52:37.430000305+00:00,2025-07-09 14:52:43.210148811+00:00,0.75,2025-07-09 14:52:43.880000114+00:00,0.75,0.75,46.85816666666667,-121.75966666666666,0.56,0.27
62136612,STAR,2025-07-09 14:59:16.879999161+00:00,2025-07-09 14:59:11.879999161+00:00,2025-07-09 14:59:17.651452303+00:00,0.75,2025-07-09 14:59:18.321310282+00:00,0.75,0.75,46.857166666666664,-121.761,0.51,0.62
62136622,STAR,2025-07-09 15:10:50.909999847+00:00,2025-07-09 15:10:45.909999847+00:00,2025-07-09 15:10:51.651713848+00:00,1.0,2025-07-09 15:10:52.210000038+00:00,0.75,1.0,46.847166666666666,-121.76783333333331,0.86,0.4
62136627,STAR,2025-07-09 15:19:12.599999428+00:00,2025-07-09 15:19:07.599999428+00:00,2025-07-09 15:19:13.337042332+00:00,1.0,2025-07-09 15:19:13.907669783+00:00,0.75,1.0,46.852,-121.77083333333331,0.99,0.05
62136632,STAR,2025-07-09 15:21:01.049999952+00:00,2025-07-09 15:20:56.049999952+00:00,2025-07-09 15:21:01.776102304+00:00,0.75,2025-07-09 15:21:02.354247570+00:00,0.5,0.75,46.85,-121.7685,0.83,0.06
62136662,STAR,2025-07-09 15:53:00.529999970+00:00,2025-07-09 15:52:55.529999970+00:00,2025-07-09 15:53:01.249411106+00:00,0.75,2025-07-09 15:53:01.879063129+00:00,0.5,0.75,46.8505,-121.768,0.9,0.27
62136677,STAR,2025-07-09 16:03:26.559999704+00:00,2025-07-09 16:03:21.559999704+00:00,2025-07-09 16:03:27.390785694+00:00,1.0,2025-07-09 16:03:27.998428106+00:00,0.75,1.0,46.856833333333334,-121.76533333333332,0.89,2.26
62136682,STAR,2025-07-09 16:03:18.770000458+00:00,2025-07-09 16:03:13.770000458+00:00,2025-07-09 16:03:19.630574942+00:00,1.0,2025-07-09 16:03:20.300425529+00:00,0.5,1.0,46.85916666666667,-121.76316666666666,0.99,0.91
62136687,STAR,2025-07-09 16:07:54.059997559+00:00,2025-07-09 16:07:49.059997559+00:00,2025-07-09 16:07:54.925864458+00:00,0.75,2025-07-09 16:07:55.565937042+00:00,0.5,0.75,46.858,-121.76216666666669,1.21,0.4
62136692,STAR,2025-07-09 16:08:40.930000305+00:00,2025-07-09 16:08:35.930000305+00:00,2025-07-09 16:08:41.680448294+00:00,1.0,2025-07-09 16:08:42.292970181+00:00,0.75,1.0,46.8505,-121.7715,0.62,0.48
62136697,STAR,2025-07-09 16:10:11.719999313+00:00,2025-07-09 16:10:06.719999313+00:00,2025-07-09 16:10:12.537190914+00:00,1.0,2025-07-09 16:10:13.176374435+00:00,0.75,1.0,46.85666666666667,-121.76516666666669,1.12,0.18
62136702,STAR,2025-07-09 16:11:46.389999390+00:00,2025-07-09 16:11:41.389999390+00:00,2025-07-09 16:11:47.174110174+00:00,1.0,2025-07-09 16:11:47.857928514+00:00,0.75,1.0,46.858,-121.76133333333334,0.77,0.73
62136717,STAR,2025-07-09 16:23:52.069999695+00:00,2025-07-09 16:23:47.069999695+00:00,2025-07-09 16:23:52.888273716+00:00,1.0,2025-07-09 16:23:53.488916397+00:00,0.5,1.0,46.859,-121.76516666666669,1.01,0.14
62136722,STAR,2025-07-09 16:26:46.649997711+00:00,2025-07-09 16:26:41.649997711+00:00,2025-07-09 16:26:47.412579536+00:00,0.75,2025-07-09 16:26:48.011812210+00:00,0.75,0.75,46.84866666666667,-121.76916666666666,0.92,0.51
62136732,STAR,2025-07-09 16:28:08.449999809+00:00,2025-07-09 16:28:03.449999809+00:00,2025-07-09 16:28:09.339797497+00:00,1.0,2025-07-09 16:28:09.999511719+00:00,0.5,1.0,46.85666666666667,-121.7635,1.28,0.53
62136767,STAR,2025-07-09 16:45:36.899997711+00:00,2025-07-09 16:45:31.899997711+00:00,2025-07-09 16:45:37.629015446+00:00,1.0,2025-07-09 16:45:38.220310688+00:00,1.0,1.0,46.8515,-121.76733333333334,0.4,0.91
62136777,STAR,2025-07-09 16:46:00.359999895+00:00,2025-07-09 16:45:55.359999895+00:00,2025-07-09 16:46:01.078111410+00:00,1.0,2025-07-09 16:46:01.669792414+00:00,0.75,1.0,46.847166666666666,-121.7705,0.76,0.58
62136782,STAR,2025-07-09 16:46:27.930000305+00:00,2025-07-09 16:46:22.930000305+00:00,2025-07-09 16:46:28.710000038+00:00,1.0,2025-07-09 16:46:29.329803705+00:00,0.75,1.0,46.853,-121.7625,0.41,0.88
62136787,STAR,2025-07-09 16:47:14.039999962+00:00,2025-07-09 16:47:09.039999962+00:00,2025-07-09 16:47:14.820493698+00:00,1.0,2025-07-09 16:47:15.440783024+00:00,0.75,1.0,46.8515,-121.76283333333332,1.01,0.39
62136797,STAR,2025-07-09 17:04:46.729999542+00:00,2025-07-09 17:04:41.729999542+00:00,2025-07-09 17:04:47.509999989+00:00,1.0,2025-07-09 17:04:48.078764439+00:00,0.5,1.0,46.84916666666667,-121.7695,1.04,0.25
62136812,STAR,2025-07-09 17:28:39.619998932+00:00,2025-07-09 17:28:34.619998932+00:00,2025-07-09 17:28:40.430000067+00:00,1.0,2025-07-09 17:28:40.970114231+00:00,0.75,1.0,46.85216666666667,-121.76833333333332,0.78,0.54
62136832,STAR,2025-07-09 17:40:13.659999847+00:00,2025-07-09 17:40:08.659999847+00:00,2025-07-09 17:40:14.318204165+00:00,0.75,2025-07-09 17:40:15.098156452+00:00,0.75,0.75,46.85466666666667,-121.7655,0.86,0.12
62136837,STAR,2025-07-09 17:44:32.529998779+00:00,2025-07-09 17:44:27.529998779+00:00,2025-07-09 17:44:33.309999943+00:00,1.0,2025-07-09 17:44:33.857823849+00:00,0.5,1.0,46.8495,-121.76766666666668,0.9,0.63
62136852,STAR,2025-07-09 17:52:18.539999008+00:00,2025-07-09 17:52:13.539999008+00:00,2025-07-09 17:52:19.369999886+00:00,1.0,2025-07-09 17:52:20.009810686+00:00,1.0,1.0,46.86116666666667,-121.76383333333334,0.76,0.47
62136867,STAR,2025-07-09 18:00:44.549999237+00:00,2025-07-09 18:00:39.549999237+00:00,2025-07-09 18:00:45.329183817+00:00,1.0,2025-07-09 18:00:45.959452629+00:00,0.75,1.0,46.858333333333334,-121.7645,0.41,0.77
62136872,STAR,2025-07-09 18:02:03.349999905+00:00,2025-07-09 18:01:58.349999905+00:00,2025-07-09 18:02:04.200000048+00:00,1.0,2025-07-09 18:02:04.739274502+00:00,0.5,1.0,46.85883333333334,-121.75933333333332,0.92,0.64
62136907,STAR,2025-07-09 18:28:30.029998779+00:00,2025-07-09 18:28:25.029998779+00:00,2025-07-09 18:28:30.708142042+00:00,1.0,2025-07-09 18:28:31.379820824+00:00,0.75,1.0,46.84766666666667,-121.76766666666668,0.83,0.67
62136912,STAR,2025-07-09 18:30:51.270000458+00:00,2025-07-09 18:30:46.270000458+00:00,2025-07-09 18:30:51.958479404+00:00,1.0,2025-07-09 18:30:52.538894415+00:00,0.75,1.0,46.85,-121.77,0.3,1.15
62136922,STAR,2025-07-09 18:38:19.510000229+00:00,2025-07-09 18:38:14.510000229+00:00,2025-07-09 18:38:20.309999943+00:00,1.0,2025-07-09 18:38:20.899322510+00:00,0.75,1.0,46.850833333333334,-121.76766666666668,0.92,0.31
62136927,STAR,2025-07-09 18:42:21.609998703+00:00,2025-07-09 18:42:16.609998703+00:00,2025-07-09 18:42:22.350374937+00:00,1.0,2025-07-09 18:42:22.901346922+00:00,0.75,1.0,46.84766666666667,-121.76666666666668,0.55,0.59
62136942,STAR,2025-07-09 18:49:29.879999161+00:00,2025-07-09 18:49:24.879999161+00:00,2025-07-09 18:49:30.540581942+00:00,1.0,2025-07-09 18:49:31.069999933+00:00,0.75,1.0,46.8495,-121.76333333333334,-0.34,0.72
62136952,STAR,2025-07-09 19:02:38.090000153+00:00,2025-07-09 19:02:33.090000153+00:00,2025-07-09 19:02:38.842683315+00:00,1.0,2025-07-09 19:02:39.429874182+00:00,0.75,1.0,46.8515,-121.76783333333331,0.9,0.25
62136987,STAR,2025-07-09 19:21:15.469999313+00:00,2025-07-09 19:21:10.469999313+00:00,2025-07-09 19:21:16.193826199+00:00,0.75,2025-07-09 19:21:16.825725079+00:00,0.5,0.75,46.8495,-121.76633333333334,0.56,0.25
62136997,STAR,2025-07-09 19:25:14.139999390+00:00,2025-07-09 19:25:09.139999390+00:00,2025-07-09 19:25:14.847615957+00:00,1.0,2025-07-09 19:25:15.449660063+00:00,0.75,1.0,46.848333333333336,-121.76283333333332,-0.02,0.53
62137007,STAR,2025-07-09 19:31:17.520000458+00:00,2025-07-09 19:31:12.520000458+00:00,2025-07-09 19:31:18.259088755+00:00,1.0,2025-07-09 19:31:18.697216749+00:00,0.75,1.0,46.8505,-121.77033333333333,0.32,0.38
62137012,STAR,2025-07-09 19:31:56.099998474+00:00,2025-07-09 19:31:51.099998474+00:00,2025-07-09 19:31:56.909605265+00:00,0.75,2025-07-09 19:31:57.535665034+00:00,0.75,0.75,46.85,-121.75566666666668,0.37,0.47
62137027,STAR,2025-07-09 19:33:29.369998932+00:00,2025-07-09 19:33:24.369998932+00:00,2025-07-09 19:33:30.239356518+00:00,1.0,2025-07-09 19:33:30.939529181+00:00,0.75,1.0,46.85733333333334,-121.76466666666668,1.07,0.73
62137032,STAR,2025-07-09 19:36:34.809997559+00:00,2025-07-09 19:36:29.809997559+00:00,2025-07-09 19:36:35.577905178+00:00,0.75,2025-07-09 19:36:36.124459505+00:00,0.5,0.75,46.85066666666667,-121.76716666666668,0.72,0.16
62137057,STAR,2025-07-09 19:50:06.500000+00:00,2025-07-09 19:50:01.500000+00:00,2025-07-09 19:50:07.198796034+00:00,1.0,2025-07-09 19:50:07.738372087+00:00,0.75,1.0,46.85,-121.768,0.29,0.88
62137062,STAR,2025-07-09 19:52:25.529998779+00:00,2025-07-09 19:52:20.529998779+00:00,2025-07-09 19:52:26.004441977+00:00,1.0,2025-07-09 19:52:26.473483562+00:00,1.0,1.0,46.843833333333336,-121.768,-2.61,0.5
62137087,STAR,2025-07-09 20:01:46.950000763+00:00,2025-07-09 20:01:41.950000763+00:00,2025-07-09 20:01:47.780000210+00:00,1.0,2025-07-09 20:01:48.421284437+00:00,1.0,1.0,46.8575,-121.76433333333334,0.92,1.47
62137092,STAR,2025-07-09 20:01:07.519999981+00:00,2025-07-09 20:01:02.519999981+00:00,2025-07-09 20:01:08.320725679+00:00,0.75,2025-07-09 20:01:09.079660416+00:00,0.75,0.75,46.8475,-121.76983333333334,1.4,0.42
62137107,STAR,2025-07-09 20:08:20.930000305+00:00,2025-07-09 20:08:15.930000305+00:00,2025-07-09 20:08:21.660277843+00:00,1.0,2025-07-09 20:08:22.230795622+00:00,0.5,1.0,46.851166666666664,-121.758,-0.08,0.33
62137112,STAR,2025-07-09 20:12:29.599998474+00:00,2025-07-09 20:12:24.599998474+00:00,2025-07-09 20:12:30.368544102+00:00,1.0,2025-07-09 20:12:31.001180410+00:00,0.75,1.0,46.848333333333336,-121.7675,0.9,1.04
62137127,STAR,2025-07-09 20:17:01.390000105+00:00,2025-07-09 20:16:56.390000105+00:00,2025-07-09 20:17:02.169747353+00:00,1.0,2025-07-09 20:17:02.779004812+00:00,0.75,1.0,46.85066666666667,-121.75833333333334,0.03,0.55
62137157,STAR,2025-07-09 20:59:41.389999390+00:00,2025-07-09 20:59:36.389999390+00:00,2025-07-09 20:59:42.287420988+00:00,0.5,2025-07-09 20:59:42.789287806+00:00,1.0,1.0,46.85166666666667,-121.75683333333332,0.15,0.49
62137177,STAR,2025-07-09 21:23:07.699999809+00:00,2025-07-09 21:23:02.699999809+00:00,2025-07-09 21:23:08.319999933+00:00,1.0,2025-07-09 21:23:08.848848343+00:00,0.75,1.0,46.8485,-121.76666666666668,-0.26,0.84
62137197,STAR,2025-07-09 21:33:02.669999838+00:00,2025-07-09 21:32:57.669999838+00:00,2025-07-09 21:33:03.468049288+00:00,0.75,2025-07-09 21:33:04.108817577+00:00,0.75,0.75,46.849,-121.76816666666669,0.87,0.41
62137212,STAR,2025-07-09 21:41:57.159999847+00:00,2025-07-09 21:41:52.159999847+00:00,2025-07-09 21:41:57.890000105+00:00,1.0,2025-07-09 21:41:58.467734814+00:00,0.75,1.0,46.84916666666667,-121.76766666666668,0.41,0.42
62137247,STAR,2025-07-09 21:58:26.829999924+00:00,2025-07-09 21:58:21.829999924+00:00,2025-07-09 21:58:27.528667450+00:00,1.0,2025-07-09 21:58:28.158938885+00:00,0.75,1.0,46.849,-121.76933333333334,0.53,0.68
62137252,STAR,2025-07-09 21:59:34.450000763+00:00,2025-07-09 21:59:29.450000763+00:00,2025-07-09 21:59:35.159999847+00:00,0.75,2025-07-09 21:59:35.748228073+00:00,0.75,0.75,46.85033333333333,-121.76783333333331,0.9,0.21
62137257,STAR,2025-07-09 22:00:05.359999657+00:00,2025-07-09 22:00:00.359999657+00:00,2025-07-09 22:00:06.017904997+00:00,0.75,2025-07-09 22:00:06.637665033+00:00,0.75,0.75,46.850833333333334,-121.75683333333332,-0.54,0.3
62137262,STAR,2025-07-09 22:00:55.959999084+00:00,2025-07-09 22:00:50.959999084+00:00,2025-07-09 22:00:56.626771212+00:00,0.75,2025-07-09 22:00:57.206985712+00:00,0.75,0.75,46.848333333333336,-121.76133333333334,-0.25,0.42
62137297,STAR,2025-07-09 22:36:37.959999084+00:00,2025-07-09 22:36:32.959999084+00:00,2025-07-09 22:36:38.650251627+00:00,1.0,2025-07-09 22:36:39.250000+00:00,0.75,1.0,46.8495,-121.761,-0.12,0.68
62137327,STAR,2025-07-09 22:52:28.500000+00:00,2025-07-09 22:52:23.500000+00:00,2025-07-09 22:52:29.190989017+00:00,0.75,2025-07-09 22:52:29.827896118+00:00,0.75,0.75,46.863166666666665,-121.76333333333334,0.08,0.41
62137362,STAR,2025-07-09 23:13:53.969997406+00:00,2025-07-09 23:13:48.969997406+00:00,2025-07-09 23:13:54.666645527+00:00,0.5,2025-07-09 23:13:55.228679419+00:00,0.75,0.75,46.8495,-121.7675,0.36,0.5
62137407,STAR,2025-07-09 23:44:28.119998932+00:00,2025-07-09 23:44:23.119998932+00:00,2025-07-09 23:44:28.849385500+00:00,1.0,2025-07-09 23:44:29.468820572+00:00,0.75,1.0,46.851,-121.76933333333334,0.73,1.37
62137427,STAR,2025-07-09 23:53:27.049999237+00:00,2025-07-09 23:53:22.049999237+00:00,2025-07-09 23:53:27.730000019+00:00,0.75,2025-07-09 23:53:28.297374487+00:00,1.0,1.0,46.849833333333336,-121.76783333333331,0.33,0.09
62137437,STAR,2025-07-09 23:57:29.529998779+00:00,2025-07-09 23:57:24.529998779+00:00,2025-07-09 23:57:30.331453562+00:00,1.0,2025-07-09 23:57:30.998981714+00:00,0.75,1.0,46.861666666666665,-121.76183333333331,0.38,0.79
62137462,STAR,2025-07-10 00:10:05.069999695+00:00,2025-07-10 00:10:00.069999695+00:00,2025-07-10 00:10:05.909457684+00:00,1.0,2025-07-10 00:10:06.599227428+00:00,0.75,1.0,46.856,-121.76583333333332,1.13,0.75
62137497,STAR,2025-07-10 00:24:22.209999084+00:00,2025-07-10 00:24:17.209999084+00:00,2025-07-10 00:24:22.939999819+00:00,1.0,2025-07-10 00:24:23.619131804+00:00,0.75,1.0,46.849833333333336,-121.7655,0.85,0.97
62137502,STAR,2025-07-10 00:29:16.680000305+00:00,2025-07-10 00:29:11.680000305+00:00,2025-07-10 00:29:17.329519987+00:00,1.0,2025-07-10 00:29:17.920750856+00:00,1.0,1.0,46.849833333333336,-121.76966666666668,0.34,0.46
62137532,STAR,2025-07-10 00:42:57.919998169+00:00,2025-07-10 00:42:52.919998169+00:00,2025-07-10 00:42:58.609318495+00:00,1.0,2025-07-10 00:42:59.188193083+00:00,0.75,1.0,46.8495,-121.76883333333332,0.45,0.31
62137537,STAR,2025-07-10 00:43:05.219999790+00:00,2025-07-10 00:43:00.219999790+00:00,2025-07-10 00:43:06.069404602+00:00,1.0,2025-07-10 00:43:06.750000+00:00,0.75,1.0,46.85516666666667,-121.763,1.15,0.92
62137612,STAR,2025-07-10 01:18:48.739998102+00:00,2025-07-10 01:18:43.739998102+00:00,2025-07-10 01:18:49.501438379+00:00,0.75,2025-07-10 01:18:50.120835066+00:00,1.0,1.0,46.851166666666664,-121.76866666666666,0.79,0.28
62137657,STAR,2025-07-10 01:33:03.900000095+00:00,2025-07-10 01:32:58.900000095+00:00,2025-07-10 01:33:04.578927040+00:00,0.75,2025-07-10 01:33:05.159067392+00:00,1.0,1.0,46.849,-121.76933333333334,0.38,0.19
62137732,STAR,2025-07-10 02:11:12.259999274+00:00,2025-07-10 02:11:07.259999274+00:00,2025-07-10 02:11:12.919834614+00:00,1.0,2025-07-10 02:11:13.478165150+00:00,0.75,1.0,46.85066666666667,-121.769,0.22,0.54
62137797,STAR,2025-07-10 02:43:48.279998779+00:00,2025-07-10 02:43:43.279998779+00:00,2025-07-10 02:43:48.921569824+00:00,1.0,2025-07-10 02:43:49.519164324+00:00,0.75,1.0,46.849833333333336,-121.76733333333334,0.31,-0.07
62137807,STAR,2025-07-10 02:45:10.099999428+00:00,2025-07-10 02:45:05.099999428+00:00,2025-07-10 02:45:10.720681190+00:00,1.0,2025-07-10 02:45:11.292102098+00:00,0.75,1.0,46.8505,-121.772,0.06,0.27
62137812,STAR,2025-07-10 02:46:42.229999542+00:00,2025-07-10 02:46:37.229999542+00:00,2025-07-10 02:46:42.900487185+00:00,0.75,2025-07-10 02:46:43.489356995+00:00,0.75,0.75,46.85,-121.76866666666666,0.3,0.15
62137832,STAR,2025-07-10 03:01:02.759999990+00:00,2025-07-10 03:00:57.759999990+00:00,2025-07-10 03:01:03.509800433+00:00,0.75,2025-07-10 03:01:04.041959763+00:00,0.75,0.75,46.85433333333334,-121.772,0.65,-0.07
62137872,STAR,2025-07-10 03:45:04+00:00,2025-07-10 03:44:59+00:00,2025-07-10 03:45:04.728573799+00:00,0.75,2025-07-10 03:45:05.346116304+00:00,0.75,0.75,46.851,-121.76733333333334,0.42,0.17
62137882,STAR,2025-07-10 03:47:20.479999542+00:00,2025-07-10 03:47:15.479999542+00:00,2025-07-10 03:47:21.132857800+00:00,0.75,2025-07-10 03:47:21.719336987+00:00,0.75,0.75,46.84883333333333,-121.76883333333332,0.38,0.17
62137887,STAR,2025-07-10 03:53:40.189998627+00:00,2025-07-10 03:53:35.189998627+00:00,2025-07-10 03:53:40.868762493+00:00,1.0,2025-07-10 03:53:41.500712395+00:00,0.75,1.0,46.8475,-121.767,0.37,0.33
62137892,STAR,2025-07-10 04:10:02.450000048+00:00,2025-07-10 04:09:57.450000048+00:00,2025-07-10 04:10:03.119463921+00:00,1.0,2025-07-10 04:10:03.641844749+00:00,0.75,1.0,46.8515,-121.76883333333332,0.1,-0.06
62137897,STAR,2025-07-10 04:14:17.420000076+00:00,2025-07-10 04:14:12.420000076+00:00,2025-07-10 04:14:17.869793892+00:00,1.0,2025-07-10 04:14:18.271933317+00:00,0.5,1.0,46.85466666666667,-121.76333333333334,-2.7,1.33
62137902,STAR,2025-07-10 04:36:30.129999161+00:00,2025-07-10 04:36:25.129999161+00:00,2025-07-10 04:36:30.799865961+00:00,1.0,2025-07-10 04:36:31.389832735+00:00,0.75,1.0,46.8485,-121.76883333333332,0.32,0.26
62137907,STAR,2025-07-10 04:38:25.100000381+00:00,2025-07-10 04:38:20.100000381+00:00,2025-07-10 04:38:25.848172426+00:00,0.75,2025-07-10 04:38:26.436210394+00:00,0.5,0.75,46.846333333333334,-121.77033333333333,0.93,0.63
62137912,STAR,2025-07-10 04:53:37.829998016+00:00,2025-07-10 04:53:32.829998016+00:00,2025-07-10 04:53:38.300539494+00:00,1.0,2025-07-10 04:53:38.819349527+00:00,0.75,1.0,46.85516666666667,-121.76533333333332,-2.4,0.44
62137917,STAR,2025-07-10 04:59:07.190000057+00:00,2025-07-10 04:59:02.190000057+00:00,2025-07-10 04:59:07.730362892+00:00,0.5,2025-07-10 04:59:08.501068592+00:00,0.75,0.75,46.85333333333333,-121.77016666666668,0.76,0.09
62137922,STAR,2025-07-10 05:01:19.209999084+00:00,2025-07-10 05:01:14.209999084+00:00,2025-07-10 05:01:19.898807287+00:00,1.0,2025-07-10 05:01:20.540564299+00:00,0.75,1.0,46.857,-121.76083333333334,-0.19,0.61
62137932,STAR,2025-07-10 05:03:34.610000610+00:00,2025-07-10 05:03:29.610000610+00:00,2025-07-10 05:03:35.321487904+00:00,1.0,2025-07-10 05:03:35.969250441+00:00,0.75,1.0,46.86,-121.76033333333334,-0.07,0.33
62137937,STAR,2025-07-10 05:06:14.329999924+00:00,2025-07-10 05:06:09.329999924+00:00,2025-07-10 05:06:15.000356913+00:00,1.0,2025-07-10 05:06:15.579138756+00:00,1.0,1.0,46.851333333333336,-121.76766666666668,0.16,0.53
62137942,STAR,2025-07-10 05:06:27.250000+00:00,2025-07-10 05:06:22.250000+00:00,2025-07-10 05:06:27.981236458+00:00,0.75,2025-07-10 05:06:28.599009991+00:00,0.75,0.75,46.85816666666667,-121.76,0.0,0.71
62137947,STAR,2025-07-10 05:19:37.219997406+00:00,2025-07-10 05:19:32.219997406+00:00,2025-07-10 05:19:37.900913715+00:00,0.75,2025-07-10 05:19:38.479440928+00:00,1.0,1.0,46.85066666666667,-121.76933333333334,0.27,0.43
62137952,STAR,2025-07-10 05:23:03.490000010+00:00,2025-07-10 05:22:58.490000010+00:00,2025-07-10 05:23:04.179288387+00:00,0.75,2025-07-10 05:23:04.821379900+00:00,0.75,0.75,46.84883333333333,-121.768,0.52,0.32
62137957,STAR,2025-07-10 05:28:40.700000763+00:00,2025-07-10 05:28:35.700000763+00:00,2025-07-10 05:28:41.428797007+00:00,1.0,2025-07-10 05:28:42.049506426+00:00,0.75,1.0,46.852,-121.75883333333331,-0.08,0.96
62137972,STAR,2025-07-10 05:34:02.539999962+00:00,2025-07-10 05:33:57.539999962+00:00,2025-07-10 05:34:03.270181894+00:00,0.75,2025-07-10 05:34:03.839711905+00:00,0.75,0.75,46.859,-121.7585,-0.07,0.44
62137977,STAR,2025-07-10 05:35:27.899999619+00:00,2025-07-10 05:35:22.899999619+00:00,2025-07-10 05:35:28.600347042+00:00,1.0,2025-07-10 05:35:29.210000038+00:00,0.75,1.0,46.849833333333336,-121.7665,0.6,0.51
62137982,STAR,2025-07-10 05:35:59.009998322+00:00,2025-07-10 05:35:54.009998322+00:00,2025-07-10 05:35:59.745758295+00:00,1.0,2025-07-10 05:36:00.379165173+00:00,0.75,1.0,46.85016666666667,-121.76816666666669,0.66,0.08
62137992,STAR,2025-07-10 05:44:49.049999237+00:00,2025-07-10 05:44:44.049999237+00:00,2025-07-10 05:44:49.809491158+00:00,1.0,2025-07-10 05:44:50.391267538+00:00,1.0,1.0,46.851166666666664,-121.76883333333332,0.56,1.32
62137997,STAR,2025-07-10 05:59:14.909999847+00:00,2025-07-10 05:59:09.909999847+00:00,2025-07-10 05:59:15.618364096+00:00,1.0,2025-07-10 05:59:16.238540173+00:00,0.5,1.0,46.851,-121.76983333333334,0.47,0.37
62138012,STAR,2025-07-10 06:13:16.129999161+00:00,2025-07-10 06:13:11.129999161+00:00,2025-07-10 06:13:16.847187519+00:00,0.5,2025-07-10 06:13:17.385207176+00:00,0.75,0.75,46.8625,-121.758,-0.55,0.18
62138022,STAR,2025-07-10 06:16:35.459999084+00:00,2025-07-10 06:16:30.459999084+00:00,2025-07-10 06:16:36.192537785+00:00,0.75,2025-07-10 06:16:36.818788290+00:00,0.5,0.75,46.851166666666664,-121.76916666666666,0.43,0.05
62138027,STAR,2025-07-10 06:18:49.520000458+00:00,2025-07-10 06:18:44.520000458+00:00,2025-07-10 06:18:50.230000019+00:00,0.75,2025-07-10 06:18:50.782199621+00:00,0.75,0.75,46.8485,-121.76816666666669,0.44,0.2
62138032,STAR,2025-07-10 06:23:44.819999695+00:00,2025-07-10 06:23:39.819999695+00:00,2025-07-10 06:23:45.529004096+00:00,0.75,2025-07-10 06:23:46.138761044+00:00,0.5,0.75,46.84866666666667,-121.76066666666668,-0.04,0.45
62138037,STAR,2025-07-10 06:27:27.420000076+00:00,2025-07-10 06:27:22.420000076+00:00,2025-07-10 06:27:28.086388588+00:00,1.0,2025-07-10 06:27:28.666900873+00:00,0.5,1.0,46.84866666666667,-121.76983333333334,0.52,0.2
62138042,STAR,2025-07-10 06:40:57.649997711+00:00,2025-07-10 06:40:52.649997711+00:00,2025-07-10 06:40:58.309534311+00:00,0.75,2025-07-10 06:40:58.980085373+00:00,0.75,0.75,46.850833333333334,-121.75883333333331,-0.55,0.29
62138052,STAR,2025-07-10 07:03:38.680000305+00:00,2025-07-10 07:03:33.680000305+00:00,2025-07-10 07:03:39.397212029+00:00,1.0,2025-07-10 07:03:39.994542837+00:00,0.75,1.0,46.852,-121.76516666666669,0.58,0.28
62138057,STAR,2025-07-10 07:08:49.950000763+00:00,2025-07-10 07:08:44.950000763+00:00,2025-07-10 07:08:50.831915617+00:00,0.75,2025-07-10 07:08:51.442234755+00:00,0.75,0.75,46.856833333333334,-121.76683333333334,0.95,0.7
62138062,STAR,2025-07-10 07:14:18.590000153+00:00,2025-07-10 07:14:13.590000153+00:00,2025-07-10 07:14:19.239423275+00:00,0.75,2025-07-10 07:14:19.864644289+00:00,0.75,0.75,46.847,-121.7685,0.11,-0.01
62138067,STAR,2025-07-10 07:22:58.819999695+00:00,2025-07-10 07:22:53.819999695+00:00,2025-07-10 07:22:59.620170832+00:00,0.75,2025-07-10 07:23:00.179999828+00:00,0.75,0.75,46.85916666666667,-121.758,0.18,0.41
62138077,STAR,2025-07-10 07:37:50.529998779+00:00,2025-07-10 07:37:45.529998779+00:00,2025-07-10 07:37:51.257270098+00:00,1.0,2025-07-10 07:37:51.908730030+00:00,0.75,1.0,46.851,-121.77033333333333,0.7,0.39
62138082,STAR,2025-07-10 07:38:24.569999695+00:00,2025-07-10 07:38:19.569999695+00:00,2025-07-10 07:38:25.229620695+00:00,1.0,2025-07-10 07:38:25.786547184+00:00,0.75,1.0,46.8515,-121.7705,0.17,0.19
62138087,STAR,2025-07-10 07:49:25.869998932+00:00,2025-07-10 07:49:20.869998932+00:00,2025-07-10 07:49:26.579410791+00:00,1.0,2025-07-10 07:49:27.039999962+00:00,0.75,1.0,46.85766666666667,-121.75966666666666,-0.62,0.37
62138092,STAR,2025-07-10 07:54:33.200000763+00:00,2025-07-10 07:54:28.200000763+00:00,2025-07-10 07:54:33.960144043+00:00,0.75,2025-07-10 07:54:34.640000105+00:00,0.75,0.75,46.85883333333334,-121.7585,0.48,0.52
62138097,STAR,2025-07-10 07:55:59.709999084+00:00,2025-07-10 07:55:54.709999084+00:00,2025-07-10 07:56:00.427482367+00:00,1.0,2025-07-10 07:56:01.005451202+00:00,0.75,1.0,46.857166666666664,-121.758,-0.19,0.26
62138102,STAR,2025-07-10 08:08:44.299999237+00:00,2025-07-10 08:08:39.299999237+00:00,2025-07-10 08:08:45.019815207+00:00,1.0,2025-07-10 08:08:45.559833288+00:00,0.75,1.0,46.8575,-121.75933333333332,-0.19,0.34
62138107,STAR,2025-07-10 08:15:46.229999542+00:00,2025-07-10 08:15:41.229999542+00:00,2025-07-10 08:15:46.899870396+00:00,1.0,2025-07-10 08:15:47.460128307+00:00,0.75,1.0,46.849,-121.76916666666666,0.4,0.51
62138112,STAR,2025-07-10 08:17:21.029998779+00:00,2025-07-10 08:17:16.029998779+00:00,2025-07-10 08:17:21.761356831+00:00,1.0,2025-07-10 08:17:22.388778448+00:00,0.75,1.0,46.8615,-121.76266666666666,0.5,0.4
62138122,STAR,2025-07-10 08:37:34.040000916+00:00,2025-07-10 08:37:29.040000916+00:00,2025-07-10 08:37:34.828974724+00:00,1.0,2025-07-10 08:37:35.468248606+00:00,0.5,1.0,46.859,-121.7605,0.38,0.2
62138127,STAR,2025-07-10 08:38:07.559999943+00:00,2025-07-10 08:38:02.559999943+00:00,2025-07-10 08:38:08.309582949+00:00,1.0,2025-07-10 08:38:08.909221411+00:00,0.75,1.0,46.858333333333334,-121.75816666666668,0.15,0.77
62138132,STAR,2025-07-10 08:50:11.109999657+00:00,2025-07-10 08:50:06.109999657+00:00,2025-07-10 08:50:11.773785353+00:00,0.75,2025-07-10 08:50:12.336249828+00:00,0.5,0.75,46.851333333333336,-121.77,0.32,0.04
62138142,STAR,2025-07-10 09:16:31.819999695+00:00,2025-07-10 09:16:26.819999695+00:00,2025-07-10 09:16:32.599863052+00:00,1.0,2025-07-10 09:16:33.245988607+00:00,0.75,1.0,46.861333333333334,-121.763,0.54,0.49
62138147,STAR,2025-07-10 09:19:28.909999847+00:00,2025-07-10 09:19:23.909999847+00:00,2025-07-10 09:19:29.659344435+00:00,1.0,2025-07-10 09:19:30.278717756+00:00,1.0,1.0,46.851,-121.767,0.75,0.31
62138152,STAR,2025-07-10 09:26:54.299999237+00:00,2025-07-10 09:26:49.299999237+00:00,2025-07-10 09:26:54.995346069+00:00,1.0,2025-07-10 09:26:55.627894640+00:00,0.75,1.0,46.85066666666667,-121.76416666666668,0.43,0.7
62138157,STAR,2025-07-10 09:40:26.819999695+00:00,2025-07-10 09:40:21.819999695+00:00,2025-07-10 09:40:27.549149513+00:00,0.75,2025-07-10 09:40:28.119057655+00:00,0.75,0.75,46.851333333333336,-121.77116666666667,0.87,0.37
62138162,STAR,2025-07-10 09:40:42.779998779+00:00,2025-07-10 09:40:37.779998779+00:00,2025-07-10 09:40:43.479550600+00:00,1.0,2025-07-10 09:40:43.999075174+00:00,1.0,1.0,46.849333333333334,-121.7605,-0.16,0.64
62138172,STAR,2025-07-10 09:43:35.270000458+00:00,2025-07-10 09:43:30.270000458+00:00,2025-07-10 09:43:35.978389978+00:00,0.75,2025-07-10 09:43:36.507405758+00:00,0.75,0.75,46.85016666666667,-121.759,-0.24,0.34
62138182,STAR,2025-07-10 10:01:23.500000+00:00,2025-07-10 10:01:18.500000+00:00,2025-07-10 10:01:24.124458313+00:00,1.0,2025-07-10 10:01:24.647774220+00:00,0.75,1.0,46.849333333333334,-121.76916666666666,0.15,0.13
62138187,STAR,2025-07-10 10:30:46.909999847+00:00,2025-07-10 10:30:41.909999847+00:00,2025-07-10 10:30:47.628921509+00:00,1.0,2025-07-10 10:30:48.180537939+00:00,0.5,1.0,46.86033333333334,-121.7645,-0.09,0.33
62138192,STAR,2025-07-10 10:40:10.300000191+00:00,2025-07-10 10:40:05.300000191+00:00,2025-07-10 10:40:11.068074942+00:00,1.0,2025-07-10 10:40:11.758212090+00:00,0.75,1.0,46.86033333333334,-121.76333333333334,0.77,0.25
62138202,STAR,2025-07-10 10:40:53.069999695+00:00,2025-07-10 10:40:48.069999695+00:00,2025-07-10 10:40:53.789648294+00:00,1.0,2025-07-10 10:40:54.449538469+00:00,0.75,1.0,46.84916666666667,-121.76866666666666,0.73,0.62
62138207,STAR,2025-07-10 10:57:29.689998627+00:00,2025-07-10 10:57:24.689998627+00:00,2025-07-10 10:57:30.399432182+00:00,1.0,2025-07-10 10:57:30.928199768+00:00,0.5,1.0,46.846666666666664,-121.75833333333334,-0.16,0.85
62138217,STAR,2025-07-10 11:03:18.989999771+00:00,2025-07-10 11:03:13.989999771+00:00,2025-07-10 11:03:19.674332619+00:00,1.0,2025-07-10 11:03:20.293884993+00:00,0.75,1.0,46.847833333333334,-121.77016666666668,0.65,-0.02
62138232,STAR,2025-07-10 11:29:20.100000381+00:00,2025-07-10 11:29:15.100000381+00:00,2025-07-10 11:29:20.858759403+00:00,0.75,2025-07-10 11:29:21.458266020+00:00,0.75,0.75,46.851,-121.75733333333334,0.28,0.62
62138237,STAR,2025-07-10 11:31:48.289997101+00:00,2025-07-10 11:31:43.289997101+00:00,2025-07-10 11:31:49.005466700+00:00,0.75,2025-07-10 11:31:49.501342058+00:00,0.5,0.75,46.847833333333334,-121.76316666666666,0.27,0.28
62138242,STAR,2025-07-10 11:32:56.639999390+00:00,2025-07-10 11:32:51.639999390+00:00,2025-07-10 11:32:57.447435141+00:00,1.0,2025-07-10 11:32:58.099222183+00:00,0.75,1.0,46.84916666666667,-121.75516666666668,0.45,0.28
62138247,STAR,2025-07-10 11:33:55.409999847+00:00,2025-07-10 11:33:50.409999847+00:00,2025-07-10 11:33:56.073995113+00:00,1.0,2025-07-10 11:33:56.598366499+00:00,0.75,1.0,46.85016666666667,-121.77166666666666,0.27,0.13
62138252,STAR,2025-07-10 12:14:26.019998550+00:00,2025-07-10 12:14:21.019998550+00:00,2025-07-10 12:14:26.759580374+00:00,1.0,2025-07-10 12:14:27.390710115+00:00,0.75,1.0,46.85783333333333,-121.75966666666666,0.01,0.43
62138257,STAR,2025-07-10 12:25:27.840000153+00:00,2025-07-10 12:25:22.840000153+00:00,2025-07-10 12:25:28.550315380+00:00,1.0,2025-07-10 12:25:29.100351095+00:00,0.75,1.0,46.849333333333334,-121.76783333333331,0.56,0.63
62138272,STAR,2025-07-10 12:48:08.179999352+00:00,2025-07-10 12:48:03.179999352+00:00,2025-07-10 12:48:08.948868513+00:00,1.0,2025-07-10 12:48:09.567180872+00:00,0.75,1.0,46.85016666666667,-121.768,0.95,0.86
62138277,STAR,2025-07-10 12:54:23.699998856+00:00,2025-07-10 12:54:18.699998856+00:00,2025-07-10 12:54:24.490000010+00:00,1.0,2025-07-10 12:54:25.128933906+00:00,1.0,1.0,46.84883333333333,-121.7555,0.39,0.49
62138282,STAR,2025-07-10 12:59:36.770000458+00:00,2025-07-10 12:59:31.770000458+00:00,2025-07-10 12:59:37.509999989+00:00,1.0,2025-07-10 12:59:38.089999914+00:00,0.75,1.0,46.849,-121.7615,0.52,0.17
62138287,STAR,2025-07-10 13:03:40.529998779+00:00,2025-07-10 13:03:35.529998779+00:00,2025-07-10 13:03:41.110398293+00:00,1.0,2025-07-10 13:03:41.658747911+00:00,0.75,1.0,46.845166666666664,-121.76283333333332,-0.79,0.39
62138292,STAR,2025-07-10 13:05:33.669998169+00:00,2025-07-10 13:05:28.669998169+00:00,2025-07-10 13:05:34.440000057+00:00,1.0,2025-07-10 13:05:35.038753986+00:00,0.75,1.0,46.849666666666664,-121.76816666666669,0.82,0.49
62138297,STAR,2025-07-10 13:15:25.609998703+00:00,2025-07-10 13:15:20.609998703+00:00,2025-07-10 13:15:26.349822044+00:00,1.0,2025-07-10 13:15:26.941767693+00:00,0.75,1.0,46.8495,-121.75616666666669,-0.24,0.82
62138307,STAR,2025-07-10 13:30:24.699998856+00:00,2025-07-10 13:30:19.699998856+00:00,2025-07-10 13:30:25.338867426+00:00,1.0,2025-07-10 13:30:25.858556032+00:00,0.75,1.0,46.84866666666667,-121.769,0.11,0.66
62138312,STAR,2025-07-10 13:34:50.849998474+00:00,2025-07-10 13:34:45.849998474+00:00,2025-07-10 13:34:51.576587677+00:00,1.0,2025-07-10 13:34:52.096049786+00:00,0.75,1.0,46.8505,-121.7665,0.4,0.22
62138317,STAR,2025-07-10 13:47:55.559997559+00:00,2025-07-10 13:47:50.559997559+00:00,2025-07-10 13:47:56.267481089+00:00,1.0,2025-07-10 13:47:56.862366915+00:00,0.75,1.0,46.84916666666667,-121.7695,0.85,0.24
62138322,STAR,2025-07-10 14:03:41.799999237+00:00,2025-07-10 14:03:36.799999237+00:00,2025-07-10 14:03:42.532105684+00:00,1.0,2025-07-10 14:03:43.142422915+00:00,1.0,1.0,46.849,-121.761,0.12,1.14
62138327,STAR,2025-07-10 14:09:09.939999580+00:00,2025-07-10 14:09:04.939999580+00:00,2025-07-10 14:09:10.679316759+00:00,1.0,2025-07-10 14:09:11.278441429+00:00,0.5,1.0,46.84883333333333,-121.76683333333334,0.83,1.32
62138332,STAR,2025-07-10 14:12:42.009998322+00:00,2025-07-10 14:12:37.009998322+00:00,2025-07-10 14:12:42.864058018+00:00,1.0,2025-07-10 14:12:43.542490959+00:00,0.75,1.0,46.859833333333334,-121.7595,0.91,0.4
62138337,STAR,2025-07-10 14:19:23.539999008+00:00,2025-07-10 14:19:18.539999008+00:00,2025-07-10 14:19:24.229748726+00:00,0.75,2025-07-10 14:19:24.773581028+00:00,0.75,0.75,46.8495,-121.761,-0.27,0.38
62138357,STAR,2025-07-10 14:50:31.789999008+00:00,2025-07-10 14:50:26.789999008+00:00,2025-07-10 14:50:32.539155960+00:00,0.75,2025-07-10 14:50:33.147954226+00:00,0.75,0.75,46.85183333333333,-121.767,0.64,0.13
62138367,STAR,2025-07-10 15:15:03.019999981+00:00,2025-07-10 15:14:58.019999981+00:00,2025-07-10 15:15:03.727330685+00:00,0.75,2025-07-10 15:15:04.266222239+00:00,0.75,0.75,46.851333333333336,-121.76966666666668,0.38,0.09
62138387,STAR,2025-07-10 15:32:27.389999390+00:00,2025-07-10 15:32:22.389999390+00:00,2025-07-10 15:32:28.098483086+00:00,1.0,2025-07-10 15:32:28.746287584+00:00,0.75,1.0,46.84766666666667,-121.76866666666666,0.78,0.17
62138437,STAR,2025-07-10 16:04:08.199999809+00:00,2025-07-10 16:04:03.199999809+00:00,2025-07-10 16:04:09.317578554+00:00,1.0,2025-07-10 16:04:09.668016911+00:00,0.5,1.0,46.84866666666667,-121.76766666666668,1.8,0.37
62138442,STAR,2025-07-10 16:06:29.449998856+00:00,2025-07-10 16:06:24.449998856+00:00,2025-07-10 16:06:30.380280018+00:00,0.75,2025-07-10 16:06:30.798880339+00:00,0.5,0.75,46.848166666666664,-121.76866666666666,1.11,0.17
62138507,STAR,2025-07-10 17:01:46.450000763+00:00,2025-07-10 17:01:41.450000763+00:00,2025-07-10 17:01:47.229218483+00:00,0.75,2025-07-10 17:01:47.861281633+00:00,0.75,0.75,46.849,-121.765,0.72,0.08
62138512,STAR,2025-07-10 17:07:40.989998102+00:00,2025-07-10 17:07:35.989998102+00:00,2025-07-10 17:07:41.669680119+00:00,1.0,2025-07-10 17:07:42.249113560+00:00,0.5,1.0,46.8485,-121.769,0.25,0.65
62138522,STAR,2025-07-10 17:13:40.659999847+00:00,2025-07-10 17:13:35.659999847+00:00,2025-07-10 17:13:41.389112234+00:00,1.0,2025-07-10 17:13:41.910641432+00:00,0.5,1.0,46.8465,-121.76066666666668,0.02,1.22
62138537,STAR,2025-07-10 17:15:33.709999084+00:00,2025-07-10 17:15:28.709999084+00:00,2025-07-10 17:15:34.610402822+00:00,1.0,2025-07-10 17:15:35.290227413+00:00,0.75,1.0,46.85783333333333,-121.76283333333332,1.35,0.8
62138572,STAR,2025-07-10 17:54:49.629997253+00:00,2025-07-10 17:54:44.629997253+00:00,2025-07-10 17:54:50.488636017+00:00,1.0,2025-07-10 17:54:51.159661293+00:00,0.75,1.0,46.85933333333333,-121.76533333333332,0.81,0.61
62138582,STAR,2025-07-10 18:00:29.699998856+00:00,2025-07-10 18:00:24.699998856+00:00,2025-07-10 18:00:30.498536348+00:00,0.75,2025-07-10 18:00:31.098736048+00:00,0.75,0.75,46.8505,-121.75683333333332,-0.01,0.39
62138607,STAR,2025-07-10 18:19:41.169998169+00:00,2025-07-10 18:19:36.169998169+00:00,2025-07-10 18:19:41.999690771+00:00,1.0,2025-07-10 18:19:42.704427719+00:00,0.75,1.0,46.85666666666667,-121.759,0.28,1.61
62138627,STAR,2025-07-10 18:28:00.099999905+00:00,2025-07-10 18:27:55.099999905+00:00,2025-07-10 18:28:00.821540594+00:00,0.75,2025-07-10 18:28:01.440587759+00:00,0.5,0.75,46.852666666666664,-121.77083333333331,0.52,0.14
62138632,STAR,2025-07-10 18:30:31.599998474+00:00,2025-07-10 18:30:26.599998474+00:00,2025-07-10 18:30:32.489380836+00:00,0.75,2025-07-10 18:30:33.178754568+00:00,0.75,0.75,46.85966666666667,-121.75833333333334,0.98,0.41
62138642,STAR,2025-07-10 18:37:37.700000763+00:00,2025-07-10 18:37:32.700000763+00:00,2025-07-10 18:37:38.607684851+00:00,0.75,2025-07-10 18:37:39.327734709+00:00,0.75,0.75,46.855666666666664,-121.75933333333332,1.49,0.62
62138667,STAR,2025-07-10 19:00:19.829999924+00:00,2025-07-10 19:00:14.829999924+00:00,2025-07-10 19:00:20.749876022+00:00,1.0,2025-07-10 19:00:21.470000029+00:00,0.75,1.0,46.8545,-121.75883333333331,1.41,0.78
62138672,STAR,2025-07-10 19:04:21.029998779+00:00,2025-07-10 19:04:16.029998779+00:00,2025-07-10 19:04:21.960000038+00:00,1.0,2025-07-10 19:04:22.680599928+00:00,0.75,1.0,46.85466666666667,-121.7585,1.34,0.6
62138687,STAR,2025-07-10 19:08:22.139999390+00:00,2025-07-10 19:08:17.139999390+00:00,2025-07-10 19:08:23.059884787+00:00,1.0,2025-07-10 19:08:23.777925491+00:00,1.0,1.0,46.85466666666667,-121.76016666666666,1.26,0.67
62138692,STAR,2025-07-10 19:08:31+00:00,2025-07-10 19:08:26+00:00,2025-07-10 19:08:31.899109840+00:00,1.0,2025-07-10 19:08:32.567320347+00:00,0.75,1.0,46.85466666666667,-121.75766666666668,0.93,1.16
62138697,STAR,2025-07-10 19:09:19.119998932+00:00,2025-07-10 19:09:14.119998932+00:00,2025-07-10 19:09:19.849511385+00:00,1.0,2025-07-10 19:09:20.452442884+00:00,0.75,1.0,46.84733333333333,-121.768,0.69,0.89
62138707,STAR,2025-07-10 19:15:02.429999828+00:00,2025-07-10 19:14:57.429999828+00:00,2025-07-10 19:15:03.328965187+00:00,1.0,2025-07-10 19:15:04.051682949+00:00,0.75,1.0,46.855666666666664,-121.75833333333334,1.43,0.6
62138722,STAR,2025-07-10 19:31:42.500000+00:00,2025-07-10 19:31:37.500000+00:00,2025-07-10 19:31:43.319360495+00:00,1.0,2025-07-10 19:31:43.970000029+00:00,0.75,1.0,46.857,-121.761,0.91,0.22
62138747,STAR,2025-07-10 19:35:34.219997406+00:00,2025-07-10 19:35:29.219997406+00:00,2025-07-10 19:35:35.049148321+00:00,0.75,2025-07-10 19:35:35.728882551+00:00,0.75,0.75,46.8615,-121.763,0.73,0.25
62138772,STAR,2025-07-10 19:50:26.139999390+00:00,2025-07-10 19:50:21.139999390+00:00,2025-07-10 19:50:26.767371655+00:00,1.0,2025-07-10 19:50:27.311728716+00:00,0.75,1.0,46.848166666666664,-121.75933333333332,-0.89,0.769
62138797,STAR,2025-07-10 20:00:20.959999084+00:00,2025-07-10 20:00:15.959999084+00:00,2025-07-10 20:00:21.666044474+00:00,1.0,2025-07-10 20:00:22.185495377+00:00,0.75,1.0,46.85016666666667,-121.76833333333332,0.2,0.31
62138827,STAR,2025-07-10 20:16:01.409999847+00:00,2025-07-10 20:15:56.409999847+00:00,2025-07-10 20:16:02.216196299+00:00,1.0,2025-07-10 20:16:02.853101254+00:00,0.75,1.0,46.859833333333334,-121.76216666666669,0.57,0.32
62138842,STAR,2025-07-10 20:34:03.480000019+00:00,2025-07-10 20:33:58.480000019+00:00,2025-07-10 20:34:04.190797091+00:00,0.75,2025-07-10 20:34:04.749583483+00:00,0.75,0.75,46.85,-121.76133333333334,-0.22,0.21
62138852,STAR,2025-07-10 20:44:03.230000019+00:00,2025-07-10 20:43:58.230000019+00:00,2025-07-10 20:44:04.157921553+00:00,1.0,2025-07-10 20:44:04.837307692+00:00,0.75,1.0,46.859833333333334,-121.75666666666666,1.16,0.68
62138892,STAR,2025-07-10 21:17:27.299999237+00:00,2025-07-10 21:17:22.299999237+00:00,2025-07-10 21:17:28.028993845+00:00,1.0,2025-07-10 21:17:28.640000105+00:00,0.5,1.0,46.8505,-121.76733333333334,0.57,2.04
62138897,STAR,2025-07-10 21:18:15.989999771+00:00,2025-07-10 21:18:10.989999771+00:00,2025-07-10 21:18:16.768332481+00:00,0.75,2025-07-10 21:18:17.376905918+00:00,0.75,0.75,46.8525,-121.76716666666668,0.74,0.47
62138917,STAR,2025-07-10 21:30:28.500000+00:00,2025-07-10 21:30:23.500000+00:00,2025-07-10 21:30:29.190318346+00:00,0.75,2025-07-10 21:30:29.757272005+00:00,0.5,0.75,46.859,-121.76683333333334,0.43,0.22
62139007,STAR,2025-07-10 22:31:19.680000305+00:00,2025-07-10 22:31:14.680000305+00:00,2025-07-10 22:31:20.367843390+00:00,1.0,2025-07-10 22:31:20.939565897+00:00,1.0,1.0,46.85333333333333,-121.76883333333332,0.28,0.16
62139022,STAR,2025-07-10 22:35:03.740000010+00:00,2025-07-10 22:34:58.740000010+00:00,2025-07-10 22:35:04.399479389+00:00,1.0,2025-07-10 22:35:04.957967043+00:00,0.75,1.0,46.849666666666664,-121.76783333333331,0.37,0.07
62139062,STAR,2025-07-10 23:07:37.829998016+00:00,2025-07-10 23:07:32.829998016+00:00,2025-07-10 23:07:37.769999981+00:00,0.75,2025-07-10 23:07:38.497888088+00:00,0.5,0.75,46.846833333333336,-121.77133333333332,-2.16,0.37
62139082,STAR,2025-07-10 23:19:34.700000763+00:00,2025-07-10 23:19:29.700000763+00:00,2025-07-10 23:19:35.410000086+00:00,1.0,2025-07-10 23:19:36.070705414+00:00,0.5,1.0,46.859,-121.762,0.15,0.61
62139152,STAR,2025-07-11 00:04:27.539999008+00:00,2025-07-11 00:04:22.539999008+00:00,2025-07-11 00:04:28.209629774+00:00,1.0,2025-07-11 00:04:28.789294481+00:00,0.75,1.0,46.8495,-121.77233333333334,0.54,0.46
62139162,STAR,2025-07-11 00:11:33.369998932+00:00,2025-07-11 00:11:28.369998932+00:00,2025-07-11 00:11:34.238379002+00:00,1.0,2025-07-11 00:11:34.867291927+00:00,1.0,1.0,46.847833333333334,-121.75433333333334,2.4,1.22
62139262,STAR,2025-07-11 01:58:15.079999924+00:00,2025-07-11 01:58:10.079999924+00:00,2025-07-11 01:58:15.670000076+00:00,1.0,2025-07-11 01:58:16.247470379+00:00,1.0,1.0,46.84916666666667,-121.76116666666668,-0.74,0.53
62139277,STAR,2025-07-11 03:12:29.859998703+00:00,2025-07-11 03:12:24.859998703+00:00,2025-07-11 03:12:30.539014339+00:00,1.0,2025-07-11 03:12:31.209707260+00:00,0.75,1.0,46.8505,-121.75883333333331,-0.15,0.41
62139312,STAR,2025-07-11 04:30:49.239998102+00:00,2025-07-11 04:30:44.239998102+00:00,2025-07-11 04:30:49.910754919+00:00,1.0,2025-07-11 04:30:50.530292749+00:00,0.75,1.0,46.852333333333334,-121.75766666666668,-0.35,1.22
62139317,STAR,2025-07-11 04:37:48.860000610+00:00,2025-07-11 04:37:43.860000610+00:00,2025-07-11 04:37:49.487492085+00:00,1.0,2025-07-11 04:37:50.072625399+00:00,0.75,1.0,46.84916666666667,-121.76916666666666,0.32,0.53
62139322,STAR,2025-07-11 04:45:02.089999914+00:00,2025-07-11 04:44:57.089999914+00:00,2025-07-11 04:45:02.719535351+00:00,1.0,2025-07-11 04:45:03.289372921+00:00,0.75,1.0,46.851166666666664,-121.769,0.09,0.34
62139327,STAR,2025-07-11 05:01:53.569999695+00:00,2025-07-11 05:01:48.569999695+00:00,2025-07-11 05:01:54.179999828+00:00,0.75,2025-07-11 05:01:54.780509949+00:00,0.5,0.75,46.849833333333336,-121.77033333333333,0.1,-0.08
62139342,STAR,2025-07-11 05:18:05.259999751+00:00,2025-07-11 05:18:00.259999751+00:00,2025-07-11 05:18:05.890144110+00:00,1.0,2025-07-11 05:18:06.479885578+00:00,0.75,1.0,46.85016666666667,-121.75983333333332,-0.41,0.48
62139347,STAR,2025-07-11 05:20:17.559999704+00:00,2025-07-11 05:20:12.559999704+00:00,2025-07-11 05:20:18.306275845+00:00,0.75,2025-07-11 05:20:18.996139050+00:00,0.75,0.75,46.8525,-121.75783333333334,0.55,0.16
62139357,STAR,2025-07-11 06:05:17.569999695+00:00,2025-07-11 06:05:12.569999695+00:00,2025-07-11 06:05:18.186111689+00:00,0.75,2025-07-11 06:05:18.770141840+00:00,0.75,0.75,46.848333333333336,-121.7625,-0.15,0.07
62139377,STAR,2025-07-11 07:10:51.139999390+00:00,2025-07-11 07:10:46.139999390+00:00,2025-07-11 07:10:51.789026737+00:00,1.0,2025-07-11 07:10:52.390983582+00:00,0.75,1.0,46.850833333333334,-121.76716666666668,0.18,0.46
62139382,STAR,2025-07-11 07:14:08.960000038+00:00,2025-07-11 07:14:03.960000038+00:00,2025-07-11 07:14:09.598876238+00:00,1.0,2025-07-11 07:14:10.228039980+00:00,0.75,1.0,46.847833333333334,-121.771,0.32,0.1
62139387,STAR,2025-07-11 07:27:03.509999989+00:00,2025-07-11 07:26:58.509999989+00:00,2025-07-11 07:27:04.389710188+00:00,1.0,2025-07-11 07:27:05.069835186+00:00,0.75,1.0,46.851333333333336,-121.761,1.21,0.54
62139392,STAR,2025-07-11 07:30:47.139999390+00:00,2025-07-11 07:30:42.139999390+00:00,2025-07-11 07:30:47.789999962+00:00,0.75,2025-07-11 07:30:48.400849104+00:00,0.75,0.75,46.848,-121.76116666666668,-0.27,0.56
62139397,STAR,2025-07-11 07:36:01.230000019+00:00,2025-07-11 07:35:56.230000019+00:00,2025-07-11 07:36:02.129202604+00:00,1.0,2025-07-11 07:36:02.869379044+00:00,0.5,1.0,46.85516666666667,-121.75833333333334,1.33,1.68
62139407,STAR,2025-07-11 07:53:07.089999676+00:00,2025-07-11 07:53:02.089999676+00:00,2025-07-11 07:53:07.779999971+00:00,1.0,2025-07-11 07:53:08.318816900+00:00,0.75,1.0,46.848,-121.76683333333334,0.15,1.11
62139412,STAR,2025-07-11 08:10:37.659999847+00:00,2025-07-11 08:10:32.659999847+00:00,2025-07-11 08:10:38.369351625+00:00,1.0,2025-07-11 08:10:39.007529259+00:00,0.75,1.0,46.85916666666667,-121.76483333333331,0.3,0.59
62139417,STAR,2025-07-11 08:12:41.129997253+00:00,2025-07-11 08:12:36.129997253+00:00,2025-07-11 08:12:41.809999943+00:00,1.0,2025-07-11 08:12:42.429330111+00:00,0.75,1.0,46.85966666666667,-121.76516666666669,-0.13,0.74
62139422,STAR,2025-07-11 08:17:04.480000019+00:00,2025-07-11 08:16:59.480000019+00:00,2025-07-11 08:17:05.360062599+00:00,1.0,2025-07-11 08:17:06.064289570+00:00,0.75,1.0,46.85883333333334,-121.75583333333331,1.15,0.47
62139427,STAR,2025-07-11 08:18:12.359999657+00:00,2025-07-11 08:18:07.359999657+00:00,2025-07-11 08:18:13.228699923+00:00,0.75,2025-07-11 08:18:14.018474817+00:00,0.75,0.75,46.85916666666667,-121.7595,1.1,0.44
62139432,STAR,2025-07-11 08:18:52.309997559+00:00,2025-07-11 08:18:47.309997559+00:00,2025-07-11 08:18:52.967944384+00:00,1.0,2025-07-11 08:18:53.451919556+00:00,0.5,1.0,46.849,-121.76016666666666,-0.43,0.27
62139437,STAR,2025-07-11 08:24:00.849999905+00:00,2025-07-11 08:23:55.849999905+00:00,2025-07-11 08:24:01.706010580+00:00,1.0,2025-07-11 08:24:02.385458469+00:00,0.75,1.0,46.857,-121.75833333333334,0.88,0.51
62139442,STAR,2025-07-11 08:28:01.159999847+00:00,2025-07-11 08:27:56.159999847+00:00,2025-07-11 08:28:01.869999886+00:00,1.0,2025-07-11 08:28:02.500414610+00:00,0.75,1.0,46.86083333333333,-121.76466666666668,0.21,0.37
62139452,STAR,2025-07-11 08:52:51.680000305+00:00,2025-07-11 08:52:46.680000305+00:00,2025-07-11 08:52:52.452482700+00:00,0.75,2025-07-11 08:52:52.943595886+00:00,0.5,0.75,46.849833333333336,-121.76933333333334,1.24,-0.09
62139467,STAR,2025-07-11 10:00:41.579998016+00:00,2025-07-11 10:00:36.579998016+00:00,2025-07-11 10:00:42.299782038+00:00,1.0,2025-07-11 10:00:42.957298994+00:00,0.75,1.0,46.859,-121.76583333333332,0.4,0.35
62139472,STAR,2025-07-11 10:09:15.789999962+00:00,2025-07-11 10:09:10.789999962+00:00,2025-07-11 10:09:16.660000086+00:00,1.0,2025-07-11 10:09:17.292879105+00:00,0.5,1.0,46.85766666666667,-121.7575,0.74,0.33
62139477,STAR,2025-07-11 10:11:09.609999657+00:00,2025-07-11 10:11:04.609999657+00:00,2025-07-11 10:11:10.310441494+00:00,1.0,2025-07-11 10:11:10.870913506+00:00,0.5,1.0,46.8505,-121.7675,0.2,0.52
62139482,STAR,2025-07-11 10:17:37.700000763+00:00,2025-07-11 10:17:32.700000763+00:00,2025-07-11 10:17:38.457584381+00:00,1.0,2025-07-11 10:17:39.068590879+00:00,0.75,1.0,46.858333333333334,-121.759,0.36,0.65
62139487,STAR,2025-07-11 10:25:46.969997406+00:00,2025-07-11 10:25:41.969997406+00:00,2025-07-11 10:25:47.692500353+00:00,0.75,2025-07-11 10:25:48.292483091+00:00,0.75,0.75,46.852333333333334,-121.7605,0.13,0.21
62139492,STAR,2025-07-11 10:47:22.039999008+00:00,2025-07-11 10:47:17.039999008+00:00,2025-07-11 10:47:22.929560423+00:00,1.0,2025-07-11 10:47:22.919565439+00:00,1.0,1.0,46.85633333333333,-121.76133333333334,1.19,0.23
62139497,STAR,2025-07-11 11:27:17.909999847+00:00,2025-07-11 11:27:12.909999847+00:00,2025-07-11 11:27:18.689377546+00:00,0.75,2025-07-11 11:27:19.300632715+00:00,0.5,0.75,46.853,-121.75666666666666,0.12,0.37
62139502,STAR,2025-07-11 11:50:39.989998102+00:00,2025-07-11 11:50:34.989998102+00:00,2025-07-11 11:50:40.761202097+00:00,1.0,2025-07-11 11:50:41.380501986+00:00,0.75,1.0,46.8495,-121.7705,0.94,0.16
62139507,STAR,2025-07-11 12:15:29.789999008+00:00,2025-07-11 12:15:24.789999008+00:00,2025-07-11 12:15:30.475737810+00:00,0.75,2025-07-11 12:15:31.125373125+00:00,0.75,0.75,46.8455,-121.768,0.51,0.27
62139517,STAR,2025-07-11 12:24:43.520000458+00:00,2025-07-11 12:24:38.520000458+00:00,2025-07-11 12:24:44.275375128+00:00,1.0,2025-07-11 12:24:44.896245003+00:00,1.0,1.0,46.85,-121.77,0.79,0.41
62139522,STAR,2025-07-11 12:25:56.430000305+00:00,2025-07-11 12:25:51.430000305+00:00,2025-07-11 12:25:57.197416782+00:00,1.0,2025-07-11 12:25:57.784689426+00:00,0.5,1.0,46.852,-121.75766666666668,0.12,0.34
62139532,STAR,2025-07-11 13:06:19.959999084+00:00,2025-07-11 13:06:14.959999084+00:00,2025-07-11 13:06:20.705621004+00:00,1.0,2025-07-11 13:06:21.253417253+00:00,0.75,1.0,46.85033333333333,-121.7605,-0.04,0.63
62139537,STAR,2025-07-11 13:07:50.319999695+00:00,2025-07-11 13:07:45.319999695+00:00,2025-07-11 13:07:51.037810564+00:00,1.0,2025-07-11 13:07:51.604451656+00:00,1.0,1.0,46.850833333333334,-121.76966666666668,0.4,0.19
62139557,STAR,2025-07-11 13:43:19.689998627+00:00,2025-07-11 13:43:14.689998627+00:00,2025-07-11 13:43:20.397951841+00:00,0.75,2025-07-11 13:43:20.998850584+00:00,0.75,0.75,46.85183333333333,-121.77066666666668,0.29,0.29
62139562,STAR,2025-07-11 13:43:36.479999542+00:00,2025-07-11 13:43:31.479999542+00:00,2025-07-11 13:43:37.206867933+00:00,1.0,2025-07-11 13:43:37.838728905+00:00,0.75,1.0,46.85183333333333,-121.7675,0.73,0.18
62139567,STAR,2025-07-11 13:55:36.610000610+00:00,2025-07-11 13:55:31.610000610+00:00,2025-07-11 13:55:37.376713037+00:00,1.0,2025-07-11 13:55:37.976198912+00:00,1.0,1.0,46.8495,-121.76666666666668,0.63,0.33
62139572,STAR,2025-07-11 14:08:23.689998627+00:00,2025-07-11 14:08:18.689998627+00:00,2025-07-11 14:08:24.446154118+00:00,0.75,2025-07-11 14:08:25.026757956+00:00,1.0,1.0,46.84883333333333,-121.76833333333332,0.88,0.23
62139597,STAR,2025-07-11 15:00:44.090000153+00:00,2025-07-11 15:00:39.090000153+00:00,2025-07-11 15:00:44.867928743+00:00,1.0,2025-07-11 15:00:45.469776392+00:00,1.0,1.0,46.85016666666667,-121.75966666666666,0.24,0.78
62139627,STAR,2025-07-11 15:45:43.169998169+00:00,2025-07-11 15:45:38.169998169+00:00,2025-07-11 15:45:43.895886898+00:00,0.75,2025-07-11 15:45:44.457291126+00:00,0.75,0.75,46.8455,-121.76733333333334,0.52,0.07
62139647,STAR,2025-07-11 16:42:57.709999084+00:00,2025-07-11 16:42:52.709999084+00:00,2025-07-11 16:42:58.571134090+00:00,1.0,2025-07-11 16:42:59.208659172+00:00,0.75,1.0,46.860166666666665,-121.75916666666669,0.85,0.34
62139652,STAR,2025-07-11 16:46:39.349998474+00:00,2025-07-11 16:46:34.349998474+00:00,2025-07-11 16:46:40.089764357+00:00,0.75,2025-07-11 16:46:40.689229488+00:00,1.0,1.0,46.8525,-121.7675,0.55,0.23
62139657,STAR,2025-07-11 16:45:00.019999981+00:00,2025-07-11 16:44:55.019999981+00:00,2025-07-11 16:45:00.836424112+00:00,1.0,2025-07-11 16:45:01.435894728+00:00,1.0,1.0,46.861,-121.7615,0.47,0.4
62139662,STAR,2025-07-11 17:10:57.049999237+00:00,2025-07-11 17:10:52.049999237+00:00,2025-07-11 17:10:57.806285381+00:00,1.0,2025-07-11 17:10:58.367694378+00:00,0.75,1.0,46.85216666666667,-121.76916666666666,0.55,0.41
62139677,STAR,2025-07-11 17:43:38.899997711+00:00,2025-07-11 17:43:33.899997711+00:00,2025-07-11 17:43:39.661791801+00:00,1.0,2025-07-11 17:43:40.328550100+00:00,0.75,1.0,46.85033333333333,-121.76816666666669,0.89,0.28
62139722,STAR,2025-07-11 19:16:52.529998779+00:00,2025-07-11 19:16:47.529998779+00:00,2025-07-11 19:16:53.206587315+00:00,1.0,2025-07-11 19:16:53.796725512+00:00,1.0,1.0,46.850833333333334,-121.76,-0.25,0.46
62139727,STAR,2025-07-11 19:23:04.980000019+00:00,2025-07-11 19:22:59.980000019+00:00,2025-07-11 19:23:05.539135218+00:00,1.0,2025-07-11 19:23:06.029280186+00:00,0.75,1.0,46.843666666666664,-121.763,-2.59,2.42
62139732,STAR,2025-07-11 19:28:26.529998779+00:00,2025-07-11 19:28:21.529998779+00:00,2025-07-11 19:28:27.213928699+00:00,1.0,2025-07-11 19:28:27.791444778+00:00,1.0,1.0,46.848166666666664,-121.7675,0.27,0.41
62139737,STAR,2025-07-11 19:31:05.029999495+00:00,2025-07-11 19:31:00.029999495+00:00,2025-07-11 19:31:05.753367186+00:00,1.0,2025-07-11 19:31:06.344336748+00:00,0.75,1.0,46.85183333333333,-121.76966666666668,0.54,0.51
62139747,STAR,2025-07-11 19:38:27.260000229+00:00,2025-07-11 19:38:22.260000229+00:00,2025-07-11 19:38:27.980000019+00:00,1.0,2025-07-11 19:38:28.527127981+00:00,0.75,1.0,46.85216666666667,-121.76883333333332,0.51,0.42
62139752,STAR,2025-07-11 19:42:43.159999847+00:00,2025-07-11 19:42:38.159999847+00:00,2025-07-11 19:42:43.869422436+00:00,0.75,2025-07-11 19:42:44.428946733+00:00,0.75,0.75,46.84883333333333,-121.76516666666669,0.38,-0.51
62139767,STAR,2025-07-11 19:50:54.479999542+00:00,2025-07-11 19:50:49.479999542+00:00,2025-07-11 19:50:55.398436785+00:00,1.0,2025-07-11 19:50:56.049563885+00:00,0.75,1.0,46.85966666666667,-121.76216666666669,1.15,0.51
62139777,STAR,2025-07-11 19:52:04.099999905+00:00,2025-07-11 19:51:59.099999905+00:00,2025-07-11 19:52:04.904739380+00:00,0.75,2025-07-11 19:52:05.471189499+00:00,0.75,0.75,46.851166666666664,-121.76766666666668,0.7,0.35
62139782,STAR,2025-07-11 19:53:00.799999952+00:00,2025-07-11 19:52:55.799999952+00:00,2025-07-11 19:53:01.487897396+00:00,1.0,2025-07-11 19:53:02.096887589+00:00,1.0,1.0,46.84916666666667,-121.76116666666668,-0.14,0.38
62139787,STAR,2025-07-11 19:57:44.799999237+00:00,2025-07-11 19:57:39.799999237+00:00,2025-07-11 19:57:45.616246462+00:00,1.0,2025-07-11 19:57:46.249032497+00:00,0.75,1.0,46.859,-121.76016666666666,0.41,0.58
62139792,STAR,2025-07-11 20:00:10.800000191+00:00,2025-07-11 20:00:05.800000191+00:00,2025-07-11 20:00:11.576023817+00:00,1.0,2025-07-11 20:00:12.227823496+00:00,0.75,1.0,46.857,-121.76166666666668,0.67,0.64
62139797,STAR,2025-07-11 20:01:17.049999237+00:00,2025-07-11 20:01:12.049999237+00:00,2025-07-11 20:01:17.799753189+00:00,1.0,2025-07-11 20:01:18.409708738+00:00,0.75,1.0,46.85733333333334,-121.76533333333332,0.53,0.85
62139812,STAR,2025-07-11 20:17:12.799999237+00:00,2025-07-11 20:17:07.799999237+00:00,2025-07-11 20:17:13.606222630+00:00,1.0,2025-07-11 20:17:14.236752510+00:00,0.75,1.0,46.862,-121.762,0.35,0.18
62139837,STAR,2025-07-11 21:11:19.279998779+00:00,2025-07-11 21:11:14.279998779+00:00,2025-07-11 21:11:20.055480003+00:00,0.75,2025-07-11 21:11:20.659149170+00:00,0.5,0.75,46.851333333333336,-121.769,0.74,0.0
62139862,STAR,2025-07-11 21:47:30.969999313+00:00,2025-07-11 21:47:25.969999313+00:00,2025-07-11 21:47:31.706346989+00:00,0.75,2025-07-11 21:47:32.339119911+00:00,0.75,0.75,46.85,-121.761,0.27,0.61
62139867,STAR,2025-07-11 21:48:35.409999847+00:00,2025-07-11 21:48:30.409999847+00:00,2025-07-11 21:48:36.149044752+00:00,1.0,2025-07-11 21:48:36.784116030+00:00,0.75,1.0,46.85916666666667,-121.76083333333334,0.24,0.88
62139872,STAR,2025-07-11 21:50:19.479999542+00:00,2025-07-11 21:50:14.479999542+00:00,2025-07-11 21:50:20.247769117+00:00,0.75,2025-07-11 21:50:20.899573088+00:00,0.75,0.75,46.8625,-121.75933333333332,0.19,0.39
62139892,STAR,2025-07-11 22:15:31.199998856+00:00,2025-07-11 22:15:26.199998856+00:00,2025-07-11 22:15:31.938539267+00:00,1.0,2025-07-11 22:15:32.557041168+00:00,0.75,1.0,46.861666666666665,-121.76216666666669,0.27,0.89
62139897,STAR,2025-07-11 22:17:06.289999962+00:00,2025-07-11 22:17:01.289999962+00:00,2025-07-11 22:17:07.028326035+00:00,0.75,2025-07-11 22:17:07.650217056+00:00,0.5,0.75,46.850833333333334,-121.756,-0.11,0.69
62139902,STAR,2025-07-11 22:17:44.299999237+00:00,2025-07-11 22:17:39.299999237+00:00,2025-07-11 22:17:45.040000200+00:00,0.75,2025-07-11 22:17:45.679562092+00:00,0.5,0.75,46.852,-121.76816666666669,0.69,0.58
62139907,STAR,2025-07-11 22:23:03.650000095+00:00,2025-07-11 22:22:58.650000095+00:00,2025-07-11 22:23:04.329499483+00:00,1.0,2025-07-11 22:23:04.925741911+00:00,0.75,1.0,46.84916666666667,-121.76816666666669,0.63,1.34
62139927,STAR,2025-07-11 22:52:31.319999695+00:00,2025-07-11 22:52:26.319999695+00:00,2025-07-11 22:52:32.060103893+00:00,0.75,2025-07-11 22:52:32.679333687+00:00,0.5,0.75,46.859,-121.76016666666666,0.07,0.47
62139947,STAR,2025-07-11 23:35:13.899999619+00:00,2025-07-11 23:35:08.899999619+00:00,2025-07-11 23:35:14.600131750+00:00,1.0,2025-07-11 23:35:15.223491669+00:00,0.75,1.0,46.848,-121.75833333333334,0.13,0.72
62139957,STAR,2025-07-11 23:50:22.920000076+00:00,2025-07-11 23:50:17.920000076+00:00,2025-07-11 23:50:23.661732435+00:00,1.0,2025-07-11 23:50:24.291045427+00:00,0.75,1.0,46.8525,-121.755,0.16,0.87
62139962,STAR,2025-07-11 23:52:04.269999981+00:00,2025-07-11 23:51:59.269999981+00:00,2025-07-11 23:52:04.999135494+00:00,1.0,2025-07-11 23:52:05.639103651+00:00,0.75,1.0,46.8505,-121.7555,0.23,1.61
62140012,STAR,2025-07-12 01:25:25.909999847+00:00,2025-07-12 01:25:20.909999847+00:00,2025-07-12 01:25:26.470000029+00:00,0.75,2025-07-12 01:25:27.037453890+00:00,0.75,0.75,46.85066666666667,-121.7705,-0.39,0.27
62140017,STAR,2025-07-12 01:37:05.829999924+00:00,2025-07-12 01:37:00.829999924+00:00,2025-07-12 01:37:06.430000067+00:00,1.0,2025-07-12 01:37:07.069999933+00:00,0.75,1.0,46.85,-121.75883333333331,-0.76,0.51
62140022,STAR,2025-07-12 01:37:31.869998932+00:00,2025-07-12 01:37:26.869998932+00:00,2025-07-12 01:37:32.649504900+00:00,1.0,2025-07-12 01:37:33.348527193+00:00,0.75,1.0,46.856833333333334,-121.7555,0.33,0.74
62140027,STAR,2025-07-12 01:38:17.359998703+00:00,2025-07-12 01:38:12.359998703+00:00,2025-07-12 01:38:18.088148355+00:00,0.75,2025-07-12 01:38:18.807349205+00:00,0.75,0.75,46.8565,-121.75766666666668,0.52,0.48
62140032,STAR,2025-07-12 01:40:31.010000229+00:00,2025-07-12 01:40:26.010000229+00:00,2025-07-12 01:40:31.779999971+00:00,0.75,2025-07-12 01:40:32.489673138+00:00,0.5,0.75,46.855666666666664,-121.75633333333332,0.68,0.38
62140037,STAR,2025-07-12 01:55:32.959999084+00:00,2025-07-12 01:55:27.959999084+00:00,2025-07-12 01:55:33.659999847+00:00,0.75,2025-07-12 01:55:34.289999962+00:00,0.5,0.75,46.8535,-121.76616666666666,0.35,0.44
62140047,STAR,2025-07-12 02:18:45.629997253+00:00,2025-07-12 02:18:40.629997253+00:00,2025-07-12 02:18:46.199787378+00:00,1.0,2025-07-12 02:18:46.779603481+00:00,0.5,1.0,46.848333333333336,-121.76933333333334,-0.17,0.53
62140057,STAR,2025-07-12 02:24:22.989999771+00:00,2025-07-12 02:24:17.989999771+00:00,2025-07-12 02:24:23.728463888+00:00,1.0,2025-07-12 02:24:24.427686214+00:00,1.0,1.0,46.856,-121.75883333333331,0.37,1.77
62140082,STAR,2025-07-12 02:57:21+00:00,2025-07-12 02:57:16+00:00,2025-07-12 02:57:21.690000057+00:00,1.0,2025-07-12 02:57:22.272063494+00:00,0.75,1.0,46.85633333333333,-121.76083333333334,-0.24,0.43
62140087,STAR,2025-07-12 03:13:27.029998779+00:00,2025-07-12 03:13:22.029998779+00:00,2025-07-12 03:13:27.648169994+00:00,1.0,2025-07-12 03:13:28.246380091+00:00,0.75,1.0,46.85333333333333,-121.7705,0.26,0.23
62140092,STAR,2025-07-12 03:21:40.329998016+00:00,2025-07-12 03:21:35.329998016+00:00,2025-07-12 03:21:40.908531904+00:00,0.75,2025-07-12 03:21:41.490000010+00:00,0.5,0.75,46.852333333333334,-121.76883333333332,-0.3,0.5
62140102,STAR,2025-07-12 03:50:11.170000076+00:00,2025-07-12 03:50:06.170000076+00:00,2025-07-12 03:50:11.768950939+00:00,0.75,2025-07-12 03:50:12.326974392+00:00,0.75,0.75,46.85066666666667,-121.76883333333332,0.15,0.1
62140112,STAR,2025-07-12 04:04:55.079998016+00:00,2025-07-12 04:04:50.079998016+00:00,2025-07-12 04:04:55.839866400+00:00,1.0,2025-07-12 04:04:56.549257994+00:00,0.5,1.0,46.857,-121.75883333333331,0.64,0.66
62140117,STAR,2025-07-12 04:24:17.449998856+00:00,2025-07-12 04:24:12.449998856+00:00,2025-07-12 04:24:17.979737997+00:00,0.75,2025-07-12 04:24:18.578991413+00:00,0.75,0.75,46.84883333333333,-121.77,-0.2,0.44
62140122,STAR,2025-07-12 05:02:06.519999981+00:00,2025-07-12 05:02:01.519999981+00:00,2025-07-12 05:02:07.115193367+00:00,1.0,2025-07-12 05:02:07.765894890+00:00,0.75,1.0,46.864,-121.768,-0.23,0.58
62140137,STAR,2025-07-12 05:26:35.479999542+00:00,2025-07-12 05:26:30.479999542+00:00,2025-07-12 05:26:36.068597555+00:00,1.0,2025-07-12 05:26:36.656510592+00:00,0.75,1.0,46.851,-121.7695,-0.15,0.1
62140142,STAR,2025-07-12 05:31:33.259998322+00:00,2025-07-12 05:31:28.259998322+00:00,2025-07-12 05:31:33.861824512+00:00,1.0,2025-07-12 05:31:34.483126402+00:00,0.75,1.0,46.864333333333335,-121.76333333333334,-2.3,0.3
62140147,STAR,2025-07-12 05:36:49.509998321+00:00,2025-07-12 05:36:44.509998321+00:00,2025-07-12 05:36:50.048507690+00:00,1.0,2025-07-12 05:36:50.639662504+00:00,0.5,1.0,46.846833333333336,-121.76866666666666,-0.26,0.57
62140157,STAR,2025-07-12 06:20:26.840000153+00:00,2025-07-12 06:20:21.840000153+00:00,2025-07-12 06:20:27.375061274+00:00,1.0,2025-07-12 06:20:27.894608021+00:00,0.5,1.0,46.848166666666664,-121.76133333333334,-0.97,0.44
62140162,STAR,2025-07-12 06:44:12.869999886+00:00,2025-07-12 06:44:07.869999886+00:00,2025-07-12 06:44:13.321691751+00:00,1.0,2025-07-12 06:44:13.862564564+00:00,0.5,1.0,46.8485,-121.76966666666668,-1.04,0.47
62140167,STAR,2025-07-12 07:06:54.379997253+00:00,2025-07-12 07:06:49.379997253+00:00,2025-07-12 07:06:55.130000114+00:00,1.0,2025-07-12 07:06:55.722549677+00:00,0.5,1.0,46.852,-121.75283333333331,0.21,0.57
62140182,STAR,2025-07-12 08:36:56.500000+00:00,2025-07-12 08:36:51.500000+00:00,2025-07-12 08:36:57.138976336+00:00,0.75,2025-07-12 08:36:57.716022015+00:00,0.75,0.75,46.852,-121.762,-0.17,0.48
62140187,STAR,2025-07-12 09:15:13.979999542+00:00,2025-07-12 09:15:08.979999542+00:00,2025-07-12 09:15:14.761553764+00:00,1.0,2025-07-12 09:15:15.418421030+00:00,0.75,1.0,46.851166666666664,-121.75483333333334,-0.1,0.61
62140192,STAR,2025-07-12 09:29:13.119999886+00:00,2025-07-12 09:29:08.119999886+00:00,2025-07-12 09:29:13.850146055+00:00,1.0,2025-07-12 09:29:14.469663620+00:00,0.75,1.0,46.85,-121.76466666666668,0.66,0.04
62140202,STAR,2025-07-12 09:51:50.399997711+00:00,2025-07-12 09:51:45.399997711+00:00,2025-07-12 09:51:51.013627291+00:00,1.0,2025-07-12 09:51:51.594585419+00:00,0.75,1.0,46.849333333333334,-121.76533333333332,-0.22,0.25
62140207,STAR,2025-07-12 09:53:16.139999390+00:00,2025-07-12 09:53:11.139999390+00:00,2025-07-12 09:53:16.868340492+00:00,0.5,2025-07-12 09:53:17.447833061+00:00,0.75,0.75,46.849833333333336,-121.76466666666668,0.4,0.43
62140212,STAR,2025-07-12 10:01:36.250000+00:00,2025-07-12 10:01:31.250000+00:00,2025-07-12 10:01:36.974506855+00:00,0.75,2025-07-12 10:01:37.432190180+00:00,0.75,0.75,46.8475,-121.76616666666666,0.33,0.38
62140232,STAR,2025-07-12 11:11:31.819999695+00:00,2025-07-12 11:11:26.819999695+00:00,2025-07-12 11:11:32.631678343+00:00,0.75,2025-07-12 11:11:33.197700024+00:00,0.5,0.75,46.84916666666667,-121.75883333333331,0.32,0.29
62140242,STAR,2025-07-12 11:31:29.879999161+00:00,2025-07-12 11:31:24.879999161+00:00,2025-07-12 11:31:30.519301891+00:00,1.0,2025-07-12 11:31:30.907352924+00:00,0.5,1.0,46.847166666666666,-121.76783333333331,-0.2,0.04
62140272,STAR,2025-07-12 12:39:06.730000019+00:00,2025-07-12 12:39:01.730000019+00:00,2025-07-12 12:39:07.468620777+00:00,1.0,2025-07-12 12:39:08.061728477+00:00,0.75,1.0,46.848,-121.76916666666666,0.6,0.57
62140297,STAR,2025-07-12 13:38:10.050000191+00:00,2025-07-12 13:38:05.050000191+00:00,2025-07-12 13:38:10.816153288+00:00,1.0,2025-07-12 13:38:11.415687799+00:00,0.75,1.0,46.849833333333336,-121.77016666666668,0.99,0.79
62140302,STAR,2025-07-12 13:40:36.130001068+00:00,2025-07-12 13:40:31.130001068+00:00,2025-07-12 13:40:36.909068108+00:00,0.75,2025-07-12 13:40:37.578029156+00:00,0.75,0.75,46.850833333333334,-121.769,1.14,0.44
62140307,STAR,2025-07-12 13:45:42.360000610+00:00,2025-07-12 13:45:37.360000610+00:00,2025-07-12 13:45:43.157091618+00:00,0.75,2025-07-12 13:45:43.781996489+00:00,0.75,0.75,46.851166666666664,-121.76716666666668,0.82,0.26
62140357,STAR,2025-07-12 15:25:27.049999237+00:00,2025-07-12 15:25:22.049999237+00:00,2025-07-12 15:25:27.716180086+00:00,0.5,2025-07-12 15:25:28.339711905+00:00,0.75,0.75,46.845,-121.7705,1.08,0.24
62140362,STAR,2025-07-12 15:31:17.600000381+00:00,2025-07-12 15:31:12.600000381+00:00,2025-07-12 15:31:18.380000114+00:00,1.0,2025-07-12 15:31:18.980816603+00:00,0.75,1.0,46.851,-121.76816666666669,0.62,0.51
62140377,STAR,2025-07-12 16:21:12.849999428+00:00,2025-07-12 16:21:07.849999428+00:00,2025-07-12 16:21:13.560280085+00:00,0.75,2025-07-12 16:21:14.100618839+00:00,0.5,0.75,46.847833333333334,-121.759,-0.17,0.45
62140392,STAR,2025-07-12 16:31:25.619998932+00:00,2025-07-12 16:31:20.619998932+00:00,2025-07-12 16:31:26.469451666+00:00,1.0,2025-07-12 16:31:27.127347708+00:00,0.75,1.0,46.853,-121.7575,0.71,0.48
62140407,STAR,2025-07-12 17:17:39.639999390+00:00,2025-07-12 17:17:34.639999390+00:00,2025-07-12 17:17:40.408455849+00:00,0.75,2025-07-12 17:17:41.038822174+00:00,0.75,0.75,46.849833333333336,-121.771,1.08,0.21
62140422,STAR,2025-07-12 17:46:25.100000381+00:00,2025-07-12 17:46:20.100000381+00:00,2025-07-12 17:46:25.798682213+00:00,1.0,2025-07-12 17:46:26.409003496+00:00,0.75,1.0,46.846666666666664,-121.7675,0.53,0.86
62140432,STAR,2025-07-12 18:02:35.979999542+00:00,2025-07-12 18:02:30.979999542+00:00,2025-07-12 18:02:36.599147797+00:00,1.0,2025-07-12 18:02:36.948584557+00:00,0.75,1.0,46.8495,-121.76816666666669,-0.64,0.2
62140442,STAR,2025-07-12 18:19:46.689998627+00:00,2025-07-12 18:19:41.689998627+00:00,2025-07-12 18:19:47.398115396+00:00,1.0,2025-07-12 18:19:47.977541208+00:00,0.75,1.0,46.8455,-121.769,0.94,0.23
62140502,STAR,2025-07-12 19:59:41.860000610+00:00,2025-07-12 19:59:36.860000610+00:00,2025-07-12 19:59:42.558685541+00:00,1.0,2025-07-12 19:59:43.191246510+00:00,1.0,1.0,46.85,-121.759,-0.24,0.52
62140542,STAR,2025-07-12 19:49:08.149999619+00:00,2025-07-12 19:49:03.149999619+00:00,2025-07-12 19:49:08.839764595+00:00,0.75,2025-07-12 19:49:09.451632500+00:00,0.75,0.75,46.848333333333336,-121.7665,0.45,0.54
62140547,STAR,2025-07-12 20:57:41.469997406+00:00,2025-07-12 20:57:36.469997406+00:00,2025-07-12 20:57:42.114702702+00:00,1.0,2025-07-12 20:57:42.915267706+00:00,0.75,1.0,46.847166666666666,-121.76866666666666,0.87,0.89
62140557,STAR,2025-07-12 21:06:38.219997406+00:00,2025-07-12 21:06:33.219997406+00:00,2025-07-12 21:06:39.088769913+00:00,0.75,2025-07-12 21:06:39.728716373+00:00,1.0,1.0,46.862833333333334,-121.76066666666668,0.98,0.14
62140562,STAR,2025-07-12 21:17:29.510000229+00:00,2025-07-12 21:17:24.510000229+00:00,2025-07-12 21:17:30.118057489+00:00,1.0,2025-07-12 21:17:30.700957775+00:00,0.5,1.0,46.85033333333333,-121.76366666666668,0.14,0.61
62140567,STAR,2025-07-12 21:31:40.719997406+00:00,2025-07-12 21:31:35.719997406+00:00,2025-07-12 21:31:41.419270992+00:00,0.75,2025-07-12 21:31:41.976994038+00:00,0.5,0.75,46.8475,-121.76583333333332,0.59,0.34
62140602,STAR,2025-07-12 22:48:43.989998102+00:00,2025-07-12 22:48:38.989998102+00:00,2025-07-12 22:48:44.617816687+00:00,0.75,2025-07-12 22:48:45.236330986+00:00,0.75,0.75,46.848,-121.76633333333334,0.42,0.24
62140622,STAR,2025-07-12 23:22:12.649999619+00:00,2025-07-12 23:22:07.649999619+00:00,2025-07-12 23:22:13.299845695+00:00,1.0,2025-07-12 23:22:13.848027706+00:00,0.75,1.0,46.8495,-121.76083333333334,-0.27,0.47
62140627,STAR,2025-07-12 23:23:40.229999542+00:00,2025-07-12 23:23:35.229999542+00:00,2025-07-12 23:23:40.788085699+00:00,1.0,2025-07-12 23:23:41.357511520+00:00,0.75,1.0,46.85,-121.76266666666666,-0.7,0.54
62140632,STAR,2025-07-12 23:38:25.709999084+00:00,2025-07-12 23:38:20.709999084+00:00,2025-07-12 23:38:26.458266973+00:00,1.0,2025-07-12 23:38:27.118747234+00:00,0.5,1.0,46.857,-121.75516666666668,0.16,0.28
62140637,STAR,2025-07-12 23:42:21.559999704+00:00,2025-07-12 23:42:16.559999704+00:00,2025-07-12 23:42:22.168543100+00:00,0.75,2025-07-12 23:42:22.809999943+00:00,0.75,0.75,46.85066666666667,-121.767,0.21,0.07
62140647,STAR,2025-07-12 23:54:12.159999847+00:00,2025-07-12 23:54:07.159999847+00:00,2025-07-12 23:54:12.879543543+00:00,1.0,2025-07-12 23:54:13.458879709+00:00,0.75,1.0,46.849833333333336,-121.75666666666666,-0.06,0.41
62140672,STAR,2025-07-13 00:45:12.799999237+00:00,2025-07-13 00:45:07.799999237+00:00,2025-07-13 00:45:13.349653959+00:00,1.0,2025-07-13 00:45:13.856532812+00:00,0.5,1.0,46.846833333333336,-121.7675,-0.17,0.36
62140687,STAR,2025-07-13 01:02:00.859999895+00:00,2025-07-13 01:01:55.859999895+00:00,2025-07-13 01:02:01.569022894+00:00,0.75,2025-07-13 01:02:02.190279961+00:00,0.75,0.75,46.851,-121.761,0.15,0.59
62140692,STAR,2025-07-13 01:08:58.059997559+00:00,2025-07-13 01:08:53.059997559+00:00,2025-07-13 01:08:58.626327038+00:00,1.0,2025-07-13 01:08:59.258465290+00:00,0.75,1.0,46.847833333333334,-121.768,-0.05,0.37
62140712,STAR,2025-07-13 02:25:57.329998016+00:00,2025-07-13 02:25:52.329998016+00:00,2025-07-13 02:25:57.899257660+00:00,0.75,2025-07-13 02:25:58.540735006+00:00,0.75,0.75,46.849,-121.76733333333334,0.03,0.25
62140717,STAR,2025-07-13 02:31:30.539999008+00:00,2025-07-13 02:31:25.539999008+00:00,2025-07-13 02:31:31.086117506+00:00,1.0,2025-07-13 02:31:31.686439514+00:00,0.75,1.0,46.848,-121.766,-0.55,0.12
62140722,STAR,2025-07-13 02:31:39.610000610+00:00,2025-07-13 02:31:34.610000610+00:00,2025-07-13 02:31:40.139604568+00:00,1.0,2025-07-13 02:31:40.736256838+00:00,0.75,1.0,46.8495,-121.77233333333334,-0.14,0.31
62140727,STAR,2025-07-13 02:29:48.360000610+00:00,2025-07-13 02:29:43.360000610+00:00,2025-07-13 02:29:49.038209438+00:00,0.75,2025-07-13 02:29:49.710298300+00:00,0.75,0.75,46.85616666666667,-121.76483333333331,0.83,0.46
62140732,STAR,2025-07-13 02:44:20.520000458+00:00,2025-07-13 02:44:15.520000458+00:00,2025-07-13 02:44:21.029538155+00:00,0.75,2025-07-13 02:44:21.589800596+00:00,0.5,0.75,46.846333333333334,-121.77116666666667,-0.54,0.33
62140747,STAR,2025-07-13 03:16:22.909999847+00:00,2025-07-13 03:16:17.909999847+00:00,2025-07-13 03:16:23.366153955+00:00,1.0,2025-07-13 03:16:23.965375900+00:00,0.75,1.0,46.849333333333334,-121.76483333333331,-1.03,0.34
62140752,STAR,2025-07-13 03:19:06.129999638+00:00,2025-07-13 03:19:01.129999638+00:00,2025-07-13 03:19:06.718883276+00:00,1.0,2025-07-13 03:19:07.247316599+00:00,0.5,1.0,46.8485,-121.77033333333333,0.35,0.17
62140757,STAR,2025-07-13 03:45:46.789997101+00:00,2025-07-13 03:45:41.789997101+00:00,2025-07-13 03:45:47.359999895+00:00,1.0,2025-07-13 03:45:48.030124903+00:00,0.75,1.0,46.848166666666664,-121.7655,0.35,1.0
62140767,STAR,2025-07-13 04:18:33.360000610+00:00,2025-07-13 04:18:28.360000610+00:00,2025-07-13 04:18:33.878119707+00:00,0.75,2025-07-13 04:18:34.469609499+00:00,0.5,0.75,46.846666666666664,-121.76666666666668,-0.14,0.6
62140772,STAR,2025-07-13 04:49:54.779998779+00:00,2025-07-13 04:49:49.779998779+00:00,2025-07-13 04:49:55.290700912+00:00,0.75,2025-07-13 04:49:55.990863085+00:00,0.75,0.75,46.848166666666664,-121.77083333333331,-0.04,0.33
62140777,STAR,2025-07-13 05:00:18.340000153+00:00,2025-07-13 05:00:13.340000153+00:00,2025-07-13 05:00:18.886996746+00:00,1.0,2025-07-13 05:00:19.271665573+00:00,0.5,1.0,46.847166666666666,-121.77033333333333,0.14,0.62
62140782,STAR,2025-07-13 05:09:18.989999771+00:00,2025-07-13 05:09:13.989999771+00:00,2025-07-13 05:09:19.689893961+00:00,1.0,2025-07-13 05:09:20.259696722+00:00,0.75,1.0,46.85333333333333,-121.77433333333332,0.63,0.05
62140792,STAR,2025-07-13 05:14:24.359998703+00:00,2025-07-13 05:14:19.359998703+00:00,2025-07-13 05:14:24.950764894+00:00,0.75,2025-07-13 05:14:25.578653097+00:00,0.75,0.75,46.851166666666664,-121.76733333333334,0.27,0.07
62140797,STAR,2025-07-13 05:14:51.699996948+00:00,2025-07-13 05:14:46.699996948+00:00,2025-07-13 05:14:52.263958454+00:00,0.75,2025-07-13 05:14:52.861437082+00:00,0.75,0.75,46.8515,-121.758,-0.54,0.25
62140812,STAR,2025-07-13 05:30:27.069999695+00:00,2025-07-13 05:30:22.069999695+00:00,2025-07-13 05:30:27.640165091+00:00,0.75,2025-07-13 05:30:28.229082584+00:00,0.75,0.75,46.849666666666664,-121.75783333333334,-0.58,0.44
62140817,STAR,2025-07-13 05:31:57.919998169+00:00,2025-07-13 05:31:52.919998169+00:00,2025-07-13 05:31:58.477547407+00:00,1.0,2025-07-13 05:31:59.068497896+00:00,0.75,1.0,46.851,-121.769,0.28,0.53
62140822,STAR,2025-07-13 05:40:00.220000029+00:00,2025-07-13 05:39:55.220000029+00:00,2025-07-13 05:40:00.748937845+00:00,1.0,2025-07-13 05:40:01.318169355+00:00,0.75,1.0,46.85033333333333,-121.75933333333332,-1.07,0.76
62140827,STAR,2025-07-13 05:42:34.750000+00:00,2025-07-13 05:42:29.750000+00:00,2025-07-13 05:42:35.239703655+00:00,1.0,2025-07-13 05:42:35.907149792+00:00,0.5,1.0,46.847166666666666,-121.77,-0.49,0.13
62140832,STAR,2025-07-13 05:56:59.659999847+00:00,2025-07-13 05:56:54.659999847+00:00,2025-07-13 05:57:00.169131517+00:00,1.0,2025-07-13 05:57:00.676624298+00:00,0.5,1.0,46.847,-121.76916666666666,-0.2,0.25
62140842,STAR,2025-07-13 05:59:34.049999237+00:00,2025-07-13 05:59:29.049999237+00:00,2025-07-13 05:59:34.588395834+00:00,1.0,2025-07-13 05:59:35.155082464+00:00,0.75,1.0,46.848333333333336,-121.76883333333332,-0.1,0.11
62140852,STAR,2025-07-13 06:17:33.959999084+00:00,2025-07-13 06:17:28.959999084+00:00,2025-07-13 06:17:34.729523897+00:00,1.0,2025-07-13 06:17:35.427569628+00:00,0.75,1.0,46.856,-121.76083333333334,0.85,0.47
62140862,STAR,2025-07-13 06:48:19.840000153+00:00,2025-07-13 06:48:14.840000153+00:00,2025-07-13 06:48:20.377256155+00:00,1.0,2025-07-13 06:48:20.909678459+00:00,0.75,1.0,46.853,-121.77,-0.33,0.11
62140877,STAR,2025-07-13 07:29:21.859998703+00:00,2025-07-13 07:29:16.859998703+00:00,2025-07-13 07:29:22.543607712+00:00,1.0,2025-07-13 07:29:23.152203083+00:00,0.75,1.0,46.85033333333333,-121.77383333333331,0.83,0.27
62140882,STAR,2025-07-13 07:40:27.989999771+00:00,2025-07-13 07:40:22.989999771+00:00,2025-07-13 07:40:28.676484823+00:00,0.75,2025-07-13 07:40:29.289058924+00:00,0.5,0.75,46.84766666666667,-121.76633333333334,0.53,0.3
62140892,STAR,2025-07-13 07:51:33.939998627+00:00,2025-07-13 07:51:28.939998627+00:00,2025-07-13 07:51:34.587182283+00:00,1.0,2025-07-13 07:51:35.187444687+00:00,0.75,1.0,46.847833333333334,-121.7605,-0.4,0.44
62140897,STAR,2025-07-13 08:01:57.809997559+00:00,2025-07-13 08:01:52.809997559+00:00,2025-07-13 08:01:58.478888988+00:00,0.75,2025-07-13 08:01:59.030120373+00:00,0.5,0.75,46.846833333333336,-121.76916666666666,0.03,-0.02
62140902,STAR,2025-07-13 08:02:43.770000458+00:00,2025-07-13 08:02:38.770000458+00:00,2025-07-13 08:02:44.456420183+00:00,1.0,2025-07-13 08:02:45.097263098+00:00,0.75,1.0,46.847,-121.76816666666669,0.6,0.52
62140907,STAR,2025-07-13 08:09:24.279998779+00:00,2025-07-13 08:09:19.279998779+00:00,2025-07-13 08:09:25.028379917+00:00,0.75,2025-07-13 08:09:25.607545614+00:00,0.75,0.75,46.85033333333333,-121.7665,0.76,0.95
62140912,STAR,2025-07-13 08:25:30.539999008+00:00,2025-07-13 08:25:25.539999008+00:00,2025-07-13 08:25:31.199173927+00:00,1.0,2025-07-13 08:25:31.787564516+00:00,0.75,1.0,46.848333333333336,-121.76916666666666,0.34,1.24
62140922,STAR,2025-07-13 08:35:30.389999390+00:00,2025-07-13 08:35:25.389999390+00:00,2025-07-13 08:35:31.058948994+00:00,1.0,2025-07-13 08:35:31.669835567+00:00,0.75,1.0,46.847833333333334,-121.76616666666666,0.27,0.48
62140927,STAR,2025-07-13 08:47:04.759999752+00:00,2025-07-13 08:46:59.759999752+00:00,2025-07-13 08:47:05.409700632+00:00,0.75,2025-07-13 08:47:05.977533817+00:00,0.5,0.75,46.848333333333336,-121.76216666666669,-0.33,0.26
62140932,STAR,2025-07-13 08:51:11.569999695+00:00,2025-07-13 08:51:06.569999695+00:00,2025-07-13 08:51:12.279306412+00:00,1.0,2025-07-13 08:51:12.778425217+00:00,0.5,1.0,46.8495,-121.76666666666668,0.69,0.1
62140937,STAR,2025-07-13 08:58:16.399999619+00:00,2025-07-13 08:58:11.399999619+00:00,2025-07-13 08:58:17.132505655+00:00,0.75,2025-07-13 08:58:17.715631485+00:00,0.75,0.75,46.848333333333336,-121.76716666666668,0.66,0.33
62140942,STAR,2025-07-13 08:57:45.110000610+00:00,2025-07-13 08:57:40.110000610+00:00,2025-07-13 08:57:45.856602907+00:00,0.75,2025-07-13 08:57:46.466070175+00:00,0.5,0.75,46.848,-121.769,0.91,-0.02
62140947,STAR,2025-07-13 09:43:20.270000458+00:00,2025-07-13 09:43:15.270000458+00:00,2025-07-13 09:43:20.959531784+00:00,1.0,2025-07-13 09:43:21.287099123+00:00,0.5,1.0,46.84733333333333,-121.76633333333334,0.69,0.21
62140952,STAR,2025-07-13 09:50:19.899999619+00:00,2025-07-13 09:50:14.899999619+00:00,2025-07-13 09:50:20.612357616+00:00,1.0,2025-07-13 09:50:21.183211088+00:00,0.5,1.0,46.847,-121.76783333333331,0.56,0.58
62140967,STAR,2025-07-13 10:30:50.299999237+00:00,2025-07-13 10:30:45.299999237+00:00,2025-07-13 10:30:51.046056986+00:00,1.0,2025-07-13 10:30:51.656029701+00:00,1.0,1.0,46.8505,-121.769,0.76,1.0
62140972,STAR,2025-07-13 10:32:30.959999084+00:00,2025-07-13 10:32:25.959999084+00:00,2025-07-13 10:32:31.689363718+00:00,0.75,2025-07-13 10:32:32.250000+00:00,0.75,0.75,46.85166666666667,-121.76966666666668,0.67,-0.02
62141002,STAR,2025-07-13 11:36:52.889999390+00:00,2025-07-13 11:36:47.889999390+00:00,2025-07-13 11:36:53.635185719+00:00,0.75,2025-07-13 11:36:54.230000019+00:00,0.75,0.75,46.85,-121.768,0.68,0.22
62141017,STAR,2025-07-13 11:52:22.420000076+00:00,2025-07-13 11:52:17.420000076+00:00,2025-07-13 11:52:23.250664473+00:00,1.0,2025-07-13 11:52:23.860253572+00:00,0.75,1.0,46.851166666666664,-121.76666666666668,1.29,0.04
62141022,STAR,2025-07-13 12:00:49.529998779+00:00,2025-07-13 12:00:44.529998779+00:00,2025-07-13 12:00:50.256271601+00:00,0.75,2025-07-13 12:00:50.908143997+00:00,0.75,0.75,46.84583333333333,-121.76716666666668,1.05,0.67
62141027,STAR,2025-07-13 12:08:05.150000095+00:00,2025-07-13 12:08:00.150000095+00:00,2025-07-13 12:08:05.759780169+00:00,1.0,2025-07-13 12:08:06.118029833+00:00,0.5,1.0,46.846833333333336,-121.77183333333332,-0.28,0.41
62141032,STAR,2025-07-13 12:08:24.959999084+00:00,2025-07-13 12:08:19.959999084+00:00,2025-07-13 12:08:25.706549406+00:00,1.0,2025-07-13 12:08:26.192268848+00:00,0.5,1.0,46.85,-121.7575,-0.29,0.4
62141052,STAR,2025-07-13 13:15:01.259999990+00:00,2025-07-13 13:14:56.259999990+00:00,2025-07-13 13:15:01.977395058+00:00,0.75,2025-07-13 13:15:02.558636189+00:00,0.75,0.75,46.847166666666666,-121.7695,0.35,0.32
62141067,STAR,2025-07-13 13:34:26.099998474+00:00,2025-07-13 13:34:21.099998474+00:00,2025-07-13 13:34:26.847417831+00:00,0.75,2025-07-13 13:34:27.410089493+00:00,0.75,0.75,46.846666666666664,-121.76783333333331,0.67,0.28
62141077,STAR,2025-07-13 14:22:22.789999008+00:00,2025-07-13 14:22:17.789999008+00:00,2025-07-13 14:22:23.507030964+00:00,1.0,2025-07-13 14:22:24.069833755+00:00,0.75,1.0,46.846666666666664,-121.76583333333332,0.27,0.82
62141082,STAR,2025-07-13 14:43:13.289999962+00:00,2025-07-13 14:43:08.289999962+00:00,2025-07-13 14:43:14.060224295+00:00,1.0,2025-07-13 14:43:14.549186230+00:00,0.75,1.0,46.847833333333334,-121.768,0.41,0.77
62141087,STAR,2025-07-13 14:56:52.439998627+00:00,2025-07-13 14:56:47.439998627+00:00,2025-07-13 14:56:53.147033691+00:00,1.0,2025-07-13 14:56:53.717001915+00:00,0.75,1.0,46.849333333333334,-121.762,-0.22,0.36
62141097,STAR,2025-07-13 15:43:17.940000296+00:00,2025-07-13 15:43:12.940000296+00:00,2025-07-13 15:43:18.691034317+00:00,0.75,2025-07-13 15:43:19.318872929+00:00,0.75,0.75,46.84766666666667,-121.76683333333334,0.71,0.6
62141102,STAR,2025-07-13 15:50:57.169998169+00:00,2025-07-13 15:50:52.169998169+00:00,2025-07-13 15:50:57.855722189+00:00,1.0,2025-07-13 15:50:58.463303566+00:00,0.75,1.0,46.847,-121.7695,0.68,0.05
62141157,STAR,2025-07-13 18:18:09.649999619+00:00,2025-07-13 18:18:04.649999619+00:00,2025-07-13 18:18:10.330398083+00:00,1.0,2025-07-13 18:18:10.848806381+00:00,0.75,1.0,46.845666666666666,-121.76866666666666,0.46,0.56
62141162,STAR,2025-07-13 18:41:36+00:00,2025-07-13 18:41:31+00:00,2025-07-13 18:41:36.248100042+00:00,0.5,2025-07-13 18:41:37.297797918+00:00,0.75,0.75,46.84733333333333,-121.7675,0.61,0.28
62141172,STAR,2025-07-13 18:50:52.939998627+00:00,2025-07-13 18:50:47.939998627+00:00,2025-07-13 18:50:53.618682384+00:00,1.0,2025-07-13 18:50:54.209999800+00:00,0.5,1.0,46.8495,-121.761,-0.37,0.44
62141197,STAR,2025-07-13 19:11:49.090000153+00:00,2025-07-13 19:11:44.090000153+00:00,2025-07-13 19:11:49.769381523+00:00,1.0,2025-07-13 19:11:50.369999886+00:00,0.75,1.0,46.8485,-121.76333333333334,-0.08,0.47
62141202,STAR,2025-07-13 20:12:20.529998779+00:00,2025-07-13 20:12:15.529998779+00:00,2025-07-13 20:12:21.239280701+00:00,1.0,2025-07-13 20:12:21.930000067+00:00,0.75,1.0,46.8505,-121.76866666666666,0.71,1.29
62141207,STAR,2025-07-13 20:19:28.649999619+00:00,2025-07-13 20:19:23.649999619+00:00,2025-07-13 20:19:29.296654940+00:00,1.0,2025-07-13 20:19:29.916663170+00:00,0.75,1.0,46.8535,-121.76716666666668,0.32,0.27
62141217,STAR,2025-07-13 20:50:35.229999542+00:00,2025-07-13 20:50:30.229999542+00:00,2025-07-13 20:50:35.881393194+00:00,0.75,2025-07-13 20:50:36.409035206+00:00,0.75,0.75,46.847,-121.76716666666668,0.26,0.61
62141222,STAR,2025-07-13 21:06:41.189998627+00:00,2025-07-13 21:06:36.189998627+00:00,2025-07-13 21:06:41.840000153+00:00,0.75,2025-07-13 21:06:42.489735126+00:00,0.75,0.75,46.852833333333336,-121.75883333333331,-0.34,0.69
62141227,STAR,2025-07-13 21:05:11.840000153+00:00,2025-07-13 21:05:06.840000153+00:00,2025-07-13 21:05:12.414923668+00:00,1.0,2025-07-13 21:05:12.996315002+00:00,0.75,1.0,46.84866666666667,-121.76883333333332,-0.29,0.64
62141282,STAR,2025-07-13 22:25:10.130000114+00:00,2025-07-13 22:25:05.130000114+00:00,2025-07-13 22:25:10.781255007+00:00,0.75,2025-07-13 22:25:11.389345884+00:00,0.75,0.75,46.85066666666667,-121.77,0.42,0.54
62141292,STAR,2025-07-13 22:27:03.349999905+00:00,2025-07-13 22:26:58.349999905+00:00,2025-07-13 22:27:03.920485973+00:00,1.0,2025-07-13 22:27:04.477907658+00:00,0.75,1.0,46.848,-121.77066666666668,-0.01,0.81
62141297,STAR,2025-07-13 22:33:57.189998627+00:00,2025-07-13 22:33:52.189998627+00:00,2025-07-13 22:33:57.770697355+00:00,0.75,2025-07-13 22:33:58.341253519+00:00,0.75,0.75,46.848333333333336,-121.76933333333334,0.21,0.62
62141302,STAR,2025-07-13 22:38:27.959999084+00:00,2025-07-13 22:38:22.959999084+00:00,2025-07-13 22:38:28.569169283+00:00,1.0,2025-07-13 22:38:29.228209019+00:00,0.75,1.0,46.8495,-121.75666666666666,0.01,1.39
62141332,STAR,2025-07-13 23:15:33.419998169+00:00,2025-07-13 23:15:28.419998169+00:00,2025-07-13 23:15:34.049309254+00:00,0.75,2025-07-13 23:15:34.682187557+00:00,0.75,0.75,46.849333333333334,-121.7695,0.47,0.49
62141362,STAR,2025-07-14 00:45:17.840000153+00:00,2025-07-14 00:45:12.840000153+00:00,2025-07-14 00:45:18.401041031+00:00,1.0,2025-07-14 00:45:18.981658697+00:00,0.75,1.0,46.849666666666664,-121.767,-0.36,0.45
62141372,STAR,2025-07-14 01:05:01.839999914+00:00,2025-07-14 01:04:56.839999914+00:00,2025-07-14 01:05:02.411640167+00:00,1.0,2025-07-14 01:05:03.061153412+00:00,0.75,1.0,46.849,-121.761,-0.58,0.36
62141382,STAR,2025-07-14 01:13:56.719997406+00:00,2025-07-14 01:13:51.719997406+00:00,2025-07-14 01:13:57.240334511+00:00,0.75,2025-07-14 01:13:57.821024895+00:00,0.75,0.75,46.851166666666664,-121.76216666666669,-2.06,1.05
62141392,STAR,2025-07-14 01:32:10.719999313+00:00,2025-07-14 01:32:05.719999313+00:00,2025-07-14 01:32:11.216455698+00:00,0.75,2025-07-14 01:32:12.005898952+00:00,0.75,0.75,46.84866666666667,-121.76983333333334,0.34,0.53
62141407,STAR,2025-07-14 02:10:25.239999771+00:00,2025-07-14 02:10:20.239999771+00:00,2025-07-14 02:10:25.770473719+00:00,0.75,2025-07-14 02:10:26.320801258+00:00,0.75,0.75,46.8475,-121.76916666666666,-0.42,0.34
62141417,STAR,2025-07-14 02:29:50.149997711+00:00,2025-07-14 02:29:45.149997711+00:00,2025-07-14 02:29:50.639659882+00:00,0.75,2025-07-14 02:29:51.239330292+00:00,0.75,0.75,46.848333333333336,-121.77033333333333,0.02,0.26
62141422,STAR,2025-07-14 02:30:29.439998627+00:00,2025-07-14 02:30:24.439998627+00:00,2025-07-14 02:30:29.918587446+00:00,0.75,2025-07-14 02:30:30.510664701+00:00,1.0,1.0,46.85066666666667,-121.77283333333334,-0.36,0.39
62141427,STAR,2025-07-14 02:41:28.099998474+00:00,2025-07-14 02:41:23.099998474+00:00,2025-07-14 02:41:28.581072807+00:00,0.5,2025-07-14 02:41:29.249061823+00:00,0.75,0.75,46.854166666666664,-121.76783333333331,-0.13,0.09
62141447,STAR,2025-07-14 03:06:25.289999008+00:00,2025-07-14 03:06:20.289999008+00:00,2025-07-14 03:06:25.671023369+00:00,0.5,2025-07-14 03:06:26.509806395+00:00,0.75,0.75,46.8535,-121.75983333333332,-0.15,0.32
62141452,STAR,2025-07-14 03:09:49.219997406+00:00,2025-07-14 03:09:44.219997406+00:00,2025-07-14 03:09:49.680344105+00:00,1.0,2025-07-14 03:09:50.279999971+00:00,0.75,1.0,46.849333333333334,-121.771,-0.48,0.3
62141457,STAR,2025-07-14 03:12:20.619998932+00:00,2025-07-14 03:12:15.619998932+00:00,2025-07-14 03:12:21.098695278+00:00,1.0,2025-07-14 03:12:21.477029085+00:00,0.5,1.0,46.8485,-121.77033333333333,-2.13,0.95
62141477,STAR,2025-07-14 04:01:32.290000916+00:00,2025-07-14 04:01:27.290000916+00:00,2025-07-14 04:01:32.859285355+00:00,0.75,2025-07-14 04:01:33.339849949+00:00,0.75,0.75,46.84766666666667,-121.7715,-0.11,0.4
62141487,STAR,2025-07-14 04:09:39.209999084+00:00,2025-07-14 04:09:34.209999084+00:00,2025-07-14 04:09:39.748928308+00:00,0.75,2025-07-14 04:09:40.326327085+00:00,0.5,0.75,46.84766666666667,-121.77033333333333,0.19,0.44
62141492,STAR,2025-07-14 04:12:17.090000153+00:00,2025-07-14 04:12:12.090000153+00:00,2025-07-14 04:12:17.596247196+00:00,1.0,2025-07-14 04:12:18.196980238+00:00,0.75,1.0,46.848,-121.76783333333331,-0.37,1.41
62141497,STAR,2025-07-14 04:17:38.610000610+00:00,2025-07-14 04:17:33.610000610+00:00,2025-07-14 04:17:39.130000114+00:00,0.75,2025-07-14 04:17:39.729372740+00:00,0.75,0.75,46.849,-121.77083333333331,-0.33,0.13
62141502,STAR,2025-07-14 04:19:25.599998474+00:00,2025-07-14 04:19:20.599998474+00:00,2025-07-14 04:19:26.099644899+00:00,1.0,2025-07-14 04:19:26.677819490+00:00,0.5,1.0,46.849666666666664,-121.76666666666668,-0.46,0.5
62141512,STAR,2025-07-14 04:32:57.319999695+00:00,2025-07-14 04:32:52.319999695+00:00,2025-07-14 04:32:57.857572556+00:00,0.75,2025-07-14 04:32:58.499467134+00:00,0.5,0.75,46.851166666666664,-121.76,-0.51,0.48
62141527,STAR,2025-07-14 05:04:13.819999695+00:00,2025-07-14 05:04:08.819999695+00:00,2025-07-14 05:04:14.396416187+00:00,0.5,2025-07-14 05:04:14.988836288+00:00,0.75,0.75,46.8515,-121.764,-0.56,0.27
62141542,STAR,2025-07-14 05:18:47.559997559+00:00,2025-07-14 05:18:42.559997559+00:00,2025-07-14 05:18:48.069528341+00:00,0.75,2025-07-14 05:18:48.649309158+00:00,0.5,0.75,46.84866666666667,-121.769,-0.07,0.26
62141562,STAR,2025-07-14 05:51:11.210000038+00:00,2025-07-14 05:51:06.210000038+00:00,2025-07-14 05:51:11.720785141+00:00,0.75,2025-07-14 05:51:12.320103407+00:00,0.75,0.75,46.85,-121.76966666666668,-0.32,0.29
62141587,STAR,2025-07-14 06:14:08.949999809+00:00,2025-07-14 06:14:03.949999809+00:00,2025-07-14 06:14:09.401838303+00:00,1.0,2025-07-14 06:14:10.002199888+00:00,0.75,1.0,46.848,-121.76883333333332,-0.64,0.52
62141592,STAR,2025-07-14 06:17:58.079998016+00:00,2025-07-14 06:17:53.079998016+00:00,2025-07-14 06:17:58.569466114+00:00,1.0,2025-07-14 06:17:59.162218571+00:00,0.75,1.0,46.849,-121.7635,-0.84,0.73
62141597,STAR,2025-07-14 06:23:41.750000+00:00,2025-07-14 06:23:36.750000+00:00,2025-07-14 06:23:42.319352388+00:00,0.75,2025-07-14 06:23:42.939750195+00:00,0.75,0.75,46.846666666666664,-121.76966666666668,0.17,0.22
62141612,STAR,2025-07-14 07:03:19.590000153+00:00,2025-07-14 07:03:14.590000153+00:00,2025-07-14 07:03:20.258400917+00:00,0.75,2025-07-14 07:03:20.839042902+00:00,0.5,0.75,46.849666666666664,-121.75733333333334,-0.87,0.38
62141617,STAR,2025-07-14 07:16:36.380001068+00:00,2025-07-14 07:16:31.380001068+00:00,2025-07-14 07:16:37.039748430+00:00,1.0,2025-07-14 07:16:37.498961210+00:00,0.5,1.0,46.850833333333334,-121.75966666666666,-0.66,0.34
62141632,STAR,2025-07-14 07:39:38.439998627+00:00,2025-07-14 07:39:33.439998627+00:00,2025-07-14 07:39:39.120783567+00:00,0.75,2025-07-14 07:39:39.759250641+00:00,0.75,0.75,46.846833333333336,-121.7705,0.77,0.33
62141642,STAR,2025-07-14 08:11:32.069999695+00:00,2025-07-14 08:11:27.069999695+00:00,2025-07-14 08:11:32.734967947+00:00,0.75,2025-07-14 08:11:33.205498695+00:00,0.75,0.75,46.84766666666667,-121.76683333333334,0.43,0.31
62141647,STAR,2025-07-14 08:12:00.369999886+00:00,2025-07-14 08:11:55.369999886+00:00,2025-07-14 08:12:01.051629066+00:00,1.0,2025-07-14 08:12:01.657418728+00:00,0.75,1.0,46.846333333333334,-121.76916666666666,0.48,0.32
62141652,STAR,2025-07-14 08:22:36.860000610+00:00,2025-07-14 08:22:31.860000610+00:00,2025-07-14 08:22:37.369206429+00:00,0.5,2025-07-14 08:22:38.168169498+00:00,0.75,0.75,46.8485,-121.76,0.2,0.58
62141657,STAR,2025-07-14 08:32:23.180000305+00:00,2025-07-14 08:32:18.180000305+00:00,2025-07-14 08:32:23.889832020+00:00,1.0,2025-07-14 08:32:24.507060289+00:00,0.75,1.0,46.845333333333336,-121.76983333333334,0.67,0.33
62141667,STAR,2025-07-14 08:56:02.890000105+00:00,2025-07-14 08:55:57.890000105+00:00,2025-07-14 08:56:03.644541979+00:00,0.5,2025-07-14 08:56:04.285981894+00:00,0.75,0.75,46.848333333333336,-121.76733333333334,1.06,0.35
62141672,STAR,2025-07-14 08:58:43.340000153+00:00,2025-07-14 08:58:38.340000153+00:00,2025-07-14 08:58:44.088636875+00:00,0.75,2025-07-14 08:58:44.751195908+00:00,0.75,0.75,46.847,-121.768,1.0,0.12
62141677,STAR,2025-07-14 09:02:23.479999542+00:00,2025-07-14 09:02:18.479999542+00:00,2025-07-14 09:02:24.119303942+00:00,1.0,2025-07-14 09:02:24.679306507+00:00,0.5,1.0,46.84866666666667,-121.76733333333334,0.4,0.43
62141682,STAR,2025-07-14 09:01:03.449999809+00:00,2025-07-14 09:00:58.449999809+00:00,2025-07-14 09:01:04.135458946+00:00,0.75,2025-07-14 09:01:04.695624590+00:00,0.75,0.75,46.84616666666667,-121.76933333333334,0.42,0.42
62141687,STAR,2025-07-14 09:03:24.729999542+00:00,2025-07-14 09:03:19.729999542+00:00,2025-07-14 09:03:25.460000038+00:00,0.75,2025-07-14 09:03:25.979751110+00:00,0.75,0.75,46.851,-121.76783333333331,0.35,0.38
62141692,STAR,2025-07-14 09:10:41.299999237+00:00,2025-07-14 09:10:36.299999237+00:00,2025-07-14 09:10:42.013630867+00:00,1.0,2025-07-14 09:10:42.623605013+00:00,0.75,1.0,46.85216666666667,-121.76133333333334,0.0,0.32
62141697,STAR,2025-07-14 09:13:18.690000296+00:00,2025-07-14 09:13:13.690000296+00:00,2025-07-14 09:13:19.417721033+00:00,0.5,2025-07-14 09:13:19.949268341+00:00,0.75,0.75,46.846666666666664,-121.7685,0.51,0.36
62141707,STAR,2025-07-14 09:17:37.619998932+00:00,2025-07-14 09:17:32.619998932+00:00,2025-07-14 09:17:38.358886003+00:00,0.75,2025-07-14 09:17:38.897264004+00:00,0.5,0.75,46.845666666666666,-121.769,0.66,0.34
62141717,STAR,2025-07-14 09:50:52.590000153+00:00,2025-07-14 09:50:47.590000153+00:00,2025-07-14 09:50:53.279482603+00:00,1.0,2025-07-14 09:50:53.910763025+00:00,0.5,1.0,46.8445,-121.768,0.81,0.54
62141742,STAR,2025-07-14 10:51:24.329999924+00:00,2025-07-14 10:51:19.329999924+00:00,2025-07-14 10:51:24.980033636+00:00,1.0,2025-07-14 10:51:25.549232960+00:00,0.75,1.0,46.85033333333333,-121.77,0.2,0.22
62141747,STAR,2025-07-14 10:58:18.590000153+00:00,2025-07-14 10:58:13.590000153+00:00,2025-07-14 10:58:19.338474512+00:00,0.75,2025-07-14 10:58:19.965682745+00:00,0.75,0.75,46.847166666666666,-121.76833333333332,0.91,0.26
62141762,STAR,2025-07-14 12:03:53.279998779+00:00,2025-07-14 12:03:48.279998779+00:00,2025-07-14 12:03:54.018353701+00:00,1.0,2025-07-14 12:03:54.609715223+00:00,0.75,1.0,46.847,-121.76616666666666,0.83,1.0
62141777,STAR,2025-07-14 12:16:03.409999847+00:00,2025-07-14 12:15:58.409999847+00:00,2025-07-14 12:16:04.146650553+00:00,0.75,2025-07-14 12:16:04.767589808+00:00,0.75,0.75,46.8485,-121.76883333333332,0.76,0.22
62141782,STAR,2025-07-14 12:16:49.479999542+00:00,2025-07-14 12:16:44.479999542+00:00,2025-07-14 12:16:50.177071571+00:00,0.75,2025-07-14 12:16:50.749283314+00:00,0.5,0.75,46.84733333333333,-121.7675,0.52,0.21
62141787,STAR,2025-07-14 12:34:13.750000+00:00,2025-07-14 12:34:08.750000+00:00,2025-07-14 12:34:14.440000057+00:00,0.75,2025-07-14 12:34:15.000234604+00:00,0.75,0.75,46.8495,-121.76633333333334,0.21,0.5
62141797,STAR,2025-07-14 12:41:03.809999943+00:00,2025-07-14 12:40:58.809999943+00:00,2025-07-14 12:41:04.490000010+00:00,1.0,2025-07-14 12:41:05.019209146+00:00,0.75,1.0,46.851166666666664,-121.76733333333334,-0.02,0.8
62141807,STAR,2025-07-14 12:59:17.489999771+00:00,2025-07-14 12:59:12.489999771+00:00,2025-07-14 12:59:18.293050289+00:00,0.75,2025-07-14 12:59:18.765156746+00:00,0.75,0.75,46.846666666666664,-121.7695,0.57,0.43
62141812,STAR,2025-07-14 13:11:13.319999695+00:00,2025-07-14 13:11:08.319999695+00:00,2025-07-14 13:11:13.938852310+00:00,1.0,2025-07-14 13:11:14.480974913+00:00,0.75,1.0,46.851,-121.76183333333331,-0.75,0.27
62141817,STAR,2025-07-14 13:25:30.760000229+00:00,2025-07-14 13:25:25.760000229+00:00,2025-07-14 13:25:31.548675537+00:00,1.0,2025-07-14 13:25:32.189035416+00:00,0.75,1.0,46.851,-121.75383333333332,0.28,1.09
62141822,STAR,2025-07-14 13:29:43.950000763+00:00,2025-07-14 13:29:38.950000763+00:00,2025-07-14 13:29:44.689718008+00:00,1.0,2025-07-14 13:29:45.317685127+00:00,0.5,1.0,46.84583333333333,-121.76666666666668,1.32,0.72
62141827,STAR,2025-07-14 13:32:29.920000076+00:00,2025-07-14 13:32:24.920000076+00:00,2025-07-14 13:32:30.630634069+00:00,1.0,2025-07-14 13:32:31.158177376+00:00,0.5,1.0,46.8475,-121.76716666666668,0.5,0.66
62141832,STAR,2025-07-14 13:54:38.479999542+00:00,2025-07-14 13:54:33.479999542+00:00,2025-07-14 13:54:39.090792894+00:00,0.5,2025-07-14 13:54:39.858764172+00:00,0.75,0.75,46.8475,-121.7675,0.96,0.47
62141847,STAR,2025-07-14 14:12:09.159999847+00:00,2025-07-14 14:12:04.159999847+00:00,2025-07-14 14:12:09.882440567+00:00,0.75,2025-07-14 14:12:10.482202291+00:00,0.75,0.75,46.848,-121.76583333333332,0.56,0.3
62141852,STAR,2025-07-14 14:20:17.600000381+00:00,2025-07-14 14:20:12.600000381+00:00,2025-07-14 14:20:18.329741716+00:00,0.75,2025-07-14 14:20:18.945615530+00:00,0.75,0.75,46.846666666666664,-121.76566666666666,0.72,0.59
62141857,STAR,2025-07-14 14:40:57.409999847+00:00,2025-07-14 14:40:52.409999847+00:00,2025-07-14 14:40:58.140000105+00:00,1.0,2025-07-14 14:40:58.720679045+00:00,0.75,1.0,46.8465,-121.76616666666666,0.71,0.72
62141862,STAR,2025-07-14 14:48:29.689998627+00:00,2025-07-14 14:48:24.689998627+00:00,2025-07-14 14:48:30.400769949+00:00,1.0,2025-07-14 14:48:31.033024311+00:00,0.5,1.0,46.846833333333336,-121.76766666666668,0.47,0.86
62141867,STAR,2025-07-14 15:27:50+00:00,2025-07-14 15:27:45+00:00,2025-07-14 15:27:50.746931791+00:00,1.0,2025-07-14 15:27:51.386931896+00:00,0.75,1.0,46.8465,-121.76516666666669,1.03,0.88
62141872,STAR,2025-07-14 15:34:22.229999542+00:00,2025-07-14 15:34:17.229999542+00:00,2025-07-14 15:34:22.978743792+00:00,1.0,2025-07-14 15:34:23.636962891+00:00,0.75,1.0,46.847166666666666,-121.76616666666666,0.89,1.18
62141877,STAR,2025-07-14 15:36:48.309997559+00:00,2025-07-14 15:36:43.309997559+00:00,2025-07-14 15:36:49.019487619+00:00,1.0,2025-07-14 15:36:49.580855846+00:00,0.5,1.0,46.846333333333334,-121.7675,0.47,0.7
62141882,STAR,2025-07-14 15:45:24.389999390+00:00,2025-07-14 15:45:19.389999390+00:00,2025-07-14 15:45:25.168983698+00:00,0.75,2025-07-14 15:45:25.666718960+00:00,0.75,0.75,46.84866666666667,-121.769,0.56,0.55
62141892,STAR,2025-07-14 16:06:57.239998102+00:00,2025-07-14 16:06:52.239998102+00:00,2025-07-14 16:06:57.995737076+00:00,1.0,2025-07-14 16:06:58.588886023+00:00,0.5,1.0,46.849666666666664,-121.75916666666669,0.2,0.46
62141912,STAR,2025-07-14 17:04:12.489999771+00:00,2025-07-14 17:04:07.489999771+00:00,2025-07-14 17:04:13.221334219+00:00,0.75,2025-07-14 17:04:13.859802008+00:00,0.5,0.75,46.84733333333333,-121.767,0.83,1.07
62141932,STAR,2025-07-14 17:40:17.969999313+00:00,2025-07-14 17:40:12.969999313+00:00,2025-07-14 17:40:18.639675140+00:00,0.75,2025-07-14 17:40:19.267376422+00:00,0.75,0.75,46.846333333333334,-121.7685,0.48,0.48
62141942,STAR,2025-07-14 17:44:37.529998779+00:00,2025-07-14 17:44:32.529998779+00:00,2025-07-14 17:44:38.187594891+00:00,0.75,2025-07-14 17:44:38.735234976+00:00,0.5,0.75,46.84616666666667,-121.77016666666668,0.21,0.57
62141967,STAR,2025-07-14 18:28:12.989999771+00:00,2025-07-14 18:28:07.989999771+00:00,2025-07-14 18:28:13.708672047+00:00,1.0,2025-07-14 18:28:14.348711491+00:00,1.0,1.0,46.852,-121.76716666666668,0.65,0.54
62141992,STAR,2025-07-14 18:46:44.009998322+00:00,2025-07-14 18:46:39.009998322+00:00,2025-07-14 18:46:44.696907759+00:00,1.0,2025-07-14 18:46:45.257287979+00:00,0.5,1.0,46.849333333333334,-121.76783333333331,0.61,0.24
62142002,STAR,2025-07-14 19:18:28.260000229+00:00,2025-07-14 19:18:23.260000229+00:00,2025-07-14 19:18:28.924467802+00:00,0.75,2025-07-14 19:18:29.658409119+00:00,0.5,0.75,46.86683333333333,-121.75716666666666,-2.23,0.49
62142007,STAR,2025-07-14 19:18:50.279998779+00:00,2025-07-14 19:18:45.279998779+00:00,2025-07-14 19:18:51.007154465+00:00,0.75,2025-07-14 19:18:51.557609081+00:00,0.5,0.75,46.8455,-121.76816666666669,0.85,0.54
62142022,STAR,2025-07-14 19:30:34.139999390+00:00,2025-07-14 19:30:29.139999390+00:00,2025-07-14 19:30:34.869866371+00:00,0.75,2025-07-14 19:30:35.469185829+00:00,0.75,0.75,46.8485,-121.76816666666669,0.73,0.27
62142027,STAR,2025-07-14 19:35:45.799999237+00:00,2025-07-14 19:35:40.799999237+00:00,2025-07-14 19:35:46.500117779+00:00,1.0,2025-07-14 19:35:47.159665823+00:00,0.75,1.0,46.86333333333333,-121.75466666666668,-1.93,1.64
62142047,STAR,2025-07-14 19:42:47.349998474+00:00,2025-07-14 19:42:42.349998474+00:00,2025-07-14 19:42:48.029340029+00:00,1.0,2025-07-14 19:42:48.686220884+00:00,0.75,1.0,46.849666666666664,-121.75966666666666,-0.04,0.78
62142102,STAR,2025-07-14 20:27:55.889999390+00:00,2025-07-14 20:27:50.889999390+00:00,2025-07-14 20:27:56.529999970+00:00,1.0,2025-07-14 20:27:57.168530941+00:00,0.5,1.0,46.846666666666664,-121.76983333333334,0.36,0.88
62142127,STAR,2025-07-14 20:44:20.689998627+00:00,2025-07-14 20:44:15.689998627+00:00,2025-07-14 20:44:21.307075500+00:00,1.0,2025-07-14 20:44:21.937104225+00:00,1.0,1.0,46.8475,-121.76916666666666,0.25,0.51
62142142,STAR,2025-07-14 20:55:16.879999161+00:00,2025-07-14 20:55:11.879999161+00:00,2025-07-14 20:55:17.519946337+00:00,0.75,2025-07-14 20:55:18.180829525+00:00,0.75,0.75,46.847833333333334,-121.76866666666666,0.54,0.62
62142157,STAR,2025-07-14 21:00:14.750000+00:00,2025-07-14 21:00:09.750000+00:00,2025-07-14 21:00:15.519846201+00:00,0.75,2025-07-14 21:00:16.048291206+00:00,0.75,0.75,46.84766666666667,-121.7655,0.53,0.62
62142262,STAR,2025-07-14 22:03:59.869998932+00:00,2025-07-14 22:03:54.869998932+00:00,2025-07-14 22:04:00.429833174+00:00,1.0,2025-07-14 22:04:01.028107166+00:00,0.5,1.0,46.848333333333336,-121.76883333333332,0.0,0.41
62142337,STAR,2025-07-14 23:16:42.259998322+00:00,2025-07-14 23:16:37.259998322+00:00,2025-07-14 23:16:42.850736856+00:00,1.0,2025-07-14 23:16:43.499184847+00:00,1.0,1.0,46.8475,-121.77,0.41,0.78
62142397,STAR,2025-07-14 23:38:59.149997711+00:00,2025-07-14 23:38:54.149997711+00:00,2025-07-14 23:38:59.770826578+00:00,0.75,2025-07-14 23:39:00.360109568+00:00,0.75,0.75,46.850833333333334,-121.75983333333332,-0.52,0.47
62142407,STAR,2025-07-14 23:46:10.979999542+00:00,2025-07-14 23:46:05.979999542+00:00,2025-07-14 23:46:11.550293207+00:00,0.75,2025-07-14 23:46:12.061123133+00:00,0.75,0.75,46.846333333333334,-121.77066666666668,-0.09,0.31
62142547,STAR,2025-07-15 01:04:33.739998102+00:00,2025-07-15 01:04:28.739998102+00:00,2025-07-15 01:04:34.182156801+00:00,0.75,2025-07-15 01:04:34.952469110+00:00,0.75,0.75,46.8465,-121.76783333333331,0.5,0.86
62142622,STAR,2025-07-15 01:41:26.189998627+00:00,2025-07-15 01:41:21.189998627+00:00,2025-07-15 01:41:26.779808998+00:00,1.0,2025-07-15 01:41:27.349999905+00:00,0.75,1.0,46.849333333333334,-121.76033333333334,-1.01,0.53
62142657,STAR,2025-07-15 01:59:23.889999390+00:00,2025-07-15 01:59:18.889999390+00:00,2025-07-15 01:59:24.429253101+00:00,1.0,2025-07-15 01:59:25.066497563+00:00,0.5,1.0,46.84866666666667,-121.7675,-0.13,0.3
62142692,STAR,2025-07-15 02:19:06.549999714+00:00,2025-07-15 02:19:01.549999714+00:00,2025-07-15 02:19:07.099999905+00:00,1.0,2025-07-15 02:19:07.677920103+00:00,0.5,1.0,46.847,-121.76966666666668,-0.12,0.81
62142737,STAR,2025-07-15 02:55:49.110000610+00:00,2025-07-15 02:55:44.110000610+00:00,2025-07-15 02:55:49.699414968+00:00,0.75,2025-07-15 02:55:50.317653418+00:00,0.75,0.75,46.85016666666667,-121.77083333333331,0.15,0.21
62142747,STAR,2025-07-15 03:05:44.149997711+00:00,2025-07-15 03:05:39.149997711+00:00,2025-07-15 03:05:44.667991400+00:00,1.0,2025-07-15 03:05:45.252111435+00:00,0.75,1.0,46.847166666666666,-121.76966666666668,-0.06,0.65
62142762,STAR,2025-07-15 03:17:24.529998779+00:00,2025-07-15 03:17:19.529998779+00:00,2025-07-15 03:17:25.100256443+00:00,0.75,2025-07-15 03:17:25.728505611+00:00,0.75,0.75,46.846833333333336,-121.7685,0.26,0.2
62142782,STAR,2025-07-15 03:22:07.170000076+00:00,2025-07-15 03:22:02.170000076+00:00,2025-07-15 03:22:07.689160585+00:00,1.0,2025-07-15 03:22:08.139674902+00:00,0.5,1.0,46.846833333333336,-121.76833333333332,-0.26,0.45
62142792,STAR,2025-07-15 03:23:21.529998779+00:00,2025-07-15 03:23:16.529998779+00:00,2025-07-15 03:23:22.041214228+00:00,0.75,2025-07-15 03:23:22.678979397+00:00,0.5,0.75,46.852666666666664,-121.76933333333334,-0.52,0.29
62142802,STAR,2025-07-15 03:27:57.199996948+00:00,2025-07-15 03:27:52.199996948+00:00,2025-07-15 03:27:57.748892307+00:00,1.0,2025-07-15 03:27:58.291479111+00:00,0.75,1.0,46.8475,-121.76966666666668,-0.12,1.37
62142812,STAR,2025-07-15 03:31:03.490000010+00:00,2025-07-15 03:30:58.490000010+00:00,2025-07-15 03:31:04.047270775+00:00,0.5,2025-07-15 03:31:04.582955599+00:00,0.75,0.75,46.849,-121.76733333333334,-0.2,0.42
62142817,STAR,2025-07-15 03:31:37.399997711+00:00,2025-07-15 03:31:32.399997711+00:00,2025-07-15 03:31:37.901334286+00:00,1.0,2025-07-15 03:31:38.491510630+00:00,0.75,1.0,46.848333333333336,-121.77116666666667,-0.37,0.42
62142827,STAR,2025-07-15 03:41:03.529999970+00:00,2025-07-15 03:40:58.529999970+00:00,2025-07-15 03:41:03.990000010+00:00,1.0,2025-07-15 03:41:04.621408224+00:00,0.75,1.0,46.84733333333333,-121.76833333333332,-0.72,0.6
62142842,STAR,2025-07-15 03:42:43.169998169+00:00,2025-07-15 03:42:38.169998169+00:00,2025-07-15 03:42:43.680000067+00:00,0.75,2025-07-15 03:42:44.259891033+00:00,0.75,0.75,46.847,-121.76883333333332,-0.31,0.21
62142867,STAR,2025-07-15 03:57:25.829999924+00:00,2025-07-15 03:57:20.829999924+00:00,2025-07-15 03:57:26.409039497+00:00,0.75,2025-07-15 03:57:27.008733034+00:00,0.75,0.75,46.847166666666666,-121.76983333333334,0.09,0.44
62142872,STAR,2025-07-15 04:01:32.919998169+00:00,2025-07-15 04:01:27.919998169+00:00,2025-07-15 04:01:33.390199184+00:00,0.75,2025-07-15 04:01:33.929615021+00:00,0.75,0.75,46.845166666666664,-121.76883333333332,-0.86,0.75
62142877,STAR,2025-07-15 04:20:21.489999771+00:00,2025-07-15 04:20:16.489999771+00:00,2025-07-15 04:20:21.958771706+00:00,0.75,2025-07-15 04:20:22.485761642+00:00,0.5,0.75,46.8485,-121.76983333333334,-0.83,0.68
62142887,STAR,2025-07-15 04:27:03.359999895+00:00,2025-07-15 04:26:58.359999895+00:00,2025-07-15 04:27:03.749555826+00:00,0.75,2025-07-15 04:27:04.520586966+00:00,0.5,0.75,46.846833333333336,-121.76816666666669,0.36,0.42
62142912,STAR,2025-07-15 05:04:16.590000153+00:00,2025-07-15 05:04:11.590000153+00:00,2025-07-15 05:04:17.140747309+00:00,0.75,2025-07-15 05:04:17.721407890+00:00,0.75,0.75,46.848,-121.76833333333332,0.05,0.65
62142922,STAR,2025-07-15 05:15:44.549999237+00:00,2025-07-15 05:15:39.549999237+00:00,2025-07-15 05:15:45.060372114+00:00,0.75,2025-07-15 05:15:45.631510496+00:00,0.75,0.75,46.848333333333336,-121.77016666666668,-0.21,0.63
62142942,STAR,2025-07-15 06:09:34.809997559+00:00,2025-07-15 06:09:29.809997559+00:00,2025-07-15 06:09:35.309999943+00:00,1.0,2025-07-15 06:09:35.910927296+00:00,0.5,1.0,46.85,-121.769,-0.56,0.67
62142947,STAR,2025-07-15 06:07:29.599998474+00:00,2025-07-15 06:07:24.599998474+00:00,2025-07-15 06:07:30.276797533+00:00,0.75,2025-07-15 06:07:30.958984375+00:00,0.75,0.75,46.854,-121.7595,0.44,0.25
62142952,STAR,2025-07-15 06:22:04.980000019+00:00,2025-07-15 06:21:59.980000019+00:00,2025-07-15 06:22:05.521011591+00:00,0.75,2025-07-15 06:22:06.180993080+00:00,0.75,0.75,46.849,-121.767,0.06,0.54
62142957,STAR,2025-07-15 06:22:35.520000458+00:00,2025-07-15 06:22:30.520000458+00:00,2025-07-15 06:22:36.139461517+00:00,1.0,2025-07-15 06:22:36.780834913+00:00,1.0,1.0,46.851333333333336,-121.75583333333331,-0.56,0.49
62142967,STAR,2025-07-15 06:39:58.049999237+00:00,2025-07-15 06:39:53.049999237+00:00,2025-07-15 06:39:58.566571236+00:00,1.0,2025-07-15 06:39:59.134081364+00:00,0.75,1.0,46.847833333333334,-121.76983333333334,-0.04,0.35
62142987,STAR,2025-07-15 07:52:22.739999771+00:00,2025-07-15 07:52:17.739999771+00:00,2025-07-15 07:52:23.439397812+00:00,0.5,2025-07-15 07:52:23.969290495+00:00,0.75,0.75,46.848333333333336,-121.76816666666669,0.23,0.62
62142992,STAR,2025-07-15 07:57:43.319999695+00:00,2025-07-15 07:57:38.319999695+00:00,2025-07-15 07:57:44.060660362+00:00,1.0,2025-07-15 07:57:44.711119413+00:00,0.75,1.0,46.85033333333333,-121.75833333333334,0.24,0.5
62143002,STAR,2025-07-15 08:21:16.159999847+00:00,2025-07-15 08:21:11.159999847+00:00,2025-07-15 08:21:16.869879007+00:00,1.0,2025-07-15 08:21:17.529865025+00:00,0.75,1.0,46.8475,-121.76883333333332,0.66,0.69
62143007,STAR,2025-07-15 08:22:16.479999542+00:00,2025-07-15 08:22:11.479999542+00:00,2025-07-15 08:22:17.288415909+00:00,1.0,2025-07-15 08:22:17.877635002+00:00,1.0,1.0,46.85216666666667,-121.75516666666668,0.2,0.34
62143012,STAR,2025-07-15 08:39:02.009999990+00:00,2025-07-15 08:38:57.009999990+00:00,2025-07-15 08:39:02.749053001+00:00,1.0,2025-07-15 08:39:03.399518013+00:00,1.0,1.0,46.85033333333333,-121.75816666666668,0.1,0.85
62143017,STAR,2025-07-15 08:39:26.569999695+00:00,2025-07-15 08:39:21.569999695+00:00,2025-07-15 08:39:27.271604061+00:00,1.0,2025-07-15 08:39:27.839571238+00:00,0.75,1.0,46.847,-121.76833333333332,0.56,1.07
62143022,STAR,2025-07-15 09:25:53.889999390+00:00,2025-07-15 09:25:48.889999390+00:00,2025-07-15 09:25:54.569021702+00:00,1.0,2025-07-15 09:25:55.181408882+00:00,0.75,1.0,46.846666666666664,-121.77133333333332,0.43,0.39
62143027,STAR,2025-07-15 09:31:24.309999704+00:00,2025-07-15 09:31:19.309999704+00:00,2025-07-15 09:31:24.969677448+00:00,1.0,2025-07-15 09:31:25.525599002+00:00,0.75,1.0,46.849833333333336,-121.76983333333334,0.11,0.3
62143042,STAR,2025-07-15 09:56:24.189998627+00:00,2025-07-15 09:56:19.189998627+00:00,2025-07-15 09:56:24.920000076+00:00,1.0,2025-07-15 09:56:25.480189085+00:00,0.75,1.0,46.8495,-121.7685,0.36,1.06
62143047,STAR,2025-07-15 09:56:50.829998016+00:00,2025-07-15 09:56:45.829998016+00:00,2025-07-15 09:56:51.610239983+00:00,0.75,2025-07-15 09:56:52.260697126+00:00,0.75,0.75,46.85066666666667,-121.76616666666666,0.77,0.1
62143057,STAR,2025-07-15 10:31:33.709999084+00:00,2025-07-15 10:31:28.709999084+00:00,2025-07-15 10:31:34.348789692+00:00,0.75,2025-07-15 10:31:34.977809668+00:00,0.75,0.75,46.84733333333333,-121.76916666666666,0.36,0.33
62143062,STAR,2025-07-15 10:49:53.930000305+00:00,2025-07-15 10:49:48.930000305+00:00,2025-07-15 10:49:54.659739494+00:00,1.0,2025-07-15 10:49:55.154884338+00:00,0.5,1.0,46.84616666666667,-121.768,0.55,0.23
62143067,STAR,2025-07-15 11:44:54.789997101+00:00,2025-07-15 11:44:49.789997101+00:00,2025-07-15 11:44:55.553710461+00:00,1.0,2025-07-15 11:44:55.552896023+00:00,0.5,1.0,46.84866666666667,-121.75766666666668,0.29,0.31
62143072,STAR,2025-07-15 11:45:27.010000229+00:00,2025-07-15 11:45:22.010000229+00:00,2025-07-15 11:45:27.738802433+00:00,1.0,2025-07-15 11:45:28.357825041+00:00,0.75,1.0,46.84883333333333,-121.76616666666666,0.64,0.69
62143082,STAR,2025-07-15 12:01:31.829999924+00:00,2025-07-15 12:01:26.829999924+00:00,2025-07-15 12:01:32.530800343+00:00,1.0,2025-07-15 12:01:33.080619812+00:00,0.75,1.0,46.8455,-121.76933333333334,0.25,0.57
62143087,STAR,2025-07-15 12:13:39.540000916+00:00,2025-07-15 12:13:34.540000916+00:00,2025-07-15 12:13:40.329999924+00:00,1.0,2025-07-15 12:13:40.940284491+00:00,0.75,1.0,46.85,-121.7685,1.0,0.82
62143092,STAR,2025-07-15 12:23:32.090000153+00:00,2025-07-15 12:23:27.090000153+00:00,2025-07-15 12:23:32.799701691+00:00,0.75,2025-07-15 12:23:33.438159943+00:00,0.75,0.75,46.846833333333336,-121.76883333333332,0.58,0.75
62143097,STAR,2025-07-15 12:23:45.079998016+00:00,2025-07-15 12:23:40.079998016+00:00,2025-07-15 12:23:45.817873001+00:00,0.75,2025-07-15 12:23:46.407418489+00:00,0.5,0.75,46.8465,-121.7695,0.99,0.39
62143132,STAR,2025-07-15 13:26:02.609999895+00:00,2025-07-15 13:25:57.609999895+00:00,2025-07-15 13:26:03.399053097+00:00,0.75,2025-07-15 13:26:03.928831816+00:00,0.75,0.75,46.84766666666667,-121.768,0.73,0.46
62143142,STAR,2025-07-15 14:02:44.489998102+00:00,2025-07-15 14:02:39.489998102+00:00,2025-07-15 14:02:45.409365892+00:00,1.0,2025-07-15 14:02:46.069548845+00:00,1.0,1.0,46.857166666666664,-121.75283333333331,0.59,0.99
62143147,STAR,2025-07-15 14:04:29.649999619+00:00,2025-07-15 14:04:24.649999619+00:00,2025-07-15 14:04:30.477351904+00:00,1.0,2025-07-15 14:04:31.137535572+00:00,1.0,1.0,46.855333333333334,-121.75633333333332,0.3,0.83
62143162,STAR,2025-07-15 14:45:25.139999390+00:00,2025-07-15 14:45:20.139999390+00:00,2025-07-15 14:45:25.998398781+00:00,1.0,2025-07-15 14:45:26.656623125+00:00,0.5,1.0,46.85516666666667,-121.754,0.33,2.32
62143172,STAR,2025-07-15 14:47:17.690000296+00:00,2025-07-15 14:47:12.690000296+00:00,2025-07-15 14:47:18.579542875+00:00,1.0,2025-07-15 14:47:19.249675035+00:00,0.75,1.0,46.85666666666667,-121.75366666666666,0.48,1.3
62143177,STAR,2025-07-15 14:51:26.109998703+00:00,2025-07-15 14:51:21.109998703+00:00,2025-07-15 14:51:26.981229067+00:00,0.75,2025-07-15 14:51:27.650731802+00:00,0.75,0.75,46.8615,-121.7525,0.2,0.38
62143182,STAR,2025-07-15 15:02:39.809997559+00:00,2025-07-15 15:02:34.809997559+00:00,2025-07-15 15:02:40.660216093+00:00,1.0,2025-07-15 15:02:41.320195675+00:00,1.0,1.0,46.8565,-121.75383333333332,0.27,0.8
62143187,STAR,2025-07-15 15:18:33.899997711+00:00,2025-07-15 15:18:28.899997711+00:00,2025-07-15 15:18:34.788941145+00:00,1.0,2025-07-15 15:18:35.427399397+00:00,0.75,1.0,46.85666666666667,-121.7535,0.5,1.08
62143197,STAR,2025-07-15 15:28:00.859999895+00:00,2025-07-15 15:27:55.859999895+00:00,2025-07-15 15:28:01.699705601+00:00,1.0,2025-07-15 15:28:02.360797644+00:00,1.0,1.0,46.85483333333333,-121.75433333333334,0.77,0.62
62143207,STAR,2025-07-15 15:31:22.309999704+00:00,2025-07-15 15:31:17.309999704+00:00,2025-07-15 15:31:23.129873037+00:00,1.0,2025-07-15 15:31:23.789430380+00:00,0.75,1.0,46.849666666666664,-121.76783333333331,1.15,1.25
62143212,STAR,2025-07-15 15:30:55.250000+00:00,2025-07-15 15:30:50.250000+00:00,2025-07-15 15:30:56.148354292+00:00,0.75,2025-07-15 15:30:56.819408894+00:00,1.0,1.0,46.85966666666667,-121.75216666666668,0.45,0.44
62143217,STAR,2025-07-15 15:33:36.689998627+00:00,2025-07-15 15:33:31.689998627+00:00,2025-07-15 15:33:37.721071005+00:00,0.75,2025-07-15 15:33:38.380605936+00:00,0.5,0.75,46.856,-121.754,1.32,0.35
62143227,STAR,2025-07-15 15:41:58.520000458+00:00,2025-07-15 15:41:53.520000458+00:00,2025-07-15 15:41:59.318166018+00:00,1.0,2025-07-15 15:41:59.978348494+00:00,0.75,1.0,46.85583333333334,-121.75333333333332,-0.13,0.84
62143232,STAR,2025-07-15 15:43:03.539999962+00:00,2025-07-15 15:42:58.539999962+00:00,2025-07-15 15:43:04.407684088+00:00,1.0,2025-07-15 15:43:05.059721231+00:00,1.0,1.0,46.858,-121.75216666666668,0.14,0.51
62143242,STAR,2025-07-15 15:49:26.869998932+00:00,2025-07-15 15:49:21.869998932+00:00,2025-07-15 15:49:27.639171600+00:00,1.0,2025-07-15 15:49:28.229259253+00:00,0.75,1.0,46.848166666666664,-121.759,0.17,0.38
62143252,STAR,2025-07-15 15:57:28.139999390+00:00,2025-07-15 15:57:23.139999390+00:00,2025-07-15 15:57:28.908276796+00:00,0.75,2025-07-15 15:57:29.527711391+00:00,0.75,0.75,46.847,-121.7695,1.26,0.0
62143287,STAR,2025-07-15 16:24:42.520000458+00:00,2025-07-15 16:24:37.520000458+00:00,2025-07-15 16:24:43.490145445+00:00,1.0,2025-07-15 16:24:44.220802307+00:00,0.75,1.0,46.85433333333334,-121.75833333333334,1.61,0.78
62143312,STAR,2025-07-15 16:42:59.349998474+00:00,2025-07-15 16:42:54.349998474+00:00,2025-07-15 16:43:00.116975069+00:00,1.0,2025-07-15 16:43:00.796177626+00:00,0.75,1.0,46.846666666666664,-121.7685,1.03,0.63
62143322,STAR,2025-07-15 16:54:43.469997406+00:00,2025-07-15 16:54:38.469997406+00:00,2025-07-15 16:54:44.219665527+00:00,1.0,2025-07-15 16:54:44.759457111+00:00,0.5,1.0,46.848333333333336,-121.7665,0.61,0.74
62143332,STAR,2025-07-15 17:04:49.669998169+00:00,2025-07-15 17:04:44.669998169+00:00,2025-07-15 17:04:50.449472427+00:00,1.0,2025-07-15 17:04:51.039999962+00:00,0.5,1.0,46.85066666666667,-121.7615,0.07,0.66
62143337,STAR,2025-07-15 17:06:04.449999809+00:00,2025-07-15 17:05:59.449999809+00:00,2025-07-15 17:06:05.209424496+00:00,1.0,2025-07-15 17:06:05.869610310+00:00,0.75,1.0,46.847166666666666,-121.76633333333334,0.69,0.82
62143342,STAR,2025-07-15 17:05:49.729999542+00:00,2025-07-15 17:05:44.729999542+00:00,2025-07-15 17:05:50.369292736+00:00,0.5,2025-07-15 17:05:51.018268108+00:00,0.75,0.75,46.85033333333333,-121.76133333333334,-0.16,0.28
62143357,STAR,2025-07-15 17:41:37.599998474+00:00,2025-07-15 17:41:32.599998474+00:00,2025-07-15 17:41:38.369998932+00:00,1.0,2025-07-15 17:41:39.023170948+00:00,0.75,1.0,46.849333333333334,-121.7645,0.45,1.05
62143377,STAR,2025-07-15 18:13:26.199998856+00:00,2025-07-15 18:13:21.199998856+00:00,2025-07-15 18:13:26.960000038+00:00,1.0,2025-07-15 18:13:27.549999952+00:00,0.75,1.0,46.847833333333334,-121.76816666666669,0.76,0.57
62143387,STAR,2025-07-15 18:41:34.630001068+00:00,2025-07-15 18:41:29.630001068+00:00,2025-07-15 18:41:35.430000067+00:00,0.75,2025-07-15 18:41:36.029840231+00:00,0.75,0.75,46.85216666666667,-121.769,1.1,-0.07
62143432,STAR,2025-07-15 19:22:38.689998627+00:00,2025-07-15 19:22:33.689998627+00:00,2025-07-15 19:22:39.420000076+00:00,1.0,2025-07-15 19:22:40.030575514+00:00,0.75,1.0,46.849666666666664,-121.76966666666668,0.85,0.57
62143487,STAR,2025-07-15 20:22:12.929999352+00:00,2025-07-15 20:22:07.929999352+00:00,2025-07-15 20:22:13.738172293+00:00,1.0,2025-07-15 20:22:14.458124399+00:00,0.75,1.0,46.862,-121.753,-0.09,0.45
62143497,STAR,2025-07-15 20:27:27.239999771+00:00,2025-07-15 20:27:22.239999771+00:00,2025-07-15 20:27:27.941580296+00:00,1.0,2025-07-15 20:27:28.631394625+00:00,0.5,1.0,46.85016666666667,-121.76066666666668,-0.03,0.53
62143537,STAR,2025-07-15 20:59:20.299999237+00:00,2025-07-15 20:59:15.299999237+00:00,2025-07-15 20:59:21.027683020+00:00,0.75,2025-07-15 20:59:21.717751503+00:00,0.75,0.75,46.847,-121.76733333333334,0.75,0.33
62143587,STAR,2025-07-15 21:39:26.629999161+00:00,2025-07-15 21:39:21.629999161+00:00,2025-07-15 21:39:27.330785513+00:00,1.0,2025-07-15 21:39:27.978164911+00:00,0.75,1.0,46.849333333333334,-121.7585,0.01,0.72
62143592,STAR,2025-07-15 21:40:22.689998627+00:00,2025-07-15 21:40:17.689998627+00:00,2025-07-15 21:40:23.378283978+00:00,1.0,2025-07-15 21:40:24+00:00,0.75,1.0,46.847833333333334,-121.76816666666669,0.42,0.54
62143597,STAR,2025-07-15 21:41:17.319999695+00:00,2025-07-15 21:41:12.319999695+00:00,2025-07-15 21:41:18.049214840+00:00,1.0,2025-07-15 21:41:18.596969128+00:00,0.75,1.0,46.84616666666667,-121.76816666666669,0.64,1.39
62143617,STAR,2025-07-15 22:04:35.759998322+00:00,2025-07-15 22:04:30.759998322+00:00,2025-07-15 22:04:36.430390596+00:00,0.75,2025-07-15 22:04:37.109091997+00:00,0.75,0.75,46.849666666666664,-121.77133333333332,0.75,0.24
62143622,STAR,2025-07-15 22:12:20.100000381+00:00,2025-07-15 22:12:15.100000381+00:00,2025-07-15 22:12:20.764251709+00:00,1.0,2025-07-15 22:12:21.323956728+00:00,0.75,1.0,46.846333333333334,-121.77033333333333,0.32,1.12
62143637,STAR,2025-07-15 22:19:23.359998703+00:00,2025-07-15 22:19:18.359998703+00:00,2025-07-15 22:19:23.995326519+00:00,0.75,2025-07-15 22:19:24.594866753+00:00,0.75,0.75,46.849,-121.77216666666666,0.68,0.33
62143642,STAR,2025-07-15 22:19:20.199998856+00:00,2025-07-15 22:19:15.199998856+00:00,2025-07-15 22:19:20.919713259+00:00,0.75,2025-07-15 22:19:21.515340327+00:00,0.5,0.75,46.849333333333334,-121.769,0.93,0.26
62143657,STAR,2025-07-15 22:27:11.309999704+00:00,2025-07-15 22:27:06.309999704+00:00,2025-07-15 22:27:12+00:00,1.0,2025-07-15 22:27:12.598906517+00:00,0.5,1.0,46.848166666666664,-121.76916666666666,0.57,0.42
62143677,STAR,2025-07-15 22:37:36.130001068+00:00,2025-07-15 22:37:31.130001068+00:00,2025-07-15 22:37:36.849219084+00:00,0.75,2025-07-15 22:37:37.478814363+00:00,0.5,0.75,46.85183333333333,-121.76733333333334,0.63,0.34
62143692,STAR,2025-07-15 22:52:56.180000305+00:00,2025-07-15 22:52:51.180000305+00:00,2025-07-15 22:52:56.771712780+00:00,1.0,2025-07-15 22:52:57.415853500+00:00,0.5,1.0,46.847833333333334,-121.76866666666666,0.04,0.91
62143727,STAR,2025-07-15 23:19:00.900000095+00:00,2025-07-15 23:18:55.900000095+00:00,2025-07-15 23:19:01.499221802+00:00,0.75,2025-07-15 23:19:02.048025370+00:00,0.5,0.75,46.85216666666667,-121.75883333333331,-1.14,0.51
62143752,STAR,2025-07-15 23:44:13.489999771+00:00,2025-07-15 23:44:08.489999771+00:00,2025-07-15 23:44:14.139151096+00:00,0.75,2025-07-15 23:44:14.818960190+00:00,0.5,0.75,46.84733333333333,-121.76916666666666,0.44,0.27
62143757,STAR,2025-07-15 23:44:39.079998016+00:00,2025-07-15 23:44:34.079998016+00:00,2025-07-15 23:44:39.709728956+00:00,0.75,2025-07-15 23:44:40.269782066+00:00,0.75,0.75,46.846333333333334,-121.77033333333333,0.12,0.06
62143787,STAR,2025-07-16 00:18:22.619998932+00:00,2025-07-16 00:18:17.619998932+00:00,2025-07-16 00:18:23.244992495+00:00,0.75,2025-07-16 00:18:23.816652298+00:00,0.75,0.75,46.8505,-121.77066666666668,0.18,0.15
62143797,STAR,2025-07-16 00:30:14.819999695+00:00,2025-07-16 00:30:09.819999695+00:00,2025-07-16 00:30:15.457454443+00:00,0.75,2025-07-16 00:30:15.996569395+00:00,0.75,0.75,46.847,-121.769,0.27,0.34
62143807,STAR,2025-07-16 00:36:49.789997101+00:00,2025-07-16 00:36:44.789997101+00:00,2025-07-16 00:36:50.497391701+00:00,1.0,2025-07-16 00:36:51.162595987+00:00,0.75,1.0,46.86533333333333,-121.754,-2.02,0.63
62143822,STAR,2025-07-16 00:44:48.379997253+00:00,2025-07-16 00:44:43.379997253+00:00,2025-07-16 00:44:49.049573898+00:00,0.75,2025-07-16 00:44:49.719729900+00:00,0.5,0.75,46.851333333333336,-121.75983333333332,-0.43,0.52
62143852,STAR,2025-07-16 01:10:44.219997406+00:00,2025-07-16 01:10:39.219997406+00:00,2025-07-16 01:10:44.273440599+00:00,0.5,2025-07-16 01:10:45.336462498+00:00,0.75,0.75,46.848166666666664,-121.76966666666668,-0.06,0.35
62143872,STAR,2025-07-16 01:21:00.500000+00:00,2025-07-16 01:20:55.500000+00:00,2025-07-16 01:21:01.239829063+00:00,0.75,2025-07-16 01:21:01.866880894+00:00,0.75,0.75,46.851,-121.76933333333334,0.9,0.05
62143902,STAR,2025-07-16 01:34:32.459999084+00:00,2025-07-16 01:34:27.459999084+00:00,2025-07-16 01:34:33.079623699+00:00,0.75,2025-07-16 01:34:33.708091497+00:00,0.75,0.75,46.849,-121.76833333333332,0.43,0.63
62143927,STAR,2025-07-16 01:46:27.479999542+00:00,2025-07-16 01:46:22.479999542+00:00,2025-07-16 01:46:28.097934008+00:00,1.0,2025-07-16 01:46:28.757200480+00:00,0.75,1.0,46.848,-121.76666666666668,0.26,0.27
62143932,STAR,2025-07-16 01:47:28.889999390+00:00,2025-07-16 01:47:23.889999390+00:00,2025-07-16 01:47:29.529572010+00:00,1.0,2025-07-16 01:47:30.069650888+00:00,0.75,1.0,46.8475,-121.7675,0.13,0.41
62143937,STAR,2025-07-16 01:50:08.519999503+00:00,2025-07-16 01:50:03.519999503+00:00,2025-07-16 01:50:09.069999933+00:00,1.0,2025-07-16 01:50:09.652421713+00:00,0.75,1.0,46.851166666666664,-121.77033333333333,-0.32,0.7
62143942,STAR,2025-07-16 01:52:54.579998016+00:00,2025-07-16 01:52:49.579998016+00:00,2025-07-16 01:52:55.200105667+00:00,1.0,2025-07-16 01:52:55.770707130+00:00,0.75,1.0,46.849833333333336,-121.76816666666669,0.26,1.03
62143947,STAR,2025-07-16 01:54:36.329998016+00:00,2025-07-16 01:54:31.329998016+00:00,2025-07-16 01:54:36.949389696+00:00,1.0,2025-07-16 01:54:37.617721796+00:00,1.0,1.0,46.864,-121.75883333333331,-0.98,0.51
62143952,STAR,2025-07-16 01:56:15.539999962+00:00,2025-07-16 01:56:10.539999962+00:00,2025-07-16 01:56:16.198282242+00:00,0.5,2025-07-16 01:56:16.847600460+00:00,0.75,0.75,46.849666666666664,-121.76,-0.1,0.43
62143972,STAR,2025-07-16 02:18:49.099998474+00:00,2025-07-16 02:18:44.099998474+00:00,2025-07-16 02:18:49.619450092+00:00,1.0,2025-07-16 02:18:50.198618412+00:00,0.75,1.0,46.8475,-121.77066666666668,-0.15,0.24
62143982,STAR,2025-07-16 02:28:39.899997711+00:00,2025-07-16 02:28:34.899997711+00:00,2025-07-16 02:28:40.529738903+00:00,1.0,2025-07-16 02:28:41.129854918+00:00,0.75,1.0,46.85,-121.77033333333333,0.3,0.74
62143987,STAR,2025-07-16 02:33:38.709999084+00:00,2025-07-16 02:33:33.709999084+00:00,2025-07-16 02:33:39.289841890+00:00,0.75,2025-07-16 02:33:39.838016510+00:00,0.75,0.75,46.84583333333333,-121.772,0.21,0.33
62143992,STAR,2025-07-16 02:44:29.429998398+00:00,2025-07-16 02:44:24.429998398+00:00,2025-07-16 02:44:30.059757233+00:00,0.75,2025-07-16 02:44:30.608553171+00:00,0.75,0.75,46.84866666666667,-121.76983333333334,0.28,0.32
62144012,STAR,2025-07-16 02:53:13.009999275+00:00,2025-07-16 02:53:08.009999275+00:00,2025-07-16 02:53:13.664381266+00:00,1.0,2025-07-16 02:53:14.362109423+00:00,0.75,1.0,46.86383333333333,-121.75616666666669,-0.73,0.32
62144017,STAR,2025-07-16 03:01:01.839999914+00:00,2025-07-16 03:00:56.839999914+00:00,2025-07-16 03:01:02.398520708+00:00,0.75,2025-07-16 03:01:02.988142729+00:00,0.5,0.75,46.84866666666667,-121.76833333333332,0.3,0.31
62144062,STAR,2025-07-16 03:53:17.469999313+00:00,2025-07-16 03:53:12.469999313+00:00,2025-07-16 03:53:18.192485809+00:00,1.0,2025-07-16 03:53:18.844048738+00:00,0.75,1.0,46.855,-121.75783333333334,0.22,0.46
62144067,STAR,2025-07-16 04:04:11.259999274+00:00,2025-07-16 04:04:06.259999274+00:00,2025-07-16 04:04:11.848674297+00:00,0.75,2025-07-16 04:04:12.417196751+00:00,0.5,0.75,46.847166666666666,-121.77066666666668,0.16,0.56
62144087,STAR,2025-07-16 04:21:34.270000458+00:00,2025-07-16 04:21:29.270000458+00:00,2025-07-16 04:21:34.838873148+00:00,1.0,2025-07-16 04:21:35.487787008+00:00,0.75,1.0,46.848,-121.769,0.04,0.6
62144097,STAR,2025-07-16 04:46:39.259998322+00:00,2025-07-16 04:46:34.259998322+00:00,2025-07-16 04:46:39.878053188+00:00,0.75,2025-07-16 04:46:40.449449539+00:00,0.5,0.75,46.848166666666664,-121.76816666666669,0.07,0.59
62144102,STAR,2025-07-16 04:59:32.299999237+00:00,2025-07-16 04:59:27.299999237+00:00,2025-07-16 04:59:32.898392916+00:00,0.75,2025-07-16 04:59:33.567412376+00:00,0.75,0.75,46.848333333333336,-121.768,0.42,0.85
62144107,STAR,2025-07-16 05:00:47.809997559+00:00,2025-07-16 05:00:42.809997559+00:00,2025-07-16 05:00:48.369682312+00:00,1.0,2025-07-16 05:00:48.960000038+00:00,0.75,1.0,46.846333333333334,-121.76866666666666,0.04,1.17
62144117,STAR,2025-07-16 05:17:06.569999695+00:00,2025-07-16 05:17:01.569999695+00:00,2025-07-16 05:17:07.296842098+00:00,1.0,2025-07-16 05:17:07.663110971+00:00,0.5,1.0,46.852333333333334,-121.77033333333333,0.07,0.25
62144122,STAR,2025-07-16 06:35:31.659999847+00:00,2025-07-16 06:35:26.659999847+00:00,2025-07-16 06:35:32.250000+00:00,1.0,2025-07-16 06:35:32.909025908+00:00,0.5,1.0,46.851333333333336,-121.76966666666668,0.13,0.53
62144132,STAR,2025-07-16 06:51:55.090000153+00:00,2025-07-16 06:51:50.090000153+00:00,2025-07-16 06:51:55.619068623+00:00,1.0,2025-07-16 06:51:56.187592506+00:00,0.75,1.0,46.84883333333333,-121.76933333333334,-0.31,0.7
62144152,STAR,2025-07-16 07:39:48.340000153+00:00,2025-07-16 07:39:43.340000153+00:00,2025-07-16 07:39:49+00:00,0.75,2025-07-16 07:39:49.589408159+00:00,0.75,0.75,46.848166666666664,-121.761,-0.37,0.56
62144157,STAR,2025-07-16 07:40:17.440000296+00:00,2025-07-16 07:40:12.440000296+00:00,2025-07-16 07:40:18.299999952+00:00,1.0,2025-07-16 07:40:18.968945503+00:00,0.75,1.0,46.853833333333334,-121.75516666666668,0.66,0.62
62144177,STAR,2025-07-16 07:57:14.769999504+00:00,2025-07-16 07:57:09.769999504+00:00,2025-07-16 07:57:15.398200512+00:00,1.0,2025-07-16 07:57:15.998303890+00:00,0.75,1.0,46.847833333333334,-121.76833333333332,0.05,0.33
62144187,STAR,2025-07-16 08:46:48.479999542+00:00,2025-07-16 08:46:43.479999542+00:00,2025-07-16 08:46:49.189518929+00:00,1.0,2025-07-16 08:46:49.818331718+00:00,0.75,1.0,46.8475,-121.76633333333334,0.67,0.59
62144192,STAR,2025-07-16 09:18:36.869998932+00:00,2025-07-16 09:18:31.869998932+00:00,2025-07-16 09:18:37.483585119+00:00,0.75,2025-07-16 09:18:38.026494741+00:00,0.5,0.75,46.845166666666664,-121.77066666666668,-0.11,0.23
62144197,STAR,2025-07-16 10:37:09.829999924+00:00,2025-07-16 10:37:04.829999924+00:00,2025-07-16 10:37:10.499481201+00:00,1.0,2025-07-16 10:37:11.059999943+00:00,0.75,1.0,46.84766666666667,-121.771,0.17,0.22
62144212,STAR,2025-07-16 11:27:16.529998779+00:00,2025-07-16 11:27:11.529998779+00:00,2025-07-16 11:27:17.289688110+00:00,1.0,2025-07-16 11:27:17.949840069+00:00,0.75,1.0,46.8615,-121.758,-0.23,0.3
62144217,STAR,2025-07-16 11:32:30.969999313+00:00,2025-07-16 11:32:25.969999313+00:00,2025-07-16 11:32:31.728436470+00:00,1.0,2025-07-16 11:32:32.369606495+00:00,1.0,1.0,46.86233333333333,-121.7585,-0.24,0.4
62144227,STAR,2025-07-16 11:44:04.469999790+00:00,2025-07-16 11:43:59.469999790+00:00,2025-07-16 11:44:05.198815823+00:00,1.0,2025-07-16 11:44:05.818522930+00:00,0.75,1.0,46.8605,-121.75683333333332,-0.4,0.34
62144232,STAR,2025-07-16 11:44:14.359999657+00:00,2025-07-16 11:44:09.359999657+00:00,2025-07-16 11:44:15.058338404+00:00,1.0,2025-07-16 11:44:15.698352098+00:00,0.75,1.0,46.862,-121.75933333333332,-0.99,-0.19
62144237,STAR,2025-07-16 11:48:54.189998627+00:00,2025-07-16 11:48:49.189998627+00:00,2025-07-16 11:48:54.858825207+00:00,1.0,2025-07-16 11:48:55.489795685+00:00,0.75,1.0,46.846,-121.7675,0.57,0.53
62144242,STAR,2025-07-16 11:51:49.360000610+00:00,2025-07-16 11:51:44.360000610+00:00,2025-07-16 11:51:50.109244585+00:00,1.0,2025-07-16 11:51:50.726797104+00:00,0.75,1.0,46.861,-121.75916666666669,-0.49,0.3
62144247,STAR,2025-07-16 11:58:18.930000305+00:00,2025-07-16 11:58:13.930000305+00:00,2025-07-16 11:58:19.668647289+00:00,1.0,2025-07-16 11:58:20.349155903+00:00,0.75,1.0,46.845333333333336,-121.76766666666668,0.92,0.55
62144252,STAR,2025-07-16 12:02:33.259998322+00:00,2025-07-16 12:02:28.259998322+00:00,2025-07-16 12:02:33.928360224+00:00,0.75,2025-07-16 12:02:34.465903044+00:00,0.5,0.75,46.846833333333336,-121.76616666666666,0.36,0.32
62144262,STAR,2025-07-16 12:31:56+00:00,2025-07-16 12:31:51+00:00,2025-07-16 12:31:56.728933096+00:00,1.0,2025-07-16 12:31:57.337988853+00:00,0.75,1.0,46.858,-121.75866666666668,-0.38,0.37
62144267,STAR,2025-07-16 12:32:10.130000114+00:00,2025-07-16 12:32:05.130000114+00:00,2025-07-16 12:32:10.859522820+00:00,1.0,2025-07-16 12:32:11.488979816+00:00,0.75,1.0,46.86,-121.75866666666668,-0.48,0.68
62144272,STAR,2025-07-16 12:42:03.339999914+00:00,2025-07-16 12:41:58.339999914+00:00,2025-07-16 12:42:04.040352821+00:00,0.75,2025-07-16 12:42:04.569034576+00:00,0.75,0.75,46.846333333333334,-121.7595,-0.34,0.82
62144282,STAR,2025-07-16 12:46:19.770000458+00:00,2025-07-16 12:46:14.770000458+00:00,2025-07-16 12:46:20.509068011+00:00,1.0,2025-07-16 12:46:21.170334101+00:00,0.75,1.0,46.860166666666665,-121.75833333333334,-0.22,0.75
62144287,STAR,2025-07-16 12:47:01.369999886+00:00,2025-07-16 12:46:56.369999886+00:00,2025-07-16 12:47:02.079544783+00:00,1.0,2025-07-16 12:47:02.638390779+00:00,0.75,1.0,46.859,-121.7595,-0.64,0.26
62144292,STAR,2025-07-16 12:47:17.909999847+00:00,2025-07-16 12:47:12.909999847+00:00,2025-07-16 12:47:18.648064852+00:00,1.0,2025-07-16 12:47:19.247803926+00:00,0.5,1.0,46.85883333333334,-121.75816666666668,-0.43,0.39
62144297,STAR,2025-07-16 12:51:30.269998550+00:00,2025-07-16 12:51:25.269998550+00:00,2025-07-16 12:51:30.982108831+00:00,0.75,2025-07-16 12:51:31.633893490+00:00,1.0,1.0,46.8625,-121.75683333333332,-0.43,0.43
62144302,STAR,2025-07-16 12:52:17.479999542+00:00,2025-07-16 12:52:12.479999542+00:00,2025-07-16 12:52:18.146163702+00:00,0.75,2025-07-16 12:52:18.756826162+00:00,0.75,0.75,46.849,-121.769,0.46,0.19
62144312,STAR,2025-07-16 13:14:19.989999771+00:00,2025-07-16 13:14:14.989999771+00:00,2025-07-16 13:14:20.792095184+00:00,1.0,2025-07-16 13:14:21.388353825+00:00,0.75,1.0,46.85033333333333,-121.767,0.86,0.64
62144322,STAR,2025-07-16 13:30:51.469997406+00:00,2025-07-16 13:30:46.469997406+00:00,2025-07-16 13:30:52.229485750+00:00,1.0,2025-07-16 13:30:52.810306311+00:00,0.75,1.0,46.8605,-121.75633333333332,-0.12,0.4
62144332,STAR,2025-07-16 14:16:25.739999771+00:00,2025-07-16 14:16:20.739999771+00:00,2025-07-16 14:16:26.496855259+00:00,0.75,2025-07-16 14:16:27.107026100+00:00,0.75,0.75,46.85933333333333,-121.7575,-0.24,0.62
62144337,STAR,2025-07-16 14:24:30.079999924+00:00,2025-07-16 14:24:25.079999924+00:00,2025-07-16 14:24:30.810894012+00:00,0.75,2025-07-16 14:24:31.388776064+00:00,0.75,0.75,46.84733333333333,-121.7675,0.65,0.77
62144342,STAR,2025-07-16 14:25:41.189998627+00:00,2025-07-16 14:25:36.189998627+00:00,2025-07-16 14:25:41.863049269+00:00,0.75,2025-07-16 14:25:42.490101099+00:00,0.75,0.75,46.84916666666667,-121.75966666666666,-0.34,0.5
62144357,STAR,2025-07-16 14:38:29.299999237+00:00,2025-07-16 14:38:24.299999237+00:00,2025-07-16 14:38:30.080953598+00:00,0.75,2025-07-16 14:38:30.712340593+00:00,0.5,0.75,46.85516666666667,-121.76333333333334,-0.15,0.19
62144362,STAR,2025-07-16 14:39:13.109999657+00:00,2025-07-16 14:39:08.109999657+00:00,2025-07-16 14:39:13.846759558+00:00,1.0,2025-07-16 14:39:14.475934029+00:00,1.0,1.0,46.859833333333334,-121.758,-0.13,0.99
62144377,STAR,2025-07-16 14:55:02.140000105+00:00,2025-07-16 14:54:57.140000105+00:00,2025-07-16 14:55:02.828943253+00:00,1.0,2025-07-16 14:55:03.409587145+00:00,0.5,1.0,46.846666666666664,-121.76816666666669,0.28,0.47
62144427,STAR,2025-07-16 15:49:15.599999428+00:00,2025-07-16 15:49:10.599999428+00:00,2025-07-16 15:49:16.397954226+00:00,1.0,2025-07-16 15:49:17.049999952+00:00,1.0,1.0,46.849833333333336,-121.75716666666666,0.36,0.95
62144452,STAR,2025-07-16 16:39:02.950000048+00:00,2025-07-16 16:38:57.950000048+00:00,2025-07-16 16:39:03.638964891+00:00,1.0,2025-07-16 16:39:04.189999819+00:00,0.75,1.0,46.849833333333336,-121.76,-0.55,0.84
62144477,STAR,2025-07-16 17:28:12.159999847+00:00,2025-07-16 17:28:07.159999847+00:00,2025-07-16 17:28:12.836418390+00:00,0.75,2025-07-16 17:28:13.408400297+00:00,0.5,0.75,46.8475,-121.76916666666666,0.55,0.39
62144482,STAR,2025-07-16 17:33:09.989999771+00:00,2025-07-16 17:33:04.989999771+00:00,2025-07-16 17:33:10.709657192+00:00,0.75,2025-07-16 17:33:11.297113180+00:00,0.75,0.75,46.861666666666665,-121.7565,-0.43,0.64
62144497,STAR,2025-07-16 17:44:58.809997559+00:00,2025-07-16 17:44:53.809997559+00:00,2025-07-16 17:44:59.459886551+00:00,1.0,2025-07-16 17:45:00.028878927+00:00,0.75,1.0,46.84733333333333,-121.76933333333334,0.17,0.71
62144522,STAR,2025-07-16 18:28:19.789999008+00:00,2025-07-16 18:28:14.789999008+00:00,2025-07-16 18:28:20.578651905+00:00,1.0,2025-07-16 18:28:21.229744196+00:00,1.0,1.0,46.851333333333336,-121.7545,0.51,0.85
62144562,STAR,2025-07-16 19:18:48.189998627+00:00,2025-07-16 19:18:43.189998627+00:00,2025-07-16 19:18:48.869270563+00:00,1.0,2025-07-16 19:18:49.520467758+00:00,0.75,1.0,46.85633333333333,-121.7505,-1.41,0.57
62144592,STAR,2025-07-16 20:05:11.429999352+00:00,2025-07-16 20:05:06.429999352+00:00,2025-07-16 20:05:12.059603930+00:00,1.0,2025-07-16 20:05:12.628125906+00:00,0.75,1.0,46.848,-121.76833333333332,0.26,0.72
62144602,STAR,2025-07-16 20:23:22.409999847+00:00,2025-07-16 20:23:17.409999847+00:00,2025-07-16 20:23:23.058691502+00:00,1.0,2025-07-16 20:23:23.659163952+00:00,0.75,1.0,46.850833333333334,-121.769,0.59,1.87
62144607,STAR,2025-07-16 20:25:49.809997559+00:00,2025-07-16 20:25:44.809997559+00:00,2025-07-16 20:25:50.411277056+00:00,1.0,2025-07-16 20:25:51.019494057+00:00,0.75,1.0,46.852833333333336,-121.77066666666668,0.38,0.26
62144627,STAR,2025-07-16 22:28:30.969999313+00:00,2025-07-16 22:28:25.969999313+00:00,2025-07-16 22:28:31.549094915+00:00,0.75,2025-07-16 22:28:32.069809437+00:00,0.75,0.75,46.847166666666666,-121.77066666666668,-0.05,0.65
62144652,STAR,2025-07-17 00:58:44.129997253+00:00,2025-07-17 00:58:39.129997253+00:00,2025-07-17 00:58:44.647467375+00:00,1.0,2025-07-17 00:58:45.296900511+00:00,0.75,1.0,46.852,-121.76033333333334,-0.9,0.48
62144662,STAR,2025-07-17 01:19:49.180000305+00:00,2025-07-17 01:19:44.180000305+00:00,2025-07-17 01:19:49.712264299+00:00,0.75,2025-07-17 01:19:50.341653109+00:00,0.75,0.75,46.8585,-121.77266666666668,-0.18,0.52
62144667,STAR,2025-07-17 01:42:36.119998932+00:00,2025-07-17 01:42:31.119998932+00:00,2025-07-17 01:42:36.629763126+00:00,0.75,2025-07-17 01:42:37.190000057+00:00,0.75,0.75,46.847,-121.77,-0.44,0.35
62144672,STAR,2025-07-17 01:49:02.339999914+00:00,2025-07-17 01:48:57.339999914+00:00,2025-07-17 01:49:03.119464874+00:00,1.0,2025-07-17 01:49:03.870465994+00:00,0.75,1.0,46.8715,-121.7485,-2.4,0.96
62144687,STAR,2025-07-17 02:40:14.949999809+00:00,2025-07-17 02:40:09.949999809+00:00,2025-07-17 02:40:15.547974348+00:00,1.0,2025-07-17 02:40:16.238166332+00:00,0.75,1.0,46.86066666666667,-121.76,-0.51,0.16
62144702,STAR,2025-07-17 03:12:56.639999390+00:00,2025-07-17 03:12:51.639999390+00:00,2025-07-17 03:12:57.291965246+00:00,1.0,2025-07-17 03:12:58.052267551+00:00,0.75,1.0,46.86933333333333,-121.7575,-2.7,0.47
62144717,STAR,2025-07-17 03:38:54.199996948+00:00,2025-07-17 03:38:49.199996948+00:00,2025-07-17 03:38:54.690000057+00:00,1.0,2025-07-17 03:38:55.290170908+00:00,0.75,1.0,46.84916666666667,-121.76116666666668,-2.11,0.54
62144727,STAR,2025-07-17 04:25:18.079999924+00:00,2025-07-17 04:25:13.079999924+00:00,2025-07-17 04:25:18.399216413+00:00,0.75,2025-07-17 04:25:19.378727674+00:00,0.75,0.75,46.8565,-121.7585,0.01,0.6
62144732,STAR,2025-07-17 04:34:12.250000+00:00,2025-07-17 04:34:07.250000+00:00,2025-07-17 04:34:12.981527090+00:00,1.0,2025-07-17 04:34:13.661990404+00:00,0.75,1.0,46.86933333333333,-121.751,-2.74,1.7
62144757,STAR,2025-07-17 05:30:18.119998932+00:00,2025-07-17 05:30:13.119998932+00:00,2025-07-17 05:30:18.589249849+00:00,0.75,2025-07-17 05:30:19.192572117+00:00,0.75,0.75,46.8515,-121.77066666666668,-0.42,0.25
62144767,STAR,2025-07-17 05:52:07.619999886+00:00,2025-07-17 05:52:02.619999886+00:00,2025-07-17 05:52:08.119999886+00:00,1.0,2025-07-17 05:52:08.739533663+00:00,0.75,1.0,46.8515,-121.75883333333331,-1.98,1.15
62144772,STAR,2025-07-17 06:28:48.989998102+00:00,2025-07-17 06:28:43.989998102+00:00,2025-07-17 06:28:49.588586092+00:00,1.0,2025-07-17 06:28:50.289443016+00:00,0.5,1.0,46.8585,-121.7585,-0.12,0.27
62144777,STAR,2025-07-17 06:39:19.579999924+00:00,2025-07-17 06:39:14.579999924+00:00,2025-07-17 06:39:19.969999790+00:00,1.0,2025-07-17 06:39:20.528166771+00:00,1.0,1.0,46.848166666666664,-121.7695,-0.91,0.94
62144787,STAR,2025-07-17 07:51:42.259998322+00:00,2025-07-17 07:51:37.259998322+00:00,2025-07-17 07:51:42.968709946+00:00,1.0,2025-07-17 07:51:43.526558160+00:00,0.5,1.0,46.846333333333334,-121.76683333333334,0.64,0.33
62144817,STAR,2025-07-17 10:23:20.520000458+00:00,2025-07-17 10:23:15.520000458+00:00,2025-07-17 10:23:21.235417604+00:00,1.0,2025-07-17 10:23:21.838465691+00:00,0.75,1.0,46.851,-121.76183333333331,0.11,0.19
62144822,STAR,2025-07-17 10:27:52.509998321+00:00,2025-07-17 10:27:47.509998321+00:00,2025-07-17 10:27:53.290562391+00:00,0.75,2025-07-17 10:27:53.909837008+00:00,0.75,0.75,46.849,-121.75833333333334,0.47,0.53
62144832,STAR,2025-07-17 10:47:43.739998102+00:00,2025-07-17 10:47:38.739998102+00:00,2025-07-17 10:47:44.439999819+00:00,1.0,2025-07-17 10:47:45.018254042+00:00,1.0,1.0,46.84733333333333,-121.767,0.56,1.1
62144842,STAR,2025-07-17 12:26:32.829998016+00:00,2025-07-17 12:26:27.829998016+00:00,2025-07-17 12:26:33.579465151+00:00,1.0,2025-07-17 12:26:34.229830742+00:00,1.0,1.0,46.84866666666667,-121.7585,0.25,0.9
62144852,STAR,2025-07-17 13:12:39.319999695+00:00,2025-07-17 13:12:34.319999695+00:00,2025-07-17 13:12:40.089533806+00:00,0.75,2025-07-17 13:12:40.718992233+00:00,1.0,1.0,46.8515,-121.75616666666669,0.42,0.4
62144857,STAR,2025-07-17 13:13:28.949998856+00:00,2025-07-17 13:13:23.949998856+00:00,2025-07-17 13:13:29.659036398+00:00,1.0,2025-07-17 13:13:30.209032297+00:00,0.75,1.0,46.8535,-121.76883333333332,0.13,0.03
62144942,STAR,2025-07-17 17:02:42.770000458+00:00,2025-07-17 17:02:37.770000458+00:00,2025-07-17 17:02:43.415093422+00:00,1.0,2025-07-17 17:02:43.966981411+00:00,0.5,1.0,46.85,-121.75816666666668,-0.89,0.65
62144957,STAR,2025-07-17 17:32:49.919998169+00:00,2025-07-17 17:32:44.919998169+00:00,2025-07-17 17:32:50.637769699+00:00,1.0,2025-07-17 17:32:51.197797537+00:00,0.75,1.0,46.846,-121.7675,0.62,0.85
62144962,STAR,2025-07-17 17:35:56.729999542+00:00,2025-07-17 17:35:51.729999542+00:00,2025-07-17 17:35:57.548909187+00:00,1.0,2025-07-17 17:35:58.188000917+00:00,0.75,1.0,46.8515,-121.77016666666668,1.33,0.29
62145007,STAR,2025-07-17 18:27:48.469997406+00:00,2025-07-17 18:27:43.469997406+00:00,2025-07-17 18:27:49.198198318+00:00,1.0,2025-07-17 18:27:49.777623653+00:00,0.5,1.0,46.851166666666664,-121.76016666666666,-0.31,0.58
62145102,STAR,2025-07-17 21:11:40.189998627+00:00,2025-07-17 21:11:35.189998627+00:00,2025-07-17 21:11:40.829585075+00:00,1.0,2025-07-17 21:11:41.389018774+00:00,0.75,1.0,46.84916666666667,-121.76716666666668,0.12,0.42
62145137,STAR,2025-07-17 22:20:33.250000+00:00,2025-07-17 22:20:28.250000+00:00,2025-07-17 22:20:33.837176323+00:00,1.0,2025-07-17 22:20:34.507925987+00:00,0.75,1.0,46.846666666666664,-121.76933333333334,-0.04,0.74
62145192,STAR,2025-07-18 00:53:24.989999771+00:00,2025-07-18 00:53:19.989999771+00:00,2025-07-18 00:53:25.579999924+00:00,0.5,2025-07-18 00:53:26.219316006+00:00,0.75,0.75,46.845333333333336,-121.77033333333333,0.53,0.43
62145207,STAR,2025-07-18 01:18:07.039999962+00:00,2025-07-18 01:18:02.039999962+00:00,2025-07-18 01:18:07.649825573+00:00,1.0,2025-07-18 01:18:08.260642290+00:00,0.75,1.0,46.853833333333334,-121.76883333333332,0.38,0.09
62145212,STAR,2025-07-18 01:32:01.099999905+00:00,2025-07-18 01:31:56.099999905+00:00,2025-07-18 01:32:01.875276804+00:00,0.75,2025-07-18 01:32:02.375948906+00:00,0.75,0.75,46.84883333333333,-121.76016666666666,-0.22,0.51
62145242,STAR,2025-07-18 05:02:45.059997559+00:00,2025-07-18 05:02:40.059997559+00:00,2025-07-18 05:02:45.606217623+00:00,1.0,2025-07-18 05:02:46.216814995+00:00,0.75,1.0,46.851333333333336,-121.77116666666667,-0.29,0.53
62145252,STAR,2025-07-18 06:02:36.139999390+00:00,2025-07-18 06:02:31.139999390+00:00,2025-07-18 06:02:36.709132433+00:00,1.0,2025-07-18 06:02:37.339721680+00:00,0.75,1.0,46.84916666666667,-121.76316666666666,-0.22,0.59
62145257,STAR,2025-07-18 06:36:18.149999619+00:00,2025-07-18 06:36:13.149999619+00:00,2025-07-18 06:36:18.716548920+00:00,0.75,2025-07-18 06:36:19.237106323+00:00,1.0,1.0,46.84766666666667,-121.76883333333332,-0.22,0.26
62145262,STAR,2025-07-18 06:57:33.559997559+00:00,2025-07-18 06:57:28.559997559+00:00,2025-07-18 06:57:34.145774364+00:00,0.75,2025-07-18 06:57:34.566800833+00:00,0.5,0.75,46.846833333333336,-121.77166666666666,-0.36,0.64
62145267,STAR,2025-07-18 07:13:58.629997253+00:00,2025-07-18 07:13:53.629997253+00:00,2025-07-18 07:13:59.302135229+00:00,0.75,2025-07-18 07:13:59.842700243+00:00,0.75,0.75,46.849,-121.76016666666666,-0.56,0.29
62145292,STAR,2025-07-18 09:10:53.759998322+00:00,2025-07-18 09:10:48.759998322+00:00,2025-07-18 09:10:54.478068113+00:00,0.75,2025-07-18 09:10:55.038304090+00:00,0.75,0.75,46.846666666666664,-121.7665,0.55,0.58
62145312,STAR,2025-07-18 09:55:43.719997406+00:00,2025-07-18 09:55:38.719997406+00:00,2025-07-18 09:55:44.508983612+00:00,1.0,2025-07-18 09:55:45.226524353+00:00,0.75,1.0,46.86983333333333,-121.757,-2.62,0.77
62145317,STAR,2025-07-18 10:27:16.219999313+00:00,2025-07-18 10:27:11.219999313+00:00,2025-07-18 10:27:17.066255808+00:00,1.0,2025-07-18 10:27:17.664948940+00:00,0.75,1.0,46.852666666666664,-121.75883333333331,0.57,-0.38
62145322,STAR,2025-07-18 11:27:38.939998627+00:00,2025-07-18 11:27:33.939998627+00:00,2025-07-18 11:27:39.709999800+00:00,0.75,2025-07-18 11:27:40.391095638+00:00,0.75,0.75,46.845666666666666,-121.7665,0.96,1.28
62145327,STAR,2025-07-18 11:36:36.149997711+00:00,2025-07-18 11:36:31.149997711+00:00,2025-07-18 11:36:36.909571648+00:00,1.0,2025-07-18 11:36:37.539462805+00:00,0.5,1.0,46.845666666666666,-121.76733333333334,0.89,1.0
62145372,STAR,2025-07-18 14:04:55.949996948+00:00,2025-07-18 14:04:50.949996948+00:00,2025-07-18 14:04:56.689834595+00:00,0.75,2025-07-18 14:04:57.176768303+00:00,0.5,0.75,46.851166666666664,-121.76816666666669,0.53,0.42
62145382,STAR,2025-07-18 14:08:00.920000076+00:00,2025-07-18 14:07:55.920000076+00:00,2025-07-18 14:08:01.696226597+00:00,1.0,2025-07-18 14:08:02.273588896+00:00,0.75,1.0,46.849333333333334,-121.75716666666666,0.25,0.53
62145442,STAR,2025-07-18 15:03:08.449999809+00:00,2025-07-18 15:03:03.449999809+00:00,2025-07-18 15:03:09.200889826+00:00,1.0,2025-07-18 15:03:09.810144424+00:00,0.75,1.0,46.850833333333334,-121.763,0.22,1.03
62145447,STAR,2025-07-18 15:14:29.149999619+00:00,2025-07-18 15:14:24.149999619+00:00,2025-07-18 15:14:29.908571482+00:00,1.0,2025-07-18 15:14:30.535119772+00:00,0.75,1.0,46.850833333333334,-121.7615,0.26,0.42
62145472,STAR,2025-07-18 16:07:43.059997559+00:00,2025-07-18 16:07:38.059997559+00:00,2025-07-18 16:07:43.758378983+00:00,0.5,2025-07-18 16:07:44.156232834+00:00,0.75,0.75,46.844,-121.771,-0.16,0.35
62145507,STAR,2025-07-18 17:22:19.869998932+00:00,2025-07-18 17:22:14.869998932+00:00,2025-07-18 17:22:20.579094887+00:00,0.75,2025-07-18 17:22:21.146046877+00:00,0.75,0.75,46.84616666666667,-121.7695,0.49,0.68
62145512,STAR,2025-07-18 17:23:08.630000114+00:00,2025-07-18 17:23:03.630000114+00:00,2025-07-18 17:23:09.369815588+00:00,1.0,2025-07-18 17:23:09.990441084+00:00,0.75,1.0,46.8465,-121.7675,0.65,0.54
62145712,STAR,2025-07-18 21:12:14.779999495+00:00,2025-07-18 21:12:09.779999495+00:00,2025-07-18 21:12:15.550190210+00:00,0.75,2025-07-18 21:12:16.157239437+00:00,0.75,0.75,46.849833333333336,-121.76733333333334,0.95,0.73
62145982,STAR,2025-07-18 23:43:11.590000153+00:00,2025-07-18 23:43:06.590000153+00:00,2025-07-18 23:43:12.190000057+00:00,1.0,2025-07-18 23:43:12.560365915+00:00,0.75,1.0,46.843,-121.77183333333332,-0.71,0.6
62146017,STAR,2025-07-19 00:05:19.920000076+00:00,2025-07-19 00:05:14.920000076+00:00,2025-07-19 00:05:20.660000086+00:00,1.0,2025-07-19 00:05:21.260539293+00:00,0.75,1.0,46.85816666666667,-121.7565,-2.11,0.41
62146137,STAR,2025-07-19 02:30:08.199999809+00:00,2025-07-19 02:30:03.199999809+00:00,2025-07-19 02:30:08.907448292+00:00,1.0,2025-07-19 02:30:09.559848785+00:00,0.75,1.0,46.8515,-121.7695,0.62,0.43
62146142,STAR,2025-07-19 02:49:17.770000458+00:00,2025-07-19 02:49:12.770000458+00:00,2025-07-19 02:49:18.360680103+00:00,0.75,2025-07-19 02:49:19.009030581+00:00,0.75,0.75,46.8475,-121.7695,0.19,0.21
62146182,STAR,2025-07-19 03:34:51.189998627+00:00,2025-07-19 03:34:46.189998627+00:00,2025-07-19 03:34:51.768011808+00:00,0.75,2025-07-19 03:34:52.327637434+00:00,0.5,0.75,46.847833333333334,-121.77033333333333,-0.31,0.22
62146202,STAR,2025-07-19 04:30:02.640000105+00:00,2025-07-19 04:29:57.640000105+00:00,2025-07-19 04:30:03.349102974+00:00,1.0,2025-07-19 04:30:04.008737803+00:00,1.0,1.0,46.85433333333334,-121.75716666666666,-0.07,0.86
62146207,STAR,2025-07-19 04:43:37.270000458+00:00,2025-07-19 04:43:32.270000458+00:00,2025-07-19 04:43:37.860203505+00:00,1.0,2025-07-19 04:43:38.469403505+00:00,0.75,1.0,46.849,-121.76266666666666,-0.81,0.45
62146282,STAR,2025-07-19 08:48:14.960000038+00:00,2025-07-19 08:48:09.960000038+00:00,2025-07-19 08:48:15.659849882+00:00,1.0,2025-07-19 08:48:16.269999981+00:00,1.0,1.0,46.865833333333335,-121.758,-1.08,0.47
62146307,STAR,2025-07-19 09:59:20.069999695+00:00,2025-07-19 09:59:15.069999695+00:00,2025-07-19 09:59:20.730000019+00:00,1.0,2025-07-19 09:59:21.329184055+00:00,0.75,1.0,46.849833333333336,-121.76083333333334,-0.63,0.54
62146407,STAR,2025-07-19 15:49:49.599998474+00:00,2025-07-19 15:49:44.599998474+00:00,2025-07-19 15:49:50.410000086+00:00,1.0,2025-07-19 15:49:51.066852093+00:00,0.5,1.0,46.849,-121.75866666666668,0.25,0.53
62146497,STAR,2025-07-19 17:25:21.119998932+00:00,2025-07-19 17:25:16.119998932+00:00,2025-07-19 17:25:21.779162407+00:00,1.0,2025-07-19 17:25:22.258815764+00:00,0.75,1.0,46.845333333333336,-121.76916666666666,-0.29,1.54
62146507,STAR,2025-07-19 17:26:29.219999313+00:00,2025-07-19 17:26:24.219999313+00:00,2025-07-19 17:26:29.828257084+00:00,1.0,2025-07-19 17:26:30.389641285+00:00,0.5,1.0,46.845333333333336,-121.77016666666668,-0.17,1.48
62146512,STAR,2025-07-19 17:30:47.789997101+00:00,2025-07-19 17:30:42.789997101+00:00,2025-07-19 17:30:48.439767838+00:00,0.75,2025-07-19 17:30:48.828289270+00:00,0.75,0.75,46.84733333333333,-121.77016666666668,-0.59,0.94
62146572,STAR,2025-07-19 18:25:01.109999895+00:00,2025-07-19 18:24:56.109999895+00:00,2025-07-19 18:25:01.906366587+00:00,0.75,2025-07-19 18:25:02.531532764+00:00,0.5,0.75,46.85,-121.757,0.42,1.93
62146737,STAR,2025-07-19 19:46:28.289999008+00:00,2025-07-19 19:46:23.289999008+00:00,2025-07-19 19:46:29.009697437+00:00,1.0,2025-07-19 19:46:29.579314709+00:00,0.75,1.0,46.853,-121.76816666666669,0.24,0.96
62146937,STAR,2025-07-19 22:19:58.129997253+00:00,2025-07-19 22:19:53.129997253+00:00,2025-07-19 22:19:58.859417439+00:00,1.0,2025-07-19 22:19:59.485694885+00:00,0.5,1.0,46.849333333333334,-121.768,0.71,-0.51
62146942,STAR,2025-07-19 22:21:28.680000305+00:00,2025-07-19 22:21:23.680000305+00:00,2025-07-19 22:21:29.380000114+00:00,1.0,2025-07-19 22:21:29.969462395+00:00,0.75,1.0,46.848166666666664,-121.769,0.51,0.48
62147082,STAR,2025-07-20 00:51:07.799999714+00:00,2025-07-20 00:51:02.799999714+00:00,2025-07-20 00:51:08.490000010+00:00,1.0,2025-07-20 00:51:09.176700115+00:00,0.5,1.0,46.85016666666667,-121.75766666666668,-0.2,0.67
62147212,STAR,2025-07-20 04:42:52.379997253+00:00,2025-07-20 04:42:47.379997253+00:00,2025-07-20 04:42:53.078720093+00:00,1.0,2025-07-20 04:42:53.731431484+00:00,0.75,1.0,46.85816666666667,-121.75133333333332,-0.87,0.32
62147292,STAR,2025-07-20 10:19:46.819999695+00:00,2025-07-20 10:19:41.819999695+00:00,2025-07-20 10:19:47.579631090+00:00,1.0,2025-07-20 10:19:48.239675999+00:00,0.75,1.0,46.8495,-121.75783333333334,0.01,0.39
62147297,STAR,2025-07-20 11:56:12.729999542+00:00,2025-07-20 11:56:07.729999542+00:00,2025-07-20 11:56:13.489741564+00:00,1.0,2025-07-20 11:56:14.089180708+00:00,0.75,1.0,46.850833333333334,-121.767,0.71,1.07
62147312,STAR,2025-07-20 12:39:17.739999771+00:00,2025-07-20 12:39:12.739999771+00:00,2025-07-20 12:39:18.616955996+00:00,0.75,2025-07-20 12:39:19.307790518+00:00,0.75,0.75,46.855,-121.75333333333332,0.11,0.41
62147327,STAR,2025-07-20 13:26:16.969999313+00:00,2025-07-20 13:26:11.969999313+00:00,2025-07-20 13:26:17.739162683+00:00,1.0,2025-07-20 13:26:18.368031502+00:00,1.0,1.0,46.848,-121.76916666666666,1.13,-0.05
62147342,STAR,2025-07-20 14:15:24.519998549+00:00,2025-07-20 14:15:19.519998549+00:00,2025-07-20 14:15:25.369659185+00:00,0.75,2025-07-20 14:15:25.917985678+00:00,0.75,0.75,46.85216666666667,-121.75916666666669,0.21,0.17
62147372,STAR,2025-07-20 15:12:17.809999704+00:00,2025-07-20 15:12:12.809999704+00:00,2025-07-20 15:12:18.630396366+00:00,1.0,2025-07-20 15:12:19.270347118+00:00,0.75,1.0,46.85,-121.7675,0.98,0.86
62147397,STAR,2025-07-20 16:28:51.259998322+00:00,2025-07-20 16:28:46.259998322+00:00,2025-07-20 16:28:52.089840889+00:00,0.75,2025-07-20 16:28:52.867465258+00:00,0.75,0.75,46.84916666666667,-121.76016666666666,0.64,0.3
62147462,STAR,2025-07-20 19:24:04.609999895+00:00,2025-07-20 19:23:59.609999895+00:00,2025-07-20 19:24:05.468594790+00:00,0.75,2025-07-20 19:24:06.106068373+00:00,0.75,0.75,46.852666666666664,-121.756,0.54,0.24
62147502,STAR,2025-07-20 20:51:35.259998322+00:00,2025-07-20 20:51:30.259998322+00:00,2025-07-20 20:51:36.049213648+00:00,1.0,2025-07-20 20:51:36.636841059+00:00,0.75,1.0,46.847833333333334,-121.7705,1.14,0.23
62147507,STAR,2025-07-20 20:59:41.729999542+00:00,2025-07-20 20:59:36.729999542+00:00,2025-07-20 20:59:42.659748077+00:00,0.75,2025-07-20 20:59:43.189494848+00:00,0.5,0.75,46.84866666666667,-121.76066666666668,0.85,0.1
62147532,STAR,2025-07-20 21:54:03.449999809+00:00,2025-07-20 21:53:58.449999809+00:00,2025-07-20 21:54:04.229828596+00:00,1.0,2025-07-20 21:54:04.798683167+00:00,0.75,1.0,46.851,-121.76733333333334,0.41,0.93
62147567,STAR,2025-07-20 23:04:37.619998932+00:00,2025-07-20 23:04:32.619998932+00:00,2025-07-20 23:04:38.509716034+00:00,1.0,2025-07-20 23:04:39.149714708+00:00,0.75,1.0,46.850833333333334,-121.76733333333334,1.19,0.89
62147572,STAR,2025-07-21 00:19:00.460000038+00:00,2025-07-21 00:18:55.460000038+00:00,2025-07-21 00:19:01.349428415+00:00,1.0,2025-07-21 00:19:01.988399029+00:00,0.75,1.0,46.851333333333336,-121.76666666666668,1.58,0.3
62147602,STAR,2025-07-21 03:02:54.069999695+00:00,2025-07-21 03:02:49.069999695+00:00,2025-07-21 03:02:54.878983259+00:00,0.75,2025-07-21 03:02:55.606064320+00:00,0.75,0.75,46.852333333333334,-121.76,0.41,0.06
62147617,STAR,2025-07-21 04:59:58.759998322+00:00,2025-07-21 04:59:53.759998322+00:00,2025-07-21 04:59:59.488926172+00:00,0.75,2025-07-21 05:00:00.068083286+00:00,0.75,0.75,46.84883333333333,-121.77116666666667,0.68,-0.12
62147662,STAR,2025-07-21 08:14:42.649997711+00:00,2025-07-21 08:14:37.649997711+00:00,2025-07-21 08:14:43.551153183+00:00,0.5,2025-07-21 08:14:44.231379032+00:00,0.75,0.75,46.85633333333333,-121.76116666666668,1.1,0.25
62147672,STAR,2025-07-21 08:15:46.479999542+00:00,2025-07-21 08:15:41.479999542+00:00,2025-07-21 08:15:47.419013500+00:00,1.0,2025-07-21 08:15:48.109217405+00:00,1.0,1.0,46.85933333333333,-121.75933333333332,1.31,0.01
62147707,STAR,2025-07-21 10:56:43.669998169+00:00,2025-07-21 10:56:38.669998169+00:00,2025-07-21 10:56:44.426324368+00:00,1.0,2025-07-21 10:56:45.099683285+00:00,0.75,1.0,46.8705,-121.76033333333334,-1.87,2.19
62147712,STAR,2025-07-21 11:00:39.379997253+00:00,2025-07-21 11:00:34.379997253+00:00,2025-07-21 11:00:40.082909584+00:00,1.0,2025-07-21 11:00:40.745876312+00:00,0.75,1.0,46.86866666666667,-121.76133333333334,-2.09,1.16
62147717,STAR,2025-07-21 11:03:57.409999847+00:00,2025-07-21 11:03:52.409999847+00:00,2025-07-21 11:03:58.169019938+00:00,1.0,2025-07-21 11:03:58.819277287+00:00,0.75,1.0,46.8675,-121.758,-0.2,1.17
62147742,STAR,2025-07-21 12:19:18.579999924+00:00,2025-07-21 12:19:13.579999924+00:00,2025-07-21 12:19:19.419999838+00:00,0.75,2025-07-21 12:19:19.739630938+00:00,0.5,0.75,46.85333333333333,-121.7575,0.65,0.37
62147772,STAR,2025-07-21 13:05:08.769999504+00:00,2025-07-21 13:05:03.769999504+00:00,2025-07-21 13:05:09.560063362+00:00,0.75,2025-07-21 13:05:10.207664728+00:00,0.75,0.75,46.851,-121.76916666666666,0.74,0.1
62147842,STAR,2025-07-21 15:21:18.090000153+00:00,2025-07-21 15:21:13.090000153+00:00,2025-07-21 15:21:18.900284290+00:00,0.75,2025-07-21 15:21:19.470925093+00:00,0.75,0.75,46.8455,-121.75116666666666,-1.96,0.3
62147902,STAR,2025-07-21 16:40:31.779998779+00:00,2025-07-21 16:40:26.779998779+00:00,2025-07-21 16:40:32.579609156+00:00,0.75,2025-07-21 16:40:33.195839167+00:00,0.75,0.75,46.849333333333334,-121.76716666666668,1.0,0.19
62148877,STAR,2025-07-23 05:59:49.099998474+00:00,2025-07-23 05:59:44.099998474+00:00,2025-07-23 05:59:49.667175531+00:00,0.75,2025-07-23 05:59:50.319175482+00:00,0.75,0.75,46.8505,-121.7615,-0.61,0.17
62148967,STAR,2025-07-23 12:22:31.420000076+00:00,2025-07-23 12:22:26.420000076+00:00,2025-07-23 12:22:32.137568235+00:00,1.0,2025-07-23 12:22:32.727260113+00:00,0.75,1.0,46.85066666666667,-121.76133333333334,-0.01,0.62
62149007,STAR,2025-07-23 13:51:44.899997711+00:00,2025-07-23 13:51:39.899997711+00:00,2025-07-23 13:51:45.631564856+00:00,0.75,2025-07-23 13:51:46.211087227+00:00,0.75,0.75,46.8435,-121.769,0.32,0.23
62149187,STAR,2025-07-23 17:13:08.229999542+00:00,2025-07-23 17:13:03.229999542+00:00,2025-07-23 17:13:09.139785767+00:00,1.0,2025-07-23 17:13:09.737422228+00:00,0.75,1.0,46.851166666666664,-121.76766666666668,1.12,0.1
62149242,STAR,2025-07-23 18:45:53.389999390+00:00,2025-07-23 18:45:48.389999390+00:00,2025-07-23 18:45:54.107977390+00:00,1.0,2025-07-23 18:45:54.759999990+00:00,0.75,1.0,46.85216666666667,-121.76733333333334,0.81,0.16
62149247,STAR,2025-07-23 18:46:37.290000916+00:00,2025-07-23 18:46:32.290000916+00:00,2025-07-23 18:46:38.038247108+00:00,0.75,2025-07-23 18:46:38.627553701+00:00,0.75,0.75,46.851333333333336,-121.76766666666668,0.52,0.39
62149267,STAR,2025-07-23 19:05:37.779998779+00:00,2025-07-23 19:05:32.779998779+00:00,2025-07-23 19:05:38.488884687+00:00,0.75,2025-07-23 19:05:39.090723991+00:00,0.75,0.75,46.8515,-121.76483333333331,0.41,0.18
62149312,STAR,2025-07-23 19:41:41.950000763+00:00,2025-07-23 19:41:36.950000763+00:00,2025-07-23 19:41:42.629316092+00:00,1.0,2025-07-23 19:41:43.190406322+00:00,0.75,1.0,46.84916666666667,-121.76466666666668,-0.32,0.25
62149392,STAR,2025-07-23 21:16:45.700000763+00:00,2025-07-23 21:16:40.700000763+00:00,2025-07-23 21:16:46.451412439+00:00,0.75,2025-07-23 21:16:47.161186218+00:00,0.5,0.75,46.8505,-121.75883333333331,0.15,0.4
62149552,STAR,2025-07-24 03:39:23.309999704+00:00,2025-07-24 03:39:18.309999704+00:00,2025-07-24 03:39:24.038443804+00:00,0.75,2025-07-24 03:39:24.751558304+00:00,0.5,0.75,46.854166666666664,-121.756,0.38,0.17
62149557,STAR,2025-07-24 03:52:39.309997559+00:00,2025-07-24 03:52:34.309997559+00:00,2025-07-24 03:52:39.928808212+00:00,1.0,2025-07-24 03:52:40.501321554+00:00,0.75,1.0,46.8495,-121.76166666666668,-0.52,0.22
62149562,STAR,2025-07-24 04:05:19.649999619+00:00,2025-07-24 04:05:14.649999619+00:00,2025-07-24 04:05:20.299500465+00:00,0.75,2025-07-24 04:05:20.938959837+00:00,0.5,0.75,46.85166666666667,-121.75916666666669,-0.3,0.11
62149577,STAR,2025-07-24 05:17:15.099999428+00:00,2025-07-24 05:17:10.099999428+00:00,2025-07-24 05:17:15.611450195+00:00,0.5,2025-07-24 05:17:16.451126575+00:00,0.75,0.75,46.861,-121.755,0.96,0.24
62149602,STAR,2025-07-24 07:18:25.019998550+00:00,2025-07-24 07:18:20.019998550+00:00,2025-07-24 07:18:25.657855511+00:00,1.0,2025-07-24 07:18:26.268047094+00:00,0.5,1.0,46.8505,-121.76216666666669,-0.53,0.06
62149627,STAR,2025-07-24 11:20:12.960000038+00:00,2025-07-24 11:20:07.960000038+00:00,2025-07-24 11:20:13.775994062+00:00,1.0,2025-07-24 11:20:14.416904211+00:00,0.75,1.0,46.8505,-121.7595,0.21,0.18
62149632,STAR,2025-07-24 11:34:29.429998398+00:00,2025-07-24 11:34:24.429998398+00:00,2025-07-24 11:34:30.308353424+00:00,1.0,2025-07-24 11:34:30.959540367+00:00,1.0,1.0,46.85816666666667,-121.75333333333332,0.34,0.56
62149637,STAR,2025-07-24 11:37:08.489999771+00:00,2025-07-24 11:37:03.489999771+00:00,2025-07-24 11:37:09.199182510+00:00,0.75,2025-07-24 11:37:09.826135159+00:00,0.75,0.75,46.846666666666664,-121.76833333333332,0.64,0.58
62149642,STAR,2025-07-24 12:14:54.639999390+00:00,2025-07-24 12:14:49.639999390+00:00,2025-07-24 12:14:55.427276373+00:00,1.0,2025-07-24 12:14:56.018297911+00:00,0.75,1.0,46.849666666666664,-121.75933333333332,0.22,0.32
62149647,STAR,2025-07-24 12:21:02.109999895+00:00,2025-07-24 12:20:57.109999895+00:00,2025-07-24 12:21:02.894751072+00:00,0.5,2025-07-24 12:21:03.485822201+00:00,0.75,0.75,46.851,-121.75866666666668,-0.04,0.36
62149652,STAR,2025-07-24 12:42:04.029999495+00:00,2025-07-24 12:41:59.029999495+00:00,2025-07-24 12:42:04.909885168+00:00,1.0,2025-07-24 12:42:05.559999943+00:00,1.0,1.0,46.8565,-121.75116666666666,0.31,0.26
62149777,STAR,2025-07-24 16:47:44.469997406+00:00,2025-07-24 16:47:39.469997406+00:00,2025-07-24 16:47:45.308747768+00:00,0.75,2025-07-24 16:47:45.977790356+00:00,0.75,0.75,46.86833333333333,-121.75483333333334,-0.79,0.49
62149787,STAR,2025-07-24 16:51:07.769999981+00:00,2025-07-24 16:51:02.769999981+00:00,2025-07-24 16:51:08.647504091+00:00,1.0,2025-07-24 16:51:09.315950871+00:00,1.0,1.0,46.870666666666665,-121.755,-0.4,0.82
62149797,STAR,2025-07-24 16:58:16.199998856+00:00,2025-07-24 16:58:11.199998856+00:00,2025-07-24 16:58:17.093188763+00:00,1.0,2025-07-24 16:58:17.761643887+00:00,0.75,1.0,46.87233333333333,-121.756,-0.46,0.69
62150047,STAR,2025-07-24 21:31:41.489998102+00:00,2025-07-24 21:31:36.489998102+00:00,2025-07-24 21:31:42.287804842+00:00,0.75,2025-07-24 21:31:42.982155085+00:00,0.75,0.75,46.85183333333333,-121.77,1.29,0.79
62150182,STAR,2025-07-25 00:53:39.689998627+00:00,2025-07-25 00:53:34.689998627+00:00,2025-07-25 00:53:40.470754862+00:00,0.5,2025-07-25 00:53:41.109185696+00:00,0.75,0.75,46.852333333333334,-121.77133333333332,0.97,0.15
62150237,STAR,2025-07-25 02:26:48.289997101+00:00,2025-07-25 02:26:43.289997101+00:00,2025-07-25 02:26:48.979491711+00:00,1.0,2025-07-25 02:26:49.566717625+00:00,0.75,1.0,46.85066666666667,-121.7655,-0.26,0.58
62150322,STAR,2025-07-25 06:21:26.789999008+00:00,2025-07-25 06:21:21.789999008+00:00,2025-07-25 06:21:27.505386353+00:00,0.75,2025-07-25 06:21:27.998815298+00:00,0.5,0.75,46.85166666666667,-121.7655,-0.07,0.51
62150382,STAR,2025-07-25 11:30:14.159999847+00:00,2025-07-25 11:30:09.159999847+00:00,2025-07-25 11:30:14.981812239+00:00,0.5,2025-07-25 11:30:15.572514296+00:00,0.75,0.75,46.85,-121.7655,0.54,0.29
62150422,STAR,2025-07-25 14:43:22.549999237+00:00,2025-07-25 14:43:17.549999237+00:00,2025-07-25 14:43:23.400945187+00:00,1.0,2025-07-25 14:43:24.071706295+00:00,0.75,1.0,46.849333333333334,-121.75733333333334,0.61,0.8
62150467,STAR,2025-07-25 17:01:02.569999933+00:00,2025-07-25 17:00:57.569999933+00:00,2025-07-25 17:01:03.367546082+00:00,0.75,2025-07-25 17:01:04.005082846+00:00,0.75,0.75,46.849333333333334,-121.7595,0.25,0.63
62150587,STAR,2025-07-25 19:09:47.590000153+00:00,2025-07-25 19:09:42.590000153+00:00,2025-07-25 19:09:48.439169407+00:00,1.0,2025-07-25 19:09:49.108245850+00:00,0.75,1.0,46.869166666666665,-121.75583333333331,-0.31,0.45
62150637,STAR,2025-07-25 20:40:20.109998703+00:00,2025-07-25 20:40:15.109998703+00:00,2025-07-25 20:40:20.777168036+00:00,1.0,2025-07-25 20:40:21.385471821+00:00,0.5,1.0,46.850833333333334,-121.7705,-0.2,1.49
62150647,STAR,2025-07-25 20:47:58.520000458+00:00,2025-07-25 20:47:53.520000458+00:00,2025-07-25 20:47:59.323893785+00:00,0.75,2025-07-25 20:47:59.930153370+00:00,0.75,0.75,46.851,-121.76716666666668,0.85,0.57
62150652,STAR,2025-07-25 20:49:11.489999771+00:00,2025-07-25 20:49:06.489999771+00:00,2025-07-25 20:49:12.324969053+00:00,0.75,2025-07-25 20:49:12.912734032+00:00,0.75,0.75,46.849666666666664,-121.76466666666668,1.11,0.35
62150657,STAR,2025-07-25 20:48:14.889999390+00:00,2025-07-25 20:48:09.889999390+00:00,2025-07-25 20:48:15.701088190+00:00,0.5,2025-07-25 20:48:16.390256166+00:00,0.75,0.75,46.85,-121.7675,1.24,0.13
62150662,STAR,2025-07-25 20:49:25.029998779+00:00,2025-07-25 20:49:20.029998779+00:00,2025-07-25 20:49:25.832452297+00:00,0.75,2025-07-25 20:49:26.417984009+00:00,0.75,0.75,46.85016666666667,-121.76683333333334,0.63,0.36
62150677,STAR,2025-07-25 21:08:53.809997559+00:00,2025-07-25 21:08:48.809997559+00:00,2025-07-25 21:08:54.554152012+00:00,0.75,2025-07-25 21:08:55.119505882+00:00,0.75,0.75,46.85033333333333,-121.76583333333332,0.68,0.48
62150817,STAR,2025-07-25 23:10:35.180000305+00:00,2025-07-25 23:10:30.180000305+00:00,2025-07-25 23:10:35.959601164+00:00,0.75,2025-07-25 23:10:36.487791777+00:00,0.75,0.75,46.849333333333334,-121.76683333333334,0.34,0.09
62150852,STAR,2025-07-25 23:49:40.059997559+00:00,2025-07-25 23:49:35.059997559+00:00,2025-07-25 23:49:40.930482388+00:00,0.75,2025-07-25 23:49:41.690592289+00:00,0.75,0.75,46.8535,-121.75833333333334,1.04,0.29
62150912,STAR,2025-07-26 00:56:43.059997559+00:00,2025-07-26 00:56:38.059997559+00:00,2025-07-26 00:56:43.918970108+00:00,1.0,2025-07-26 00:56:44.549999952+00:00,0.75,1.0,46.85166666666667,-121.757,0.44,0.82
62151037,STAR,2025-07-26 03:16:40.680000305+00:00,2025-07-26 03:16:35.680000305+00:00,2025-07-26 03:16:41.518843889+00:00,0.5,2025-07-26 03:16:42.118411541+00:00,0.75,0.75,46.853833333333334,-121.76983333333334,1.2,-0.05
62151112,STAR,2025-07-26 05:38:05.509999752+00:00,2025-07-26 05:38:00.509999752+00:00,2025-07-26 05:38:06.389562845+00:00,1.0,2025-07-26 05:38:07.121525049+00:00,0.75,1.0,46.851333333333336,-121.75733333333334,0.91,0.35
62151122,STAR,2025-07-26 06:28:39.239998102+00:00,2025-07-26 06:28:34.239998102+00:00,2025-07-26 06:28:40+00:00,1.0,2025-07-26 06:28:40.600555420+00:00,0.75,1.0,46.849833333333336,-121.76516666666669,0.57,0.67
62151172,STAR,2025-07-26 09:15:57.129997253+00:00,2025-07-26 09:15:52.129997253+00:00,2025-07-26 09:15:57.969999790+00:00,0.75,2025-07-26 09:15:58.689821959+00:00,0.75,0.75,46.85166666666667,-121.75916666666669,0.84,0.4
62151812,STAR,2025-07-27 07:28:28.159999847+00:00,2025-07-27 07:28:23.159999847+00:00,2025-07-27 07:28:28.779401302+00:00,0.5,2025-07-27 07:28:29.538426399+00:00,0.75,0.75,46.852,-121.75916666666669,0.13,0.2
62151827,STAR,2025-07-27 09:56:35.439998627+00:00,2025-07-27 09:56:30.439998627+00:00,2025-07-27 09:56:36.039999962+00:00,1.0,2025-07-27 09:56:36.579241991+00:00,1.0,1.0,46.862833333333334,-121.7715,-0.33,0.16
62151847,STAR,2025-07-27 10:40:42.719997406+00:00,2025-07-27 10:40:37.719997406+00:00,2025-07-27 10:40:43.478772879+00:00,0.75,2025-07-27 10:40:44.151630163+00:00,0.75,0.75,46.8485,-121.75883333333331,0.16,0.02
62152002,STAR,2025-07-27 18:57:51.559997559+00:00,2025-07-27 18:57:46.559997559+00:00,2025-07-27 18:57:52.329421997+00:00,0.75,2025-07-27 18:57:52.993764639+00:00,0.5,0.75,46.8505,-121.75983333333332,-0.24,0.86
62152162,STAR,2025-07-27 21:48:01.869999886+00:00,2025-07-27 21:47:56.869999886+00:00,2025-07-27 21:48:02.629326105+00:00,0.5,2025-07-27 21:48:03.218443394+00:00,0.75,0.75,46.85016666666667,-121.759,-0.14,0.35
62152227,STAR,2025-07-27 22:50:14.899999619+00:00,2025-07-27 22:50:09.899999619+00:00,2025-07-27 22:50:15.699135065+00:00,0.5,2025-07-27 22:50:16.348589182+00:00,1.0,1.0,46.84466666666667,-121.7525,0.01,0.7
62152232,STAR,2025-07-27 22:50:14.909999847+00:00,2025-07-27 22:50:09.909999847+00:00,2025-07-27 22:50:15.696497202+00:00,0.5,2025-07-27 22:50:16.347189665+00:00,0.75,0.75,46.84433333333333,-121.751,-0.23,0.69
62152357,STAR,2025-07-28 02:16:12.579999924+00:00,2025-07-28 02:16:07.579999924+00:00,2025-07-28 02:16:13.133980036+00:00,1.0,2025-07-28 02:16:13.720812798+00:00,0.75,1.0,46.85016666666667,-121.76283333333332,-1.41,1.21
62152487,STAR,2025-07-28 10:24:37.090000153+00:00,2025-07-28 10:24:32.090000153+00:00,2025-07-28 10:24:37.859326363+00:00,1.0,2025-07-28 10:24:38.470000029+00:00,0.75,1.0,46.856,-121.7655,0.51,0.12
62152502,STAR,2025-07-28 10:58:19.049999237+00:00,2025-07-28 10:58:14.049999237+00:00,2025-07-28 10:58:19.867689610+00:00,0.75,2025-07-28 10:58:20.488217831+00:00,0.5,0.75,46.851166666666664,-121.77066666666668,0.95,-0.04
62152637,STAR,2025-07-28 16:28:15.789999962+00:00,2025-07-28 16:28:10.789999962+00:00,2025-07-28 16:28:16.533325672+00:00,0.75,2025-07-28 16:28:17.015427351+00:00,1.0,1.0,46.8505,-121.7715,0.64,-0.01
62153112,STAR,2025-07-29 12:57:24.369998932+00:00,2025-07-29 12:57:19.369998932+00:00,2025-07-29 12:57:25.137611389+00:00,0.75,2025-07-29 12:57:25.659097433+00:00,0.75,0.75,46.85,-121.77116666666667,0.54,0.95
62153657,STAR,2025-07-30 12:14:21.799999237+00:00,2025-07-30 12:14:16.799999237+00:00,2025-07-30 12:14:22.697296381+00:00,0.75,2025-07-30 12:14:23.389592409+00:00,0.75,0.75,46.859833333333334,-121.758,0.75,0.18
62153737,STAR,2025-07-30 14:38:14.259999274+00:00,2025-07-30 14:38:09.259999274+00:00,2025-07-30 14:38:15.128985405+00:00,1.0,2025-07-30 14:38:15.895262480+00:00,0.5,1.0,46.85216666666667,-121.75633333333332,0.69,0.72
62153742,STAR,2025-07-30 14:39:08.479999542+00:00,2025-07-30 14:39:03.479999542+00:00,2025-07-30 14:39:09.279217005+00:00,0.75,2025-07-30 14:39:09.950000048+00:00,0.75,0.75,46.85466666666667,-121.7585,0.12,0.65
62153847,STAR,2025-07-30 16:24:25.209999084+00:00,2025-07-30 16:24:20.209999084+00:00,2025-07-30 16:24:26.099047184+00:00,1.0,2025-07-30 16:24:26.849048615+00:00,0.75,1.0,46.85216666666667,-121.7675,1.39,0.22
62154297,STAR,2025-07-31 04:48:35.669998169+00:00,2025-07-31 04:48:30.669998169+00:00,2025-07-31 04:48:36.360732079+00:00,0.75,2025-07-31 04:48:37.069077492+00:00,0.5,0.75,46.85216666666667,-121.7555,0.24,0.46
62154312,STAR,2025-07-31 05:31:59.109996796+00:00,2025-07-31 05:31:54.109996796+00:00,2025-07-31 05:31:59.600500822+00:00,1.0,2025-07-31 05:32:00.170000076+00:00,1.0,1.0,46.84766666666667,-121.76783333333331,-0.64,0.2
62154502,STAR,2025-07-31 12:59:12.489999771+00:00,2025-07-31 12:59:07.489999771+00:00,2025-07-31 12:59:13.249716997+00:00,1.0,2025-07-31 12:59:13.855683088+00:00,1.0,1.0,46.84883333333333,-121.75833333333334,0.28,1.05
62154512,STAR,2025-07-31 13:01:22.809999704+00:00,2025-07-31 13:01:17.809999704+00:00,2025-07-31 13:01:23.559341908+00:00,1.0,2025-07-31 13:01:24.158896208+00:00,1.0,1.0,46.85,-121.7685,0.7,1.07
62154552,STAR,2025-07-31 14:17:53.629997253+00:00,2025-07-31 14:17:48.629997253+00:00,2025-07-31 14:17:54.410713911+00:00,0.75,2025-07-31 14:17:55.010715008+00:00,0.75,0.75,46.852333333333334,-121.76933333333334,0.77,0.11
62154572,STAR,2025-07-31 14:47:05.299999714+00:00,2025-07-31 14:47:00.299999714+00:00,2025-07-31 14:47:06.148702383+00:00,0.75,2025-07-31 14:47:06.759818792+00:00,0.75,0.75,46.85,-121.75583333333331,0.43,0.64
62155277,STAR,2025-08-01 01:31:25.750000+00:00,2025-08-01 01:31:20.750000+00:00,2025-08-01 01:31:26.459655523+00:00,0.75,2025-08-01 01:31:27.108767986+00:00,0.75,0.75,46.85,-121.75683333333332,0.24,0.56
62155302,STAR,2025-08-01 01:44:01.069999933+00:00,2025-08-01 01:43:56.069999933+00:00,2025-08-01 01:44:01.710933447+00:00,1.0,2025-08-01 01:44:02.370798588+00:00,0.75,1.0,46.851,-121.76016666666666,0.2,0.84
62155357,STAR,2025-08-01 02:40:59.779998779+00:00,2025-08-01 02:40:54.779998779+00:00,2025-08-01 02:41:00.408371687+00:00,1.0,2025-08-01 02:41:01.049894333+00:00,0.75,1.0,46.85933333333333,-121.75766666666668,-0.93,0.48
62155372,STAR,2025-08-01 02:56:21.969999313+00:00,2025-08-01 02:56:16.969999313+00:00,2025-08-01 02:56:22.648538113+00:00,1.0,2025-08-01 02:56:23.331798077+00:00,0.75,1.0,46.852,-121.75716666666666,0.01,0.54
62155447,STAR,2025-08-01 03:52:57.199996948+00:00,2025-08-01 03:52:52.199996948+00:00,2025-08-01 03:52:57.849999905+00:00,0.75,2025-08-01 03:52:58.476718903+00:00,0.75,0.75,46.86033333333334,-121.7565,-0.66,0.55
62155457,STAR,2025-08-01 04:05:21.969999313+00:00,2025-08-01 04:05:16.969999313+00:00,2025-08-01 04:05:22.666972399+00:00,0.75,2025-08-01 04:05:23.278681517+00:00,0.75,0.75,46.8605,-121.75533333333334,-0.47,0.66
62155537,STAR,2025-08-01 12:22:46.299999237+00:00,2025-08-01 12:22:41.299999237+00:00,2025-08-01 12:22:47.156497717+00:00,0.75,2025-08-01 12:22:47.779533386+00:00,0.75,0.75,46.86,-121.75383333333332,0.2,0.38
62155552,STAR,2025-08-01 13:47:50.939998627+00:00,2025-08-01 13:47:45.939998627+00:00,2025-08-01 13:47:51.749647141+00:00,0.75,2025-08-01 13:47:52.399119616+00:00,0.75,0.75,46.86,-121.755,0.15,0.41
62155587,STAR,2025-08-01 14:41:08.069999695+00:00,2025-08-01 14:41:03.069999695+00:00,2025-08-01 14:41:08.896519184+00:00,0.75,2025-08-01 14:41:09.568648577+00:00,0.75,0.75,46.858333333333334,-121.7525,0.43,0.37
62155592,STAR,2025-08-01 14:53:04.819999695+00:00,2025-08-01 14:52:59.819999695+00:00,2025-08-01 14:53:05.700937510+00:00,0.5,2025-08-01 14:53:06.369267941+00:00,0.75,0.75,46.8595,-121.75366666666666,0.19,0.42
62156071,STAR,2025-07-21 17:51:07.629999638+00:00,2025-07-21 17:51:02.629999638+00:00,2025-07-21 17:51:08.469677687+00:00,1.0,2025-07-21 17:51:09.128791094+00:00,0.75,1.0,46.852333333333334,-121.7595,0.72,0.4
62156376,STAR,2025-07-22 01:42:47.439998627+00:00,2025-07-22 01:42:42.439998627+00:00,2025-07-22 01:42:48.238243103+00:00,0.5,2025-07-22 01:42:48.796337128+00:00,0.75,0.75,46.8505,-121.7595,0.1,0.38
62156401,STAR,2025-07-22 02:52:50.989998102+00:00,2025-07-22 02:52:45.989998102+00:00,2025-07-22 02:52:51.749099255+00:00,1.0,2025-07-22 02:52:52.470000029+00:00,0.75,1.0,46.853833333333334,-121.75483333333334,0.39,0.53
62156406,STAR,2025-07-22 02:57:47.399997711+00:00,2025-07-22 02:57:42.399997711+00:00,2025-07-22 02:57:48.157058239+00:00,1.0,2025-07-22 02:57:48.848307133+00:00,1.0,1.0,46.85466666666667,-121.75466666666668,0.41,0.45
62156411,STAR,2025-07-22 03:14:45.629997253+00:00,2025-07-22 03:14:40.629997253+00:00,2025-07-22 03:14:46.398511887+00:00,1.0,2025-07-22 03:14:47.068997383+00:00,0.75,1.0,46.858666666666664,-121.75533333333334,0.13,0.29
62156451,STAR,2025-07-22 10:11:52.739998102+00:00,2025-07-22 10:11:47.739998102+00:00,2025-07-22 10:11:53.489175558+00:00,1.0,2025-07-22 10:11:54.099849939+00:00,0.75,1.0,46.848333333333336,-121.75933333333332,0.15,0.66
62156461,STAR,2025-07-22 11:33:25.139999390+00:00,2025-07-22 11:33:20.139999390+00:00,2025-07-22 11:33:25.908649921+00:00,0.75,2025-07-22 11:33:26.536406994+00:00,0.75,0.75,46.849833333333336,-121.75883333333331,0.18,0.15
62156476,STAR,2025-07-22 12:21:20.889999390+00:00,2025-07-22 12:21:15.889999390+00:00,2025-07-22 12:21:21.638086081+00:00,0.75,2025-07-22 12:21:22.468583107+00:00,0.75,0.75,46.85333333333333,-121.75583333333331,0.69,0.14
62156551,STAR,2025-07-22 13:49:48.700000763+00:00,2025-07-22 13:49:43.700000763+00:00,2025-07-22 13:49:49.569999933+00:00,1.0,2025-07-22 13:49:50.250000+00:00,0.75,1.0,46.851166666666664,-121.75666666666666,0.63,0.81
62156556,STAR,2025-07-22 13:54:28.599998474+00:00,2025-07-22 13:54:23.599998474+00:00,2025-07-22 13:54:29.488083601+00:00,0.75,2025-07-22 13:54:30.139253139+00:00,0.75,0.75,46.84883333333333,-121.75683333333332,1.15,0.61
62156621,STAR,2025-07-22 15:55:20.510000229+00:00,2025-07-22 15:55:15.510000229+00:00,2025-07-22 15:55:21.403721571+00:00,1.0,2025-07-22 15:55:22.104072094+00:00,0.75,1.0,46.8525,-121.75566666666668,0.82,0.53
62156641,STAR,2025-07-22 16:26:56.349998474+00:00,2025-07-22 16:26:51.349998474+00:00,2025-07-22 16:26:57.267131805+00:00,1.0,2025-07-22 16:26:57.968017817+00:00,0.75,1.0,46.85366666666667,-121.75383333333332,0.99,0.64
62156721,STAR,2025-07-22 18:10:36.200000763+00:00,2025-07-22 18:10:31.200000763+00:00,2025-07-22 18:10:36.919727802+00:00,0.75,2025-07-22 18:10:37.435802221+00:00,0.75,0.75,46.85016666666667,-121.75983333333332,0.01,0.27
62156746,STAR,2025-07-22 18:58:19.670000076+00:00,2025-07-22 18:58:14.670000076+00:00,2025-07-22 18:58:20.597485304+00:00,1.0,2025-07-22 18:58:21.339880466+00:00,0.75,1.0,46.870666666666665,-121.748,-0.32,0.25
62156771,STAR,2025-07-22 19:29:33.349998474+00:00,2025-07-22 19:29:28.349998474+00:00,2025-07-22 19:29:34.077716351+00:00,0.75,2025-07-22 19:29:34.619142294+00:00,0.5,0.75,46.8505,-121.7625,0.05,0.1
62156821,STAR,2025-07-22 20:32:26.309999704+00:00,2025-07-22 20:32:21.309999704+00:00,2025-07-22 20:32:27.114785194+00:00,0.75,2025-07-22 20:32:27.809743881+00:00,0.5,0.75,46.852333333333334,-121.7475,-0.11,0.44
62156911,STAR,2025-07-22 22:39:46.369998932+00:00,2025-07-22 22:39:41.369998932+00:00,2025-07-22 22:39:47.197131634+00:00,1.0,2025-07-22 22:39:47.866948843+00:00,0.75,1.0,46.852333333333334,-121.75616666666669,0.71,0.73
62156916,STAR,2025-07-22 22:41:30.719999313+00:00,2025-07-22 22:41:25.719999313+00:00,2025-07-22 22:41:31.359194517+00:00,0.75,2025-07-22 22:41:31.867463112+00:00,0.5,0.75,46.85033333333333,-121.7615,-0.51,0.27
62156986,STAR,2025-07-23 02:59:29.209999084+00:00,2025-07-23 02:59:24.209999084+00:00,2025-07-23 02:59:30.047477961+00:00,1.0,2025-07-23 02:59:30.739853144+00:00,0.75,1.0,46.85466666666667,-121.75933333333332,1.05,1.26
62161827,STAR,2025-08-13 00:21:29.639999390+00:00,2025-08-13 00:21:24.639999390+00:00,2025-08-13 00:21:30.835110188+00:00,1.0,2025-08-13 00:21:31.746354342+00:00,0.75,1.0,46.805166666666665,-121.775,0.92,0.22
62161892,STAR,2025-08-13 04:33:22.149999619+00:00,2025-08-13 04:33:17.149999619+00:00,2025-08-13 04:33:22.950882196+00:00,1.0,2025-08-13 04:33:23.621394634+00:00,0.75,1.0,46.85166666666667,-121.7555,0.44,0.56
62163622,STAR,2025-08-15 18:57:26.010000229+00:00,2025-08-15 18:57:21.010000229+00:00,2025-08-15 18:57:26.466188431+00:00,1.0,2025-08-15 18:57:26.968868971+00:00,0.75,1.0,46.84766666666667,-121.76533333333332,-2.61,0.28
62163702,STAR,2025-08-15 20:32:58.889999390+00:00,2025-08-15 20:32:53.889999390+00:00,2025-08-15 20:32:59.696490765+00:00,0.75,2025-08-15 20:33:00.311522961+00:00,0.75,0.75,46.86966666666667,-121.76283333333332,0.13,0.51
62164321,STAR,2025-08-02 10:05:13.969999313+00:00,2025-08-02 10:05:08.969999313+00:00,2025-08-02 10:05:14.665176392+00:00,1.0,2025-08-02 10:05:15.298033953+00:00,0.75,1.0,46.864666666666665,-121.75916666666669,-0.98,1.0
62164351,STAR,2025-08-02 11:34:16.029998779+00:00,2025-08-02 11:34:11.029998779+00:00,2025-08-02 11:34:16.915636063+00:00,0.5,2025-08-02 11:34:17.537212610+00:00,0.75,0.75,46.85366666666667,-121.75533333333334,0.46,0.47
62164736,STAR,2025-08-02 23:26:55.539997101+00:00,2025-08-02 23:26:50.539997101+00:00,2025-08-02 23:26:56.379003763+00:00,1.0,2025-08-02 23:26:57.105789661+00:00,0.75,1.0,46.873666666666665,-121.75633333333332,-1.98,0.3
62164857,STAR,2025-08-18 20:10:26.709999084+00:00,2025-08-18 20:10:21.709999084+00:00,2025-08-18 20:10:27.180000067+00:00,1.0,2025-08-18 20:10:27.629235029+00:00,0.75,1.0,46.844833333333334,-121.76883333333332,-2.19,0.67
62164936,STAR,2025-08-03 07:40:30.689998627+00:00,2025-08-03 07:40:25.689998627+00:00,2025-08-03 07:40:31.218856812+00:00,0.5,2025-08-03 07:40:32.339419365+00:00,0.75,0.75,46.83883333333333,-121.747,-1.86,0.46
62164956,STAR,2025-08-03 08:51:57.849998474+00:00,2025-08-03 08:51:52.849998474+00:00,2025-08-03 08:51:58.719670296+00:00,1.0,2025-08-03 08:51:59.419696808+00:00,0.75,1.0,46.85883333333334,-121.75,0.39,0.32
62165036,STAR,2025-08-03 15:55:13.949999809+00:00,2025-08-03 15:55:08.949999809+00:00,2025-08-03 15:55:14.609550238+00:00,1.0,2025-08-03 15:55:15.279738426+00:00,0.75,1.0,46.848166666666664,-121.75366666666666,-2.56,0.27
62165566,STAR,2025-08-04 12:34:39.919998169+00:00,2025-08-04 12:34:34.919998169+00:00,2025-08-04 12:34:40.599698305+00:00,1.0,2025-08-04 12:34:41.189105034+00:00,0.75,1.0,46.864,-121.76416666666668,-0.73,0.43
62166406,STAR,2025-08-05 19:17:18.590000153+00:00,2025-08-05 19:17:13.590000153+00:00,2025-08-05 19:17:19.267956495+00:00,1.0,2025-08-05 19:17:19.902120113+00:00,0.75,1.0,46.86033333333334,-121.77166666666666,0.62,0.43
62166416,STAR,2025-08-05 19:20:15.179999352+00:00,2025-08-05 19:20:10.179999352+00:00,2025-08-05 19:20:15.919721127+00:00,1.0,2025-08-05 19:20:16.589747906+00:00,1.0,1.0,46.8575,-121.77116666666667,1.07,0.45
62167256,STAR,2025-08-07 18:21:27.639999390+00:00,2025-08-07 18:21:22.639999390+00:00,2025-08-07 18:21:28.565992355+00:00,0.75,2025-08-07 18:21:29.207616806+00:00,0.75,0.75,46.858333333333334,-121.75183333333334,0.88,0.43
62167796,STAR,2025-08-08 02:14:19.489999771+00:00,2025-08-08 02:14:14.489999771+00:00,2025-08-08 02:14:20.336636066+00:00,0.5,2025-08-08 02:14:20.927264929+00:00,0.75,0.75,46.852,-121.76716666666668,1.07,-0.29
62168151,STAR,2025-08-08 20:24:15.029999495+00:00,2025-08-08 20:24:10.029999495+00:00,2025-08-08 20:24:15.686928511+00:00,0.75,2025-08-08 20:24:16.177646160+00:00,0.75,0.75,46.86366666666667,-121.7715,-0.16,0.09
62168386,STAR,2025-08-09 07:36:33.500000+00:00,2025-08-09 07:36:28.500000+00:00,2025-08-09 07:36:34.346853256+00:00,1.0,2025-08-09 07:36:34.969595909+00:00,0.75,1.0,46.84916666666667,-121.75466666666668,0.53,0.31
62172576,STAR,2025-08-17 07:43:52.699996948+00:00,2025-08-17 07:43:47.699996948+00:00,2025-08-17 07:43:53.638887405+00:00,1.0,2025-08-17 07:43:54.405220747+00:00,1.0,1.0,46.868833333333335,-121.74133333333332,-2.03,0.92
62173656,STAR,2025-08-19 23:01:11.289999962+00:00,2025-08-19 23:01:06.289999962+00:00,2025-08-19 23:01:12.029541969+00:00,0.5,2025-08-19 23:01:12.647695541+00:00,0.75,0.75,46.86266666666667,-121.74933333333334,-2.65,0.65
62175226,STAR,2025-08-22 23:43:32.020000458+00:00,2025-08-22 23:43:27.020000458+00:00,2025-08-22 23:43:32.805214167+00:00,1.0,2025-08-22 23:43:33.442804337+00:00,0.75,1.0,46.85933333333333,-121.75533333333334,-0.1,0.4
62176191,STAR,2025-08-25 14:24:00.160000086+00:00,2025-08-25 14:23:55.160000086+00:00,2025-08-25 14:24:00.756922245+00:00,0.75,2025-08-25 14:24:01.484498978+00:00,0.75,0.75,46.8555,-121.75483333333334,-2.33,0.36
62177106,STAR,2025-08-27 16:35:08.260000229+00:00,2025-08-27 16:35:03.260000229+00:00,2025-08-27 16:35:08.810318470+00:00,1.0,2025-08-27 16:35:09.360240459+00:00,0.75,1.0,46.866166666666665,-121.77416666666667,-1.76,0.29
62177376,STAR,2025-08-28 04:20:17.949998856+00:00,2025-08-28 04:20:12.949998856+00:00,2025-08-28 04:20:18.841731787+00:00,1.0,2025-08-28 04:20:19.571316242+00:00,0.5,1.0,46.86116666666667,-121.75466666666668,0.6,0.59
62178006,STAR,2025-08-29 04:32:50.329998016+00:00,2025-08-29 04:32:45.329998016+00:00,2025-08-29 04:32:51.171561956+00:00,0.75,2025-08-29 04:32:51.851862907+00:00,0.75,0.75,46.851166666666664,-121.76616666666666,1.24,0.32
