evid,auth,etype,magnitude,lat,lon,datetime,depth,place,timestamp,prefor,order
62134047,UW,eq,0.46,46.8465,-121.77016666666667,1751943456.6499977,-1.85,"1.1 km WSW from Mt Rainier, WA",2025-07-08T02:57:36.649Z,3333098,1751943456.6499977
62134077,UW,eq,0.34,46.8495,-121.7615,1751951641.96,-1.02,"0.4 km SSW from Mt Rainier, WA",2025-07-08T05:14:01.960Z,3333138,1751951641.96
62134102,UW,eq,0.28,46.851333333333336,-121.762,1751963990.0099983,-0.33,"0.3 km SW from Mt Rainier, WA",2025-07-08T08:39:50.009Z,3334628,1751963990.0099983
61504508,UW,eq,0.02,46.853,-121.7645,1751964021.08,0.52,"0.3 km W from Mt Rainier, WA",2025-07-08T08:40:21.080Z,3334633,1751964021.08
62134107,UW,eq,1.46,46.85016666666667,-121.75933333333333,1751964338.5499992,-0.28,"0.4 km S from Mt Rainier, WA",2025-07-08T08:45:38.549Z,3334638,1751964338.5499992
62134112,UW,eq,1.38,46.8515,-121.76083333333334,1751964907.4899998,0.16,"0.2 km SSW from Mt Rainier, WA",2025-07-08T08:55:07.490Z,3334708,1751964907.4899998
62134117,UW,eq,0.44,46.84916666666667,-121.76033333333334,1751965475.209999,-0.63,"0.5 km SSW from Mt Rainier, WA",2025-07-08T09:04:35.209Z,3334768,1751965475.209999
62134122,UW,eq,0.34,46.85016666666667,-121.76183333333333,1751966115.0299997,-0.55,"0.4 km SSW from Mt Rainier, WA",2025-07-08T09:15:15.030Z,3334783,1751966115.0299997
62134127,UW,eq,0.3,46.85,-121.762,1751966177.2999992,-0.4,"0.4 km SW from Mt Rainier, WA",2025-07-08T09:16:17.299Z,3334793,1751966177.2999992
62134132,UW,eq,0.29,46.85,-121.76233333333333,1751966575.5200005,-0.49,"0.4 km SW from Mt Rainier, WA",2025-07-08T09:22:55.520Z,3333563,1751966575.5200005
62134137,UW,eq,1.13,46.849666666666664,-121.76033333333334,1751966727.9699993,-0.46,"0.4 km SSW from Mt Rainier, WA",2025-07-08T09:25:27.969Z,3334803,1751966727.9699993
62134142,UW,eq,0.3,46.85016666666667,-121.76133333333334,1751967115.6399994,-0.57,"0.4 km SSW from Mt Rainier, WA",2025-07-08T09:31:55.639Z,3334818,1751967115.6399994
62134147,UW,eq,0.27,46.84866666666667,-121.76083333333334,1751967651.1399994,-0.78,"0.5 km SSW from Mt Rainier, WA",2025-07-08T09:40:51.139Z,3334843,1751967651.1399994
62134152,UW,eq,0.69,46.8495,-121.76066666666667,1751967778.1399994,-0.58,"0.4 km SSW from Mt Rainier, WA",2025-07-08T09:42:58.139Z,3333523,1751967778.1399994
62134157,UW,eq,0.37,46.85066666666667,-121.7615,1751967862.6899986,-0.76,"0.3 km SSW from Mt Rainier, WA",2025-07-08T09:44:22.689Z,3334278,1751967862.6899986
62134162,UW,eq,0.93,46.849833333333336,-121.76283333333333,1751968104.1899986,-0.99,"0.4 km SW from Mt Rainier, WA",2025-07-08T09:48:24.189Z,3333108,1751968104.1899986
62134167,UW,eq,0.38,46.85016666666667,-121.76166666666667,1751968248.0499992,-0.05,"0.4 km SSW from Mt Rainier, WA",2025-07-08T09:50:48.049Z,3333543,1751968248.0499992
62134172,UW,eq,0.09,46.84916666666667,-121.7575,1751968300.7999992,-0.23,"0.5 km SSE from Mt Rainier, WA",2025-07-08T09:51:40.799Z,3334563,1751968300.7999992
62134177,UW,eq,0.38,46.849333333333334,-121.76016666666666,1751968411.0100002,-0.46,"0.4 km SSW from Mt Rainier, WA",2025-07-08T09:53:31.010Z,3333528,1751968411.0100002
62134182,UW,eq,0.3,46.849833333333336,-121.7615,1751968435.3799973,-0.37,"0.4 km SSW from Mt Rainier, WA",2025-07-08T09:53:55.379Z,3333533,1751968435.3799973
62134187,UW,eq,0.28,46.8495,-121.7625,1751968448.0699997,-0.51,"0.5 km SW from Mt Rainier, WA",2025-07-08T09:54:08.070Z,3333548,1751968448.0699997
62134192,UW,eq,1.62,46.851333333333336,-121.76,1751968559.4799995,-0.09,"0.2 km S from Mt Rainier, WA",2025-07-08T09:55:59.480Z,3333028,1751968559.4799995
62134197,UW,eq,0.38,46.85016666666667,-121.76,1751968631.4899998,-0.4,"0.3 km S from Mt Rainier, WA",2025-07-08T09:57:11.490Z,3333683,1751968631.4899998
62134202,UW,eq,0.47,46.84866666666667,-121.76133333333334,1751968739.8999977,-0.57,"0.5 km SSW from Mt Rainier, WA",2025-07-08T09:58:59.899Z,3333693,1751968739.8999977
62134207,UW,eq,0.5,46.851333333333336,-121.7595,1751968763.08,-0.03,"0.2 km S from Mt Rainier, WA",2025-07-08T09:59:23.080Z,3333713,1751968763.08
62134212,UW,eq,0.42,46.849333333333334,-121.76033333333334,1751968796.329998,-0.67,"0.4 km SSW from Mt Rainier, WA",2025-07-08T09:59:56.329Z,3333748,1751968796.329998
62134217,UW,eq,0.82,46.8505,-121.7565,1751969201.7000008,0.26,"0.4 km SSE from Mt Rainier, WA",2025-07-08T10:06:41.700Z,3333788,1751969201.7000008
62134222,UW,eq,0.77,46.8495,-121.76016666666666,1751969549.6099987,-0.65,"0.4 km SSW from Mt Rainier, WA",2025-07-08T10:12:29.609Z,3334283,1751969549.6099987
62134227,UW,eq,0.02,46.849666666666664,-121.75933333333333,1751969759.7399979,-0.34,"0.4 km S from Mt Rainier, WA",2025-07-08T10:15:59.739Z,3334288,1751969759.7399979
62134232,UW,eq,0.22,46.849833333333336,-121.7615,1751969893.37,-0.39,"0.4 km SSW from Mt Rainier, WA",2025-07-08T10:18:13.370Z,3333473,1751969893.37
61504428,UW,eq,-0.41,46.852,-121.75916666666667,1751969923.8099976,-0.02,"0.2 km SSE from Mt Rainier, WA",2025-07-08T10:18:43.809Z,3333478,1751969923.8099976
62134242,UW,eq,1.47,46.8515,-121.75816666666667,1751970016.9799995,0.02,"0.2 km SSE from Mt Rainier, WA",2025-07-08T10:20:16.980Z,3333033,1751970016.9799995
62134247,UW,eq,0.17,46.85016666666667,-121.761,1751970075.4699993,-0.52,"0.4 km SSW from Mt Rainier, WA",2025-07-08T10:21:15.469Z,3334858,1751970075.4699993
62134252,UW,eq,0.31,46.852666666666664,-121.7605,1751970608.7799997,-0.24,"0.1 km SW from Mt Rainier, WA",2025-07-08T10:30:08.780Z,3334873,1751970608.7799997
62134257,UW,eq,0.21,46.8565,-121.75666666666666,1751970727.1799998,-0.56,"0.4 km NE from Mt Rainier, WA",2025-07-08T10:32:07.180Z,3334883,1751970727.1799998
62134262,UW,eq,1.14,46.85066666666667,-121.761,1751970830.5599976,-2.24,"0.3 km SSW from Mt Rainier, WA",2025-07-08T10:33:50.559Z,3333643,1751970830.5599976
62134267,UW,eq,0.53,46.8515,-121.759,1751970921.4300003,-0.27,"0.2 km S from Mt Rainier, WA",2025-07-08T10:35:21.430Z,3334948,1751970921.4300003
62134272,UW,eq,0.43,46.85,-121.76,1751970952.289997,-0.71,"0.4 km S from Mt Rainier, WA",2025-07-08T10:35:52.289Z,3334943,1751970952.289997
62134277,UW,eq,0.34,46.850833333333334,-121.76316666666666,1751971243.6699982,-0.3,"0.4 km SW from Mt Rainier, WA",2025-07-08T10:40:43.669Z,3333183,1751971243.6699982
62134287,UW,eq,0.37,46.8505,-121.76233333333333,1751971325.37,-0.49,"0.4 km SW from Mt Rainier, WA",2025-07-08T10:42:05.370Z,3333193,1751971325.37
61504368,UW,eq,0.45,46.85016666666667,-121.76016666666666,1751971329.58,-0.22,"0.3 km SSW from Mt Rainier, WA",2025-07-08T10:42:09.580Z,3333203,1751971329.58
62134282,UW,eq,0.4,46.85033333333333,-121.7595,1751971390.58,-0.48,"0.3 km S from Mt Rainier, WA",2025-07-08T10:43:10.580Z,3334958,1751971390.58
62134292,UW,eq,0.68,46.85016666666667,-121.76033333333334,1751971614.4899979,-0.01,"0.3 km SSW from Mt Rainier, WA",2025-07-08T10:46:54.489Z,3334973,1751971614.4899979
61504528,UW,eq,-0.39,46.849666666666664,-121.75933333333333,1751971639.1299992,-0.05,"0.4 km S from Mt Rainier, WA",2025-07-08T10:47:19.129Z,3334983,1751971639.1299992
62134302,UW,eq,0.51,46.849833333333336,-121.76033333333334,1751971847.5599976,-0.61,"0.4 km SSW from Mt Rainier, WA",2025-07-08T10:50:47.559Z,3336268,1751971847.5599976
61504578,UW,eq,0.56,46.8535,-121.7665,1751971850.1599998,-0.62,"0.5 km WNW from Mt Rainier, WA",2025-07-08T10:50:50.160Z,3336278,1751971850.1599998
62134307,UW,eq,0.15,46.8485,-121.76116666666667,1751971909.8600006,-0.49,"0.5 km SSW from Mt Rainier, WA",2025-07-08T10:51:49.860Z,3336288,1751971909.8600006
61504583,UW,eq,-0.45,46.85016666666667,-121.76216666666667,1751971928.9799995,-0.42,"0.4 km SW from Mt Rainier, WA",2025-07-08T10:52:08.980Z,3336303,1751971928.9799995
62134312,UW,eq,-0.12,46.85066666666667,-121.76433333333334,1751972012.369999,-0.42,"0.4 km WSW from Mt Rainier, WA",2025-07-08T10:53:32.369Z,3333583,1751972012.369999
62134317,UW,eq,0.48,46.85066666666667,-121.75933333333333,1751972108.21,0.02,"0.3 km S from Mt Rainier, WA",2025-07-08T10:55:08.210Z,3336323,1751972108.21
62134322,UW,eq,0.14,46.8505,-121.76016666666666,1751972137.25,-0.29,"0.3 km SSW from Mt Rainier, WA",2025-07-08T10:55:37.250Z,3336333,1751972137.25
61504593,UW,eq,0.2,46.849833333333336,-121.76266666666666,1751972186.25,-0.33,"0.4 km SW from Mt Rainier, WA",2025-07-08T10:56:26.250Z,3336343,1751972186.25
62134327,UW,eq,0.37,46.85183333333333,-121.76233333333333,1751972473.9499998,-0.31,"0.2 km WSW from Mt Rainier, WA",2025-07-08T11:01:13.950Z,3334878,1751972473.9499998
61504513,UW,eq,-0.37,46.85316666666667,-121.76033333333334,1751972513.4300003,-0.08,"0 km WSW from Mt Rainier, WA",2025-07-08T11:01:53.430Z,3334888,1751972513.4300003
62134332,UW,eq,0.39,46.84866666666667,-121.76083333333334,1751972729.709999,-0.52,"0.5 km SSW from Mt Rainier, WA",2025-07-08T11:05:29.709Z,3334893,1751972729.709999
61504518,UW,eq,0.41,46.8535,-121.76133333333334,1751972734.2399979,0.25,"0.1 km WNW from Mt Rainier, WA",2025-07-08T11:05:34.239Z,3334898,1751972734.2399979
62134337,UW,eq,0.3,46.849333333333334,-121.75983333333333,1751972789.5499992,-0.46,"0.4 km S from Mt Rainier, WA",2025-07-08T11:06:29.549Z,3334903,1751972789.5499992
61504523,UW,eq,-0.33,46.855,-121.76033333333334,1751972794.119999,-0.06,"0.2 km N from Mt Rainier, WA",2025-07-08T11:06:34.119Z,3334908,1751972794.119999
62134342,UW,eq,0.5,46.85,-121.759,1751972903.6399994,-0.55,"0.4 km S from Mt Rainier, WA",2025-07-08T11:08:23.639Z,3334913,1751972903.6399994
62134347,UW,eq,0.58,46.8505,-121.7605,1751973008.9799995,-0.06,"0.3 km SSW from Mt Rainier, WA",2025-07-08T11:10:08.980Z,3333653,1751973008.9799995
62134352,UW,eq,0.38,46.851333333333336,-121.76133333333334,1751973039.2299995,-0.47,"0.2 km SW from Mt Rainier, WA",2025-07-08T11:10:39.230Z,3336348,1751973039.2299995
62134357,UW,eq,1.15,46.84916666666667,-121.76083333333334,1751973052.579998,-0.47,"0.5 km SSW from Mt Rainier, WA",2025-07-08T11:10:52.579Z,3334918,1751973052.579998
62134362,UW,eq,0.32,46.851,-121.7595,1751973147.1499996,-0.67,"0.3 km S from Mt Rainier, WA",2025-07-08T11:12:27.150Z,3334923,1751973147.1499996
62134367,UW,eq,0.63,46.85033333333333,-121.761,1751973210.6799984,-0.44,"0.3 km SSW from Mt Rainier, WA",2025-07-08T11:13:30.679Z,3334928,1751973210.6799984
62134372,UW,eq,0.61,46.8485,-121.76116666666667,1751973311.3599997,-0.44,"0.5 km SSW from Mt Rainier, WA",2025-07-08T11:15:11.360Z,3334938,1751973311.3599997
61504608,UW,eq,0.59,46.85066666666667,-121.76166666666667,1751973773.1100006,-0.26,"0.3 km SW from Mt Rainier, WA",2025-07-08T11:22:53.110Z,3336363,1751973773.1100006
62134377,UW,eq,0.49,46.849333333333334,-121.76083333333334,1751973782.4299998,-0.24,"0.4 km SSW from Mt Rainier, WA",2025-07-08T11:23:02.430Z,3336353,1751973782.4299998
61504598,UW,eq,-0.2,46.8515,-121.75666666666666,1751973799.4699993,0.58,"0.3 km SE from Mt Rainier, WA",2025-07-08T11:23:19.469Z,3336358,1751973799.4699993
62134387,UW,eq,0.48,46.85,-121.7575,1751973897.1299973,0.41,"0.4 km SSE from Mt Rainier, WA",2025-07-08T11:24:57.129Z,3336398,1751973897.1299973
62134392,UW,eq,-0.04,46.851333333333336,-121.757,1751974004.2700005,0.06,"0.3 km SE from Mt Rainier, WA",2025-07-08T11:26:44.270Z,3336403,1751974004.2700005
62134397,UW,eq,0.32,46.85066666666667,-121.76133333333334,1751974126.0699997,-0.89,"0.3 km SSW from Mt Rainier, WA",2025-07-08T11:28:46.070Z,3335548,1751974126.0699997
61504563,UW,eq,0.25,46.85033333333333,-121.76033333333334,1751974138.0699997,-0.77,"0.3 km SSW from Mt Rainier, WA",2025-07-08T11:28:58.070Z,3335553,1751974138.0699997
61504568,UW,eq,0.31,46.849666666666664,-121.76616666666666,1751974140.69,0.53,"0.6 km WSW from Mt Rainier, WA",2025-07-08T11:29:00.690Z,3335558,1751974140.69
62134402,UW,eq,0.32,46.850833333333334,-121.7565,1751974508.5299997,-0.02,"0.4 km SSE from Mt Rainier, WA",2025-07-08T11:35:08.530Z,3336418,1751974508.5299997
62134407,UW,eq,0.47,46.848166666666664,-121.759,1751974596.329998,-0.24,"0.6 km S from Mt Rainier, WA",2025-07-08T11:36:36.329Z,3336423,1751974596.329998
62134412,UW,eq,0.47,46.849,-121.761,1751974660.4699974,-0.51,"0.5 km SSW from Mt Rainier, WA",2025-07-08T11:37:40.469Z,3336443,1751974660.4699974
62134417,UW,eq,0.46,46.847,-121.76016666666666,1751974832.75,-0.14,"0.7 km SSW from Mt Rainier, WA",2025-07-08T11:40:32.750Z,3336468,1751974832.75
62134422,UW,eq,0.69,46.85,-121.76133333333334,1751974843.6100006,-0.61,"0.4 km SSW from Mt Rainier, WA",2025-07-08T11:40:43.610Z,3336473,1751974843.6100006
62134427,UW,eq,0.16,46.847166666666666,-121.762,1751974911.6699982,0.19,"0.7 km SSW from Mt Rainier, WA",2025-07-08T11:41:51.669Z,3336483,1751974911.6699982
61504618,UW,eq,-0.69,46.8505,-121.76316666666666,1751974938.8599987,0.31,"0.4 km SW from Mt Rainier, WA",2025-07-08T11:42:18.859Z,3336488,1751974938.8599987
61504623,UW,eq,0.59,46.85,-121.7615,1751974981.69,0.21,"0.4 km SSW from Mt Rainier, WA",2025-07-08T11:43:01.690Z,3336503,1751974981.69
62134447,UW,eq,-0.01,46.85,-121.75933333333333,1751975078.7299995,0.42,"0.4 km S from Mt Rainier, WA",2025-07-08T11:44:38.730Z,3336513,1751975078.7299995
62134432,UW,eq,1.35,46.8525,-121.756,1751975143.0599976,0.28,"0.3 km ESE from Mt Rainier, WA",2025-07-08T11:45:43.059Z,3333038,1751975143.0599976
62134437,UW,eq,0.58,46.848333333333336,-121.76033333333334,1751975205.329998,0.52,"0.6 km SSW from Mt Rainier, WA",2025-07-08T11:46:45.329Z,3336533,1751975205.329998
62134442,UW,eq,0.72,46.849833333333336,-121.76583333333333,1751975219.5900002,0.26,"0.6 km WSW from Mt Rainier, WA",2025-07-08T11:46:59.590Z,3333608,1751975219.5900002
62134457,UW,eq,1.08,46.848333333333336,-121.76066666666667,1751975498.9099998,0.07,"0.6 km SSW from Mt Rainier, WA",2025-07-08T11:51:38.910Z,3336548,1751975498.9099998
62134462,UW,eq,0.78,46.8495,-121.76116666666667,1751975554.0900002,-1.21,"0.4 km SSW from Mt Rainier, WA",2025-07-08T11:52:34.090Z,3333063,1751975554.0900002
62134467,UW,eq,0.96,46.847833333333334,-121.76633333333334,1751975640.42,-1.9,"0.8 km SW from Mt Rainier, WA",2025-07-08T11:54:00.420Z,3333258,1751975640.42
62134472,UW,eq,0.67,46.84866666666667,-121.76033333333334,1751975740.4699974,0.28,"0.5 km SSW from Mt Rainier, WA",2025-07-08T11:55:40.469Z,3336553,1751975740.4699974
61504633,UW,eq,-0.41,46.84866666666667,-121.76533333333333,1751975776.8999996,0.73,"0.7 km SW from Mt Rainier, WA",2025-07-08T11:56:16.900Z,3336558,1751975776.8999996
62134477,UW,eq,0.3,46.85,-121.7615,1751975817.9099998,-0.47,"0.4 km SSW from Mt Rainier, WA",2025-07-08T11:56:57.910Z,3335398,1751975817.9099998
62134482,UW,eq,0.68,46.848166666666664,-121.75983333333333,1751975876.369999,-0.28,"0.6 km S from Mt Rainier, WA",2025-07-08T11:57:56.369Z,3336563,1751975876.369999
62134487,UW,eq,1.25,46.847833333333334,-121.76233333333333,1751975883.12,-0.47,"0.6 km SSW from Mt Rainier, WA",2025-07-08T11:58:03.120Z,3333073,1751975883.12
62134492,UW,eq,0.34,46.84883333333333,-121.7635,1751976042.0499992,-0.45,"0.6 km SW from Mt Rainier, WA",2025-07-08T12:00:42.049Z,3335383,1751976042.0499992
61504643,UW,eq,0.64,46.848,-121.7615,1751976119.8499985,-0.07,"0.6 km SSW from Mt Rainier, WA",2025-07-08T12:01:59.849Z,3336638,1751976119.8499985
62134502,UW,eq,0.56,46.8485,-121.75933333333333,1751976222.619999,-0.46,"0.5 km S from Mt Rainier, WA",2025-07-08T12:03:42.619Z,3333538,1751976222.619999
62134507,UW,eq,0.4,46.849,-121.7585,1751976230.1499977,-0.68,"0.5 km S from Mt Rainier, WA",2025-07-08T12:03:50.149Z,3333553,1751976230.1499977
62134512,UW,eq,0.65,46.85016666666667,-121.75883333333333,1751976245.52,-0.4,"0.4 km S from Mt Rainier, WA",2025-07-08T12:04:05.520Z,3333483,1751976245.52
61504433,UW,eq,-0.21,46.852,-121.76816666666667,1751976251.7399998,-0.23,"0.6 km W from Mt Rainier, WA",2025-07-08T12:04:11.740Z,3333488,1751976251.7399998
62134517,UW,eq,0.49,46.851333333333336,-121.76416666666667,1751976264.4899998,-0.53,"0.4 km WSW from Mt Rainier, WA",2025-07-08T12:04:24.490Z,3333493,1751976264.4899998
62134527,UW,eq,0.42,46.851,-121.75933333333333,1751976570.3899994,-0.44,"0.3 km S from Mt Rainier, WA",2025-07-08T12:09:30.389Z,3335378,1751976570.3899994
62134532,UW,eq,0.68,46.849,-121.76083333333334,1751976595.7999992,-0.49,"0.5 km SSW from Mt Rainier, WA",2025-07-08T12:09:55.799Z,3335363,1751976595.7999992
62134537,UW,eq,0.72,46.84866666666667,-121.75816666666667,1751976614.5199995,-0.23,"0.5 km S from Mt Rainier, WA",2025-07-08T12:10:14.520Z,3333363,1751976614.5199995
62134542,UW,eq,0.36,46.85033333333333,-121.7605,1751976887.6599998,-0.33,"0.3 km SSW from Mt Rainier, WA",2025-07-08T12:14:47.660Z,3335353,1751976887.6599998
62134547,UW,eq,0.37,46.849,-121.75833333333334,1751976916.9499989,-0.05,"0.5 km S from Mt Rainier, WA",2025-07-08T12:15:16.949Z,3336598,1751976916.9499989
62134552,UW,eq,0.17,46.85183333333333,-121.76083333333334,1751977026.29,-0.41,"0.2 km SSW from Mt Rainier, WA",2025-07-08T12:17:06.290Z,3333573,1751977026.29
62134557,UW,eq,0.45,46.8505,-121.7685,1751977276.6800003,-1.46,"0.7 km WSW from Mt Rainier, WA",2025-07-08T12:21:16.680Z,3335343,1751977276.6800003
62134562,UW,eq,0.41,46.84733333333333,-121.75816666666667,1751977404.1399994,0.52,"0.7 km S from Mt Rainier, WA",2025-07-08T12:23:24.139Z,3336613,1751977404.1399994
62134567,UW,eq,0.68,46.84883333333333,-121.75866666666667,1751977579.1999989,0.18,"0.5 km S from Mt Rainier, WA",2025-07-08T12:26:19.199Z,3336628,1751977579.1999989
61504638,UW,eq,-0.2,46.849333333333334,-121.75783333333334,1751977593.7399979,-0.02,"0.5 km S from Mt Rainier, WA",2025-07-08T12:26:33.739Z,3336633,1751977593.7399979
62134572,UW,eq,0.55,46.849833333333336,-121.75883333333333,1751977613.9300003,-0.32,"0.4 km S from Mt Rainier, WA",2025-07-08T12:26:53.930Z,3335328,1751977613.9300003
62134577,UW,eq,1.5,46.85366666666667,-121.75983333333333,1751977822.459999,-0.41,"0 km NNE from Mt Rainier, WA",2025-07-08T12:30:22.459Z,3333048,1751977822.459999
62134582,UW,eq,0.43,46.85033333333333,-121.75966666666666,1751977853.1899986,-0.48,"0.3 km S from Mt Rainier, WA",2025-07-08T12:30:53.189Z,3337588,1751977853.1899986
62134587,UW,eq,0.43,46.853,-121.76733333333334,1751977904.7799988,0.96,"0.6 km W from Mt Rainier, WA",2025-07-08T12:31:44.779Z,3335318,1751977904.7799988
62134592,UW,eq,0.6,46.85033333333333,-121.76683333333334,1751977989.4099998,1.54,"0.6 km WSW from Mt Rainier, WA",2025-07-08T12:33:09.410Z,3333133,1751977989.4099998
62134597,UW,eq,0.88,46.849833333333336,-121.7585,1751978051.4699993,-0.04,"0.4 km S from Mt Rainier, WA",2025-07-08T12:34:11.469Z,3337608,1751978051.4699993
62134602,UW,eq,0.48,46.84916666666667,-121.75933333333333,1751978073.9899979,-1.73,"0.5 km S from Mt Rainier, WA",2025-07-08T12:34:33.989Z,3338753,1751978073.9899979
61504683,UW,eq,0.38,46.8515,-121.76783333333333,1751978089.2299995,-0.24,"0.6 km W from Mt Rainier, WA",2025-07-08T12:34:49.230Z,3338758,1751978089.2299995
62134607,UW,eq,0.37,46.850833333333334,-121.76066666666667,1751978193.1800003,-0.7,"0.3 km SSW from Mt Rainier, WA",2025-07-08T12:36:33.180Z,3336648,1751978193.1800003
62134612,UW,eq,0.28,46.849666666666664,-121.76116666666667,1751978857.1100006,-0.38,"0.4 km SSW from Mt Rainier, WA",2025-07-08T12:47:37.110Z,3337433,1751978857.1100006
62134627,UW,eq,0.16,46.8495,-121.76766666666667,1751979147.1499996,-0.05,"0.7 km WSW from Mt Rainier, WA",2025-07-08T12:52:27.150Z,3338718,1751979147.1499996
62134617,UW,eq,0.45,46.84766666666667,-121.76266666666666,1751979203.5199986,-1.27,"0.7 km SSW from Mt Rainier, WA",2025-07-08T12:53:23.519Z,3335208,1751979203.5199986
62134622,UW,eq,0.6,46.849833333333336,-121.7595,1751979223.3400002,0.19,"0.4 km S from Mt Rainier, WA",2025-07-08T12:53:43.340Z,3333438,1751979223.3400002
62134632,UW,eq,0.32,46.849833333333336,-121.759,1751979372.0699997,-0.97,"0.4 km S from Mt Rainier, WA",2025-07-08T12:56:12.070Z,3337623,1751979372.0699997
62134637,UW,eq,0.48,46.85183333333333,-121.75316666666667,1751979459.0299988,-2.54,"0.5 km ESE from Mt Rainier, WA",2025-07-08T12:57:39.029Z,3340518,1751979459.0299988
62134642,UW,eq,0.3,46.85166666666667,-121.7605,1751979631.6899986,-0.22,"0.2 km SSW from Mt Rainier, WA",2025-07-08T13:00:31.689Z,3339878,1751979631.6899986
62134647,UW,eq,0.7,46.8505,-121.76883333333333,1751979676.0100002,-1.29,"0.7 km WSW from Mt Rainier, WA",2025-07-08T13:01:16.010Z,3333448,1751979676.0100002
62134657,UW,eq,0.46,46.849333333333334,-121.76,1751979717.3899994,-0.11,"0.4 km S from Mt Rainier, WA",2025-07-08T13:01:57.389Z,3339883,1751979717.3899994
62134662,UW,eq,0.2,46.849833333333336,-121.76,1751979763.3600006,-0.17,"0.4 km S from Mt Rainier, WA",2025-07-08T13:02:43.360Z,3340433,1751979763.3600006
62134667,UW,eq,-0.01,46.85183333333333,-121.75466666666667,1751979768.6899986,0.76,"0.4 km ESE from Mt Rainier, WA",2025-07-08T13:02:48.689Z,3341503,1751979768.6899986
62134677,UW,eq,0.29,46.84616666666667,-121.76166666666667,1751979993.8600006,-2.59,"0.8 km SSW from Mt Rainier, WA",2025-07-08T13:06:33.860Z,3340543,1751979993.8600006
62134672,UW,eq,0.39,46.851,-121.76283333333333,1751980106.1499996,-0.09,"0.3 km SW from Mt Rainier, WA",2025-07-08T13:08:26.150Z,3335198,1751980106.1499996
62134682,UW,eq,0.39,46.849666666666664,-121.75933333333333,1751980125.709999,-0.23,"0.4 km S from Mt Rainier, WA",2025-07-08T13:08:45.709Z,3335188,1751980125.709999
62134687,UW,eq,0.74,46.8495,-121.76383333333334,1751980151.83,-1,"0.5 km SW from Mt Rainier, WA",2025-07-08T13:09:11.830Z,3333163,1751980151.83
62134692,UW,eq,0.4,46.845333333333336,-121.7485,1751980230.1899986,0,"1.2 km SSE from Mt Rainier, WA",2025-07-08T13:10:30.189Z,3340553,1751980230.1899986
62134697,UW,eq,0.55,46.849333333333334,-121.76183333333333,1751980413.209999,-0.65,"0.5 km SSW from Mt Rainier, WA",2025-07-08T13:13:33.209Z,3333433,1751980413.209999
62134702,UW,eq,0.28,46.85016666666667,-121.766,1751980437.0499992,0,"0.6 km WSW from Mt Rainier, WA",2025-07-08T13:13:57.049Z,3333623,1751980437.0499992
62134707,UW,eq,0.56,46.847166666666666,-121.76083333333334,1751980504.06,-0.01,"0.7 km SSW from Mt Rainier, WA",2025-07-08T13:15:04.060Z,3339988,1751980504.06
62134712,UW,eq,0.56,46.849833333333336,-121.76366666666667,1751980737.3999977,-0.37,"0.5 km SW from Mt Rainier, WA",2025-07-08T13:18:57.399Z,3335178,1751980737.3999977
62134717,UW,eq,0.39,46.85016666666667,-121.7665,1751980863.24,-0.3,"0.6 km WSW from Mt Rainier, WA",2025-07-08T13:21:03.240Z,3333393,1751980863.24
62134722,UW,eq,0.71,46.85,-121.7675,1751980887.2699986,0.87,"0.7 km WSW from Mt Rainier, WA",2025-07-08T13:21:27.269Z,3333398,1751980887.2699986
62134727,UW,eq,0.49,46.848333333333336,-121.76116666666667,1751981344.5499997,0.5,"0.6 km SSW from Mt Rainier, WA",2025-07-08T13:29:04.550Z,3339993,1751981344.5499997
61504698,UW,eq,0.58,46.84733333333333,-121.764,1751981392.6699982,1.4,"0.7 km SW from Mt Rainier, WA",2025-07-08T13:29:52.669Z,3339998,1751981392.6699982
62134732,UW,eq,0.37,46.848166666666664,-121.76133333333334,1751981824.4,-0.87,"0.6 km SSW from Mt Rainier, WA",2025-07-08T13:37:04.400Z,3340003,1751981824.4
61504703,UW,eq,0.33,46.85166666666667,-121.76533333333333,1751981857.959999,0.86,"0.4 km WSW from Mt Rainier, WA",2025-07-08T13:37:37.959Z,3340008,1751981857.959999
62134737,UW,eq,0.56,46.851166666666664,-121.76083333333334,1751982109.039997,-0.12,"0.2 km SSW from Mt Rainier, WA",2025-07-08T13:41:49.039Z,3335163,1751982109.039997
62134742,UW,eq,0.57,46.849,-121.76783333333333,1751982185.8399997,-1.86,"0.8 km WSW from Mt Rainier, WA",2025-07-08T13:43:05.840Z,3337473,1751982185.8399997
62134747,UW,eq,0.39,46.851333333333336,-121.76266666666666,1751982420.22,-0.37,"0.3 km SW from Mt Rainier, WA",2025-07-08T13:47:00.220Z,3340013,1751982420.22
61504708,UW,eq,-0.27,46.85,-121.759,1751982453.6899986,0.3,"0.4 km S from Mt Rainier, WA",2025-07-08T13:47:33.689Z,3340018,1751982453.6899986
62134767,UW,eq,0.41,46.85183333333333,-121.76133333333334,1751983564.1599998,-2.25,"0.2 km SW from Mt Rainier, WA",2025-07-08T14:06:04.160Z,3340658,1751983564.1599998
62134777,UW,eq,0.6,46.849833333333336,-121.76283333333333,1751983661.540001,-0.56,"0.4 km SW from Mt Rainier, WA",2025-07-08T14:07:41.540Z,3335148,1751983661.540001
62134782,UW,eq,0.65,46.8485,-121.76,1751983783.6299973,-0.18,"0.5 km S from Mt Rainier, WA",2025-07-08T14:09:43.629Z,3338508,1751983783.6299973
62134792,UW,eq,0.47,46.8505,-121.75866666666667,1751984032.369999,-0.34,"0.3 km S from Mt Rainier, WA",2025-07-08T14:13:52.369Z,3335128,1751984032.369999
62134797,UW,eq,0.53,46.85483333333333,-121.7635,1751984200.3799973,-1.48,"0.3 km NW from Mt Rainier, WA",2025-07-08T14:16:40.379Z,3335118,1751984200.3799973
62134802,UW,eq,0.14,46.85,-121.75833333333334,1751984402.56,-0.31,"0.4 km S from Mt Rainier, WA",2025-07-08T14:20:02.560Z,3339983,1751984402.56
62134807,UW,eq,1.31,46.86033333333334,-121.76433333333334,1751984589.6799994,-0.13,"0.8 km NNW from Mt Rainier, WA",2025-07-08T14:23:09.679Z,3333053,1751984589.6799994
62134817,UW,eq,0.48,46.850833333333334,-121.76033333333334,1751984770.33,-0.53,"0.3 km SSW from Mt Rainier, WA",2025-07-08T14:26:10.330Z,3335083,1751984770.33
62134822,UW,eq,0.27,46.852666666666664,-121.75783333333334,1751984831.88,-0.37,"0.2 km SE from Mt Rainier, WA",2025-07-08T14:27:11.880Z,3333578,1751984831.88
62134827,UW,eq,1.13,46.85883333333334,-121.76733333333334,1751984924.0099983,-0.26,"0.8 km NNW from Mt Rainier, WA",2025-07-08T14:28:44.009Z,3333058,1751984924.0099983
62134832,UW,eq,0.31,46.8505,-121.76333333333334,1751984956.709999,-0.15,"0.4 km SW from Mt Rainier, WA",2025-07-08T14:29:16.709Z,3335073,1751984956.709999
62134837,UW,eq,0.1,46.85333333333333,-121.76666666666667,1751985099.75,0,"0.5 km WNW from Mt Rainier, WA",2025-07-08T14:31:39.750Z,3333453,1751985099.75
61504418,UW,eq,0.4,46.849,-121.762,1751985162.1499977,-0.07,"0.5 km SSW from Mt Rainier, WA",2025-07-08T14:32:42.149Z,3333458,1751985162.1499977
61504423,UW,eq,-0.6,46.85183333333333,-121.76033333333334,1751985178.0900002,0.12,"0.2 km SSW from Mt Rainier, WA",2025-07-08T14:32:58.090Z,3333463,1751985178.0900002
62134862,UW,eq,0.48,46.8505,-121.75583333333333,1751985805.369999,-0.34,"0.4 km SE from Mt Rainier, WA",2025-07-08T14:43:25.369Z,3337438,1751985805.369999
62134867,UW,eq,0.35,46.85033333333333,-121.76,1751985904.5499997,-0.13,"0.3 km S from Mt Rainier, WA",2025-07-08T14:45:04.550Z,3339098,1751985904.5499997
62134877,UW,eq,1.08,46.84766666666667,-121.76583333333333,1751986229.2299995,0.14,"0.8 km SW from Mt Rainier, WA",2025-07-08T14:50:29.230Z,3333068,1751986229.2299995
62134882,UW,eq,0.7,46.848166666666664,-121.76883333333333,1751986411.459999,0.52,"0.9 km WSW from Mt Rainier, WA",2025-07-08T14:53:31.459Z,3333783,1751986411.459999
62134887,UW,eq,0.62,46.8485,-121.76766666666667,1751986454.9799995,0.65,"0.8 km WSW from Mt Rainier, WA",2025-07-08T14:54:14.980Z,3335063,1751986454.9799995
62134892,UW,eq,0.45,46.852666666666664,-121.76683333333334,1751986590.6299992,-0.02,"0.5 km W from Mt Rainier, WA",2025-07-08T14:56:30.629Z,3333793,1751986590.6299992
62134897,UW,eq,0.62,46.848166666666664,-121.76033333333334,1751986918.6499977,-0.14,"0.6 km SSW from Mt Rainier, WA",2025-07-08T15:01:58.649Z,3335053,1751986918.6499977
62134902,UW,eq,0.26,46.852,-121.7655,1751987168.42,0.07,"0.4 km W from Mt Rainier, WA",2025-07-08T15:06:08.420Z,3340568,1751987168.42
62134912,UW,eq,0.26,46.848166666666664,-121.75916666666667,1751987242.3500004,0.04,"0.6 km S from Mt Rainier, WA",2025-07-08T15:07:22.350Z,3335043,1751987242.3500004
62134907,UW,eq,0.36,46.85166666666667,-121.7625,1751987290.3000002,-0.39,"0.3 km WSW from Mt Rainier, WA",2025-07-08T15:08:10.300Z,3335038,1751987290.3000002
62134917,UW,eq,0.41,46.852666666666664,-121.76583333333333,1751987569.8199997,-0.07,"0.5 km W from Mt Rainier, WA",2025-07-08T15:12:49.820Z,3339103,1751987569.8199997
62134922,UW,eq,0.21,46.85316666666667,-121.76566666666666,1751987799.6800003,0.12,"0.4 km W from Mt Rainier, WA",2025-07-08T15:16:39.680Z,3333188,1751987799.6800003
62134927,UW,eq,0.74,46.85816666666667,-121.76133333333334,1751987820.6,0.62,"0.6 km N from Mt Rainier, WA",2025-07-08T15:17:00.600Z,3333173,1751987820.6
62134932,UW,eq,1.02,46.85783333333333,-121.761,1751987869.4199982,0.63,"0.5 km N from Mt Rainier, WA",2025-07-08T15:17:49.419Z,3333148,1751987869.4199982
62134937,UW,eq,-0.19,46.856833333333334,-121.76583333333333,1751987886.06,0.57,"0.6 km NW from Mt Rainier, WA",2025-07-08T15:18:06.060Z,3333143,1751987886.06
62134947,UW,eq,0.76,46.85333333333333,-121.76183333333333,1751988270.6399994,-0.31,"0.1 km WNW from Mt Rainier, WA",2025-07-08T15:24:30.639Z,3333123,1751988270.6399994
61504363,UW,eq,-0.44,46.854166666666664,-121.76466666666667,1751988277.709999,0.45,"0.4 km WNW from Mt Rainier, WA",2025-07-08T15:24:37.709Z,3333128,1751988277.709999
62134952,UW,eq,0.86,46.851,-121.765,1751988441.1299992,-0.16,"0.5 km WSW from Mt Rainier, WA",2025-07-08T15:27:21.129Z,3333113,1751988441.1299992
62134957,UW,eq,0.63,46.849666666666664,-121.75983333333333,1751988675.12,-0.15,"0.4 km S from Mt Rainier, WA",2025-07-08T15:31:15.120Z,3333103,1751988675.12
62134962,UW,eq,0.72,46.852,-121.768,1751988721.6799998,-2.45,"0.6 km W from Mt Rainier, WA",2025-07-08T15:32:01.680Z,3333093,1751988721.6799998
62134972,UW,eq,0.31,46.85616666666667,-121.76733333333334,1751988914.38,-0.14,"0.6 km NW from Mt Rainier, WA",2025-07-08T15:35:14.380Z,3333083,1751988914.38
62134977,UW,eq,0.3,46.852833333333336,-121.7685,1751989107.9499989,-0.14,"0.7 km W from Mt Rainier, WA",2025-07-08T15:38:27.949Z,3333213,1751989107.9499989
61504373,UW,eq,0.31,46.85216666666667,-121.76833333333333,1751989125.8199997,0.03,"0.6 km W from Mt Rainier, WA",2025-07-08T15:38:45.820Z,3333223,1751989125.8199997
62134982,UW,eq,0.25,46.854166666666664,-121.765,1751989241.4799995,0.23,"0.4 km WNW from Mt Rainier, WA",2025-07-08T15:40:41.480Z,3333233,1751989241.4799995
62134992,UW,eq,0.39,46.852666666666664,-121.757,1751989663.790001,-0.19,"0.2 km ESE from Mt Rainier, WA",2025-07-08T15:47:43.790Z,3333253,1751989663.790001
61504388,UW,eq,0.36,46.85183333333333,-121.76433333333334,1751989671.4699974,0.26,"0.4 km WSW from Mt Rainier, WA",2025-07-08T15:47:51.469Z,3333263,1751989671.4699974
62134997,UW,eq,-0.2,46.8515,-121.76183333333333,1751989778.7700005,-0.06,"0.2 km SW from Mt Rainier, WA",2025-07-08T15:49:38.770Z,3333268,1751989778.7700005
62135002,UW,eq,0.3,46.85,-121.76633333333334,1751989810.8899994,0.26,"0.6 km WSW from Mt Rainier, WA",2025-07-08T15:50:10.889Z,3333273,1751989810.8899994
61504393,UW,eq,-0.53,46.8535,-121.76516666666667,1751989827.0599995,0.13,"0.4 km WNW from Mt Rainier, WA",2025-07-08T15:50:27.060Z,3333278,1751989827.0599995
61504398,UW,eq,-0.08,46.85,-121.76283333333333,1751989856.3899994,-0.26,"0.4 km SW from Mt Rainier, WA",2025-07-08T15:50:56.389Z,3333283,1751989856.3899994
62135012,UW,eq,0.66,46.853,-121.76366666666667,1751990234.46,-0.29,"0.3 km W from Mt Rainier, WA",2025-07-08T15:57:14.460Z,3333293,1751990234.46
62135022,UW,eq,0.97,46.849666666666664,-121.76333333333334,1751990245.2999992,-0.15,"0.5 km SW from Mt Rainier, WA",2025-07-08T15:57:25.299Z,3333313,1751990245.2999992
62135017,UW,eq,0.87,46.852833333333336,-121.76566666666666,1751990259.1699982,0.06,"0.4 km W from Mt Rainier, WA",2025-07-08T15:57:39.169Z,3333198,1751990259.1699982
62135027,UW,eq,0.26,46.84883333333333,-121.7685,1751990335.459999,0.71,"0.8 km WSW from Mt Rainier, WA",2025-07-08T15:58:55.459Z,3333323,1751990335.459999
62135032,UW,eq,0.66,46.848,-121.7675,1751990375.9300003,0.62,"0.8 km SW from Mt Rainier, WA",2025-07-08T15:59:35.930Z,3333333,1751990375.9300003
62135037,UW,eq,0.21,46.849333333333334,-121.76733333333334,1751990555,0.73,"0.7 km WSW from Mt Rainier, WA",2025-07-08T16:02:35.000Z,3333208,1751990555
62135042,UW,eq,0.16,46.85183333333333,-121.765,1751990745.209999,0.33,"0.4 km WSW from Mt Rainier, WA",2025-07-08T16:05:45.209Z,3333343,1751990745.209999
61504403,UW,eq,-0.7,46.852666666666664,-121.76833333333333,1751990751.539997,0.55,"0.6 km W from Mt Rainier, WA",2025-07-08T16:05:51.539Z,3333348,1751990751.539997
61504408,UW,eq,-0.64,46.85483333333333,-121.76583333333333,1751990767.2599998,0.23,"0.5 km WNW from Mt Rainier, WA",2025-07-08T16:06:07.260Z,3333353,1751990767.2599998
62135047,UW,eq,0.16,46.851,-121.77183333333333,1751990883.1899998,0.38,"0.9 km W from Mt Rainier, WA",2025-07-08T16:08:03.190Z,3333368,1751990883.1899998
62135052,UW,eq,0.45,46.8535,-121.7635,1751991136.6800003,-0.13,"0.3 km WNW from Mt Rainier, WA",2025-07-08T16:12:16.680Z,3333378,1751991136.6800003
62135057,UW,eq,0.86,46.848333333333336,-121.76033333333334,1751991289.8199997,0.01,"0.6 km SSW from Mt Rainier, WA",2025-07-08T16:14:49.820Z,3333218,1751991289.8199997
62135062,UW,eq,0.69,46.84916666666667,-121.77166666666666,1751991309.7299995,-2.61,"1 km WSW from Mt Rainier, WA",2025-07-08T16:15:09.730Z,3346998,1751991309.7299995
61504378,UW,eq,-0.23,46.849,-121.772,1751991309.7399998,-2.69,"1 km WSW from Mt Rainier, WA",2025-07-08T16:15:09.740Z,3333228,1751991309.7399998
62135072,UW,eq,0.63,46.84766666666667,-121.75916666666667,1751991523.2999992,-0.12,"0.6 km S from Mt Rainier, WA",2025-07-08T16:18:43.299Z,3333388,1751991523.2999992
61504413,UW,eq,0.29,46.85,-121.76533333333333,1751991563.0100002,0.1,"0.5 km WSW from Mt Rainier, WA",2025-07-08T16:19:23.010Z,3333403,1751991563.0100002
62135077,UW,eq,0.38,46.85183333333333,-121.76816666666667,1751991803.0699997,-0.54,"0.6 km W from Mt Rainier, WA",2025-07-08T16:23:23.070Z,3333408,1751991803.0699997
62135087,UW,eq,0.32,46.851166666666664,-121.7685,1751992072.0200005,0.03,"0.7 km W from Mt Rainier, WA",2025-07-08T16:27:52.020Z,3333413,1751992072.0200005
62135092,UW,eq,0.57,46.854,-121.7655,1751992124.4199982,-0.15,"0.4 km WNW from Mt Rainier, WA",2025-07-08T16:28:44.419Z,3333418,1751992124.4199982
62135097,UW,eq,0.85,46.84866666666667,-121.76066666666667,1751992185.9799995,-0.21,"0.5 km SSW from Mt Rainier, WA",2025-07-08T16:29:45.980Z,3336823,1751992185.9799995
62135107,UW,eq,0.27,46.85183333333333,-121.768,1751992513.2199993,-0.14,"0.6 km W from Mt Rainier, WA",2025-07-08T16:35:13.219Z,3340028,1751992513.2199993
62135117,UW,eq,0.61,46.8525,-121.762,1751992794.9300003,-0.21,"0.2 km WSW from Mt Rainier, WA",2025-07-08T16:39:54.930Z,3340573,1751992794.9300003
62135112,UW,eq,-0.22,46.84866666666667,-121.7635,1751992805.9,-0.33,"0.6 km SW from Mt Rainier, WA",2025-07-08T16:40:05.900Z,3339108,1751992805.9
62135127,UW,eq,1.57,46.847166666666666,-121.76,1751993209.4899979,-0.69,"0.7 km S from Mt Rainier, WA",2025-07-08T16:46:49.489Z,3333238,1751993209.4899979
62135132,UW,eq,0.72,46.85166666666667,-121.75683333333333,1751993421.1299992,-0.06,"0.3 km SE from Mt Rainier, WA",2025-07-08T16:50:21.129Z,3338578,1751993421.1299992
62135137,UW,eq,1.01,46.84883333333333,-121.76166666666667,1751993937.75,-0.65,"0.5 km SSW from Mt Rainier, WA",2025-07-08T16:58:57.750Z,3333243,1751993937.75
62135142,UW,eq,0.9,46.845,-121.76616666666666,1751993969.9899998,-1.78,"1 km SW from Mt Rainier, WA",2025-07-08T16:59:29.990Z,3333248,1751993969.9899998
62135147,UW,eq,0.71,46.85333333333333,-121.76483333333333,1751994023.3500004,0,"0.4 km WNW from Mt Rainier, WA",2025-07-08T17:00:23.350Z,3339893,1751994023.3500004
62135152,UW,eq,-0.13,46.84733333333333,-121.76733333333334,1751994034.0499992,0.67,"0.9 km SW from Mt Rainier, WA",2025-07-08T17:00:34.049Z,3339898,1751994034.0499992
62135162,UW,eq,1.02,46.8455,-121.768,1751994157.7999992,-2.41,"1.1 km SW from Mt Rainier, WA",2025-07-08T17:02:37.799Z,3337063,1751994157.7999992
62135167,UW,eq,0.54,46.84883333333333,-121.76566666666666,1751994212.0099983,-0.7,"0.7 km SW from Mt Rainier, WA",2025-07-08T17:03:32.009Z,3333443,1751994212.0099983
62135172,UW,eq,1.28,46.85466666666667,-121.76566666666666,1751994245.8199997,-0.44,"0.5 km WNW from Mt Rainier, WA",2025-07-08T17:04:05.820Z,3333358,1751994245.8199997
62135177,UW,eq,0.19,46.85516666666667,-121.76766666666667,1751994294.75,0.18,"0.6 km WNW from Mt Rainier, WA",2025-07-08T17:04:54.750Z,3339118,1751994294.75
62135182,UW,eq,0.82,46.8485,-121.7585,1751994421.8,-0.56,"0.5 km S from Mt Rainier, WA",2025-07-08T17:07:01.800Z,3333383,1751994421.8
62135187,UW,eq,0.34,46.854,-121.762,1751994474.4199982,-1.06,"0.2 km NW from Mt Rainier, WA",2025-07-08T17:07:54.419Z,3340033,1751994474.4199982
62135197,UW,eq,1.24,46.8475,-121.76816666666667,1751994768.0200005,0.57,"0.9 km SW from Mt Rainier, WA",2025-07-08T17:12:48.020Z,3333338,1751994768.0200005
62135192,UW,eq,0.45,46.8515,-121.75883333333333,1751994810.0999985,0.18,"0.2 km SSE from Mt Rainier, WA",2025-07-08T17:13:30.099Z,3333423,1751994810.0999985
62135202,UW,eq,0.75,46.84883333333333,-121.76766666666667,1751995476.3499985,0.23,"0.8 km WSW from Mt Rainier, WA",2025-07-08T17:24:36.349Z,3337443,1751995476.3499985
62135212,UW,eq,0.83,46.844833333333334,-121.7675,1751995602.6299973,-2.36,"1.1 km SW from Mt Rainier, WA",2025-07-08T17:26:42.629Z,3337613,1751995602.6299973
62135222,UW,eq,0.69,46.85366666666667,-121.764,1751995964.2299995,0.08,"0.3 km WNW from Mt Rainier, WA",2025-07-08T17:32:44.230Z,3338583,1751995964.2299995
62135262,UW,eq,0.81,46.84733333333333,-121.75783333333334,1751997136.2999992,-0.17,"0.7 km S from Mt Rainier, WA",2025-07-08T17:52:16.299Z,3337738,1751997136.2999992
62135272,UW,eq,1.32,46.85183333333333,-121.76566666666666,1751997388.4699993,0.16,"0.5 km W from Mt Rainier, WA",2025-07-08T17:56:28.469Z,3333318,1751997388.4699993
62135277,UW,eq,0.37,46.85483333333333,-121.76416666666667,1751997439.1399994,-0.03,"0.4 km NW from Mt Rainier, WA",2025-07-08T17:57:19.139Z,3339128,1751997439.1399994
62135292,UW,eq,0.26,46.848166666666664,-121.76866666666666,1751997968.2600002,-0.01,"0.9 km WSW from Mt Rainier, WA",2025-07-08T18:06:08.260Z,3339133,1751997968.2600002
62135297,UW,eq,0.79,46.85216666666667,-121.75883333333333,1751998079.6899986,-0.6,"0.2 km SSE from Mt Rainier, WA",2025-07-08T18:07:59.689Z,3333428,1751998079.6899986
62135317,UW,eq,-0.03,46.848,-121.76666666666667,1751999259.7199974,0.73,"0.8 km SW from Mt Rainier, WA",2025-07-08T18:27:39.719Z,3340578,1751999259.7199974
62135332,UW,eq,0.67,46.8485,-121.76016666666666,1752000065.1599998,-0.16,"0.5 km SSW from Mt Rainier, WA",2025-07-08T18:41:05.160Z,3336228,1752000065.1599998
62135342,UW,eq,0.41,46.85216666666667,-121.75783333333334,1752000306.9699998,0.09,"0.2 km SE from Mt Rainier, WA",2025-07-08T18:45:06.970Z,3336233,1752000306.9699998
62135362,UW,eq,0.85,46.85583333333334,-121.76316666666666,1752001133.7299995,0.1,"0.4 km NNW from Mt Rainier, WA",2025-07-08T18:58:53.730Z,3339908,1752001133.7299995
62135367,UW,eq,0.64,46.851166666666664,-121.76616666666666,1752001173.8099976,0.31,"0.5 km WSW from Mt Rainier, WA",2025-07-08T18:59:33.809Z,3339138,1752001173.8099976
62135372,UW,eq,0.56,46.84866666666667,-121.76016666666666,1752001327,0.04,"0.5 km SSW from Mt Rainier, WA",2025-07-08T19:02:07.000Z,3339148,1752001327
62135382,UW,eq,0.14,46.84866666666667,-121.76766666666667,1752001890.2600002,0.31,"0.8 km WSW from Mt Rainier, WA",2025-07-08T19:11:30.260Z,3339913,1752001890.2600002
62135387,UW,eq,0.35,46.850833333333334,-121.75766666666667,1752001915.0900002,-0.62,"0.3 km SSE from Mt Rainier, WA",2025-07-08T19:11:55.090Z,3337908,1752001915.0900002
62135392,UW,eq,0.53,46.848333333333336,-121.7695,1752002104.85,0.82,"0.9 km WSW from Mt Rainier, WA",2025-07-08T19:15:04.850Z,3337448,1752002104.85
62135397,UW,eq,0.78,46.849666666666664,-121.76083333333334,1752002255.9300003,-0.34,"0.4 km SSW from Mt Rainier, WA",2025-07-08T19:17:35.930Z,3338598,1752002255.9300003
62135407,UW,eq,1.06,46.849833333333336,-121.75766666666667,1752002407.81,-0.17,"0.4 km SSE from Mt Rainier, WA",2025-07-08T19:20:07.810Z,3333588,1752002407.81
62135412,UW,eq,0.35,46.85033333333333,-121.76,1752002573.5699997,-0.54,"0.3 km S from Mt Rainier, WA",2025-07-08T19:22:53.570Z,3339918,1752002573.5699997
62135417,UW,eq,0.54,46.84916666666667,-121.75816666666667,1752002980.5200005,-0.37,"0.5 km S from Mt Rainier, WA",2025-07-08T19:29:40.520Z,3338608,1752002980.5200005
62135422,UW,eq,0.28,46.85816666666667,-121.76266666666666,1752003109.369999,0.77,"0.6 km from Mt Rainier, WA",2025-07-08T19:31:49.369Z,3339923,1752003109.369999
62135427,UW,eq,0.4,46.85466666666667,-121.76616666666666,1752003173.079998,0.28,"0.5 km WNW from Mt Rainier, WA",2025-07-08T19:32:53.079Z,3333813,1752003173.079998
61504473,UW,eq,0.55,46.859833333333334,-121.76133333333334,1752003214.8999977,0.06,"0.7 km N from Mt Rainier, WA",2025-07-08T19:33:34.899Z,3333818,1752003214.8999977
62135432,UW,eq,0.2,46.862833333333334,-121.76333333333334,1752003337.4699974,-0.16,"1.1 km from Mt Rainier, WA",2025-07-08T19:35:37.469Z,3333828,1752003337.4699974
61504458,UW,eq,-0.52,46.8515,-121.7675,1752003351.5299988,0.06,"0.6 km W from Mt Rainier, WA",2025-07-08T19:35:51.529Z,3333688,1752003351.5299988
61504453,UW,eq,0.61,46.86183333333334,-121.7615,1752003365.1999998,0.38,"1 km N from Mt Rainier, WA",2025-07-08T19:36:05.200Z,3333803,1752003365.1999998
62135442,UW,eq,-0.13,46.8605,-121.76116666666667,1752003386.6899986,0.22,"0.8 km N from Mt Rainier, WA",2025-07-08T19:36:26.689Z,3333798,1752003386.6899986
62135447,UW,eq,0.6,46.857,-121.764,1752003397.3199997,-0.32,"0.5 km NNW from Mt Rainier, WA",2025-07-08T19:36:37.320Z,3339928,1752003397.3199997
62135452,UW,eq,0.49,46.8575,-121.7625,1752003516.619999,0.05,"0.5 km from Mt Rainier, WA",2025-07-08T19:38:36.619Z,3339933,1752003516.619999
62135457,UW,eq,0.17,46.849,-121.76133333333334,1752003760.3199997,-2.73,"0.5 km SSW from Mt Rainier, WA",2025-07-08T19:42:40.320Z,3339153,1752003760.3199997
62135462,UW,eq,0.72,46.85816666666667,-121.76316666666666,1752003852.3000002,0.06,"0.6 km NNW from Mt Rainier, WA",2025-07-08T19:44:12.300Z,3337953,1752003852.3000002
62135467,UW,eq,1.26,46.855333333333334,-121.7665,1752004205.6799998,0.24,"0.5 km NW from Mt Rainier, WA",2025-07-08T19:50:05.680Z,3333558,1752004205.6799998
62135472,UW,eq,0.45,46.8585,-121.76033333333334,1752004311.4799995,0.19,"0.6 km N from Mt Rainier, WA",2025-07-08T19:51:51.480Z,3339668,1752004311.4799995
62135477,UW,eq,0.41,46.852666666666664,-121.769,1752004646.4300003,-0.2,"0.7 km W from Mt Rainier, WA",2025-07-08T19:57:26.430Z,3333808,1752004646.4300003
62135482,UW,eq,0.25,46.857166666666664,-121.7615,1752004900.6100006,0.9,"0.4 km from Mt Rainier, WA",2025-07-08T20:01:40.610Z,3341508,1752004900.6100006
62135487,UW,eq,1,46.85016666666667,-121.757,1752005283.23,-0.03,"0.4 km SSE from Mt Rainier, WA",2025-07-08T20:08:03.230Z,3334233,1752005283.23
62135492,UW,eq,0.89,46.84916666666667,-121.76083333333334,1752005578.369999,-0.19,"0.5 km SSW from Mt Rainier, WA",2025-07-08T20:12:58.369Z,3334243,1752005578.369999
62135497,UW,eq,1.02,46.848333333333336,-121.76833333333333,1752005648.7799997,0.35,"0.8 km WSW from Mt Rainier, WA",2025-07-08T20:14:08.780Z,3337453,1752005648.7799997
62135502,UW,eq,0.45,46.85733333333334,-121.76466666666667,1752005685.539997,-0.9,"0.6 km NNW from Mt Rainier, WA",2025-07-08T20:14:45.539Z,3339938,1752005685.539997
62135507,UW,eq,0.54,46.85766666666667,-121.762,1752005742.2199974,0.08,"0.5 km from Mt Rainier, WA",2025-07-08T20:15:42.219Z,3333568,1752005742.2199974
62135512,UW,eq,0.33,46.86216666666667,-121.76116666666667,1752006127.4899998,0.1,"1 km N from Mt Rainier, WA",2025-07-08T20:22:07.490Z,3333768,1752006127.4899998
62135522,UW,eq,0.32,46.858,-121.764,1752006493.7199993,-1.49,"0.6 km NNW from Mt Rainier, WA",2025-07-08T20:28:13.719Z,3337373,1752006493.7199993
62135532,UW,eq,0.5,46.8475,-121.7615,1752006603.29,-0.76,"0.7 km SSW from Mt Rainier, WA",2025-07-08T20:30:03.290Z,3339943,1752006603.29
62135552,UW,eq,0.57,46.852333333333334,-121.76216666666667,1752007125.7399979,-1.27,"0.2 km WSW from Mt Rainier, WA",2025-07-08T20:38:45.739Z,3340583,1752007125.7399979
62135557,UW,eq,0.62,46.845666666666666,-121.765,1752007249.9799995,-2.16,"0.9 km SW from Mt Rainier, WA",2025-07-08T20:40:49.980Z,3336883,1752007249.9799995
61504648,UW,eq,0.77,46.8525,-121.7945,1752007295.3899994,1.82,"2.6 km W from Mt Rainier, WA",2025-07-08T20:41:35.389Z,3336888,1752007295.3899994
62135567,UW,eq,1.1,46.84916666666667,-121.76183333333333,1752007747.71,-0.47,"0.5 km SSW from Mt Rainier, WA",2025-07-08T20:49:07.710Z,3333598,1752007747.71
62135572,UW,eq,0.51,46.85166666666667,-121.75616666666667,1752007933.9099998,-0.46,"0.3 km SE from Mt Rainier, WA",2025-07-08T20:52:13.910Z,3338028,1752007933.9099998
62135582,UW,eq,0.19,46.85166666666667,-121.75966666666666,1752008076.1499977,0.06,"0.2 km S from Mt Rainier, WA",2025-07-08T20:54:36.149Z,3333763,1752008076.1499977
62135587,UW,eq,0.48,46.84583333333333,-121.76633333333334,1752008191.3400002,-2.13,"1 km SW from Mt Rainier, WA",2025-07-08T20:56:31.340Z,3339948,1752008191.3400002
62135592,UW,eq,0.3,46.852,-121.76633333333334,1752008570.5599976,-0.44,"0.5 km W from Mt Rainier, WA",2025-07-08T21:02:50.559Z,3339963,1752008570.5599976
62135602,UW,eq,0.24,46.8505,-121.767,1752009962.9099998,0.12,"0.6 km WSW from Mt Rainier, WA",2025-07-08T21:26:02.910Z,3333778,1752009962.9099998
62135612,UW,eq,0.27,46.85183333333333,-121.76133333333334,1752010204.15,-1.91,"0.2 km SW from Mt Rainier, WA",2025-07-08T21:30:04.150Z,3333773,1752010204.15
62135622,UW,eq,1.57,46.85333333333333,-121.768,1752010543.9899979,-2.74,"0.6 km WNW from Mt Rainier, WA",2025-07-08T21:35:43.989Z,3333603,1752010543.9899979
62135627,UW,eq,0.52,46.84916666666667,-121.767,1752010594.4500008,-2.44,"0.7 km WSW from Mt Rainier, WA",2025-07-08T21:36:34.450Z,3333733,1752010594.4500008
62135637,UW,eq,0.57,46.8495,-121.76633333333334,1752011349.4299994,0.11,"0.6 km WSW from Mt Rainier, WA",2025-07-08T21:49:09.429Z,3333698,1752011349.4299994
62135652,UW,eq,1.05,46.85166666666667,-121.766,1752011755.579998,-2.19,"0.5 km W from Mt Rainier, WA",2025-07-08T21:55:55.579Z,3333703,1752011755.579998
62135657,UW,eq,2.3,46.852,-121.76433333333334,1752011788.7600002,-2.04,"0.4 km WSW from Mt Rainier, WA",2025-07-08T21:56:28.760Z,3334053,1752011788.7600002
62135662,UW,eq,0.37,46.84883333333333,-121.76166666666667,1752012060.96,-0.27,"0.5 km SSW from Mt Rainier, WA",2025-07-08T22:01:00.960Z,3333668,1752012060.96
61504463,UW,eq,0.83,46.849,-121.762,1752012090.8599987,-0.3,"0.5 km SSW from Mt Rainier, WA",2025-07-08T22:01:30.859Z,3333728,1752012090.8599987
61504478,UW,eq,0.94,46.84916666666667,-121.76083333333334,1752012090.9399986,-2.23,"0.5 km SSW from Mt Rainier, WA",2025-07-08T22:01:30.939Z,3333753,1752012090.9399986
62135667,UW,eq,1.63,46.85483333333333,-121.76716666666667,1752012117.539997,0.31,"0.6 km WNW from Mt Rainier, WA",2025-07-08T22:01:57.539Z,3333618,1752012117.539997
62135682,UW,eq,0.44,46.851333333333336,-121.7565,1752014670.209999,-0.71,"0.3 km SE from Mt Rainier, WA",2025-07-08T22:44:30.209Z,3339753,1752014670.209999
62135692,UW,eq,0.53,46.8515,-121.75716666666666,1752014769.0900002,-0.18,"0.3 km SE from Mt Rainier, WA",2025-07-08T22:46:09.090Z,3339968,1752014769.0900002
62135697,UW,eq,1.63,46.8495,-121.75966666666666,1752014836.119999,-2.14,"0.4 km S from Mt Rainier, WA",2025-07-08T22:47:16.119Z,3333758,1752014836.119999
62135702,UW,eq,0.91,46.85066666666667,-121.7585,1752015056.2199974,-0.53,"0.3 km S from Mt Rainier, WA",2025-07-08T22:50:56.219Z,3333843,1752015056.2199974
62135722,UW,eq,0.47,46.849,-121.76916666666666,1752015683.3099995,0.31,"0.8 km WSW from Mt Rainier, WA",2025-07-08T23:01:23.310Z,3333863,1752015683.3099995
62135742,UW,eq,0.69,46.8495,-121.75783333333334,1752016512.9899998,-0.31,"0.5 km S from Mt Rainier, WA",2025-07-08T23:15:12.990Z,3333868,1752016512.9899998
62135752,UW,eq,0.58,46.8485,-121.762,1752016649.459999,-0.51,"0.6 km SSW from Mt Rainier, WA",2025-07-08T23:17:29.459Z,3333873,1752016649.459999
62135747,UW,eq,0.21,46.8465,-121.76716666666667,1752016792.209999,0,"0.9 km SW from Mt Rainier, WA",2025-07-08T23:19:52.209Z,3333878,1752016792.209999
62135767,UW,eq,0.28,46.847166666666666,-121.77116666666667,1752017356.8999996,0.16,"1.1 km WSW from Mt Rainier, WA",2025-07-08T23:29:16.900Z,3339973,1752017356.8999996
62135792,UW,eq,0.27,46.85333333333333,-121.7685,1752017912.5999985,-0.11,"0.6 km WNW from Mt Rainier, WA",2025-07-08T23:38:32.599Z,3333883,1752017912.5999985
62135837,UW,eq,1.05,46.85316666666667,-121.76783333333333,1752019356.2000008,-0.25,"0.6 km W from Mt Rainier, WA",2025-07-09T00:02:36.200Z,3333908,1752019356.2000008
62135862,UW,eq,0.42,46.84733333333333,-121.762,1752019897.579998,-2.4,"0.7 km SSW from Mt Rainier, WA",2025-07-09T00:11:37.579Z,3334018,1752019897.579998
62135872,UW,eq,0.32,46.848333333333336,-121.7625,1752020018,-1.6,"0.6 km SSW from Mt Rainier, WA",2025-07-09T00:13:38.000Z,3339978,1752020018
62135877,UW,eq,0.07,46.8535,-121.7685,1752020306.0499992,0.07,"0.6 km WNW from Mt Rainier, WA",2025-07-09T00:18:26.049Z,3340668,1752020306.0499992
62135887,UW,eq,0.81,46.849,-121.7675,1752020726.1299992,0.21,"0.7 km WSW from Mt Rainier, WA",2025-07-09T00:25:26.129Z,3338033,1752020726.1299992
62135897,UW,eq,0.49,46.8465,-121.77033333333333,1752021116.3199997,0.07,"1.1 km WSW from Mt Rainier, WA",2025-07-09T00:31:56.320Z,3340673,1752021116.3199997
62135907,UW,eq,0.31,46.848333333333336,-121.77066666666667,1752021567.0499992,0.2,"1 km WSW from Mt Rainier, WA",2025-07-09T00:39:27.049Z,3333978,1752021567.0499992
62135902,UW,eq,0.73,46.847166666666666,-121.76783333333333,1752021586.6499977,-0.2,"0.9 km SW from Mt Rainier, WA",2025-07-09T00:39:46.649Z,3339363,1752021586.6499977
62135917,UW,eq,0.73,46.851,-121.768,1752022187.6499977,-0.36,"0.7 km WSW from Mt Rainier, WA",2025-07-09T00:49:47.649Z,3337458,1752022187.6499977
62135932,UW,eq,0.3,46.849666666666664,-121.76433333333334,1752023476.08,-0.9,"0.5 km SW from Mt Rainier, WA",2025-07-09T01:11:16.080Z,3333853,1752023476.08
62135942,UW,eq,0.5,46.852666666666664,-121.75866666666667,1752023745.2000008,-0.89,"0.1 km SE from Mt Rainier, WA",2025-07-09T01:15:45.200Z,3340683,1752023745.2000008
62135947,UW,eq,0.66,46.854166666666664,-121.7655,1752024213.5499992,0.5,"0.4 km WNW from Mt Rainier, WA",2025-07-09T01:23:33.549Z,3339743,1752024213.5499992
62135952,UW,eq,0.66,46.85216666666667,-121.762,1752024342.5,-0.85,"0.2 km WSW from Mt Rainier, WA",2025-07-09T01:25:42.500Z,3333973,1752024342.5
62135967,UW,eq,1.38,46.8535,-121.766,1752024987.0100002,-0.38,"0.5 km WNW from Mt Rainier, WA",2025-07-09T01:36:27.010Z,3333838,1752024987.0100002
62135972,UW,eq,0.34,46.85483333333333,-121.76733333333334,1752025202.6499999,-0.22,"0.6 km WNW from Mt Rainier, WA",2025-07-09T01:40:02.650Z,3333968,1752025202.6499999
62135977,UW,eq,0.3,46.85166666666667,-121.76766666666667,1752025810.8899994,-2.05,"0.6 km W from Mt Rainier, WA",2025-07-09T01:50:10.889Z,3333833,1752025810.8899994
62135982,UW,eq,0.64,46.8525,-121.7695,1752026002.25,-0.44,"0.7 km W from Mt Rainier, WA",2025-07-09T01:53:22.250Z,3333963,1752026002.25
62135992,UW,eq,0.35,46.85166666666667,-121.76283333333333,1752026957.7299995,-1.88,"0.3 km WSW from Mt Rainier, WA",2025-07-09T02:09:17.730Z,3333958,1752026957.7299995
62135997,UW,eq,0.28,46.848166666666664,-121.76933333333334,1752027793.5499992,0,"0.9 km WSW from Mt Rainier, WA",2025-07-09T02:23:13.549Z,3333943,1752027793.5499992
62136002,UW,eq,0.19,46.847,-121.76766666666667,1752028086.6299996,-0.26,"0.9 km SW from Mt Rainier, WA",2025-07-09T02:28:06.630Z,3333938,1752028086.6299996
62136007,UW,eq,0.47,46.849833333333336,-121.75866666666667,1752028293.290001,-1.26,"0.4 km S from Mt Rainier, WA",2025-07-09T02:31:33.290Z,3333933,1752028293.290001
62136012,UW,eq,0.36,46.851,-121.76666666666667,1752028792.3199997,-0.58,"0.6 km WSW from Mt Rainier, WA",2025-07-09T02:39:52.320Z,3333928,1752028792.3199997
62136022,UW,eq,0.75,46.853,-121.76833333333333,1752029468,0,"0.6 km W from Mt Rainier, WA",2025-07-09T02:51:08.000Z,3333918,1752029468
62136027,UW,eq,0.28,46.84916666666667,-121.76983333333334,1752030368,-0.49,"0.9 km WSW from Mt Rainier, WA",2025-07-09T03:06:08.000Z,3333913,1752030368
62136032,UW,eq,0.56,46.849333333333334,-121.76216666666667,1752030650.1899986,-1.45,"0.5 km SSW from Mt Rainier, WA",2025-07-09T03:10:50.189Z,3333953,1752030650.1899986
62136037,UW,eq,0.91,46.8525,-121.76066666666667,1752030677.3400002,-0.67,"0.1 km SW from Mt Rainier, WA",2025-07-09T03:11:17.340Z,3333888,1752030677.3400002
62136042,UW,eq,0.59,46.848333333333336,-121.76866666666666,1752031043.1000004,-0.48,"0.9 km WSW from Mt Rainier, WA",2025-07-09T03:17:23.100Z,3333898,1752031043.1000004
62136047,UW,eq,0.63,46.849333333333334,-121.762,1752033272.130001,-1.75,"0.5 km SSW from Mt Rainier, WA",2025-07-09T03:54:32.130Z,3340688,1752033272.130001
62136052,UW,eq,0.28,46.849666666666664,-121.769,1752033819.0099983,-2.05,"0.8 km WSW from Mt Rainier, WA",2025-07-09T04:03:39.009Z,3339698,1752033819.0099983
62136057,UW,eq,0.68,46.85516666666667,-121.7685,1752034357.5499992,0.53,"0.7 km WNW from Mt Rainier, WA",2025-07-09T04:12:37.549Z,3340693,1752034357.5499992
62136062,UW,eq,0.67,46.851166666666664,-121.75833333333334,1752034611.0099983,-0.87,"0.3 km SSE from Mt Rainier, WA",2025-07-09T04:16:51.009Z,3340698,1752034611.0099983
62136067,UW,eq,0.97,46.84866666666667,-121.76116666666667,1752035056.92,-0.83,"0.5 km SSW from Mt Rainier, WA",2025-07-09T04:24:16.920Z,3338043,1752035056.92
62136072,UW,eq,0.57,46.8485,-121.76283333333333,1752035540.0699997,-0.87,"0.6 km SSW from Mt Rainier, WA",2025-07-09T04:32:20.070Z,3340703,1752035540.0699997
62136077,UW,eq,0.42,46.84916666666667,-121.77083333333333,1752035575.3799973,-0.1,"0.9 km WSW from Mt Rainier, WA",2025-07-09T04:32:55.379Z,3340723,1752035575.3799973
62136082,UW,eq,-0.48,46.852833333333336,-121.767,1752035613.6699982,0.12,"0.5 km W from Mt Rainier, WA",2025-07-09T04:33:33.669Z,3340728,1752035613.6699982
62136097,UW,eq,0.8,46.8525,-121.76683333333334,1752036362.29,0.5,"0.5 km W from Mt Rainier, WA",2025-07-09T04:46:02.290Z,3339078,1752036362.29
62136102,UW,eq,0.81,46.8535,-121.76666666666667,1752036819.869999,0.54,"0.5 km WNW from Mt Rainier, WA",2025-07-09T04:53:39.869Z,3333923,1752036819.869999
62136107,UW,eq,0.02,46.85,-121.77183333333333,1752037325.71,-0.38,"1 km W from Mt Rainier, WA",2025-07-09T05:02:05.710Z,3340733,1752037325.71
62136112,UW,eq,0.16,46.855666666666664,-121.7655,1752038124.0900002,-0.21,"0.5 km NW from Mt Rainier, WA",2025-07-09T05:15:24.090Z,3340738,1752038124.0900002
62136117,UW,eq,0.12,46.852666666666664,-121.76733333333334,1752038281.4099998,-0.19,"0.6 km W from Mt Rainier, WA",2025-07-09T05:18:01.410Z,3340743,1752038281.4099998
62136122,UW,eq,0.13,46.85366666666667,-121.77066666666667,1752039109.7799988,-0.05,"0.8 km WNW from Mt Rainier, WA",2025-07-09T05:31:49.779Z,3333998,1752039109.7799988
62136127,UW,eq,0.23,46.851333333333336,-121.7585,1752039152.1599998,-1.99,"0.2 km SSE from Mt Rainier, WA",2025-07-09T05:32:32.160Z,3342033,1752039152.1599998
62136132,UW,eq,0.26,46.854,-121.76866666666666,1752039543.6999998,-0.01,"0.7 km WNW from Mt Rainier, WA",2025-07-09T05:39:03.700Z,3335938,1752039543.6999998
62136137,UW,eq,0.57,46.85216666666667,-121.77016666666667,1752039784.1,-0.25,"0.8 km W from Mt Rainier, WA",2025-07-09T05:43:04.100Z,3340523,1752039784.1
62136142,UW,eq,0.48,46.856,-121.76083333333334,1752039814.2799988,-2.63,"0.3 km from Mt Rainier, WA",2025-07-09T05:43:34.279Z,3337478,1752039814.2799988
62136152,UW,eq,0.17,46.85166666666667,-121.76166666666667,1752040315.4199982,-1.76,"0.2 km SW from Mt Rainier, WA",2025-07-09T05:51:55.419Z,3334003,1752040315.4199982
62136157,UW,eq,0.55,46.85183333333333,-121.76966666666667,1752042100.3600006,0.07,"0.8 km W from Mt Rainier, WA",2025-07-09T06:21:40.360Z,3339368,1752042100.3600006
62136162,UW,eq,0.09,46.85966666666667,-121.76566666666666,1752042238.0099983,-2.61,"0.8 km NNW from Mt Rainier, WA",2025-07-09T06:23:58.009Z,3337413,1752042238.0099983
62136167,UW,eq,0.31,46.852333333333334,-121.7685,1752042768.6100006,-0.98,"0.7 km W from Mt Rainier, WA",2025-07-09T06:32:48.610Z,3340748,1752042768.6100006
62136172,UW,eq,0,46.85433333333334,-121.769,1752042982.6800003,-0.09,"0.7 km WNW from Mt Rainier, WA",2025-07-09T06:36:22.680Z,3340753,1752042982.6800003
62136177,UW,eq,0.73,46.847833333333334,-121.76016666666666,1752043472.3899994,-0.47,"0.6 km SSW from Mt Rainier, WA",2025-07-09T06:44:32.389Z,3339498,1752043472.3899994
62136182,UW,eq,0.08,46.851166666666664,-121.77066666666667,1752043544.8199997,-0.77,"0.8 km W from Mt Rainier, WA",2025-07-09T06:45:44.820Z,3340758,1752043544.8199997
62136192,UW,eq,0.45,46.849833333333336,-121.76966666666667,1752043798.7799988,-0.95,"0.8 km WSW from Mt Rainier, WA",2025-07-09T06:49:58.779Z,3342038,1752043798.7799988
62136187,UW,eq,0.22,46.84766666666667,-121.77083333333333,1752043940.209999,0.11,"1 km WSW from Mt Rainier, WA",2025-07-09T06:52:20.209Z,3334013,1752043940.209999
62136197,UW,eq,0.17,46.8495,-121.76483333333333,1752044060.6899986,-2.29,"0.6 km SW from Mt Rainier, WA",2025-07-09T06:54:20.689Z,3333993,1752044060.6899986
62136202,UW,eq,0.64,46.84883333333333,-121.77166666666666,1752044316.7000008,-0.14,"1 km WSW from Mt Rainier, WA",2025-07-09T06:58:36.700Z,3334008,1752044316.7000008
62136207,UW,eq,0.63,46.84866666666667,-121.76016666666666,1752044460.98,-0.53,"0.5 km SSW from Mt Rainier, WA",2025-07-09T07:01:00.980Z,3339508,1752044460.98
62136212,UW,eq,1.39,46.8495,-121.7565,1752045481.13,0.31,"0.5 km SSE from Mt Rainier, WA",2025-07-09T07:18:01.130Z,3337088,1752045481.13
62136232,UW,eq,0.36,46.85449981689453,-121.75933074951172,1752046984.26,0.63,"0.1 km NNE from Mt Rainier, WA",2025-07-09T07:43:04.260Z,2071632,1752046984.26
62136237,UW,eq,0.67,46.848,-121.76866666666666,1752046995.1399994,0.73,"0.9 km WSW from Mt Rainier, WA",2025-07-09T07:43:15.139Z,3337423,1752046995.1399994
62136242,UW,eq,0.65,46.856,-121.75983333333333,1752047133.869999,1.71,"0.3 km NNE from Mt Rainier, WA",2025-07-09T07:45:33.869Z,3337163,1752047133.869999
62136247,UW,eq,0.6,46.85616666666667,-121.76133333333334,1752047171.2199993,0.53,"0.3 km from Mt Rainier, WA",2025-07-09T07:46:11.219Z,3340763,1752047171.2199993
62136252,UW,eq,0.24,46.85766666666667,-121.76166666666667,1752047270.6399994,1.07,"0.5 km from Mt Rainier, WA",2025-07-09T07:47:50.639Z,3334108,1752047270.6399994
62136262,UW,eq,0.36,46.85649871826172,-121.7586669921875,1752047449.369999,0.57,"0.4 km NNE from Mt Rainier, WA",2025-07-09T07:50:49.369Z,2071662,1752047449.369999
62136267,UW,eq,0.69,46.85733333333334,-121.76066666666667,1752047470.8599997,0.5,"0.5 km N from Mt Rainier, WA",2025-07-09T07:51:10.860Z,3334103,1752047470.8599997
62136272,UW,eq,0.8,46.858333333333334,-121.75916666666667,1752047544.0299988,0.8,"0.6 km NNE from Mt Rainier, WA",2025-07-09T07:52:24.029Z,3338053,1752047544.0299988
62136277,UW,eq,0.71,46.85633333333333,-121.757,1752048426.75,0.99,"0.4 km NE from Mt Rainier, WA",2025-07-09T08:07:06.750Z,3338058,1752048426.75
62136282,UW,eq,-0.1,46.851166666666664,-121.77166666666666,1752048714.1299973,0.95,"0.9 km W from Mt Rainier, WA",2025-07-09T08:11:54.129Z,3342048,1752048714.1299973
61504723,UW,eq,0.39,46.86183333333334,-121.759,1752048717.4300003,0.68,"1 km NNE from Mt Rainier, WA",2025-07-09T08:11:57.430Z,3342058,1752048717.4300003
62136287,UW,eq,0.18,46.85166666666667,-121.767,1752049269.1399994,0.44,"0.6 km W from Mt Rainier, WA",2025-07-09T08:21:09.139Z,3341708,1752049269.1399994
62136292,UW,eq,0.47,46.84866666666667,-121.76716666666667,1752050050.21,0.91,"0.8 km WSW from Mt Rainier, WA",2025-07-09T08:34:10.210Z,3339513,1752050050.21
62136297,UW,eq,0.3,46.849333333333334,-121.75866666666667,1752050342.1299999,-0.52,"0.5 km S from Mt Rainier, WA",2025-07-09T08:39:02.130Z,3339523,1752050342.1299999
62136302,UW,eq,0.45,46.849666666666664,-121.76683333333334,1752050807.7399979,0.77,"0.7 km WSW from Mt Rainier, WA",2025-07-09T08:46:47.739Z,3339528,1752050807.7399979
62136312,UW,eq,0.16,46.85016666666667,-121.76666666666667,1752051879.5900002,0.85,"0.6 km WSW from Mt Rainier, WA",2025-07-09T09:04:39.590Z,3340768,1752051879.5900002
62136317,UW,eq,0.69,46.8495,-121.76883333333333,1752053566.4699974,0.56,"0.8 km WSW from Mt Rainier, WA",2025-07-09T09:32:46.469Z,3341713,1752053566.4699974
62136322,UW,eq,0.49,46.849833333333336,-121.77316666666667,1752053585.0299997,-2.6,"1.1 km W from Mt Rainier, WA",2025-07-09T09:33:05.030Z,3339543,1752053585.0299997
62136327,UW,eq,0.46,46.851166666666664,-121.76883333333333,1752053719.5,0.15,"0.7 km W from Mt Rainier, WA",2025-07-09T09:35:19.500Z,3339548,1752053719.5
62136332,UW,eq,0.18,46.85016666666667,-121.76916666666666,1752055034.4499998,0.26,"0.8 km WSW from Mt Rainier, WA",2025-07-09T09:57:14.450Z,3340773,1752055034.4499998
61504483,UW,eq,0.01,46.848166666666664,-121.77066666666667,1752055332.1899996,0.78,"1 km WSW from Mt Rainier, WA",2025-07-09T10:02:12.190Z,3334068,1752055332.1899996
62136337,UW,eq,0.66,46.853,-121.75616666666667,1752055336.5299988,-0.1,"0.3 km ESE from Mt Rainier, WA",2025-07-09T10:02:16.529Z,3334063,1752055336.5299988
62136347,UW,eq,0.26,46.85,-121.762,1752056661.0100002,0.41,"0.4 km SW from Mt Rainier, WA",2025-07-09T10:24:21.010Z,3341718,1752056661.0100002
62136352,UW,eq,0.29,46.848,-121.76833333333333,1752057200.1899986,0.63,"0.9 km WSW from Mt Rainier, WA",2025-07-09T10:33:20.189Z,3340778,1752057200.1899986
62136357,UW,eq,0.46,46.852,-121.76383333333334,1752057453.8199997,-0.84,"0.3 km WSW from Mt Rainier, WA",2025-07-09T10:37:33.820Z,3339553,1752057453.8199997
62136367,UW,eq,0.19,46.85,-121.75783333333334,1752057522.4199982,-0.05,"0.4 km SSE from Mt Rainier, WA",2025-07-09T10:38:42.419Z,3339558,1752057522.4199982
62136372,UW,eq,0.22,46.850833333333334,-121.759,1752057768.8899994,-0.49,"0.3 km S from Mt Rainier, WA",2025-07-09T10:42:48.889Z,3334113,1752057768.8899994
62136382,UW,eq,-0.05,46.85216666666667,-121.77366666666667,1752060106.829998,1.05,"1 km W from Mt Rainier, WA",2025-07-09T11:21:46.829Z,3335573,1752060106.829998
62136392,UW,eq,0.17,46.84883333333333,-121.76866666666666,1752062193.25,-0.08,"0.8 km WSW from Mt Rainier, WA",2025-07-09T11:56:33.250Z,3341733,1752062193.25
62136397,UW,eq,0.06,46.85466666666667,-121.76633333333334,1752062837.92,0.46,"0.5 km WNW from Mt Rainier, WA",2025-07-09T12:07:17.920Z,3341743,1752062837.92
62136402,UW,eq,0.22,46.85,-121.76683333333334,1752062853.9199982,0.54,"0.6 km WSW from Mt Rainier, WA",2025-07-09T12:07:33.919Z,3341763,1752062853.9199982
62136407,UW,eq,0.39,46.84916666666667,-121.768,1752062964.4499989,0.68,"0.8 km WSW from Mt Rainier, WA",2025-07-09T12:09:24.449Z,3341768,1752062964.4499989
62136412,UW,eq,0.11,46.85183333333333,-121.76583333333333,1752063121.22,0.4,"0.5 km W from Mt Rainier, WA",2025-07-09T12:12:01.220Z,3342123,1752063121.22
62136417,UW,eq,0.13,46.8505,-121.77,1752063300.45,0.83,"0.8 km W from Mt Rainier, WA",2025-07-09T12:15:00.450Z,3343063,1752063300.45
62136437,UW,eq,0.99,46.849833333333336,-121.769,1752064134.4799995,0.38,"0.8 km WSW from Mt Rainier, WA",2025-07-09T12:28:54.480Z,3340538,1752064134.4799995
62136457,UW,eq,0.68,46.849666666666664,-121.76933333333334,1752065300.1499996,0.68,"0.8 km WSW from Mt Rainier, WA",2025-07-09T12:48:20.150Z,3340513,1752065300.1499996
62136472,UW,eq,0.07,46.850833333333334,-121.76816666666667,1752066143.4499989,0.82,"0.7 km WSW from Mt Rainier, WA",2025-07-09T13:02:23.449Z,3341788,1752066143.4499989
62136482,UW,eq,0.56,46.848166666666664,-121.76883333333333,1752066732.0299997,0.69,"0.9 km WSW from Mt Rainier, WA",2025-07-09T13:12:12.030Z,3341798,1752066732.0299997
62136492,UW,eq,0.36,46.8565,-121.76566666666666,1752067112.8899994,1.42,"0.6 km NW from Mt Rainier, WA",2025-07-09T13:18:32.889Z,3341808,1752067112.8899994
62136497,UW,eq,0.46,46.84616666666667,-121.76033333333334,1752067325.17,-0.55,"0.8 km SSW from Mt Rainier, WA",2025-07-09T13:22:05.170Z,3341818,1752067325.17
62136507,UW,eq,0.58,46.847,-121.76866666666666,1752067468.5999985,0.91,"1 km SW from Mt Rainier, WA",2025-07-09T13:24:28.599Z,3337428,1752067468.5999985
62136512,UW,eq,0.3,46.849833333333336,-121.76933333333334,1752067529.6599998,0.2,"0.8 km WSW from Mt Rainier, WA",2025-07-09T13:25:29.660Z,3341823,1752067529.6599998
62136527,UW,eq,0.95,46.850833333333334,-121.767,1752068203.7199974,0.58,"0.6 km WSW from Mt Rainier, WA",2025-07-09T13:36:43.719Z,3334138,1752068203.7199974
62136537,UW,eq,0.56,46.851333333333336,-121.76616666666666,1752068672.3600006,0.57,"0.5 km WSW from Mt Rainier, WA",2025-07-09T13:44:32.360Z,3337618,1752068672.3600006
62136547,UW,eq,0.24,46.84916666666667,-121.76816666666667,1752069673.8899994,0.92,"0.8 km WSW from Mt Rainier, WA",2025-07-09T14:01:13.889Z,3341833,1752069673.8899994
62136552,UW,eq,0.34,46.853833333333334,-121.76633333333334,1752070237.290001,1.25,"0.5 km WNW from Mt Rainier, WA",2025-07-09T14:10:37.290Z,3334073,1752070237.290001
62136557,UW,eq,0.35,46.85516666666667,-121.76716666666667,1752070403.8099995,1.04,"0.6 km WNW from Mt Rainier, WA",2025-07-09T14:13:23.810Z,3339563,1752070403.8099995
62136562,UW,eq,0.26,46.85,-121.76783333333333,1752070955.2000008,0.96,"0.7 km WSW from Mt Rainier, WA",2025-07-09T14:22:35.200Z,3341838,1752070955.2000008
62136572,UW,eq,0.92,46.852333333333334,-121.758,1752071229.04,-0.18,"0.2 km SE from Mt Rainier, WA",2025-07-09T14:27:09.040Z,3334133,1752071229.04
62136577,UW,eq,0.5,46.858333333333334,-121.75933333333333,1752071316.3499985,0.62,"0.6 km NNE from Mt Rainier, WA",2025-07-09T14:28:36.349Z,3334088,1752071316.3499985
62136592,UW,eq,-0.02,46.849833333333336,-121.76733333333334,1752072316.4899998,0.36,"0.7 km WSW from Mt Rainier, WA",2025-07-09T14:45:16.490Z,3334098,1752072316.4899998
62136602,UW,eq,0.27,46.85816666666667,-121.75966666666666,1752072762.4300003,0.56,"0.5 km NNE from Mt Rainier, WA",2025-07-09T14:52:42.430Z,3334078,1752072762.4300003
61504488,UW,eq,-0.17,46.85366666666667,-121.755,1752072777.4399986,0.49,"0.4 km E from Mt Rainier, WA",2025-07-09T14:52:57.439Z,3334083,1752072777.4399986
62136612,UW,eq,0.62,46.857166666666664,-121.761,1752073156.8799992,0.51,"0.4 km N from Mt Rainier, WA",2025-07-09T14:59:16.879Z,3334128,1752073156.8799992
62136622,UW,eq,0.4,46.847166666666666,-121.76783333333333,1752073850.9099998,0.86,"0.9 km SW from Mt Rainier, WA",2025-07-09T15:10:50.910Z,3334093,1752073850.9099998
62136627,UW,eq,0.05,46.852,-121.77083333333333,1752074352.5999994,0.99,"0.8 km W from Mt Rainier, WA",2025-07-09T15:19:12.599Z,3341843,1752074352.5999994
62136632,UW,eq,0.06,46.85,-121.7685,1752074461.05,0.83,"0.7 km WSW from Mt Rainier, WA",2025-07-09T15:21:01.050Z,3341848,1752074461.05
62136662,UW,eq,0.27,46.8505,-121.768,1752076380.53,0.9,"0.7 km WSW from Mt Rainier, WA",2025-07-09T15:53:00.530Z,3341858,1752076380.53
62136682,UW,eq,0.91,46.85916666666667,-121.76316666666666,1752076998.7700005,0.99,"0.7 km from Mt Rainier, WA",2025-07-09T16:03:18.770Z,3334028,1752076998.7700005
62136677,UW,eq,2.26,46.856833333333334,-121.76533333333333,1752077006.5599995,0.89,"0.6 km NW from Mt Rainier, WA",2025-07-09T16:03:26.560Z,3334058,1752077006.5599995
62136687,UW,eq,0.4,46.858,-121.76216666666667,1752077274.0599976,1.21,"0.5 km from Mt Rainier, WA",2025-07-09T16:07:54.059Z,3341863,1752077274.0599976
62136692,UW,eq,0.48,46.8505,-121.7715,1752077320.9300003,0.62,"0.9 km W from Mt Rainier, WA",2025-07-09T16:08:40.930Z,3339568,1752077320.9300003
62136697,UW,eq,0.18,46.85666666666667,-121.76516666666667,1752077411.7199993,1.12,"0.5 km NW from Mt Rainier, WA",2025-07-09T16:10:11.719Z,3341868,1752077411.7199993
62136702,UW,eq,0.73,46.858,-121.76133333333334,1752077506.3899994,0.77,"0.5 km N from Mt Rainier, WA",2025-07-09T16:11:46.389Z,3338068,1752077506.3899994
62136717,UW,eq,0.14,46.859,-121.76516666666667,1752078232.0699997,1.01,"0.7 km NNW from Mt Rainier, WA",2025-07-09T16:23:52.070Z,3341873,1752078232.0699997
62136722,UW,eq,0.51,46.84866666666667,-121.76916666666666,1752078406.6499977,0.92,"0.9 km WSW from Mt Rainier, WA",2025-07-09T16:26:46.649Z,3341883,1752078406.6499977
62136732,UW,eq,0.53,46.85666666666667,-121.7635,1752078488.4499998,1.28,"0.5 km NNW from Mt Rainier, WA",2025-07-09T16:28:08.450Z,3339573,1752078488.4499998
62136767,UW,eq,0.91,46.8515,-121.76733333333334,1752079536.8999977,0.4,"0.6 km W from Mt Rainier, WA",2025-07-09T16:45:36.899Z,3334123,1752079536.8999977
62136777,UW,eq,0.58,46.847166666666666,-121.7705,1752079560.36,0.76,"1.1 km WSW from Mt Rainier, WA",2025-07-09T16:46:00.360Z,3334178,1752079560.36
62136782,UW,eq,0.88,46.853,-121.7625,1752079587.9300003,0.41,"0.2 km W from Mt Rainier, WA",2025-07-09T16:46:27.930Z,3334118,1752079587.9300003
62136787,UW,eq,0.39,46.8515,-121.76283333333333,1752079634.04,1.01,"0.3 km WSW from Mt Rainier, WA",2025-07-09T16:47:14.040Z,3339578,1752079634.04
62136797,UW,eq,0.25,46.84916666666667,-121.7695,1752080686.7299995,1.04,"0.9 km WSW from Mt Rainier, WA",2025-07-09T17:04:46.730Z,3339593,1752080686.7299995
62136812,UW,eq,0.54,46.85216666666667,-121.76833333333333,1752082119.619999,0.78,"0.6 km W from Mt Rainier, WA",2025-07-09T17:28:39.619Z,3339608,1752082119.619999
62136832,UW,eq,0.12,46.85466666666667,-121.7655,1752082813.6599998,0.86,"0.4 km WNW from Mt Rainier, WA",2025-07-09T17:40:13.660Z,3334198,1752082813.6599998
62136837,UW,eq,0.63,46.8495,-121.76766666666667,1752083072.5299988,0.9,"0.7 km WSW from Mt Rainier, WA",2025-07-09T17:44:32.529Z,3339613,1752083072.5299988
62136852,UW,eq,0.47,46.86116666666667,-121.76383333333334,1752083538.539999,0.76,"0.9 km from Mt Rainier, WA",2025-07-09T17:52:18.539Z,3334158,1752083538.539999
62136867,UW,eq,0.77,46.858333333333334,-121.7645,1752084044.5499992,0.41,"0.7 km NNW from Mt Rainier, WA",2025-07-09T18:00:44.549Z,3334188,1752084044.5499992
61504493,UW,eq,-0.28,46.863,-121.76166666666667,1752084049.329998,0.64,"1.1 km N from Mt Rainier, WA",2025-07-09T18:00:49.329Z,3334193,1752084049.329998
62136872,UW,eq,0.64,46.85883333333334,-121.75933333333333,1752084123.35,0.92,"0.6 km NNE from Mt Rainier, WA",2025-07-09T18:02:03.350Z,3339618,1752084123.35
62136907,UW,eq,0.67,46.84766666666667,-121.76766666666667,1752085710.0299988,0.83,"0.9 km SW from Mt Rainier, WA",2025-07-09T18:28:30.029Z,3338078,1752085710.0299988
62136912,UW,eq,1.15,46.85,-121.77,1752085851.2700005,0.3,"0.8 km WSW from Mt Rainier, WA",2025-07-09T18:30:51.270Z,3337058,1752085851.2700005
62136922,UW,eq,0.31,46.850833333333334,-121.76766666666667,1752086299.5100002,0.92,"0.6 km WSW from Mt Rainier, WA",2025-07-09T18:38:19.510Z,3339623,1752086299.5100002
62136932,UW,eq,0.36,46.8455,-121.7695,1752086501.3899994,0.65,"1.1 km SW from Mt Rainier, WA",2025-07-09T18:41:41.389Z,3341888,1752086501.3899994
62136927,UW,eq,0.59,46.84766666666667,-121.76666666666667,1752086541.6099987,0.55,"0.8 km SW from Mt Rainier, WA",2025-07-09T18:42:21.609Z,3339628,1752086541.6099987
62136942,UW,eq,0.72,46.8495,-121.76333333333334,1752086969.8799992,-0.34,"0.5 km SW from Mt Rainier, WA",2025-07-09T18:49:29.879Z,3337143,1752086969.8799992
62136952,UW,eq,0.25,46.8515,-121.76783333333333,1752087758.0900002,0.9,"0.6 km W from Mt Rainier, WA",2025-07-09T19:02:38.090Z,3339633,1752087758.0900002
62136982,UW,eq,0.09,46.84766666666667,-121.76633333333334,1752088789.539997,0.65,"0.8 km SW from Mt Rainier, WA",2025-07-09T19:19:49.539Z,3334413,1752088789.539997
62136987,UW,eq,0.25,46.8495,-121.76633333333334,1752088875.4699993,0.56,"0.6 km WSW from Mt Rainier, WA",2025-07-09T19:21:15.469Z,3341893,1752088875.4699993
62136997,UW,eq,0.53,46.848333333333336,-121.76283333333333,1752089114.1399994,-0.02,"0.6 km SSW from Mt Rainier, WA",2025-07-09T19:25:14.139Z,3341898,1752089114.1399994
62137007,UW,eq,0.38,46.8505,-121.77033333333333,1752089477.5200005,0.32,"0.8 km W from Mt Rainier, WA",2025-07-09T19:31:17.520Z,3341903,1752089477.5200005
62137012,UW,eq,0.47,46.85,-121.75566666666667,1752089516.0999985,0.37,"0.5 km SSE from Mt Rainier, WA",2025-07-09T19:31:56.099Z,3341908,1752089516.0999985
62137022,UW,eq,0.27,46.852333333333334,-121.7585,1752089596.8999996,0.38,"0.2 km SE from Mt Rainier, WA",2025-07-09T19:33:16.900Z,3334173,1752089596.8999996
62137027,UW,eq,0.73,46.85733333333334,-121.76466666666667,1752089609.369999,1.07,"0.6 km NNW from Mt Rainier, WA",2025-07-09T19:33:29.369Z,3334148,1752089609.369999
62137032,UW,eq,0.16,46.85066666666667,-121.76716666666667,1752089794.8099976,0.72,"0.6 km WSW from Mt Rainier, WA",2025-07-09T19:36:34.809Z,3341913,1752089794.8099976
62137057,UW,eq,0.88,46.85,-121.768,1752090606.5,0.29,"0.7 km WSW from Mt Rainier, WA",2025-07-09T19:50:06.500Z,3340508,1752090606.5
62137062,UW,eq,0.5,46.843833333333336,-121.768,1752090745.5299988,-2.61,"1.2 km SW from Mt Rainier, WA",2025-07-09T19:52:25.529Z,3341003,1752090745.5299988
62137077,UW,eq,0.18,46.8475,-121.76466666666667,1752090954.4699974,0.46,"0.7 km SW from Mt Rainier, WA",2025-07-09T19:55:54.469Z,3335918,1752090954.4699974
62137092,UW,eq,0.42,46.8475,-121.76983333333334,1752091267.52,1.4,"1 km WSW from Mt Rainier, WA",2025-07-09T20:01:07.520Z,3335928,1752091267.52
62137087,UW,eq,1.47,46.8575,-121.76433333333334,1752091306.9500008,0.92,"0.6 km NNW from Mt Rainier, WA",2025-07-09T20:01:46.950Z,3334143,1752091306.9500008
62137102,UW,eq,0.24,46.8515,-121.75766666666667,1752091567.7799997,-0.51,"0.3 km SSE from Mt Rainier, WA",2025-07-09T20:06:07.780Z,3334168,1752091567.7799997
62137107,UW,eq,0.33,46.851166666666664,-121.758,1752091700.9300003,-0.08,"0.3 km SSE from Mt Rainier, WA",2025-07-09T20:08:20.930Z,3339638,1752091700.9300003
62137112,UW,eq,1.04,46.848333333333336,-121.7675,1752091949.5999985,0.9,"0.8 km WSW from Mt Rainier, WA",2025-07-09T20:12:29.599Z,3334163,1752091949.5999985
62137127,UW,eq,0.55,46.85066666666667,-121.75833333333334,1752092221.3899999,0.03,"0.3 km SSE from Mt Rainier, WA",2025-07-09T20:17:01.390Z,3334203,1752092221.3899999
61504498,UW,eq,0.78,46.852,-121.75783333333334,1752092224.9299998,0.63,"0.2 km SE from Mt Rainier, WA",2025-07-09T20:17:04.930Z,3334208,1752092224.9299998
62137157,UW,eq,0.49,46.85166666666667,-121.75683333333333,1752094781.3899994,0.15,"0.3 km SE from Mt Rainier, WA",2025-07-09T20:59:41.389Z,3334183,1752094781.3899994
62137177,UW,eq,0.84,46.8485,-121.76666666666667,1752096187.6999998,-0.26,"0.7 km SW from Mt Rainier, WA",2025-07-09T21:23:07.700Z,3334218,1752096187.6999998
62137197,UW,eq,0.41,46.849,-121.76816666666667,1752096782.6699998,0.87,"0.8 km WSW from Mt Rainier, WA",2025-07-09T21:33:02.670Z,3334223,1752096782.6699998
62137212,UW,eq,0.42,46.84916666666667,-121.76766666666667,1752097317.1599998,0.41,"0.7 km WSW from Mt Rainier, WA",2025-07-09T21:41:57.160Z,3334228,1752097317.1599998
62137247,UW,eq,0.68,46.849,-121.76933333333334,1752098306.83,0.53,"0.9 km WSW from Mt Rainier, WA",2025-07-09T21:58:26.830Z,3334238,1752098306.83
62137252,UW,eq,0.21,46.85033333333333,-121.76783333333333,1752098374.4500008,0.9,"0.7 km WSW from Mt Rainier, WA",2025-07-09T21:59:34.450Z,3340533,1752098374.4500008
62137257,UW,eq,0.3,46.850833333333334,-121.75683333333333,1752098405.3599997,-0.54,"0.4 km SSE from Mt Rainier, WA",2025-07-09T22:00:05.360Z,3334253,1752098405.3599997
62137262,UW,eq,0.42,46.848333333333336,-121.76133333333334,1752098455.959999,-0.25,"0.6 km SSW from Mt Rainier, WA",2025-07-09T22:00:55.959Z,3341928,1752098455.959999
62137297,UW,eq,0.68,46.8495,-121.761,1752100597.959999,-0.12,"0.4 km SSW from Mt Rainier, WA",2025-07-09T22:36:37.959Z,3334693,1752100597.959999
62137327,UW,eq,0.41,46.863166666666665,-121.76333333333334,1752101548.5,0.08,"1.1 km from Mt Rainier, WA",2025-07-09T22:52:28.500Z,3334298,1752101548.5
62137362,UW,eq,0.5,46.8495,-121.7675,1752102833.9699974,0.36,"0.7 km WSW from Mt Rainier, WA",2025-07-09T23:13:53.969Z,3341933,1752102833.9699974
62137407,UW,eq,1.37,46.851,-121.76933333333334,1752104668.119999,0.73,"0.8 km W from Mt Rainier, WA",2025-07-09T23:44:28.119Z,3334213,1752104668.119999
62137427,UW,eq,0.09,46.849833333333336,-121.76783333333333,1752105207.0499992,0.33,"0.7 km WSW from Mt Rainier, WA",2025-07-09T23:53:27.049Z,3335908,1752105207.0499992
62137437,UW,eq,0.79,46.861666666666665,-121.76183333333333,1752105449.5299988,0.38,"0.9 km N from Mt Rainier, WA",2025-07-09T23:57:29.529Z,3334403,1752105449.5299988
62137462,UW,eq,0.75,46.856,-121.76583333333333,1752106205.0699997,1.13,"0.5 km NW from Mt Rainier, WA",2025-07-10T00:10:05.070Z,3334398,1752106205.0699997
62137492,UW,eq,-0.03,46.8505,-121.76933333333334,1752106835.0499992,-0.16,"0.8 km WSW from Mt Rainier, WA",2025-07-10T00:20:35.049Z,3334393,1752106835.0499992
62137497,UW,eq,0.97,46.849833333333336,-121.7655,1752107062.209999,0.85,"0.6 km WSW from Mt Rainier, WA",2025-07-10T00:24:22.209Z,3334363,1752107062.209999
62137502,UW,eq,0.46,46.849833333333336,-121.76966666666667,1752107356.6800003,0.34,"0.8 km WSW from Mt Rainier, WA",2025-07-10T00:29:16.680Z,3334388,1752107356.6800003
62137512,UW,eq,-0.03,46.8505,-121.76966666666667,1752107592.1999998,0.39,"0.8 km WSW from Mt Rainier, WA",2025-07-10T00:33:12.200Z,3334383,1752107592.1999998
62137532,UW,eq,0.31,46.8495,-121.76883333333333,1752108177.9199982,0.45,"0.8 km WSW from Mt Rainier, WA",2025-07-10T00:42:57.919Z,3334263,1752108177.9199982
62137537,UW,eq,0.92,46.85516666666667,-121.763,1752108185.2199998,1.15,"0.3 km NW from Mt Rainier, WA",2025-07-10T00:43:05.220Z,3334258,1752108185.2199998
62137612,UW,eq,0.28,46.851166666666664,-121.76866666666666,1752110328.7399979,0.79,"0.7 km W from Mt Rainier, WA",2025-07-10T01:18:48.739Z,3334348,1752110328.7399979
62137657,UW,eq,0.19,46.849,-121.76933333333334,1752111183.8999999,0.38,"0.9 km WSW from Mt Rainier, WA",2025-07-10T01:33:03.900Z,3334343,1752111183.8999999
62137732,UW,eq,0.54,46.85066666666667,-121.769,1752113472.2599993,0.22,"0.7 km WSW from Mt Rainier, WA",2025-07-10T02:11:12.259Z,3334333,1752113472.2599993
62137797,UW,eq,-0.07,46.849833333333336,-121.76733333333334,1752115428.2799988,0.31,"0.7 km WSW from Mt Rainier, WA",2025-07-10T02:43:48.279Z,3334328,1752115428.2799988
62137807,UW,eq,0.27,46.8505,-121.772,1752115510.0999994,0.06,"1 km W from Mt Rainier, WA",2025-07-10T02:45:10.099Z,3334318,1752115510.0999994
62137812,UW,eq,0.15,46.85,-121.76866666666666,1752115602.2299995,0.3,"0.8 km WSW from Mt Rainier, WA",2025-07-10T02:46:42.230Z,3334313,1752115602.2299995
62137837,UW,eq,0.55,46.848,-121.767,1752116356.67,0.77,"0.8 km SW from Mt Rainier, WA",2025-07-10T02:59:16.670Z,3342143,1752116356.67
62137832,UW,eq,-0.07,46.85433333333334,-121.772,1752116462.76,0.65,"0.9 km WNW from Mt Rainier, WA",2025-07-10T03:01:02.760Z,3334308,1752116462.76
62137872,UW,eq,0.17,46.851,-121.76733333333334,1752119104,0.42,"0.6 km WSW from Mt Rainier, WA",2025-07-10T03:45:04.000Z,3334323,1752119104
62137882,UW,eq,0.17,46.84883333333333,-121.76883333333333,1752119240.4799995,0.38,"0.8 km WSW from Mt Rainier, WA",2025-07-10T03:47:20.480Z,3334338,1752119240.4799995
62137887,UW,eq,0.33,46.8475,-121.767,1752119620.1899986,0.37,"0.8 km SW from Mt Rainier, WA",2025-07-10T03:53:40.189Z,3342153,1752119620.1899986
62137892,UW,eq,-0.06,46.8515,-121.76883333333333,1752120602.45,0.1,"0.7 km W from Mt Rainier, WA",2025-07-10T04:10:02.450Z,3334378,1752120602.45
62137897,UW,eq,1.33,46.85466666666667,-121.76333333333334,1752120857.42,-2.7,"0.3 km NW from Mt Rainier, WA",2025-07-10T04:14:17.420Z,3334353,1752120857.42
62137902,UW,eq,0.26,46.8485,-121.76883333333333,1752122190.1299992,0.32,"0.9 km WSW from Mt Rainier, WA",2025-07-10T04:36:30.129Z,3334438,1752122190.1299992
62137907,UW,eq,0.63,46.846333333333334,-121.77033333333333,1752122305.1000004,0.93,"1.1 km WSW from Mt Rainier, WA",2025-07-10T04:38:25.100Z,3334368,1752122305.1000004
62137912,UW,eq,0.44,46.85516666666667,-121.76533333333333,1752123217.829998,-2.4,"0.5 km NW from Mt Rainier, WA",2025-07-10T04:53:37.829Z,3334458,1752123217.829998
62137917,UW,eq,0.09,46.85333333333333,-121.77016666666667,1752123547.19,0.76,"0.8 km WNW from Mt Rainier, WA",2025-07-10T04:59:07.190Z,3334453,1752123547.19
62137922,UW,eq,0.61,46.857,-121.76083333333334,1752123679.209999,-0.19,"0.4 km N from Mt Rainier, WA",2025-07-10T05:01:19.209Z,3334448,1752123679.209999
62137932,UW,eq,0.33,46.86,-121.76033333333334,1752123814.6100006,-0.07,"0.7 km N from Mt Rainier, WA",2025-07-10T05:03:34.610Z,3334443,1752123814.6100006
62137937,UW,eq,0.53,46.851333333333336,-121.76766666666667,1752123974.33,0.16,"0.6 km W from Mt Rainier, WA",2025-07-10T05:06:14.330Z,3334433,1752123974.33
62137942,UW,eq,0.71,46.85816666666667,-121.76,1752123987.25,0,"0.5 km N from Mt Rainier, WA",2025-07-10T05:06:27.250Z,3334428,1752123987.25
62137947,UW,eq,0.43,46.85066666666667,-121.76933333333334,1752124777.2199974,0.27,"0.8 km W from Mt Rainier, WA",2025-07-10T05:19:37.219Z,3334423,1752124777.2199974
62137952,UW,eq,0.32,46.84883333333333,-121.768,1752124983.49,0.52,"0.8 km WSW from Mt Rainier, WA",2025-07-10T05:23:03.490Z,3334418,1752124983.49
62137962,UW,eq,0.35,46.85033333333333,-121.75983333333333,1752125228.8899994,0.22,"0.3 km S from Mt Rainier, WA",2025-07-10T05:27:08.889Z,3341938,1752125228.8899994
62137957,UW,eq,0.96,46.852,-121.75883333333333,1752125320.7000008,-0.08,"0.2 km SSE from Mt Rainier, WA",2025-07-10T05:28:40.700Z,3334468,1752125320.7000008
62137967,UW,eq,0.38,46.85933333333333,-121.75783333333334,1752125576.4799995,0.27,"0.7 km NNE from Mt Rainier, WA",2025-07-10T05:32:56.480Z,3334623,1752125576.4799995
62137972,UW,eq,0.44,46.859,-121.7585,1752125642.54,-0.07,"0.6 km NNE from Mt Rainier, WA",2025-07-10T05:34:02.540Z,3337233,1752125642.54
62137977,UW,eq,0.51,46.849833333333336,-121.7665,1752125727.8999996,0.6,"0.6 km WSW from Mt Rainier, WA",2025-07-10T05:35:27.900Z,3337238,1752125727.8999996
62137982,UW,eq,0.08,46.85016666666667,-121.76816666666667,1752125759.0099983,0.66,"0.7 km WSW from Mt Rainier, WA",2025-07-10T05:35:59.009Z,3339888,1752125759.0099983
62137992,UW,eq,1.32,46.851166666666664,-121.76883333333333,1752126289.0499992,0.56,"0.7 km W from Mt Rainier, WA",2025-07-10T05:44:49.049Z,3334463,1752126289.0499992
62137997,UW,eq,0.37,46.851,-121.76983333333334,1752127154.9099998,0.47,"0.8 km W from Mt Rainier, WA",2025-07-10T05:59:14.910Z,3337038,1752127154.9099998
62138012,UW,eq,0.18,46.8625,-121.758,1752127996.1299992,-0.55,"1 km NNE from Mt Rainier, WA",2025-07-10T06:13:16.129Z,3342158,1752127996.1299992
62138022,UW,eq,0.05,46.851166666666664,-121.76916666666666,1752128195.459999,0.43,"0.7 km W from Mt Rainier, WA",2025-07-10T06:16:35.459Z,3340783,1752128195.459999
62138027,UW,eq,0.2,46.8485,-121.76816666666667,1752128329.5200005,0.44,"0.8 km WSW from Mt Rainier, WA",2025-07-10T06:18:49.520Z,3340788,1752128329.5200005
62138032,UW,eq,0.45,46.84866666666667,-121.76066666666667,1752128624.8199997,-0.04,"0.5 km SSW from Mt Rainier, WA",2025-07-10T06:23:44.820Z,3337048,1752128624.8199997
62138037,UW,eq,0.2,46.84866666666667,-121.76983333333334,1752128847.42,0.52,"0.9 km WSW from Mt Rainier, WA",2025-07-10T06:27:27.420Z,3340793,1752128847.42
62138042,UW,eq,0.29,46.850833333333334,-121.75883333333333,1752129657.6499977,-0.55,"0.3 km S from Mt Rainier, WA",2025-07-10T06:40:57.649Z,3337243,1752129657.6499977
62138052,UW,eq,0.28,46.852,-121.76516666666667,1752131018.6800003,0.58,"0.4 km W from Mt Rainier, WA",2025-07-10T07:03:38.680Z,3340798,1752131018.6800003
62138057,UW,eq,0.7,46.856833333333334,-121.76683333333334,1752131329.9500008,0.95,"0.7 km NW from Mt Rainier, WA",2025-07-10T07:08:49.950Z,3334508,1752131329.9500008
62138062,UW,eq,-0.01,46.847,-121.7685,1752131658.5900002,0.11,"1 km SW from Mt Rainier, WA",2025-07-10T07:14:18.590Z,3340803,1752131658.5900002
62138067,UW,eq,0.41,46.85916666666667,-121.758,1752132178.8199997,0.18,"0.7 km NNE from Mt Rainier, WA",2025-07-10T07:22:58.820Z,3337248,1752132178.8199997
62138072,UW,eq,0.49,46.85433333333334,-121.76066666666667,1752132695.0499992,-2.62,"0.1 km NNW from Mt Rainier, WA",2025-07-10T07:31:35.049Z,3334483,1752132695.0499992
62138077,UW,eq,0.39,46.851,-121.77033333333333,1752133070.5299988,0.7,"0.8 km W from Mt Rainier, WA",2025-07-10T07:37:50.529Z,3340483,1752133070.5299988
62138082,UW,eq,0.19,46.8515,-121.7705,1752133104.5699997,0.17,"0.8 km W from Mt Rainier, WA",2025-07-10T07:38:24.570Z,3340808,1752133104.5699997
62138087,UW,eq,0.37,46.85766666666667,-121.75966666666666,1752133765.869999,-0.62,"0.5 km NNE from Mt Rainier, WA",2025-07-10T07:49:25.869Z,3337253,1752133765.869999
62138092,UW,eq,0.52,46.85883333333334,-121.7585,1752134073.2000008,0.48,"0.6 km NNE from Mt Rainier, WA",2025-07-10T07:54:33.200Z,3337258,1752134073.2000008
62138097,UW,eq,0.26,46.857166666666664,-121.758,1752134159.709999,-0.19,"0.5 km NNE from Mt Rainier, WA",2025-07-10T07:55:59.709Z,3340813,1752134159.709999
62138102,UW,eq,0.34,46.8575,-121.75933333333333,1752134924.2999992,-0.19,"0.5 km NNE from Mt Rainier, WA",2025-07-10T08:08:44.299Z,3337263,1752134924.2999992
62138107,UW,eq,0.51,46.849,-121.76916666666666,1752135346.2299995,0.4,"0.8 km WSW from Mt Rainier, WA",2025-07-10T08:15:46.230Z,3337268,1752135346.2299995
62138112,UW,eq,0.4,46.8615,-121.76266666666666,1752135441.0299988,0.5,"0.9 km from Mt Rainier, WA",2025-07-10T08:17:21.029Z,3334593,1752135441.0299988
62138122,UW,eq,0.2,46.859,-121.7605,1752136654.040001,0.38,"0.6 km N from Mt Rainier, WA",2025-07-10T08:37:34.040Z,3336083,1752136654.040001
62138127,UW,eq,0.77,46.858333333333334,-121.75816666666667,1752136687.56,0.15,"0.6 km NNE from Mt Rainier, WA",2025-07-10T08:38:07.560Z,3336088,1752136687.56
62138132,UW,eq,0.04,46.851333333333336,-121.77,1752137411.1099997,0.32,"0.8 km W from Mt Rainier, WA",2025-07-10T08:50:11.110Z,3340818,1752137411.1099997
62138142,UW,eq,0.49,46.861333333333334,-121.763,1752138991.8199997,0.54,"0.9 km from Mt Rainier, WA",2025-07-10T09:16:31.820Z,3336903,1752138991.8199997
62138147,UW,eq,0.31,46.851,-121.767,1752139168.9099998,0.75,"0.6 km WSW from Mt Rainier, WA",2025-07-10T09:19:28.910Z,3337283,1752139168.9099998
62138152,UW,eq,0.7,46.85066666666667,-121.76416666666667,1752139614.2999992,0.43,"0.4 km WSW from Mt Rainier, WA",2025-07-10T09:26:54.299Z,3338083,1752139614.2999992
62138157,UW,eq,0.37,46.851333333333336,-121.77116666666667,1752140426.8199997,0.87,"0.9 km W from Mt Rainier, WA",2025-07-10T09:40:26.820Z,3337288,1752140426.8199997
62138162,UW,eq,0.64,46.849333333333334,-121.7605,1752140442.7799988,-0.16,"0.4 km SSW from Mt Rainier, WA",2025-07-10T09:40:42.779Z,3337293,1752140442.7799988
62138172,UW,eq,0.34,46.85016666666667,-121.759,1752140615.2700005,-0.24,"0.4 km S from Mt Rainier, WA",2025-07-10T09:43:35.270Z,3342163,1752140615.2700005
62138182,UW,eq,0.13,46.849333333333334,-121.76916666666666,1752141683.5,0.15,"0.8 km WSW from Mt Rainier, WA",2025-07-10T10:01:23.500Z,3340828,1752141683.5
62138187,UW,eq,0.33,46.86033333333334,-121.7645,1752143446.9099998,-0.09,"0.9 km NNW from Mt Rainier, WA",2025-07-10T10:30:46.910Z,3342173,1752143446.9099998
62138197,UW,eq,0.15,46.8605,-121.7665,1752143881.49,0.76,"0.9 km NNW from Mt Rainier, WA",2025-07-10T10:38:01.490Z,3343078,1752143881.49
61504728,UW,eq,0.17,46.862833333333334,-121.76883333333333,1752143885.1099997,1.23,"1.3 km NNW from Mt Rainier, WA",2025-07-10T10:38:05.110Z,3343083,1752143885.1099997
61504733,UW,eq,-0.36,46.859,-121.76083333333334,1752143892.1899996,0.33,"0.6 km N from Mt Rainier, WA",2025-07-10T10:38:12.190Z,3343093,1752143892.1899996
61504738,UW,eq,0.2,46.8595,-121.76133333333334,1752143933.9199982,1.17,"0.7 km N from Mt Rainier, WA",2025-07-10T10:38:53.919Z,3343098,1752143933.9199982
62138192,UW,eq,0.25,46.86033333333334,-121.76333333333334,1752144010.3000002,0.77,"0.8 km from Mt Rainier, WA",2025-07-10T10:40:10.300Z,3336063,1752144010.3000002
62138202,UW,eq,0.62,46.84916666666667,-121.76866666666666,1752144053.0699997,0.73,"0.8 km WSW from Mt Rainier, WA",2025-07-10T10:40:53.070Z,3339393,1752144053.0699997
62138207,UW,eq,0.85,46.846666666666664,-121.75833333333334,1752145049.6899986,-0.16,"0.7 km S from Mt Rainier, WA",2025-07-10T10:57:29.689Z,3336078,1752145049.6899986
62138217,UW,eq,-0.02,46.847833333333334,-121.77016666666667,1752145398.9899998,0.65,"1 km WSW from Mt Rainier, WA",2025-07-10T11:03:18.990Z,3340838,1752145398.9899998
62138227,UW,eq,0.08,46.85916666666667,-121.76683333333334,1752146808.4699974,1.43,"0.8 km NNW from Mt Rainier, WA",2025-07-10T11:26:48.469Z,3342183,1752146808.4699974
62138232,UW,eq,0.62,46.851,-121.75733333333334,1752146960.1000004,0.28,"0.3 km SSE from Mt Rainier, WA",2025-07-10T11:29:20.100Z,3337883,1752146960.1000004
62138237,UW,eq,0.28,46.847833333333334,-121.76316666666666,1752147108.289997,0.27,"0.7 km SSW from Mt Rainier, WA",2025-07-10T11:31:48.289Z,3343103,1752147108.289997
62138242,UW,eq,0.28,46.84916666666667,-121.75516666666667,1752147176.6399994,0.45,"0.6 km SSE from Mt Rainier, WA",2025-07-10T11:32:56.639Z,3336878,1752147176.6399994
62138247,UW,eq,0.13,46.85016666666667,-121.77166666666666,1752147235.4099998,0.27,"1 km W from Mt Rainier, WA",2025-07-10T11:33:55.410Z,3340843,1752147235.4099998
62138252,UW,eq,0.43,46.85783333333333,-121.75966666666666,1752149666.0199986,0.01,"0.5 km NNE from Mt Rainier, WA",2025-07-10T12:14:26.019Z,3337593,1752149666.0199986
62138257,UW,eq,0.63,46.849333333333334,-121.76783333333333,1752150327.8400002,0.56,"0.7 km WSW from Mt Rainier, WA",2025-07-10T12:25:27.840Z,3339643,1752150327.8400002
62138272,UW,eq,0.86,46.85016666666667,-121.768,1752151688.1799994,0.95,"0.7 km WSW from Mt Rainier, WA",2025-07-10T12:48:08.179Z,3337093,1752151688.1799994
62138277,UW,eq,0.49,46.84883333333333,-121.7555,1752152063.6999989,0.39,"0.6 km SSE from Mt Rainier, WA",2025-07-10T12:54:23.699Z,3337118,1752152063.6999989
62138282,UW,eq,0.17,46.849,-121.7615,1752152376.7700005,0.52,"0.5 km SSW from Mt Rainier, WA",2025-07-10T12:59:36.770Z,3334553,1752152376.7700005
62138287,UW,eq,0.39,46.845166666666664,-121.76283333333333,1752152620.5299988,-0.79,"0.9 km SSW from Mt Rainier, WA",2025-07-10T13:03:40.529Z,3334543,1752152620.5299988
62138292,UW,eq,0.49,46.849666666666664,-121.76816666666667,1752152733.6699982,0.82,"0.7 km WSW from Mt Rainier, WA",2025-07-10T13:05:33.669Z,3339648,1752152733.6699982
62138297,UW,eq,0.82,46.8495,-121.75616666666667,1752153325.6099987,-0.24,"0.5 km SSE from Mt Rainier, WA",2025-07-10T13:15:25.609Z,3337028,1752153325.6099987
62138307,UW,eq,0.66,46.84866666666667,-121.769,1752154224.6999989,0.11,"0.9 km WSW from Mt Rainier, WA",2025-07-10T13:30:24.699Z,3337568,1752154224.6999989
62138312,UW,eq,0.22,46.8505,-121.7665,1752154490.8499985,0.4,"0.6 km WSW from Mt Rainier, WA",2025-07-10T13:34:50.849Z,3340848,1752154490.8499985
62138317,UW,eq,0.24,46.84916666666667,-121.7695,1752155275.5599976,0.85,"0.9 km WSW from Mt Rainier, WA",2025-07-10T13:47:55.559Z,3340853,1752155275.5599976
62138322,UW,eq,1.14,46.849,-121.761,1752156221.7999992,0.12,"0.5 km SSW from Mt Rainier, WA",2025-07-10T14:03:41.799Z,3334528,1752156221.7999992
62138327,UW,eq,1.32,46.84883333333333,-121.76683333333334,1752156549.9399996,0.83,"0.7 km WSW from Mt Rainier, WA",2025-07-10T14:09:09.940Z,3334498,1752156549.9399996
62138332,UW,eq,0.4,46.859833333333334,-121.7595,1752156762.0099983,0.91,"0.7 km NNE from Mt Rainier, WA",2025-07-10T14:12:42.009Z,3342188,1752156762.0099983
62138337,UW,eq,0.38,46.8495,-121.761,1752157163.539999,-0.27,"0.4 km SSW from Mt Rainier, WA",2025-07-10T14:19:23.539Z,3338088,1752157163.539999
62138342,UW,eq,0.2,46.85183333333333,-121.76866666666666,1752157745.6599998,0.96,"0.7 km W from Mt Rainier, WA",2025-07-10T14:29:05.660Z,3341053,1752157745.6599998
62138357,UW,eq,0.13,46.85183333333333,-121.767,1752159031.789999,0.64,"0.6 km W from Mt Rainier, WA",2025-07-10T14:50:31.789Z,3335593,1752159031.789999
62138367,UW,eq,0.09,46.851333333333336,-121.76966666666667,1752160503.02,0.38,"0.8 km W from Mt Rainier, WA",2025-07-10T15:15:03.020Z,3335598,1752160503.02
62138387,UW,eq,0.17,46.84766666666667,-121.76866666666666,1752161547.3899994,0.78,"0.9 km WSW from Mt Rainier, WA",2025-07-10T15:32:27.389Z,3335643,1752161547.3899994
62138437,UW,eq,0.37,46.84866666666667,-121.76766666666667,1752163448.1999998,1.8,"0.8 km WSW from Mt Rainier, WA",2025-07-10T16:04:08.200Z,3335648,1752163448.1999998
62138442,UW,eq,0.17,46.848166666666664,-121.76866666666666,1752163589.4499989,1.11,"0.9 km WSW from Mt Rainier, WA",2025-07-10T16:06:29.449Z,3335668,1752163589.4499989
62138507,UW,eq,0.08,46.849,-121.765,1752166906.4500008,0.72,"0.6 km SW from Mt Rainier, WA",2025-07-10T17:01:46.450Z,3334558,1752166906.4500008
62138512,UW,eq,0.65,46.8485,-121.769,1752167260.9899979,0.25,"0.9 km WSW from Mt Rainier, WA",2025-07-10T17:07:40.989Z,3339658,1752167260.9899979
62138522,UW,eq,1.22,46.8465,-121.76066666666667,1752167620.6599998,0.02,"0.8 km SSW from Mt Rainier, WA",2025-07-10T17:13:40.660Z,3334533,1752167620.6599998
62138532,UW,eq,0.53,46.85016666666667,-121.76133333333334,1752167648.8999996,-2.26,"0.4 km SSW from Mt Rainier, WA",2025-07-10T17:14:08.900Z,3334698,1752167648.8999996
62138537,UW,eq,0.8,46.85783333333333,-121.76283333333333,1752167733.709999,1.35,"0.5 km NNW from Mt Rainier, WA",2025-07-10T17:15:33.709Z,3334703,1752167733.709999
62138577,UW,eq,0.23,46.8605,-121.76566666666666,1752170005.459999,1,"0.9 km NNW from Mt Rainier, WA",2025-07-10T17:53:25.459Z,3342243,1752170005.459999
62138572,UW,eq,0.61,46.85933333333333,-121.76533333333333,1752170089.6299973,0.81,"0.8 km NNW from Mt Rainier, WA",2025-07-10T17:54:49.629Z,3337313,1752170089.6299973
62138582,UW,eq,0.39,46.8505,-121.75683333333333,1752170429.6999989,-0.01,"0.4 km SSE from Mt Rainier, WA",2025-07-10T18:00:29.699Z,3337113,1752170429.6999989
61504653,UW,eq,0.34,46.8505,-121.75816666666667,1752170435.369999,0.09,"0.3 km SSE from Mt Rainier, WA",2025-07-10T18:00:35.369Z,3337128,1752170435.369999
62138607,UW,eq,1.61,46.85666666666667,-121.759,1752171581.1699982,0.28,"0.4 km NNE from Mt Rainier, WA",2025-07-10T18:19:41.169Z,3337073,1752171581.1699982
62138627,UW,eq,0.14,46.852666666666664,-121.77083333333333,1752172080.1,0.52,"0.8 km W from Mt Rainier, WA",2025-07-10T18:28:00.100Z,3341058,1752172080.1
62138632,UW,eq,0.41,46.85966666666667,-121.75833333333334,1752172231.5999985,0.98,"0.7 km NNE from Mt Rainier, WA",2025-07-10T18:30:31.599Z,3335523,1752172231.5999985
62138642,UW,eq,0.62,46.855666666666664,-121.75933333333333,1752172657.7000008,1.49,"0.3 km NNE from Mt Rainier, WA",2025-07-10T18:37:37.700Z,3338093,1752172657.7000008
62138652,UW,eq,0.5,46.85783333333333,-121.76066666666667,1752173140.6399994,1.01,"0.5 km N from Mt Rainier, WA",2025-07-10T18:45:40.639Z,3334733,1752173140.6399994
62138667,UW,eq,0.78,46.8545,-121.75883333333333,1752174019.83,1.41,"0.2 km NE from Mt Rainier, WA",2025-07-10T19:00:19.830Z,3338473,1752174019.83
62138672,UW,eq,0.6,46.85466666666667,-121.7585,1752174261.0299988,1.34,"0.2 km NE from Mt Rainier, WA",2025-07-10T19:04:21.029Z,3339663,1752174261.0299988
62138687,UW,eq,0.67,46.85466666666667,-121.76016666666666,1752174502.1399994,1.26,"0.2 km N from Mt Rainier, WA",2025-07-10T19:08:22.139Z,3340478,1752174502.1399994
62138692,UW,eq,1.16,46.85466666666667,-121.75766666666667,1752174511,0.93,"0.2 km ENE from Mt Rainier, WA",2025-07-10T19:08:31.000Z,3335113,1752174511
62138697,UW,eq,0.89,46.84733333333333,-121.768,1752174559.119999,0.69,"0.9 km SW from Mt Rainier, WA",2025-07-10T19:09:19.119Z,3337078,1752174559.119999
62138707,UW,eq,0.6,46.855666666666664,-121.75833333333334,1752174902.4299998,1.43,"0.3 km NE from Mt Rainier, WA",2025-07-10T19:15:02.430Z,3338503,1752174902.4299998
62138722,UW,eq,0.22,46.857,-121.761,1752175902.5,0.91,"0.4 km N from Mt Rainier, WA",2025-07-10T19:31:42.500Z,3334743,1752175902.5
62138737,UW,eq,0.36,46.85966491699219,-121.76033020019531,1752175996.76,0.39,"0.7 km N from Mt Rainier, WA",2025-07-10T19:33:16.760Z,2074137,1752175996.76
62138732,UW,eq,0.36,46.855499267578125,-121.76033020019531,1752176009.610001,0.37,"0.2 km N from Mt Rainier, WA",2025-07-10T19:33:29.610Z,2074132,1752176009.610001
62138742,UW,eq,0.47,46.855666666666664,-121.76033333333334,1752176114.3400002,1.29,"0.3 km N from Mt Rainier, WA",2025-07-10T19:35:14.340Z,3338233,1752176114.3400002
62138747,UW,eq,0.25,46.8615,-121.763,1752176134.2199974,0.73,"0.9 km from Mt Rainier, WA",2025-07-10T19:35:34.219Z,3334738,1752176134.2199974
62138772,UW,eq,0.769,46.848166666666664,-121.75933333333333,1752177026.1399994,-0.89,"0.6 km S from Mt Rainier, WA",2025-07-10T19:50:26.139Z,3339433,1752177026.1399994
62138797,UW,eq,0.31,46.85016666666667,-121.76833333333333,1752177620.959999,0.2,"0.7 km WSW from Mt Rainier, WA",2025-07-10T20:00:20.959Z,3340858,1752177620.959999
62138827,UW,eq,0.32,46.859833333333334,-121.76216666666667,1752178561.4099998,0.57,"0.7 km from Mt Rainier, WA",2025-07-10T20:16:01.410Z,3340863,1752178561.4099998
62138837,UW,eq,1.25,46.85183333333333,-121.7685,1752179541.959999,0.49,"0.7 km W from Mt Rainier, WA",2025-07-10T20:32:21.959Z,3334718,1752179541.959999
62138842,UW,eq,0.21,46.85,-121.76133333333334,1752179643.48,-0.22,"0.4 km SSW from Mt Rainier, WA",2025-07-10T20:34:03.480Z,3334728,1752179643.48
62138852,UW,eq,0.68,46.859833333333334,-121.75666666666666,1752180243.23,1.16,"0.8 km NNE from Mt Rainier, WA",2025-07-10T20:44:03.230Z,3335253,1752180243.23
62138892,UW,eq,2.04,46.8505,-121.76733333333334,1752182247.2999992,0.57,"0.6 km WSW from Mt Rainier, WA",2025-07-10T21:17:27.299Z,3334713,1752182247.2999992
62138897,UW,eq,0.47,46.8525,-121.76716666666667,1752182295.9899998,0.74,"0.6 km W from Mt Rainier, WA",2025-07-10T21:18:15.990Z,3335373,1752182295.9899998
62138907,UW,eq,0.15,46.8515,-121.76833333333333,1752182711.0500002,1.06,"0.7 km W from Mt Rainier, WA",2025-07-10T21:25:11.050Z,3341063,1752182711.0500002
62138917,UW,eq,0.22,46.859,-121.76683333333334,1752183028.5,0.43,"0.8 km NNW from Mt Rainier, WA",2025-07-10T21:30:28.500Z,3339708,1752183028.5
62139007,UW,eq,0.16,46.85333333333333,-121.76883333333333,1752186679.6800003,0.28,"0.7 km WNW from Mt Rainier, WA",2025-07-10T22:31:19.680Z,3335013,1752186679.6800003
62139012,UW,eq,0.89,46.851166666666664,-121.76716666666667,1752186690.7799988,-0.18,"0.6 km WSW from Mt Rainier, WA",2025-07-10T22:31:30.779Z,3334723,1752186690.7799988
62139022,UW,eq,0.07,46.849666666666664,-121.76783333333333,1752186903.74,0.37,"0.7 km WSW from Mt Rainier, WA",2025-07-10T22:35:03.740Z,3335008,1752186903.74
62139062,UW,eq,0.37,46.846833333333336,-121.77133333333333,1752188857.829998,-2.16,"1.1 km WSW from Mt Rainier, WA",2025-07-10T23:07:37.829Z,3335003,1752188857.829998
62139082,UW,eq,0.61,46.859,-121.762,1752189574.7000008,0.15,"0.7 km from Mt Rainier, WA",2025-07-10T23:19:34.700Z,3334753,1752189574.7000008
62139152,UW,eq,0.46,46.8495,-121.77233333333334,1752192267.539999,0.54,"1 km WSW from Mt Rainier, WA",2025-07-11T00:04:27.539Z,3334993,1752192267.539999
62139162,UW,eq,1.22,46.847833333333334,-121.75433333333334,1752192693.369999,2.4,"0.7 km SSE from Mt Rainier, WA",2025-07-11T00:11:33.369Z,3334933,1752192693.369999
62139262,UW,eq,0.53,46.84916666666667,-121.76116666666667,1752199095.08,-0.74,"0.5 km SSW from Mt Rainier, WA",2025-07-11T01:58:15.080Z,3334978,1752199095.08
62139277,UW,eq,0.41,46.8505,-121.75883333333333,1752203549.8599987,-0.15,"0.3 km S from Mt Rainier, WA",2025-07-11T03:12:29.859Z,3334963,1752203549.8599987
62139302,UW,eq,0.49,46.849666666666664,-121.76766666666667,1752206801.8199997,-0.31,"0.7 km WSW from Mt Rainier, WA",2025-07-11T04:06:41.820Z,3334953,1752206801.8199997
62139312,UW,eq,1.22,46.852333333333334,-121.75766666666667,1752208249.2399979,-0.35,"0.2 km SE from Mt Rainier, WA",2025-07-11T04:30:49.239Z,3334968,1752208249.2399979
62139317,UW,eq,0.53,46.84916666666667,-121.76916666666666,1752208668.8600006,0.32,"0.8 km WSW from Mt Rainier, WA",2025-07-11T04:37:48.860Z,3338748,1752208668.8600006
62139322,UW,eq,0.34,46.851166666666664,-121.769,1752209102.09,0.09,"0.7 km W from Mt Rainier, WA",2025-07-11T04:45:02.090Z,3337678,1752209102.09
62139327,UW,eq,-0.08,46.849833333333336,-121.77033333333333,1752210113.5699997,0.1,"0.9 km WSW from Mt Rainier, WA",2025-07-11T05:01:53.570Z,3338613,1752210113.5699997
62139342,UW,eq,0.48,46.85016666666667,-121.75983333333333,1752211085.2599998,-0.41,"0.3 km S from Mt Rainier, WA",2025-07-11T05:18:05.260Z,3334998,1752211085.2599998
62139347,UW,eq,0.16,46.8525,-121.75783333333334,1752211217.5599995,0.55,"0.2 km SE from Mt Rainier, WA",2025-07-11T05:20:17.560Z,3335078,1752211217.5599995
61504533,UW,eq,-0.08,46.856,-121.75716666666666,1752211255.1399994,0.27,"0.4 km NE from Mt Rainier, WA",2025-07-11T05:20:55.139Z,3335088,1752211255.1399994
62139357,UW,eq,0.07,46.848333333333336,-121.7625,1752213917.5699997,-0.15,"0.6 km SSW from Mt Rainier, WA",2025-07-11T06:05:17.570Z,3342293,1752213917.5699997
62139377,UW,eq,0.46,46.850833333333334,-121.76716666666667,1752217851.1399994,0.18,"0.6 km WSW from Mt Rainier, WA",2025-07-11T07:10:51.139Z,3341068,1752217851.1399994
62139382,UW,eq,0.1,46.847833333333334,-121.771,1752218048.96,0.32,"1 km WSW from Mt Rainier, WA",2025-07-11T07:14:08.960Z,3341073,1752218048.96
62139387,UW,eq,0.54,46.851333333333336,-121.761,1752218823.51,1.21,"0.2 km SSW from Mt Rainier, WA",2025-07-11T07:27:03.510Z,3337328,1752218823.51
62139392,UW,eq,0.56,46.848,-121.76116666666667,1752219047.1399994,-0.27,"0.6 km SSW from Mt Rainier, WA",2025-07-11T07:30:47.139Z,3337683,1752219047.1399994
62139397,UW,eq,1.68,46.85516666666667,-121.75833333333334,1752219361.23,1.33,"0.2 km NE from Mt Rainier, WA",2025-07-11T07:36:01.230Z,3335323,1752219361.23
62139407,UW,eq,1.11,46.848,-121.76683333333334,1752220387.0899997,0.15,"0.8 km SW from Mt Rainier, WA",2025-07-11T07:53:07.090Z,3337123,1752220387.0899997
62139412,UW,eq,0.59,46.85916666666667,-121.76483333333333,1752221437.6599998,0.3,"0.7 km NNW from Mt Rainier, WA",2025-07-11T08:10:37.660Z,3336898,1752221437.6599998
62139417,UW,eq,0.74,46.85966666666667,-121.76516666666667,1752221561.1299973,-0.13,"0.8 km NNW from Mt Rainier, WA",2025-07-11T08:12:41.129Z,3336873,1752221561.1299973
62139422,UW,eq,0.47,46.85883333333334,-121.75583333333333,1752221824.48,1.15,"0.7 km NE from Mt Rainier, WA",2025-07-11T08:17:04.480Z,3335333,1752221824.48
62139427,UW,eq,0.44,46.85916666666667,-121.7595,1752221892.3599997,1.1,"0.7 km NNE from Mt Rainier, WA",2025-07-11T08:18:12.360Z,3335093,1752221892.3599997
62139432,UW,eq,0.27,46.849,-121.76016666666666,1752221932.3099976,-0.43,"0.5 km SSW from Mt Rainier, WA",2025-07-11T08:18:52.309Z,3340868,1752221932.3099976
62139437,UW,eq,0.51,46.857,-121.75833333333334,1752222240.85,0.88,"0.4 km NNE from Mt Rainier, WA",2025-07-11T08:24:00.850Z,3341398,1752222240.85
62139442,UW,eq,0.37,46.86083333333333,-121.76466666666667,1752222481.1599998,0.21,"0.9 km NNW from Mt Rainier, WA",2025-07-11T08:28:01.160Z,3337633,1752222481.1599998
62139452,UW,eq,-0.09,46.849833333333336,-121.76933333333334,1752223971.6800003,1.24,"0.8 km WSW from Mt Rainier, WA",2025-07-11T08:52:51.680Z,3342298,1752223971.6800003
62139462,UW,eq,0.5,46.8485,-121.76016666666666,1752224441.4799995,-0.22,"0.5 km SSW from Mt Rainier, WA",2025-07-11T09:00:41.480Z,3337688,1752224441.4799995
62139467,UW,eq,0.35,46.859,-121.76583333333333,1752228041.579998,0.4,"0.8 km NNW from Mt Rainier, WA",2025-07-11T10:00:41.579Z,3336938,1752228041.579998
62139472,UW,eq,0.33,46.85766666666667,-121.7575,1752228555.79,0.74,"0.5 km NNE from Mt Rainier, WA",2025-07-11T10:09:15.790Z,3337603,1752228555.79
62139477,UW,eq,0.52,46.8505,-121.7675,1752228669.6099997,0.2,"0.7 km WSW from Mt Rainier, WA",2025-07-11T10:11:09.610Z,3337693,1752228669.6099997
62139482,UW,eq,0.65,46.858333333333334,-121.759,1752229057.7000008,0.36,"0.6 km NNE from Mt Rainier, WA",2025-07-11T10:17:37.700Z,3342303,1752229057.7000008
62139487,UW,eq,0.21,46.852333333333334,-121.7605,1752229546.9699974,0.13,"0.1 km SSW from Mt Rainier, WA",2025-07-11T10:25:46.969Z,3342308,1752229546.9699974
62139492,UW,eq,0.23,46.85633333333333,-121.76133333333334,1752230842.039999,1.19,"0.4 km from Mt Rainier, WA",2025-07-11T10:47:22.039Z,3335193,1752230842.039999
62139497,UW,eq,0.37,46.853,-121.75666666666666,1752233237.9099998,0.12,"0.3 km ESE from Mt Rainier, WA",2025-07-11T11:27:17.910Z,3337698,1752233237.9099998
62139502,UW,eq,0.16,46.8495,-121.7705,1752234639.9899979,0.94,"0.9 km WSW from Mt Rainier, WA",2025-07-11T11:50:39.989Z,3342318,1752234639.9899979
62139507,UW,eq,0.27,46.8455,-121.768,1752236129.789999,0.51,"1.1 km SW from Mt Rainier, WA",2025-07-11T12:15:29.789Z,3341403,1752236129.789999
62139517,UW,eq,0.41,46.85,-121.77,1752236683.5200005,0.79,"0.8 km WSW from Mt Rainier, WA",2025-07-11T12:24:43.520Z,3335213,1752236683.5200005
62139522,UW,eq,0.34,46.852,-121.75766666666667,1752236756.4300003,0.12,"0.2 km SE from Mt Rainier, WA",2025-07-11T12:25:56.430Z,3335223,1752236756.4300003
62139532,UW,eq,0.63,46.85033333333333,-121.7605,1752239179.959999,-0.04,"0.3 km SSW from Mt Rainier, WA",2025-07-11T13:06:19.959Z,3335238,1752239179.959999
62139537,UW,eq,0.19,46.850833333333334,-121.76966666666667,1752239270.3199997,0.4,"0.8 km W from Mt Rainier, WA",2025-07-11T13:07:50.320Z,3335243,1752239270.3199997
62139557,UW,eq,0.29,46.85183333333333,-121.77066666666667,1752241399.6899986,0.29,"0.8 km W from Mt Rainier, WA",2025-07-11T13:43:19.689Z,3335228,1752241399.6899986
62139562,UW,eq,0.18,46.85183333333333,-121.7675,1752241416.4799995,0.73,"0.6 km W from Mt Rainier, WA",2025-07-11T13:43:36.480Z,3335218,1752241416.4799995
62139567,UW,eq,0.33,46.8495,-121.76666666666667,1752242136.6100006,0.63,"0.7 km WSW from Mt Rainier, WA",2025-07-11T13:55:36.610Z,3335203,1752242136.6100006
62139572,UW,eq,0.23,46.84883333333333,-121.76833333333333,1752242903.6899986,0.88,"0.8 km WSW from Mt Rainier, WA",2025-07-11T14:08:23.689Z,3335183,1752242903.6899986
62139592,UW,eq,0.32,46.8485,-121.75966666666666,1752245909.6299992,0.46,"0.5 km S from Mt Rainier, WA",2025-07-11T14:58:29.629Z,3335173,1752245909.6299992
62139597,UW,eq,0.78,46.85016666666667,-121.75966666666666,1752246044.0900002,0.24,"0.3 km S from Mt Rainier, WA",2025-07-11T15:00:44.090Z,3335168,1752246044.0900002
62139627,UW,eq,0.07,46.8455,-121.76733333333334,1752248743.1699982,0.52,"1 km SW from Mt Rainier, WA",2025-07-11T15:45:43.169Z,3335133,1752248743.1699982
62139647,UW,eq,0.34,46.860166666666665,-121.75916666666667,1752252177.709999,0.85,"0.8 km NNE from Mt Rainier, WA",2025-07-11T16:42:57.709Z,3335108,1752252177.709999
61504538,UW,eq,0.39,46.859,-121.75883333333333,1752252196.5,0.56,"0.6 km NNE from Mt Rainier, WA",2025-07-11T16:43:16.500Z,3335123,1752252196.5
62139657,UW,eq,0.4,46.861,-121.7615,1752252300.02,0.47,"0.9 km N from Mt Rainier, WA",2025-07-11T16:45:00.020Z,3335103,1752252300.02
62139652,UW,eq,0.23,46.8525,-121.7675,1752252399.3499985,0.55,"0.6 km W from Mt Rainier, WA",2025-07-11T16:46:39.349Z,3335098,1752252399.3499985
62139662,UW,eq,0.41,46.85216666666667,-121.76916666666666,1752253857.0499992,0.55,"0.7 km W from Mt Rainier, WA",2025-07-11T17:10:57.049Z,3335068,1752253857.0499992
62139677,UW,eq,0.28,46.85033333333333,-121.76816666666667,1752255818.8999977,0.89,"0.7 km WSW from Mt Rainier, WA",2025-07-11T17:43:38.899Z,3341408,1752255818.8999977
62139722,UW,eq,0.46,46.850833333333334,-121.76,1752261412.5299988,-0.25,"0.3 km S from Mt Rainier, WA",2025-07-11T19:16:52.529Z,3335248,1752261412.5299988
62139727,UW,eq,2.42,46.843666666666664,-121.763,1752261784.98,-2.59,"1.1 km SSW from Mt Rainier, WA",2025-07-11T19:23:04.980Z,3335233,1752261784.98
62139732,UW,eq,0.41,46.848166666666664,-121.7675,1752262106.5299988,0.27,"0.8 km WSW from Mt Rainier, WA",2025-07-11T19:28:26.529Z,3335268,1752262106.5299988
62139737,UW,eq,0.51,46.85183333333333,-121.76966666666667,1752262265.0299997,0.54,"0.8 km W from Mt Rainier, WA",2025-07-11T19:31:05.030Z,3335283,1752262265.0299997
62139747,UW,eq,0.42,46.85216666666667,-121.76883333333333,1752262707.2600002,0.51,"0.7 km W from Mt Rainier, WA",2025-07-11T19:38:27.260Z,3335278,1752262707.2600002
62139752,UW,eq,-0.51,46.84883333333333,-121.76516666666667,1752262963.1599998,0.38,"0.6 km SW from Mt Rainier, WA",2025-07-11T19:42:43.160Z,3335288,1752262963.1599998
61504543,UW,eq,-0.7,46.85966666666667,-121.76316666666666,1752263037.8999977,0.93,"0.7 km from Mt Rainier, WA",2025-07-11T19:43:57.899Z,3335298,1752263037.8999977
62139767,UW,eq,0.51,46.85966666666667,-121.76216666666667,1752263454.4799995,1.15,"0.7 km from Mt Rainier, WA",2025-07-11T19:50:54.480Z,3335308,1752263454.4799995
61504548,UW,eq,-0.55,46.85766666666667,-121.764,1752263463.6,0.97,"0.6 km NNW from Mt Rainier, WA",2025-07-11T19:51:03.600Z,3335313,1752263463.6
62139772,UW,eq,1.54,46.850833333333334,-121.76866666666666,1752263485.1000004,0.98,"0.7 km WSW from Mt Rainier, WA",2025-07-11T19:51:25.100Z,3335263,1752263485.1000004
62139777,UW,eq,0.35,46.851166666666664,-121.76766666666667,1752263524.1,0.7,"0.6 km W from Mt Rainier, WA",2025-07-11T19:52:04.100Z,3335303,1752263524.1
62139782,UW,eq,0.38,46.84916666666667,-121.76116666666667,1752263580.8,-0.14,"0.5 km SSW from Mt Rainier, WA",2025-07-11T19:53:00.800Z,3335368,1752263580.8
62139787,UW,eq,0.58,46.859,-121.76016666666666,1752263864.7999992,0.41,"0.6 km N from Mt Rainier, WA",2025-07-11T19:57:44.799Z,3335388,1752263864.7999992
62139792,UW,eq,0.64,46.857,-121.76166666666667,1752264010.8000002,0.67,"0.4 km from Mt Rainier, WA",2025-07-11T20:00:10.800Z,3335403,1752264010.8000002
62139797,UW,eq,0.85,46.85733333333334,-121.76533333333333,1752264077.0499992,0.53,"0.6 km NNW from Mt Rainier, WA",2025-07-11T20:01:17.049Z,3335273,1752264077.0499992
62139807,UW,eq,0.78,46.86,-121.76683333333334,1752264254.9099998,-0.17,"0.9 km NNW from Mt Rainier, WA",2025-07-11T20:04:14.910Z,3335258,1752264254.9099998
62139812,UW,eq,0.18,46.862,-121.762,1752265032.7999992,0.35,"1 km N from Mt Rainier, WA",2025-07-11T20:17:12.799Z,3341538,1752265032.7999992
62139837,UW,eq,0,46.851333333333336,-121.769,1752268279.2799988,0.74,"0.7 km W from Mt Rainier, WA",2025-07-11T21:11:19.279Z,3338013,1752268279.2799988
62139862,UW,eq,0.61,46.85,-121.761,1752270450.9699993,0.27,"0.4 km SSW from Mt Rainier, WA",2025-07-11T21:47:30.969Z,3335408,1752270450.9699993
62139867,UW,eq,0.88,46.85916666666667,-121.76083333333334,1752270515.4099998,0.24,"0.7 km N from Mt Rainier, WA",2025-07-11T21:48:35.410Z,3335393,1752270515.4099998
62139872,UW,eq,0.39,46.8625,-121.75933333333333,1752270619.4799995,0.19,"1 km NNE from Mt Rainier, WA",2025-07-11T21:50:19.480Z,3335413,1752270619.4799995
62139892,UW,eq,0.89,46.861666666666665,-121.76216666666667,1752272131.1999989,0.27,"0.9 km N from Mt Rainier, WA",2025-07-11T22:15:31.199Z,3335418,1752272131.1999989
62139897,UW,eq,0.69,46.850833333333334,-121.756,1752272226.29,-0.11,"0.4 km SE from Mt Rainier, WA",2025-07-11T22:17:06.290Z,3337703,1752272226.29
62139902,UW,eq,0.58,46.852,-121.76816666666667,1752272264.2999992,0.69,"0.6 km W from Mt Rainier, WA",2025-07-11T22:17:44.299Z,3337708,1752272264.2999992
62139907,UW,eq,1.34,46.84916666666667,-121.76816666666667,1752272583.6499999,0.63,"0.8 km WSW from Mt Rainier, WA",2025-07-11T22:23:03.650Z,3337153,1752272583.6499999
62139927,UW,eq,0.47,46.859,-121.76016666666666,1752274351.3199997,0.07,"0.6 km N from Mt Rainier, WA",2025-07-11T22:52:31.320Z,3337713,1752274351.3199997
62139947,UW,eq,0.72,46.848,-121.75833333333334,1752276913.8999996,0.13,"0.6 km S from Mt Rainier, WA",2025-07-11T23:35:13.900Z,3337133,1752276913.8999996
62139957,UW,eq,0.87,46.8525,-121.755,1752277822.92,0.16,"0.4 km ESE from Mt Rainier, WA",2025-07-11T23:50:22.920Z,3335428,1752277822.92
62139962,UW,eq,1.61,46.8505,-121.7555,1752277924.27,0.23,"0.5 km SE from Mt Rainier, WA",2025-07-11T23:52:04.270Z,3335423,1752277924.27
62140012,UW,eq,0.27,46.85066666666667,-121.7705,1752283525.9099998,-0.39,"0.9 km W from Mt Rainier, WA",2025-07-12T01:25:25.910Z,3341608,1752283525.9099998
62140017,UW,eq,0.51,46.85,-121.75883333333333,1752284225.83,-0.76,"0.4 km S from Mt Rainier, WA",2025-07-12T01:37:05.830Z,3337913,1752284225.83
62140022,UW,eq,0.74,46.856833333333334,-121.7555,1752284251.869999,0.33,"0.5 km NE from Mt Rainier, WA",2025-07-12T01:37:31.869Z,3337158,1752284251.869999
62140027,UW,eq,0.48,46.8565,-121.75766666666667,1752284297.3599987,0.52,"0.4 km NE from Mt Rainier, WA",2025-07-12T01:38:17.359Z,3335448,1752284297.3599987
62140032,UW,eq,0.38,46.855666666666664,-121.75633333333333,1752284431.0100002,0.68,"0.4 km ENE from Mt Rainier, WA",2025-07-12T01:40:31.010Z,3337918,1752284431.0100002
62140037,UW,eq,0.44,46.8535,-121.76616666666666,1752285332.959999,0.35,"0.5 km WNW from Mt Rainier, WA",2025-07-12T01:55:32.959Z,3337923,1752285332.959999
62140047,UW,eq,0.53,46.848333333333336,-121.76933333333334,1752286725.6299973,-0.17,"0.9 km WSW from Mt Rainier, WA",2025-07-12T02:18:45.629Z,3337928,1752286725.6299973
62140052,UW,eq,0.49,46.8555,-121.75633333333333,1752286963.6299973,0.43,"0.4 km ENE from Mt Rainier, WA",2025-07-12T02:22:43.629Z,3341613,1752286963.6299973
62140057,UW,eq,1.77,46.856,-121.75883333333333,1752287062.9899998,0.37,"0.3 km NNE from Mt Rainier, WA",2025-07-12T02:24:22.990Z,3335473,1752287062.9899998
61504558,UW,eq,1.1,46.859833333333334,-121.7605,1752287071.0599995,0.58,"0.7 km N from Mt Rainier, WA",2025-07-12T02:24:31.060Z,3335478,1752287071.0599995
62140062,UW,eq,0.36,46.85649871826172,-121.7596664428711,1752287124.620001,-0.42,"0.4 km NNE from Mt Rainier, WA",2025-07-12T02:25:24.620Z,2075462,1752287124.620001
62140067,UW,eq,0.36,46.8553352355957,-121.75900268554688,1752287207.970001,-0.8,"0.2 km NNE from Mt Rainier, WA",2025-07-12T02:26:47.970Z,2075467,1752287207.970001
62140082,UW,eq,0.43,46.85633333333333,-121.76083333333334,1752289041,-0.24,"0.3 km N from Mt Rainier, WA",2025-07-12T02:57:21.000Z,3339773,1752289041
62140087,UW,eq,0.23,46.85333333333333,-121.7705,1752290007.0299988,0.26,"0.8 km WNW from Mt Rainier, WA",2025-07-12T03:13:27.029Z,3335563,1752290007.0299988
62140092,UW,eq,0.5,46.852333333333334,-121.76883333333333,1752290500.329998,-0.3,"0.7 km W from Mt Rainier, WA",2025-07-12T03:21:40.329Z,3337933,1752290500.329998
62140102,UW,eq,0.1,46.85066666666667,-121.76883333333333,1752292211.17,0.15,"0.7 km WSW from Mt Rainier, WA",2025-07-12T03:50:11.170Z,3337368,1752292211.17
62140112,UW,eq,0.66,46.857,-121.75883333333333,1752293095.079998,0.64,"0.4 km NNE from Mt Rainier, WA",2025-07-12T04:04:55.079Z,3337943,1752293095.079998
62140117,UW,eq,0.44,46.84883333333333,-121.77,1752294257.4499989,-0.2,"0.9 km WSW from Mt Rainier, WA",2025-07-12T04:24:17.449Z,3337948,1752294257.4499989
62140122,UW,eq,0.58,46.864,-121.768,1752296526.52,-0.23,"1.3 km NNW from Mt Rainier, WA",2025-07-12T05:02:06.520Z,3335458,1752296526.52
62140137,UW,eq,0.1,46.851,-121.7695,1752297995.4799995,-0.15,"0.8 km W from Mt Rainier, WA",2025-07-12T05:26:35.480Z,3335468,1752297995.4799995
62140142,UW,eq,0.3,46.864333333333335,-121.76333333333334,1752298293.2599983,-2.3,"1.3 km from Mt Rainier, WA",2025-07-12T05:31:33.259Z,3337598,1752298293.2599983
62140147,UW,eq,0.57,46.846833333333336,-121.76866666666666,1752298609.5099983,-0.26,"1 km SW from Mt Rainier, WA",2025-07-12T05:36:49.509Z,3337968,1752298609.5099983
62140157,UW,eq,0.44,46.848166666666664,-121.76133333333334,1752301226.8400002,-0.97,"0.6 km SSW from Mt Rainier, WA",2025-07-12T06:20:26.840Z,3341078,1752301226.8400002
62140162,UW,eq,0.47,46.8485,-121.76966666666667,1752302652.87,-1.04,"0.9 km WSW from Mt Rainier, WA",2025-07-12T06:44:12.870Z,3341083,1752302652.87
62140167,UW,eq,0.57,46.852,-121.75283333333333,1752304014.3799973,0.21,"0.6 km ESE from Mt Rainier, WA",2025-07-12T07:06:54.379Z,3338518,1752304014.3799973
62140172,UW,eq,0.5,46.861333333333334,-121.76283333333333,1752307216.92,0.68,"0.9 km from Mt Rainier, WA",2025-07-12T08:00:16.920Z,3336908,1752307216.92
62140182,UW,eq,0.48,46.852,-121.762,1752309416.5,-0.17,"0.2 km WSW from Mt Rainier, WA",2025-07-12T08:36:56.500Z,3341088,1752309416.5
62140187,UW,eq,0.61,46.851166666666664,-121.75483333333334,1752311713.9799995,-0.1,"0.5 km SE from Mt Rainier, WA",2025-07-12T09:15:13.980Z,3337628,1752311713.9799995
62140192,UW,eq,0.04,46.85,-121.76466666666667,1752312553.12,0.66,"0.5 km SW from Mt Rainier, WA",2025-07-12T09:29:13.120Z,3341093,1752312553.12
62140202,UW,eq,0.25,46.849333333333334,-121.76533333333333,1752313910.3999977,-0.22,"0.6 km SW from Mt Rainier, WA",2025-07-12T09:51:50.399Z,3341623,1752313910.3999977
62140207,UW,eq,0.43,46.849833333333336,-121.76466666666667,1752313996.1399994,0.4,"0.5 km SW from Mt Rainier, WA",2025-07-12T09:53:16.139Z,3339383,1752313996.1399994
62140212,UW,eq,0.38,46.8475,-121.76616666666666,1752314496.25,0.33,"0.8 km SW from Mt Rainier, WA",2025-07-12T10:01:36.250Z,3341098,1752314496.25
62140217,UW,eq,0.36,46.8465,-121.76883333333333,1752315308.6599998,-0.02,"1 km SW from Mt Rainier, WA",2025-07-12T10:15:08.660Z,3335463,1752315308.6599998
62140232,UW,eq,0.29,46.84916666666667,-121.75883333333333,1752318691.8199997,0.32,"0.5 km S from Mt Rainier, WA",2025-07-12T11:11:31.820Z,3341103,1752318691.8199997
62140242,UW,eq,0.04,46.847166666666666,-121.76783333333333,1752319889.8799992,-0.2,"0.9 km SW from Mt Rainier, WA",2025-07-12T11:31:29.879Z,3341633,1752319889.8799992
62140252,UW,eq,0.26,46.848,-121.7675,1752322805.83,0.71,"0.8 km SW from Mt Rainier, WA",2025-07-12T12:20:05.830Z,3335453,1752322805.83
62140272,UW,eq,0.57,46.848,-121.76916666666666,1752323946.73,0.6,"0.9 km WSW from Mt Rainier, WA",2025-07-12T12:39:06.730Z,3338633,1752323946.73
62140277,UW,eq,1.14,46.84733333333333,-121.765,1752324009.6799994,1.07,"0.8 km SW from Mt Rainier, WA",2025-07-12T12:40:09.679Z,3335493,1752324009.6799994
62140292,UW,eq,0.42,46.8485,-121.769,1752324695.8600006,1.37,"0.9 km WSW from Mt Rainier, WA",2025-07-12T12:51:35.860Z,3341108,1752324695.8600006
62140297,UW,eq,0.79,46.849833333333336,-121.77016666666667,1752327490.0500002,0.99,"0.9 km WSW from Mt Rainier, WA",2025-07-12T13:38:10.050Z,3335443,1752327490.0500002
62140302,UW,eq,0.44,46.850833333333334,-121.769,1752327636.130001,1.14,"0.7 km W from Mt Rainier, WA",2025-07-12T13:40:36.130Z,3341118,1752327636.130001
62140307,UW,eq,0.26,46.851166666666664,-121.76716666666667,1752327942.3600006,0.82,"0.6 km WSW from Mt Rainier, WA",2025-07-12T13:45:42.360Z,3335488,1752327942.3600006
62140327,UW,eq,0.42,46.846,-121.76783333333333,1752330870.5999985,0.41,"1 km SW from Mt Rainier, WA",2025-07-12T14:34:30.599Z,3338638,1752330870.5999985
62140357,UW,eq,0.24,46.845,-121.7705,1752333927.0499992,1.08,"1.2 km SW from Mt Rainier, WA",2025-07-12T15:25:27.049Z,3341123,1752333927.0499992
62140362,UW,eq,0.51,46.851,-121.76816666666667,1752334277.6000004,0.62,"0.7 km W from Mt Rainier, WA",2025-07-12T15:31:17.600Z,3339738,1752334277.6000004
62140377,UW,eq,0.45,46.847833333333334,-121.759,1752337272.8499994,-0.17,"0.6 km S from Mt Rainier, WA",2025-07-12T16:21:12.849Z,3339473,1752337272.8499994
62140392,UW,eq,0.48,46.853,-121.7575,1752337885.619999,0.71,"0.2 km ESE from Mt Rainier, WA",2025-07-12T16:31:25.619Z,3341128,1752337885.619999
62140407,UW,eq,0.21,46.849833333333336,-121.771,1752340659.6399994,1.08,"0.9 km WSW from Mt Rainier, WA",2025-07-12T17:17:39.639Z,3341133,1752340659.6399994
62140417,UW,eq,0.17,46.84616666666667,-121.76916666666666,1752341528.3599997,0.45,"1.1 km SW from Mt Rainier, WA",2025-07-12T17:32:08.360Z,3341138,1752341528.3599997
62140422,UW,eq,0.86,46.846666666666664,-121.7675,1752342385.1000004,0.53,"0.9 km SW from Mt Rainier, WA",2025-07-12T17:46:25.100Z,3337463,1752342385.1000004
62140432,UW,eq,0.2,46.8495,-121.76816666666667,1752343355.9799995,-0.64,"0.8 km WSW from Mt Rainier, WA",2025-07-12T18:02:35.980Z,3341143,1752343355.9799995
62140437,UW,eq,0.14,46.84583333333333,-121.76816666666667,1752343712.380001,1.53,"1 km SW from Mt Rainier, WA",2025-07-12T18:08:32.380Z,3341663,1752343712.380001
62140442,UW,eq,0.23,46.8455,-121.769,1752344386.6899986,0.94,"1.1 km SW from Mt Rainier, WA",2025-07-12T18:19:46.689Z,3341148,1752344386.6899986
62140447,UW,eq,0.23,46.845666666666666,-121.7705,1752344910.8799992,0.5,"1.2 km SW from Mt Rainier, WA",2025-07-12T18:28:30.879Z,3335533,1752344910.8799992
62140452,UW,eq,0.24,46.8465,-121.76966666666667,1752346285.9399986,-0.59,"1.1 km SW from Mt Rainier, WA",2025-07-12T18:51:25.939Z,3335528,1752346285.9399986
62140482,UW,eq,1.45,46.852833333333336,-121.757,1752348941.0499992,1.39,"0.2 km ESE from Mt Rainier, WA",2025-07-12T19:35:41.049Z,3335503,1752348941.0499992
62140542,UW,eq,0.54,46.848333333333336,-121.7665,1752349748.1499996,0.45,"0.7 km SW from Mt Rainier, WA",2025-07-12T19:49:08.150Z,3339438,1752349748.1499996
62140502,UW,eq,0.52,46.85,-121.759,1752350381.8600006,-0.24,"0.4 km S from Mt Rainier, WA",2025-07-12T19:59:41.860Z,3335508,1752350381.8600006
62140547,UW,eq,0.89,46.847166666666666,-121.76866666666666,1752353861.4699974,0.87,"0.9 km SW from Mt Rainier, WA",2025-07-12T20:57:41.469Z,3338793,1752353861.4699974
62140557,UW,eq,0.14,46.862833333333334,-121.76066666666667,1752354398.2199974,0.98,"1.1 km N from Mt Rainier, WA",2025-07-12T21:06:38.219Z,3335568,1752354398.2199974
62140562,UW,eq,0.61,46.85033333333333,-121.76366666666667,1752355049.5100002,0.14,"0.4 km SW from Mt Rainier, WA",2025-07-12T21:17:29.510Z,3341688,1752355049.5100002
62140567,UW,eq,0.34,46.8475,-121.76583333333333,1752355900.7199974,0.59,"0.8 km SW from Mt Rainier, WA",2025-07-12T21:31:40.719Z,3341153,1752355900.7199974
62140577,UW,eq,1.67,46.8485,-121.7665,1752357308.3499994,0.18,"0.7 km SW from Mt Rainier, WA",2025-07-12T21:55:08.349Z,3335498,1752357308.3499994
62140602,UW,eq,0.24,46.848,-121.76633333333334,1752360523.9899979,0.42,"0.8 km SW from Mt Rainier, WA",2025-07-12T22:48:43.989Z,3341158,1752360523.9899979
62140622,UW,eq,0.47,46.8495,-121.76083333333334,1752362532.6499996,-0.27,"0.4 km SSW from Mt Rainier, WA",2025-07-12T23:22:12.650Z,3341163,1752362532.6499996
62140627,UW,eq,0.54,46.85,-121.76266666666666,1752362620.2299995,-0.7,"0.4 km SW from Mt Rainier, WA",2025-07-12T23:23:40.230Z,3341168,1752362620.2299995
62140632,UW,eq,0.28,46.857,-121.75516666666667,1752363505.709999,0.16,"0.6 km NE from Mt Rainier, WA",2025-07-12T23:38:25.709Z,3341173,1752363505.709999
62140637,UW,eq,0.07,46.85066666666667,-121.767,1752363741.5599995,0.21,"0.6 km WSW from Mt Rainier, WA",2025-07-12T23:42:21.560Z,3335773,1752363741.5599995
62140647,UW,eq,0.41,46.849833333333336,-121.75666666666666,1752364452.1599998,-0.06,"0.5 km SSE from Mt Rainier, WA",2025-07-12T23:54:12.160Z,3337753,1752364452.1599998
62140672,UW,eq,0.36,46.846833333333336,-121.7675,1752367512.7999992,-0.17,"0.9 km SW from Mt Rainier, WA",2025-07-13T00:45:12.799Z,3341178,1752367512.7999992
62140687,UW,eq,0.59,46.851,-121.761,1752368520.86,0.15,"0.3 km SSW from Mt Rainier, WA",2025-07-13T01:02:00.860Z,3338653,1752368520.86
62140692,UW,eq,0.37,46.847833333333334,-121.768,1752368938.0599976,-0.05,"0.9 km WSW from Mt Rainier, WA",2025-07-13T01:08:58.059Z,3341183,1752368938.0599976
62140702,UW,eq,0.38,46.846833333333336,-121.76716666666667,1752373050.4099998,0.42,"0.9 km SW from Mt Rainier, WA",2025-07-13T02:17:30.410Z,3341188,1752373050.4099998
62140712,UW,eq,0.25,46.849,-121.76733333333334,1752373557.329998,0.03,"0.7 km WSW from Mt Rainier, WA",2025-07-13T02:25:57.329Z,3335903,1752373557.329998
62140727,UW,eq,0.46,46.85616666666667,-121.76483333333333,1752373788.3600006,0.83,"0.5 km NW from Mt Rainier, WA",2025-07-13T02:29:48.360Z,3342338,1752373788.3600006
62140717,UW,eq,0.12,46.848,-121.766,1752373890.539999,-0.55,"0.7 km SW from Mt Rainier, WA",2025-07-13T02:31:30.539Z,3335513,1752373890.539999
62140722,UW,eq,0.31,46.8495,-121.77233333333334,1752373899.6100006,-0.14,"1 km WSW from Mt Rainier, WA",2025-07-13T02:31:39.610Z,3335518,1752373899.6100006
62140732,UW,eq,0.33,46.846333333333334,-121.77116666666667,1752374660.5200005,-0.54,"1.2 km WSW from Mt Rainier, WA",2025-07-13T02:44:20.520Z,3341193,1752374660.5200005
62140747,UW,eq,0.34,46.849333333333334,-121.76483333333333,1752376582.9099998,-1.03,"0.6 km SW from Mt Rainier, WA",2025-07-13T03:16:22.910Z,3342348,1752376582.9099998
62140752,UW,eq,0.17,46.8485,-121.77033333333333,1752376746.1299996,0.35,"1 km WSW from Mt Rainier, WA",2025-07-13T03:19:06.130Z,3341198,1752376746.1299996
62140757,UW,eq,1,46.848166666666664,-121.7655,1752378346.789997,0.35,"0.7 km SW from Mt Rainier, WA",2025-07-13T03:45:46.789Z,3339348,1752378346.789997
62140767,UW,eq,0.6,46.846666666666664,-121.76666666666667,1752380313.3600006,-0.14,"0.9 km SW from Mt Rainier, WA",2025-07-13T04:18:33.360Z,3341203,1752380313.3600006
62140772,UW,eq,0.33,46.848166666666664,-121.77083333333333,1752382194.7799988,-0.04,"1 km WSW from Mt Rainier, WA",2025-07-13T04:49:54.779Z,3335608,1752382194.7799988
62140777,UW,eq,0.62,46.847166666666666,-121.77033333333333,1752382818.3400002,0.14,"1 km WSW from Mt Rainier, WA",2025-07-13T05:00:18.340Z,3335923,1752382818.3400002
62140782,UW,eq,0.05,46.85333333333333,-121.77433333333333,1752383358.9899998,0.63,"1.1 km WNW from Mt Rainier, WA",2025-07-13T05:09:18.990Z,3341208,1752383358.9899998
62140792,UW,eq,0.07,46.851166666666664,-121.76733333333334,1752383664.3599987,0.27,"0.6 km WSW from Mt Rainier, WA",2025-07-13T05:14:24.359Z,3335683,1752383664.3599987
62140797,UW,eq,0.25,46.8515,-121.758,1752383691.699997,-0.54,"0.3 km SSE from Mt Rainier, WA",2025-07-13T05:14:51.699Z,3342353,1752383691.699997
62140812,UW,eq,0.44,46.849666666666664,-121.75783333333334,1752384627.0699997,-0.58,"0.4 km S from Mt Rainier, WA",2025-07-13T05:30:27.070Z,3337318,1752384627.0699997
62140817,UW,eq,0.53,46.851,-121.769,1752384717.9199982,0.28,"0.7 km W from Mt Rainier, WA",2025-07-13T05:31:57.919Z,3338663,1752384717.9199982
62140822,UW,eq,0.76,46.85033333333333,-121.75933333333333,1752385200.22,-1.07,"0.3 km S from Mt Rainier, WA",2025-07-13T05:40:00.220Z,3337168,1752385200.22
62140827,UW,eq,0.13,46.847166666666666,-121.77,1752385354.75,-0.49,"1 km WSW from Mt Rainier, WA",2025-07-13T05:42:34.750Z,3341213,1752385354.75
62140832,UW,eq,0.25,46.847,-121.76916666666666,1752386219.6599998,-0.2,"1 km SW from Mt Rainier, WA",2025-07-13T05:56:59.660Z,3341218,1752386219.6599998
62140842,UW,eq,0.11,46.848333333333336,-121.76883333333333,1752386374.0499992,-0.1,"0.9 km WSW from Mt Rainier, WA",2025-07-13T05:59:34.049Z,3342368,1752386374.0499992
62140852,UW,eq,0.47,46.856,-121.76083333333334,1752387453.959999,0.85,"0.3 km from Mt Rainier, WA",2025-07-13T06:17:33.959Z,3341233,1752387453.959999
62140862,UW,eq,0.11,46.853,-121.77,1752389299.8400002,-0.33,"0.8 km W from Mt Rainier, WA",2025-07-13T06:48:19.840Z,3341238,1752389299.8400002
62140877,UW,eq,0.27,46.85033333333333,-121.77383333333333,1752391761.8599987,0.83,"1.1 km W from Mt Rainier, WA",2025-07-13T07:29:21.859Z,3335738,1752391761.8599987
62140882,UW,eq,0.3,46.84766666666667,-121.76633333333334,1752392427.9899998,0.53,"0.8 km SW from Mt Rainier, WA",2025-07-13T07:40:27.990Z,3341243,1752392427.9899998
62140892,UW,eq,0.44,46.847833333333334,-121.7605,1752393093.9399986,-0.4,"0.6 km SSW from Mt Rainier, WA",2025-07-13T07:51:33.939Z,3341248,1752393093.9399986
62140897,UW,eq,-0.02,46.846833333333336,-121.76916666666666,1752393717.8099976,0.03,"1 km SW from Mt Rainier, WA",2025-07-13T08:01:57.809Z,3343108,1752393717.8099976
62140902,UW,eq,0.52,46.847,-121.76816666666667,1752393763.7700005,0.6,"0.9 km SW from Mt Rainier, WA",2025-07-13T08:02:43.770Z,3338773,1752393763.7700005
62140907,UW,eq,0.95,46.85033333333333,-121.7665,1752394164.2799988,0.76,"0.6 km WSW from Mt Rainier, WA",2025-07-13T08:09:24.279Z,3337148,1752394164.2799988
62140912,UW,eq,1.24,46.848333333333336,-121.76916666666666,1752395130.539999,0.34,"0.9 km WSW from Mt Rainier, WA",2025-07-13T08:25:30.539Z,3337108,1752395130.539999
62140922,UW,eq,0.48,46.847833333333334,-121.76616666666666,1752395730.3899994,0.27,"0.8 km SW from Mt Rainier, WA",2025-07-13T08:35:30.389Z,3335603,1752395730.3899994
62140927,UW,eq,0.26,46.848333333333336,-121.76216666666667,1752396424.7599998,-0.33,"0.6 km SSW from Mt Rainier, WA",2025-07-13T08:47:04.760Z,3341253,1752396424.7599998
62140932,UW,eq,0.1,46.8495,-121.76666666666667,1752396671.5699997,0.69,"0.7 km WSW from Mt Rainier, WA",2025-07-13T08:51:11.570Z,3341258,1752396671.5699997
62140942,UW,eq,-0.02,46.848,-121.769,1752397065.1100006,0.91,"0.9 km WSW from Mt Rainier, WA",2025-07-13T08:57:45.110Z,3343113,1752397065.1100006
62140937,UW,eq,0.33,46.848333333333336,-121.76716666666667,1752397096.3999996,0.66,"0.8 km SW from Mt Rainier, WA",2025-07-13T08:58:16.400Z,3343118,1752397096.3999996
62140947,UW,eq,0.21,46.84733333333333,-121.76633333333334,1752399800.2700005,0.69,"0.8 km SW from Mt Rainier, WA",2025-07-13T09:43:20.270Z,3341263,1752399800.2700005
62140952,UW,eq,0.58,46.847,-121.76783333333333,1752400219.8999996,0.56,"0.9 km SW from Mt Rainier, WA",2025-07-13T09:50:19.900Z,3339408,1752400219.8999996
62140957,UW,eq,0.27,46.850833333333334,-121.77,1752401432.0599976,0.24,"0.8 km W from Mt Rainier, WA",2025-07-13T10:10:32.059Z,3342548,1752401432.0599976
62140962,UW,eq,0.17,46.85183333333333,-121.75633333333333,1752402395.6899986,1.07,"0.3 km SE from Mt Rainier, WA",2025-07-13T10:26:35.689Z,3343123,1752402395.6899986
62140967,UW,eq,1,46.8505,-121.769,1752402650.2999992,0.76,"0.8 km WSW from Mt Rainier, WA",2025-07-13T10:30:50.299Z,3337098,1752402650.2999992
62140972,UW,eq,-0.02,46.85166666666667,-121.76966666666667,1752402750.959999,0.67,"0.8 km W from Mt Rainier, WA",2025-07-13T10:32:30.959Z,3343128,1752402750.959999
61504743,UW,eq,0.46,46.86116666666667,-121.75833333333334,1752402769.1699982,0.63,"0.9 km NNE from Mt Rainier, WA",2025-07-13T10:32:49.169Z,3343133,1752402769.1699982
62140987,UW,eq,0.39,46.84766666666667,-121.7695,1752405169.709999,0.27,"1 km WSW from Mt Rainier, WA",2025-07-13T11:12:49.709Z,3342763,1752405169.709999
62140997,UW,eq,0.19,46.849,-121.774,1752406135.0999985,-0.09,"1.2 km WSW from Mt Rainier, WA",2025-07-13T11:28:55.099Z,3343148,1752406135.0999985
62141002,UW,eq,0.22,46.85,-121.768,1752406612.8899994,0.68,"0.7 km WSW from Mt Rainier, WA",2025-07-13T11:36:52.889Z,3341278,1752406612.8899994
62141017,UW,eq,0.04,46.851166666666664,-121.76666666666667,1752407542.42,1.29,"0.6 km WSW from Mt Rainier, WA",2025-07-13T11:52:22.420Z,3335663,1752407542.42
62141022,UW,eq,0.67,46.84583333333333,-121.76716666666667,1752408049.5299988,1.05,"1 km SW from Mt Rainier, WA",2025-07-13T12:00:49.529Z,3338803,1752408049.5299988
61504748,UW,eq,-0.67,46.8505,-121.7685,1752408477.3899994,0.35,"0.7 km WSW from Mt Rainier, WA",2025-07-13T12:07:57.389Z,3343163,1752408477.3899994
62141027,UW,eq,0.41,46.846833333333336,-121.77183333333333,1752408485.15,-0.28,"1.2 km WSW from Mt Rainier, WA",2025-07-13T12:08:05.150Z,3343158,1752408485.15
62141032,UW,eq,0.4,46.85,-121.7575,1752408504.959999,-0.29,"0.4 km SSE from Mt Rainier, WA",2025-07-13T12:08:24.959Z,3339673,1752408504.959999
62141052,UW,eq,0.32,46.847166666666666,-121.7695,1752412501.26,0.35,"1 km WSW from Mt Rainier, WA",2025-07-13T13:15:01.260Z,3335583,1752412501.26
62141057,UW,eq,0.28,46.84866666666667,-121.76766666666667,1752412926.6399999,0.57,"0.8 km WSW from Mt Rainier, WA",2025-07-13T13:22:06.640Z,3335588,1752412926.6399999
62141062,UW,eq,0.2,46.846333333333334,-121.76583333333333,1752413077.3999977,1.27,"0.9 km SW from Mt Rainier, WA",2025-07-13T13:24:37.399Z,3341288,1752413077.3999977
62141067,UW,eq,0.28,46.846666666666664,-121.76783333333333,1752413666.0999985,0.67,"0.9 km SW from Mt Rainier, WA",2025-07-13T13:34:26.099Z,3341293,1752413666.0999985
62141077,UW,eq,0.82,46.846666666666664,-121.76583333333333,1752416542.789999,0.27,"0.9 km SW from Mt Rainier, WA",2025-07-13T14:22:22.789Z,3335748,1752416542.789999
62141082,UW,eq,0.77,46.847833333333334,-121.768,1752417793.29,0.41,"0.9 km WSW from Mt Rainier, WA",2025-07-13T14:43:13.290Z,3335638,1752417793.29
62141087,UW,eq,0.36,46.849333333333334,-121.762,1752418612.4399986,-0.22,"0.5 km SSW from Mt Rainier, WA",2025-07-13T14:56:52.439Z,3335633,1752418612.4399986
62141097,UW,eq,0.6,46.84766666666667,-121.76683333333334,1752421397.9400005,0.71,"0.8 km SW from Mt Rainier, WA",2025-07-13T15:43:17.940Z,3335618,1752421397.9400005
62141102,UW,eq,0.05,46.847,-121.7695,1752421857.1699982,0.68,"1 km WSW from Mt Rainier, WA",2025-07-13T15:50:57.169Z,3335623,1752421857.1699982
62141112,UW,eq,0.16,46.848333333333336,-121.7655,1752423210.619999,0.28,"0.7 km SW from Mt Rainier, WA",2025-07-13T16:13:30.619Z,3335613,1752423210.619999
62141157,UW,eq,0.56,46.845666666666666,-121.76866666666666,1752430689.6499996,0.46,"1.1 km SW from Mt Rainier, WA",2025-07-13T18:18:09.650Z,3339733,1752430689.6499996
62141162,UW,eq,0.28,46.84733333333333,-121.7675,1752432096,0.61,"0.9 km SW from Mt Rainier, WA",2025-07-13T18:41:36.000Z,3335658,1752432096
62141172,UW,eq,0.44,46.8495,-121.761,1752432652.9399986,-0.37,"0.4 km SSW from Mt Rainier, WA",2025-07-13T18:50:52.939Z,3341308,1752432652.9399986
62141177,UW,eq,0.35,46.845,-121.76783333333333,1752432755.8999977,2.27,"1.1 km SW from Mt Rainier, WA",2025-07-13T18:52:35.899Z,3335703,1752432755.8999977
62141192,UW,eq,0.49,46.84733333333333,-121.76566666666666,1752433338.9499989,0.78,"0.8 km SW from Mt Rainier, WA",2025-07-13T19:02:18.949Z,3341313,1752433338.9499989
62141197,UW,eq,0.47,46.8485,-121.76333333333334,1752433909.0900002,-0.08,"0.6 km SW from Mt Rainier, WA",2025-07-13T19:11:49.090Z,3335673,1752433909.0900002
62141202,UW,eq,1.29,46.8505,-121.76866666666666,1752437540.5299988,0.71,"0.7 km WSW from Mt Rainier, WA",2025-07-13T20:12:20.529Z,3335708,1752437540.5299988
62141207,UW,eq,0.27,46.8535,-121.76716666666667,1752437968.6499996,0.32,"0.5 km WNW from Mt Rainier, WA",2025-07-13T20:19:28.650Z,3341318,1752437968.6499996
62141212,UW,eq,0.32,46.849,-121.76383333333334,1752438274.4699974,1.86,"0.6 km SW from Mt Rainier, WA",2025-07-13T20:24:34.469Z,3341323,1752438274.4699974
62141217,UW,eq,0.61,46.847,-121.76716666666667,1752439835.2299995,0.26,"0.9 km SW from Mt Rainier, WA",2025-07-13T20:50:35.230Z,3339723,1752439835.2299995
62141227,UW,eq,0.64,46.84866666666667,-121.76883333333333,1752440711.8400002,-0.29,"0.8 km WSW from Mt Rainier, WA",2025-07-13T21:05:11.840Z,3335713,1752440711.8400002
62141222,UW,eq,0.69,46.852833333333336,-121.75883333333333,1752440801.1899986,-0.34,"0.1 km SE from Mt Rainier, WA",2025-07-13T21:06:41.189Z,3335698,1752440801.1899986
62141282,UW,eq,0.54,46.85066666666667,-121.77,1752445510.13,0.42,"0.8 km W from Mt Rainier, WA",2025-07-13T22:25:10.130Z,3338703,1752445510.13
62141292,UW,eq,0.81,46.848,-121.77066666666667,1752445623.35,-0.01,"1 km WSW from Mt Rainier, WA",2025-07-13T22:27:03.350Z,3335753,1752445623.35
62141297,UW,eq,0.62,46.848333333333336,-121.76933333333334,1752446037.1899986,0.21,"0.9 km WSW from Mt Rainier, WA",2025-07-13T22:33:57.189Z,3335723,1752446037.1899986
62141302,UW,eq,1.39,46.8495,-121.75666666666666,1752446307.959999,0.01,"0.5 km SSE from Mt Rainier, WA",2025-07-13T22:38:27.959Z,3335688,1752446307.959999
62141327,UW,eq,0.26,46.85733333333334,-121.76683333333334,1752447939.6100006,0.36,"0.7 km NW from Mt Rainier, WA",2025-07-13T23:05:39.610Z,3338333,1752447939.6100006
62141332,UW,eq,0.49,46.849333333333334,-121.7695,1752448533.4199982,0.47,"0.8 km WSW from Mt Rainier, WA",2025-07-13T23:15:33.419Z,3339688,1752448533.4199982
62141347,UW,eq,0.42,46.84866666666667,-121.76666666666667,1752450107.5299988,0.41,"0.7 km SW from Mt Rainier, WA",2025-07-13T23:41:47.529Z,3341328,1752450107.5299988
62141362,UW,eq,0.45,46.849666666666664,-121.767,1752453917.8400002,-0.36,"0.7 km WSW from Mt Rainier, WA",2025-07-14T00:45:17.840Z,3336603,1752453917.8400002
62141372,UW,eq,0.36,46.849,-121.761,1752455101.84,-0.58,"0.5 km SSW from Mt Rainier, WA",2025-07-14T01:05:01.840Z,3338118,1752455101.84
62141382,UW,eq,1.05,46.851166666666664,-121.76216666666667,1752455636.7199974,-2.06,"0.3 km SW from Mt Rainier, WA",2025-07-14T01:13:56.719Z,3335823,1752455636.7199974
62141392,UW,eq,0.53,46.84866666666667,-121.76983333333334,1752456730.7199993,0.34,"0.9 km WSW from Mt Rainier, WA",2025-07-14T01:32:10.719Z,3335818,1752456730.7199993
62141407,UW,eq,0.34,46.8475,-121.76916666666666,1752459025.2399998,-0.42,"1 km WSW from Mt Rainier, WA",2025-07-14T02:10:25.240Z,3335813,1752459025.2399998
62141417,UW,eq,0.26,46.848333333333336,-121.77033333333333,1752460190.1499977,0.02,"1 km WSW from Mt Rainier, WA",2025-07-14T02:29:50.149Z,3335808,1752460190.1499977
62141422,UW,eq,0.39,46.85066666666667,-121.77283333333334,1752460229.4399986,-0.36,"1 km W from Mt Rainier, WA",2025-07-14T02:30:29.439Z,3335803,1752460229.4399986
62141427,UW,eq,0.09,46.854166666666664,-121.76783333333333,1752460888.0999985,-0.13,"0.6 km WNW from Mt Rainier, WA",2025-07-14T02:41:28.099Z,3335798,1752460888.0999985
62141432,UW,eq,0.34,46.847833333333334,-121.76983333333334,1752460943.3500004,-1.76,"1 km WSW from Mt Rainier, WA",2025-07-14T02:42:23.350Z,3335793,1752460943.3500004
62141437,UW,eq,0.15,46.849333333333334,-121.76833333333333,1752461117.67,0.03,"0.8 km WSW from Mt Rainier, WA",2025-07-14T02:45:17.670Z,3335788,1752461117.67
62141447,UW,eq,0.32,46.8535,-121.75983333333333,1752462385.289999,-0.15,"0 km NE from Mt Rainier, WA",2025-07-14T03:06:25.289Z,3335783,1752462385.289999
62141452,UW,eq,0.3,46.849333333333334,-121.771,1752462589.2199974,-0.48,"0.9 km WSW from Mt Rainier, WA",2025-07-14T03:09:49.219Z,3335778,1752462589.2199974
62141457,UW,eq,0.95,46.8485,-121.77033333333333,1752462740.619999,-2.13,"1 km WSW from Mt Rainier, WA",2025-07-14T03:12:20.619Z,3335763,1752462740.619999
62141477,UW,eq,0.4,46.84766666666667,-121.7715,1752465692.290001,-0.11,"1.1 km WSW from Mt Rainier, WA",2025-07-14T04:01:32.290Z,3338113,1752465692.290001
62141487,UW,eq,0.44,46.84766666666667,-121.77033333333333,1752466179.209999,0.19,"1 km WSW from Mt Rainier, WA",2025-07-14T04:09:39.209Z,3336893,1752466179.209999
62141492,UW,eq,1.41,46.848,-121.76783333333333,1752466337.0900002,-0.37,"0.8 km WSW from Mt Rainier, WA",2025-07-14T04:12:17.090Z,3337083,1752466337.0900002
62141497,UW,eq,0.13,46.849,-121.77083333333333,1752466658.6100006,-0.33,"1 km WSW from Mt Rainier, WA",2025-07-14T04:17:38.610Z,3335893,1752466658.6100006
62141502,UW,eq,0.5,46.849666666666664,-121.76666666666667,1752466765.5999985,-0.46,"0.6 km WSW from Mt Rainier, WA",2025-07-14T04:19:25.599Z,3341333,1752466765.5999985
62141512,UW,eq,0.48,46.851166666666664,-121.76,1752467577.3199997,-0.51,"0.2 km S from Mt Rainier, WA",2025-07-14T04:32:57.320Z,3341338,1752467577.3199997
62141517,UW,eq,0.28,46.84583333333333,-121.76966666666667,1752467867.9199982,0.94,"1.1 km SW from Mt Rainier, WA",2025-07-14T04:37:47.919Z,3338108,1752467867.9199982
62141527,UW,eq,0.27,46.8515,-121.764,1752469453.8199997,-0.56,"0.4 km WSW from Mt Rainier, WA",2025-07-14T05:04:13.820Z,3335863,1752469453.8199997
62141542,UW,eq,0.26,46.84866666666667,-121.769,1752470327.5599976,-0.07,"0.9 km WSW from Mt Rainier, WA",2025-07-14T05:18:47.559Z,3335868,1752470327.5599976
62141562,UW,eq,0.29,46.85,-121.76966666666667,1752472271.21,-0.32,"0.8 km WSW from Mt Rainier, WA",2025-07-14T05:51:11.210Z,3336068,1752472271.21
62141582,UW,eq,0.36,46.848333333333336,-121.76733333333334,1752473517.3999977,0.69,"0.8 km WSW from Mt Rainier, WA",2025-07-14T06:11:57.399Z,3335888,1752473517.3999977
62141587,UW,eq,0.52,46.848,-121.76883333333333,1752473648.9499998,-0.64,"0.9 km WSW from Mt Rainier, WA",2025-07-14T06:14:08.950Z,3339443,1752473648.9499998
62141592,UW,eq,0.73,46.849,-121.7635,1752473878.079998,-0.84,"0.5 km SW from Mt Rainier, WA",2025-07-14T06:17:58.079Z,3339373,1752473878.079998
62141597,UW,eq,0.22,46.846666666666664,-121.76966666666667,1752474221.75,0.17,"1 km SW from Mt Rainier, WA",2025-07-14T06:23:41.750Z,3335933,1752474221.75
62141612,UW,eq,0.38,46.849666666666664,-121.75733333333334,1752476599.5900002,-0.87,"0.5 km SSE from Mt Rainier, WA",2025-07-14T07:03:19.590Z,3341343,1752476599.5900002
62141617,UW,eq,0.34,46.850833333333334,-121.75966666666666,1752477396.380001,-0.66,"0.3 km S from Mt Rainier, WA",2025-07-14T07:16:36.380Z,3341348,1752477396.380001
62141627,UW,eq,0.22,46.845166666666664,-121.76916666666666,1752478607.1699982,0.61,"1.1 km SW from Mt Rainier, WA",2025-07-14T07:36:47.169Z,3341353,1752478607.1699982
62141632,UW,eq,0.33,46.846833333333336,-121.7705,1752478778.4399986,0.77,"1.1 km WSW from Mt Rainier, WA",2025-07-14T07:39:38.439Z,3335913,1752478778.4399986
62141642,UW,eq,0.31,46.84766666666667,-121.76683333333334,1752480692.0699997,0.43,"0.8 km SW from Mt Rainier, WA",2025-07-14T08:11:32.070Z,3343173,1752480692.0699997
62141647,UW,eq,0.32,46.846333333333334,-121.76916666666666,1752480720.37,0.48,"1 km SW from Mt Rainier, WA",2025-07-14T08:12:00.370Z,3341358,1752480720.37
62141652,UW,eq,0.58,46.8485,-121.76,1752481356.8600006,0.2,"0.5 km S from Mt Rainier, WA",2025-07-14T08:22:36.860Z,3341363,1752481356.8600006
62141657,UW,eq,0.33,46.845333333333336,-121.76983333333334,1752481943.1800003,0.67,"1.2 km SW from Mt Rainier, WA",2025-07-14T08:32:23.180Z,3341368,1752481943.1800003
62141667,UW,eq,0.35,46.848333333333336,-121.76733333333334,1752483362.8899999,1.06,"0.8 km WSW from Mt Rainier, WA",2025-07-14T08:56:02.890Z,3336033,1752483362.8899999
62141672,UW,eq,0.12,46.847,-121.768,1752483523.3400002,1,"0.9 km SW from Mt Rainier, WA",2025-07-14T08:58:43.340Z,3335878,1752483523.3400002
62141682,UW,eq,0.42,46.84616666666667,-121.76933333333334,1752483663.4499998,0.42,"1.1 km SW from Mt Rainier, WA",2025-07-14T09:01:03.450Z,3336028,1752483663.4499998
62141677,UW,eq,0.43,46.84866666666667,-121.76733333333334,1752483743.4799995,0.4,"0.8 km WSW from Mt Rainier, WA",2025-07-14T09:02:23.480Z,3343178,1752483743.4799995
62141687,UW,eq,0.38,46.851,-121.76783333333333,1752483804.7299995,0.35,"0.6 km WSW from Mt Rainier, WA",2025-07-14T09:03:24.730Z,3343183,1752483804.7299995
61504753,UW,eq,-0.28,46.847166666666666,-121.766,1752483818.079998,1.37,"0.8 km SW from Mt Rainier, WA",2025-07-14T09:03:38.079Z,3343193,1752483818.079998
62141692,UW,eq,0.32,46.85216666666667,-121.76133333333334,1752484241.2999992,0,"0.2 km SW from Mt Rainier, WA",2025-07-14T09:10:41.299Z,3337068,1752484241.2999992
62141697,UW,eq,0.36,46.846666666666664,-121.7685,1752484398.6900005,0.51,"1 km SW from Mt Rainier, WA",2025-07-14T09:13:18.690Z,3341373,1752484398.6900005
62141707,UW,eq,0.34,46.845666666666666,-121.769,1752484657.619999,0.66,"1.1 km SW from Mt Rainier, WA",2025-07-14T09:17:37.619Z,3341378,1752484657.619999
62141717,UW,eq,0.54,46.8445,-121.768,1752486652.5900002,0.81,"1.2 km SW from Mt Rainier, WA",2025-07-14T09:50:52.590Z,3338543,1752486652.5900002
62141722,UW,eq,1.05,46.847166666666666,-121.76783333333333,1752487287.4300003,0.25,"0.9 km SW from Mt Rainier, WA",2025-07-14T10:01:27.430Z,3343198,1752487287.4300003
62141727,UW,eq,0.22,46.846,-121.7685,1752487688.4499998,0.7,"1 km SW from Mt Rainier, WA",2025-07-14T10:08:08.450Z,3341383,1752487688.4499998
62141742,UW,eq,0.22,46.85033333333333,-121.77,1752490284.33,0.2,"0.8 km WSW from Mt Rainier, WA",2025-07-14T10:51:24.330Z,3336023,1752490284.33
62141747,UW,eq,0.26,46.847166666666666,-121.76833333333333,1752490698.5900002,0.91,"0.9 km SW from Mt Rainier, WA",2025-07-14T10:58:18.590Z,3335963,1752490698.5900002
62141762,UW,eq,1,46.847,-121.76616666666666,1752494633.2799988,0.83,"0.8 km SW from Mt Rainier, WA",2025-07-14T12:03:53.279Z,3335983,1752494633.2799988
62141767,UW,eq,0.22,46.845666666666666,-121.76766666666667,1752494740.6599998,1.01,"1 km SW from Mt Rainier, WA",2025-07-14T12:05:40.660Z,3335993,1752494740.6599998
62141772,UW,eq,0.4,46.848333333333336,-121.767,1752495218.0599976,1.14,"0.8 km SW from Mt Rainier, WA",2025-07-14T12:13:38.059Z,3335998,1752495218.0599976
62141777,UW,eq,0.22,46.8485,-121.76883333333333,1752495363.4099998,0.76,"0.9 km WSW from Mt Rainier, WA",2025-07-14T12:16:03.410Z,3343203,1752495363.4099998
62141782,UW,eq,0.21,46.84733333333333,-121.7675,1752495409.4799995,0.52,"0.9 km SW from Mt Rainier, WA",2025-07-14T12:16:49.480Z,3341388,1752495409.4799995
62141787,UW,eq,0.5,46.8495,-121.76633333333334,1752496453.75,0.21,"0.6 km WSW from Mt Rainier, WA",2025-07-14T12:34:13.750Z,3336003,1752496453.75
62141792,UW,eq,0.12,46.84616666666667,-121.76983333333334,1752496684.56,0.34,"1.1 km SW from Mt Rainier, WA",2025-07-14T12:38:04.560Z,3342973,1752496684.56
62141802,UW,eq,0.11,46.8455,-121.76833333333333,1752496824.1999989,0.21,"1.1 km SW from Mt Rainier, WA",2025-07-14T12:40:24.199Z,3335898,1752496824.1999989
62141797,UW,eq,0.8,46.851166666666664,-121.76733333333334,1752496863.81,-0.02,"0.6 km WSW from Mt Rainier, WA",2025-07-14T12:41:03.810Z,3338668,1752496863.81
62141807,UW,eq,0.43,46.846666666666664,-121.7695,1752497957.4899998,0.57,"1 km SW from Mt Rainier, WA",2025-07-14T12:59:17.490Z,3342783,1752497957.4899998
62141812,UW,eq,0.27,46.851,-121.76183333333333,1752498673.3199997,-0.75,"0.3 km SW from Mt Rainier, WA",2025-07-14T13:11:13.320Z,3335873,1752498673.3199997
62141817,UW,eq,1.09,46.851,-121.75383333333333,1752499530.7600002,0.28,"0.5 km SE from Mt Rainier, WA",2025-07-14T13:25:30.760Z,3335828,1752499530.7600002
62141822,UW,eq,0.72,46.84583333333333,-121.76666666666667,1752499783.9500008,1.32,"1 km SW from Mt Rainier, WA",2025-07-14T13:29:43.950Z,3335838,1752499783.9500008
62141827,UW,eq,0.66,46.8475,-121.76716666666667,1752499949.92,0.5,"0.8 km SW from Mt Rainier, WA",2025-07-14T13:32:29.920Z,3339428,1752499949.92
62141832,UW,eq,0.47,46.8475,-121.7675,1752501278.4799995,0.96,"0.9 km SW from Mt Rainier, WA",2025-07-14T13:54:38.480Z,3335988,1752501278.4799995
62141847,UW,eq,0.3,46.848,-121.76583333333333,1752502329.1599998,0.56,"0.7 km SW from Mt Rainier, WA",2025-07-14T14:12:09.160Z,3335848,1752502329.1599998
62141842,UW,eq,0.31,46.84583333333333,-121.76833333333333,1752502376.0900002,1.11,"1 km SW from Mt Rainier, WA",2025-07-14T14:12:56.090Z,3336573,1752502376.0900002
62141852,UW,eq,0.59,46.846666666666664,-121.76566666666666,1752502817.6000004,0.72,"0.9 km SW from Mt Rainier, WA",2025-07-14T14:20:17.600Z,3339353,1752502817.6000004
62141857,UW,eq,0.72,46.8465,-121.76616666666666,1752504057.4099998,0.71,"0.9 km SW from Mt Rainier, WA",2025-07-14T14:40:57.410Z,3339758,1752504057.4099998
62141862,UW,eq,0.86,46.846833333333336,-121.76766666666667,1752504509.6899986,0.47,"0.9 km SW from Mt Rainier, WA",2025-07-14T14:48:29.689Z,3339448,1752504509.6899986
62141867,UW,eq,0.88,46.8465,-121.76516666666667,1752506870,1.03,"0.9 km SW from Mt Rainier, WA",2025-07-14T15:27:50.000Z,3340548,1752506870
62141872,UW,eq,1.18,46.847166666666666,-121.76616666666666,1752507262.2299995,0.89,"0.8 km SW from Mt Rainier, WA",2025-07-14T15:34:22.230Z,3336008,1752507262.2299995
62141877,UW,eq,0.7,46.846333333333334,-121.7675,1752507408.3099976,0.47,"1 km SW from Mt Rainier, WA",2025-07-14T15:36:48.309Z,3339768,1752507408.3099976
62141882,UW,eq,0.55,46.84866666666667,-121.769,1752507924.3899994,0.56,"0.9 km WSW from Mt Rainier, WA",2025-07-14T15:45:24.389Z,3335833,1752507924.3899994
62141887,UW,eq,0.33,46.84766666666667,-121.76916666666666,1752508444.1799998,0.54,"0.9 km WSW from Mt Rainier, WA",2025-07-14T15:54:04.180Z,3335853,1752508444.1799998
62141892,UW,eq,0.46,46.849666666666664,-121.75916666666667,1752509217.2399979,0.2,"0.4 km S from Mt Rainier, WA",2025-07-14T16:06:57.239Z,3337898,1752509217.2399979
62141907,UW,eq,0.22,46.849,-121.76766666666667,1752512081.7999992,0.2,"0.8 km WSW from Mt Rainier, WA",2025-07-14T16:54:41.799Z,3336578,1752512081.7999992
62141912,UW,eq,1.07,46.84733333333333,-121.767,1752512652.4899998,0.83,"0.9 km SW from Mt Rainier, WA",2025-07-14T17:04:12.490Z,3335968,1752512652.4899998
62141917,UW,eq,0.48,46.84766666666667,-121.76716666666667,1752513638.7599983,0.57,"0.8 km SW from Mt Rainier, WA",2025-07-14T17:20:38.759Z,3342843,1752513638.7599983
62141932,UW,eq,0.48,46.846333333333334,-121.7685,1752514817.9699993,0.48,"1 km SW from Mt Rainier, WA",2025-07-14T17:40:17.969Z,3342848,1752514817.9699993
62141942,UW,eq,0.57,46.84616666666667,-121.77016666666667,1752515077.5299988,0.21,"1.1 km SW from Mt Rainier, WA",2025-07-14T17:44:37.529Z,3342793,1752515077.5299988
62141967,UW,eq,0.54,46.852,-121.76716666666667,1752517692.9899998,0.65,"0.6 km W from Mt Rainier, WA",2025-07-14T18:28:12.990Z,3338528,1752517692.9899998
62141992,UW,eq,0.24,46.849333333333334,-121.76783333333333,1752518804.0099983,0.61,"0.7 km WSW from Mt Rainier, WA",2025-07-14T18:46:44.009Z,3338513,1752518804.0099983
62142002,UW,eq,0.49,46.86683333333333,-121.75716666666666,1752520708.2600002,-2.23,"1.5 km NNE from Mt Rainier, WA",2025-07-14T19:18:28.260Z,3336038,1752520708.2600002
62142007,UW,eq,0.54,46.8455,-121.76816666666667,1752520730.2799988,0.85,"1.1 km SW from Mt Rainier, WA",2025-07-14T19:18:50.279Z,3336053,1752520730.2799988
62142022,UW,eq,0.27,46.8485,-121.76816666666667,1752521434.1399994,0.73,"0.8 km WSW from Mt Rainier, WA",2025-07-14T19:30:34.139Z,3335948,1752521434.1399994
62142027,UW,eq,1.64,46.86333333333333,-121.75466666666667,1752521745.7999992,-1.93,"1.2 km NNE from Mt Rainier, WA",2025-07-14T19:35:45.799Z,3335943,1752521745.7999992
62142037,UW,eq,0.29,46.846,-121.77116666666667,1752522014.5899992,0.94,"1.2 km WSW from Mt Rainier, WA",2025-07-14T19:40:14.589Z,3336093,1752522014.5899992
62142047,UW,eq,0.78,46.849666666666664,-121.75966666666666,1752522167.3499985,-0.04,"0.4 km S from Mt Rainier, WA",2025-07-14T19:42:47.349Z,3337938,1752522167.3499985
62142102,UW,eq,0.88,46.846666666666664,-121.76983333333334,1752524875.8899994,0.36,"1.1 km WSW from Mt Rainier, WA",2025-07-14T20:27:55.889Z,3336103,1752524875.8899994
62142127,UW,eq,0.51,46.8475,-121.76916666666666,1752525860.6899986,0.25,"1 km WSW from Mt Rainier, WA",2025-07-14T20:44:20.689Z,3338533,1752525860.6899986
62142142,UW,eq,0.62,46.847833333333334,-121.76866666666666,1752526516.8799992,0.54,"0.9 km WSW from Mt Rainier, WA",2025-07-14T20:55:16.879Z,3340998,1752526516.8799992
62142152,UW,eq,0.61,46.8475,-121.77,1752526667.5499992,-0.35,"1 km WSW from Mt Rainier, WA",2025-07-14T20:57:47.549Z,3342853,1752526667.5499992
62142157,UW,eq,0.62,46.84766666666667,-121.7655,1752526814.75,0.53,"0.8 km SW from Mt Rainier, WA",2025-07-14T21:00:14.750Z,3339333,1752526814.75
62142172,UW,eq,0.56,46.85033333333333,-121.75866666666667,1752527467.04,-0.43,"0.3 km S from Mt Rainier, WA",2025-07-14T21:11:07.040Z,3336583,1752527467.04
62142187,UW,eq,0.45,46.848166666666664,-121.769,1752528635.5999985,-0.18,"0.9 km WSW from Mt Rainier, WA",2025-07-14T21:30:35.599Z,3336593,1752528635.5999985
62142262,UW,eq,0.41,46.848333333333336,-121.76883333333333,1752530639.869999,0,"0.9 km WSW from Mt Rainier, WA",2025-07-14T22:03:59.869Z,3339338,1752530639.869999
62142292,UW,eq,0.41,46.846666666666664,-121.76933333333334,1752533242.58,0.65,"1 km SW from Mt Rainier, WA",2025-07-14T22:47:22.580Z,3342978,1752533242.58
62142337,UW,eq,0.78,46.8475,-121.77,1752535002.2599983,0.41,"1 km WSW from Mt Rainier, WA",2025-07-14T23:16:42.259Z,3336498,1752535002.2599983
62142397,UW,eq,0.47,46.850833333333334,-121.75983333333333,1752536339.1499977,-0.52,"0.3 km S from Mt Rainier, WA",2025-07-14T23:38:59.149Z,3336133,1752536339.1499977
62142407,UW,eq,0.31,46.846333333333334,-121.77066666666667,1752536770.9799995,-0.09,"1.1 km WSW from Mt Rainier, WA",2025-07-14T23:46:10.980Z,3343038,1752536770.9799995
62142412,UW,eq,0.28,46.845,-121.76883333333333,1752536793.5699997,0.62,"1.1 km SW from Mt Rainier, WA",2025-07-14T23:46:33.570Z,3342828,1752536793.5699997
62142547,UW,eq,0.86,46.8465,-121.76783333333333,1752541473.7399979,0.5,"1 km SW from Mt Rainier, WA",2025-07-15T01:04:33.739Z,3338778,1752541473.7399979
62142602,UW,eq,0.57,46.84766666666667,-121.76883333333333,1752542993.5200005,-0.14,"0.9 km WSW from Mt Rainier, WA",2025-07-15T01:29:53.520Z,3342833,1752542993.5200005
62142622,UW,eq,0.53,46.849333333333334,-121.76033333333334,1752543686.1899986,-1.01,"0.4 km SSW from Mt Rainier, WA",2025-07-15T01:41:26.189Z,3338443,1752543686.1899986
62142657,UW,eq,0.3,46.84866666666667,-121.7675,1752544763.8899994,-0.13,"0.8 km WSW from Mt Rainier, WA",2025-07-15T01:59:23.889Z,3342808,1752544763.8899994
62142692,UW,eq,0.81,46.847,-121.76966666666667,1752545946.5499997,-0.12,"1 km WSW from Mt Rainier, WA",2025-07-15T02:19:06.550Z,3339453,1752545946.5499997
62142712,UW,eq,0.23,46.847166666666666,-121.76933333333334,1752547059.9399986,-0.56,"1 km WSW from Mt Rainier, WA",2025-07-15T02:37:39.939Z,3336178,1752547059.9399986
62142737,UW,eq,0.21,46.85016666666667,-121.77083333333333,1752548149.1100006,0.15,"0.9 km WSW from Mt Rainier, WA",2025-07-15T02:55:49.110Z,3342988,1752548149.1100006
62142747,UW,eq,0.65,46.847166666666666,-121.76966666666667,1752548744.1499977,-0.06,"1 km WSW from Mt Rainier, WA",2025-07-15T03:05:44.149Z,3338783,1752548744.1499977
62142762,UW,eq,0.2,46.846833333333336,-121.7685,1752549444.5299988,0.26,"1 km SW from Mt Rainier, WA",2025-07-15T03:17:24.529Z,3336188,1752549444.5299988
62142782,UW,eq,0.45,46.846833333333336,-121.76833333333333,1752549727.17,-0.26,"1 km SW from Mt Rainier, WA",2025-07-15T03:22:07.170Z,3339748,1752549727.17
62142792,UW,eq,0.29,46.852666666666664,-121.76933333333334,1752549801.5299988,-0.52,"0.7 km W from Mt Rainier, WA",2025-07-15T03:23:21.529Z,3336193,1752549801.5299988
62142802,UW,eq,1.37,46.8475,-121.76966666666667,1752550077.199997,-0.12,"1 km WSW from Mt Rainier, WA",2025-07-15T03:27:57.199Z,3336198,1752550077.199997
62142812,UW,eq,0.42,46.849,-121.76733333333334,1752550263.49,-0.2,"0.7 km WSW from Mt Rainier, WA",2025-07-15T03:31:03.490Z,3343043,1752550263.49
62142817,UW,eq,0.42,46.848333333333336,-121.77116666666667,1752550297.3999977,-0.37,"1 km WSW from Mt Rainier, WA",2025-07-15T03:31:37.399Z,3336203,1752550297.3999977
62142827,UW,eq,0.6,46.84733333333333,-121.76833333333333,1752550863.53,-0.72,"0.9 km SW from Mt Rainier, WA",2025-07-15T03:41:03.530Z,3336208,1752550863.53
62142842,UW,eq,0.21,46.847,-121.76883333333333,1752550963.1699982,-0.31,"1 km SW from Mt Rainier, WA",2025-07-15T03:42:43.169Z,3336213,1752550963.1699982
62142837,UW,eq,0.3,46.84766666666667,-121.7675,1752550983.34,-0.03,"0.8 km SW from Mt Rainier, WA",2025-07-15T03:43:03.340Z,3336218,1752550983.34
62142867,UW,eq,0.44,46.847166666666666,-121.76983333333334,1752551845.83,0.09,"1 km WSW from Mt Rainier, WA",2025-07-15T03:57:25.830Z,3336283,1752551845.83
62142872,UW,eq,0.75,46.845166666666664,-121.76883333333333,1752552092.9199982,-0.86,"1.1 km SW from Mt Rainier, WA",2025-07-15T04:01:32.919Z,3336298,1752552092.9199982
62142877,UW,eq,0.68,46.8485,-121.76983333333334,1752553221.4899998,-0.83,"0.9 km WSW from Mt Rainier, WA",2025-07-15T04:20:21.490Z,3342813,1752553221.4899998
62142887,UW,eq,0.42,46.846833333333336,-121.76816666666667,1752553623.36,0.36,"1 km SW from Mt Rainier, WA",2025-07-15T04:27:03.360Z,3336308,1752553623.36
62142897,UW,eq,0.23,46.849666666666664,-121.76616666666666,1752554195.5999985,-0.51,"0.6 km WSW from Mt Rainier, WA",2025-07-15T04:36:35.599Z,3336328,1752554195.5999985
62142907,UW,eq,0.5,46.8455,-121.768,1752555294.8799973,1.09,"1.1 km SW from Mt Rainier, WA",2025-07-15T04:54:54.879Z,3336368,1752555294.8799973
62142912,UW,eq,0.65,46.848,-121.76833333333333,1752555856.5900002,0.05,"0.9 km WSW from Mt Rainier, WA",2025-07-15T05:04:16.590Z,3336373,1752555856.5900002
62142922,UW,eq,0.63,46.848333333333336,-121.77016666666667,1752556544.5499992,-0.21,"1 km WSW from Mt Rainier, WA",2025-07-15T05:15:44.549Z,3336378,1752556544.5499992
62142932,UW,eq,0.13,46.84733333333333,-121.7695,1752557639.3899994,0.43,"1 km WSW from Mt Rainier, WA",2025-07-15T05:33:59.389Z,3336383,1752557639.3899994
62142947,UW,eq,0.25,46.854,-121.7595,1752559649.5999985,0.44,"0.1 km NE from Mt Rainier, WA",2025-07-15T06:07:29.599Z,3336388,1752559649.5999985
62142942,UW,eq,0.67,46.85,-121.769,1752559774.8099976,-0.56,"0.8 km WSW from Mt Rainier, WA",2025-07-15T06:09:34.809Z,3336408,1752559774.8099976
62142952,UW,eq,0.54,46.849,-121.767,1752560524.98,0.06,"0.7 km WSW from Mt Rainier, WA",2025-07-15T06:22:04.980Z,3336433,1752560524.98
62142957,UW,eq,0.49,46.851333333333336,-121.75583333333333,1752560555.5200005,-0.56,"0.4 km SE from Mt Rainier, WA",2025-07-15T06:22:35.520Z,3336448,1752560555.5200005
62142967,UW,eq,0.35,46.847833333333334,-121.76983333333334,1752561598.0499992,-0.04,"1 km WSW from Mt Rainier, WA",2025-07-15T06:39:58.049Z,3342968,1752561598.0499992
62142987,UW,eq,0.62,46.848333333333336,-121.76816666666667,1752565942.7399998,0.23,"0.8 km WSW from Mt Rainier, WA",2025-07-15T07:52:22.740Z,3336453,1752565942.7399998
62142992,UW,eq,0.5,46.85033333333333,-121.75833333333334,1752566263.3199997,0.24,"0.4 km S from Mt Rainier, WA",2025-07-15T07:57:43.320Z,3336458,1752566263.3199997
62143002,UW,eq,0.69,46.8475,-121.76883333333333,1752567676.1599998,0.66,"0.9 km WSW from Mt Rainier, WA",2025-07-15T08:21:16.160Z,3336493,1752567676.1599998
62143007,UW,eq,0.34,46.85216666666667,-121.75516666666667,1752567736.4799995,0.2,"0.4 km ESE from Mt Rainier, WA",2025-07-15T08:22:16.480Z,3342553,1752567736.4799995
62143012,UW,eq,0.85,46.85033333333333,-121.75816666666667,1752568742.01,0.1,"0.4 km SSE from Mt Rainier, WA",2025-07-15T08:39:02.010Z,3336508,1752568742.01
62143017,UW,eq,1.07,46.847,-121.76833333333333,1752568766.5699997,0.56,"0.9 km SW from Mt Rainier, WA",2025-07-15T08:39:26.570Z,3336518,1752568766.5699997
62143022,UW,eq,0.39,46.846666666666664,-121.77133333333333,1752571553.8899994,0.43,"1.1 km WSW from Mt Rainier, WA",2025-07-15T09:25:53.889Z,3336528,1752571553.8899994
62143027,UW,eq,0.3,46.849833333333336,-121.76983333333334,1752571884.3099995,0.11,"0.8 km WSW from Mt Rainier, WA",2025-07-15T09:31:24.310Z,3342773,1752571884.3099995
62143042,UW,eq,1.06,46.8495,-121.7685,1752573384.1899986,0.36,"0.8 km WSW from Mt Rainier, WA",2025-07-15T09:56:24.189Z,3338678,1752573384.1899986
62143047,UW,eq,0.1,46.85066666666667,-121.76616666666666,1752573410.829998,0.77,"0.6 km WSW from Mt Rainier, WA",2025-07-15T09:56:50.829Z,3336608,1752573410.829998
62143052,UW,eq,1.22,46.847,-121.76916666666666,1752574081.53,0.09,"1 km SW from Mt Rainier, WA",2025-07-15T10:08:01.530Z,3336663,1752574081.53
62143057,UW,eq,0.33,46.84733333333333,-121.76916666666666,1752575493.709999,0.36,"1 km WSW from Mt Rainier, WA",2025-07-15T10:31:33.709Z,3336668,1752575493.709999
62143062,UW,eq,0.23,46.84616666666667,-121.768,1752576593.9300003,0.55,"1 km SW from Mt Rainier, WA",2025-07-15T10:49:53.930Z,3342798,1752576593.9300003
62143067,UW,eq,0.31,46.84866666666667,-121.75766666666667,1752579894.789997,0.29,"0.5 km S from Mt Rainier, WA",2025-07-15T11:44:54.789Z,3343048,1752579894.789997
62143072,UW,eq,0.69,46.84883333333333,-121.76616666666666,1752579927.0100002,0.64,"0.7 km SW from Mt Rainier, WA",2025-07-15T11:45:27.010Z,3336673,1752579927.0100002
62143077,UW,eq,0.38,46.847833333333334,-121.76633333333334,1752580139.3899994,0.63,"0.8 km SW from Mt Rainier, WA",2025-07-15T11:48:59.389Z,3336678,1752580139.3899994
62143082,UW,eq,0.57,46.8455,-121.76933333333334,1752580891.83,0.25,"1.1 km SW from Mt Rainier, WA",2025-07-15T12:01:31.830Z,3339463,1752580891.83
62143087,UW,eq,0.82,46.85,-121.7685,1752581619.540001,1,"0.7 km WSW from Mt Rainier, WA",2025-07-15T12:13:39.540Z,3338693,1752581619.540001
62143092,UW,eq,0.75,46.846833333333336,-121.76883333333333,1752582212.0900002,0.58,"1 km SW from Mt Rainier, WA",2025-07-15T12:23:32.090Z,3336758,1752582212.0900002
62143097,UW,eq,0.39,46.8465,-121.7695,1752582225.079998,0.99,"1 km SW from Mt Rainier, WA",2025-07-15T12:23:45.079Z,3336768,1752582225.079998
62143107,UW,eq,0.48,46.849833333333336,-121.76083333333334,1752583253.7700005,0.13,"0.4 km SSW from Mt Rainier, WA",2025-07-15T12:40:53.770Z,3342893,1752583253.7700005
62143132,UW,eq,0.46,46.84766666666667,-121.768,1752585962.61,0.73,"0.9 km SW from Mt Rainier, WA",2025-07-15T13:26:02.610Z,3336788,1752585962.61
62143142,UW,eq,0.99,46.857166666666664,-121.75283333333333,1752588164.4899979,0.59,"0.7 km ENE from Mt Rainier, WA",2025-07-15T14:02:44.489Z,3336793,1752588164.4899979
62143147,UW,eq,0.83,46.855333333333334,-121.75633333333333,1752588269.6499996,0.3,"0.4 km ENE from Mt Rainier, WA",2025-07-15T14:04:29.650Z,3336798,1752588269.6499996
62143162,UW,eq,2.32,46.85516666666667,-121.754,1752590725.1399994,0.33,"0.5 km ENE from Mt Rainier, WA",2025-07-15T14:45:25.139Z,3336158,1752590725.1399994
62143172,UW,eq,1.3,46.85666666666667,-121.75366666666666,1752590837.6900005,0.48,"0.6 km ENE from Mt Rainier, WA",2025-07-15T14:47:17.690Z,3336163,1752590837.6900005
62143177,UW,eq,0.38,46.8615,-121.7525,1752591086.1099987,0.2,"1.1 km NE from Mt Rainier, WA",2025-07-15T14:51:26.109Z,3336168,1752591086.1099987
62143182,UW,eq,0.8,46.8565,-121.75383333333333,1752591759.8099976,0.27,"0.6 km ENE from Mt Rainier, WA",2025-07-15T15:02:39.809Z,3336173,1752591759.8099976
62143187,UW,eq,1.08,46.85666666666667,-121.7535,1752592713.8999977,0.5,"0.6 km ENE from Mt Rainier, WA",2025-07-15T15:18:33.899Z,3336808,1752592713.8999977
62143197,UW,eq,0.62,46.85483333333333,-121.75433333333334,1752593280.86,0.77,"0.5 km E from Mt Rainier, WA",2025-07-15T15:28:00.860Z,3336243,1752593280.86
62143212,UW,eq,0.44,46.85966666666667,-121.75216666666667,1752593455.25,0.45,"0.9 km NE from Mt Rainier, WA",2025-07-15T15:30:55.250Z,3336828,1752593455.25
62143207,UW,eq,1.25,46.849666666666664,-121.76783333333333,1752593482.3099995,1.15,"0.7 km WSW from Mt Rainier, WA",2025-07-15T15:31:22.310Z,3336258,1752593482.3099995
62143217,UW,eq,0.35,46.856,-121.754,1752593616.6899986,1.32,"0.5 km ENE from Mt Rainier, WA",2025-07-15T15:33:36.689Z,3336523,1752593616.6899986
62143227,UW,eq,0.84,46.85583333333334,-121.75333333333333,1752594118.5200005,-0.13,"0.6 km ENE from Mt Rainier, WA",2025-07-15T15:41:58.520Z,3336833,1752594118.5200005
62143232,UW,eq,0.51,46.858,-121.75216666666667,1752594183.54,0.14,"0.8 km ENE from Mt Rainier, WA",2025-07-15T15:43:03.540Z,3336838,1752594183.54
62143242,UW,eq,0.38,46.848166666666664,-121.759,1752594566.869999,0.17,"0.6 km S from Mt Rainier, WA",2025-07-15T15:49:26.869Z,3339763,1752594566.869999
62143252,UW,eq,0,46.847,-121.7695,1752595048.1399994,1.26,"1 km WSW from Mt Rainier, WA",2025-07-15T15:57:28.139Z,3336728,1752595048.1399994
62143257,UW,eq,0.38,46.84466666666667,-121.7685,1752595079.7299995,1.04,"1.2 km SW from Mt Rainier, WA",2025-07-15T15:57:59.730Z,3343208,1752595079.7299995
62143287,UW,eq,0.78,46.85433333333334,-121.75833333333334,1752596682.5200005,1.61,"0.2 km ENE from Mt Rainier, WA",2025-07-15T16:24:42.520Z,3337638,1752596682.5200005
62143312,UW,eq,0.63,46.846666666666664,-121.7685,1752597779.3499985,1.03,"1 km SW from Mt Rainier, WA",2025-07-15T16:42:59.349Z,3336968,1752597779.3499985
62143317,UW,eq,0.37,46.849,-121.7665,1752598232.3099976,0.7,"0.7 km WSW from Mt Rainier, WA",2025-07-15T16:50:32.309Z,3336428,1752598232.3099976
62143322,UW,eq,0.74,46.848333333333336,-121.7665,1752598483.4699974,0.61,"0.7 km SW from Mt Rainier, WA",2025-07-15T16:54:43.469Z,3336263,1752598483.4699974
62143332,UW,eq,0.66,46.85066666666667,-121.7615,1752599089.6699982,0.07,"0.3 km SSW from Mt Rainier, WA",2025-07-15T17:04:49.669Z,3336273,1752599089.6699982
62143342,UW,eq,0.28,46.85033333333333,-121.76133333333334,1752599149.7299995,-0.16,"0.3 km SSW from Mt Rainier, WA",2025-07-15T17:05:49.730Z,3336698,1752599149.7299995
62143337,UW,eq,0.82,46.847166666666666,-121.76633333333334,1752599164.4499998,0.69,"0.8 km SW from Mt Rainier, WA",2025-07-15T17:06:04.450Z,3336973,1752599164.4499998
62143357,UW,eq,1.05,46.849333333333334,-121.7645,1752601297.5999985,0.45,"0.6 km SW from Mt Rainier, WA",2025-07-15T17:41:37.599Z,3336223,1752601297.5999985
62143362,UW,eq,0.26,46.84766666666667,-121.76866666666666,1752601756.7299995,0.31,"0.9 km WSW from Mt Rainier, WA",2025-07-15T17:49:16.730Z,3336983,1752601756.7299995
62143377,UW,eq,0.57,46.847833333333334,-121.76816666666667,1752603206.1999989,0.76,"0.9 km WSW from Mt Rainier, WA",2025-07-15T18:13:26.199Z,3338828,1752603206.1999989
62143387,UW,eq,-0.07,46.85216666666667,-121.769,1752604894.630001,1.1,"0.7 km W from Mt Rainier, WA",2025-07-15T18:41:34.630Z,3336313,1752604894.630001
62143402,UW,eq,1.72,46.846333333333334,-121.76733333333334,1752605261.4799995,1.37,"1 km SW from Mt Rainier, WA",2025-07-15T18:47:41.480Z,3336293,1752605261.4799995
62143432,UW,eq,0.57,46.849666666666664,-121.76966666666667,1752607358.6899986,0.85,"0.8 km WSW from Mt Rainier, WA",2025-07-15T19:22:38.689Z,3338708,1752607358.6899986
62143437,UW,eq,-0.44,46.8525,-121.76683333333334,1752607383.21,1.69,"0.5 km W from Mt Rainier, WA",2025-07-15T19:23:03.210Z,3336658,1752607383.21
62143487,UW,eq,0.45,46.862,-121.753,1752610932.9299994,-0.09,"1.1 km NE from Mt Rainier, WA",2025-07-15T20:22:12.929Z,3336738,1752610932.9299994
62143497,UW,eq,0.53,46.85016666666667,-121.76066666666667,1752611247.2399998,-0.03,"0.4 km SSW from Mt Rainier, WA",2025-07-15T20:27:27.240Z,3338723,1752611247.2399998
62143537,UW,eq,0.33,46.847,-121.76733333333334,1752613160.2999992,0.75,"0.9 km SW from Mt Rainier, WA",2025-07-15T20:59:20.299Z,3336718,1752613160.2999992
62143587,UW,eq,0.72,46.849333333333334,-121.7585,1752615566.6299992,0.01,"0.5 km S from Mt Rainier, WA",2025-07-15T21:39:26.629Z,3338728,1752615566.6299992
62143592,UW,eq,0.54,46.847833333333334,-121.76816666666667,1752615622.6899986,0.42,"0.9 km WSW from Mt Rainier, WA",2025-07-15T21:40:22.689Z,3337018,1752615622.6899986
62143597,UW,eq,1.39,46.84616666666667,-121.76816666666667,1752615677.3199997,0.64,"1 km SW from Mt Rainier, WA",2025-07-15T21:41:17.320Z,3337023,1752615677.3199997
62143607,UW,eq,0.42,46.846,-121.77,1752616392.4499998,-0.12,"1.1 km SW from Mt Rainier, WA",2025-07-15T21:53:12.450Z,3336653,1752616392.4499998
62143612,UW,eq,1.46,46.84583333333333,-121.76933333333334,1752616406.9699993,0.51,"1.1 km SW from Mt Rainier, WA",2025-07-15T21:53:26.969Z,3336543,1752616406.9699993
62143617,UW,eq,0.24,46.849666666666664,-121.77133333333333,1752617075.7599983,0.75,"1 km WSW from Mt Rainier, WA",2025-07-15T22:04:35.759Z,3336568,1752617075.7599983
62143622,UW,eq,1.12,46.846333333333334,-121.77033333333333,1752617540.1000004,0.32,"1.1 km WSW from Mt Rainier, WA",2025-07-15T22:12:20.100Z,3338763,1752617540.1000004
62143632,UW,eq,2.03,46.849,-121.76766666666667,1752617852.209999,0.93,"0.8 km WSW from Mt Rainier, WA",2025-07-15T22:17:32.209Z,3336538,1752617852.209999
62143642,UW,eq,0.26,46.849333333333334,-121.769,1752617960.1999989,0.93,"0.8 km WSW from Mt Rainier, WA",2025-07-15T22:19:20.199Z,3336858,1752617960.1999989
62143637,UW,eq,0.33,46.849,-121.77216666666666,1752617963.3599987,0.68,"1 km WSW from Mt Rainier, WA",2025-07-15T22:19:23.359Z,3338883,1752617963.3599987
62143657,UW,eq,0.42,46.848166666666664,-121.76916666666666,1752618431.3099995,0.57,"0.9 km WSW from Mt Rainier, WA",2025-07-15T22:27:11.310Z,3338833,1752618431.3099995
62143677,UW,eq,0.34,46.85183333333333,-121.76733333333334,1752619056.130001,0.63,"0.6 km W from Mt Rainier, WA",2025-07-15T22:37:36.130Z,3338838,1752619056.130001
62143692,UW,eq,0.91,46.847833333333334,-121.76866666666666,1752619976.1800003,0.04,"0.9 km WSW from Mt Rainier, WA",2025-07-15T22:52:56.180Z,3338738,1752619976.1800003
62143727,UW,eq,0.51,46.85216666666667,-121.75883333333333,1752621540.9,-1.14,"0.2 km SSE from Mt Rainier, WA",2025-07-15T23:19:00.900Z,3338843,1752621540.9
62143752,UW,eq,0.27,46.84733333333333,-121.76916666666666,1752623053.4899998,0.44,"1 km WSW from Mt Rainier, WA",2025-07-15T23:44:13.490Z,3338848,1752623053.4899998
62143757,UW,eq,0.06,46.846333333333334,-121.77033333333333,1752623079.079998,0.12,"1.1 km WSW from Mt Rainier, WA",2025-07-15T23:44:39.079Z,3337033,1752623079.079998
62143787,UW,eq,0.15,46.8505,-121.77066666666667,1752625102.619999,0.18,"0.9 km W from Mt Rainier, WA",2025-07-16T00:18:22.619Z,3338853,1752625102.619999
62143797,UW,eq,0.34,46.847,-121.769,1752625814.8199997,0.27,"1 km SW from Mt Rainier, WA",2025-07-16T00:30:14.820Z,3337173,1752625814.8199997
62143807,UW,eq,0.63,46.86533333333333,-121.754,1752626209.789997,-2.02,"1.4 km NNE from Mt Rainier, WA",2025-07-16T00:36:49.789Z,3337183,1752626209.789997
62143822,UW,eq,0.52,46.851333333333336,-121.75983333333333,1752626688.3799973,-0.43,"0.2 km S from Mt Rainier, WA",2025-07-16T00:44:48.379Z,3338863,1752626688.3799973
62143852,UW,eq,0.35,46.848166666666664,-121.76966666666667,1752628244.2199974,-0.06,"0.9 km WSW from Mt Rainier, WA",2025-07-16T01:10:44.219Z,3338888,1752628244.2199974
62143872,UW,eq,0.05,46.851,-121.76933333333334,1752628860.5,0.9,"0.8 km W from Mt Rainier, WA",2025-07-16T01:21:00.500Z,3338898,1752628860.5
62143897,UW,eq,0.24,46.852,-121.76016666666666,1752629425.5,-0.62,"0.1 km SSW from Mt Rainier, WA",2025-07-16T01:30:25.500Z,3337203,1752629425.5
62143902,UW,eq,0.63,46.849,-121.76833333333333,1752629672.459999,0.43,"0.8 km WSW from Mt Rainier, WA",2025-07-16T01:34:32.459Z,3337208,1752629672.459999
62143912,UW,eq,0.37,46.84866666666667,-121.768,1752629713.0599995,-0.33,"0.8 km WSW from Mt Rainier, WA",2025-07-16T01:35:13.060Z,3337213,1752629713.0599995
62143927,UW,eq,0.27,46.848,-121.76666666666667,1752630387.4799995,0.26,"0.8 km SW from Mt Rainier, WA",2025-07-16T01:46:27.480Z,3337218,1752630387.4799995
62143932,UW,eq,0.41,46.8475,-121.7675,1752630448.8899994,0.13,"0.9 km SW from Mt Rainier, WA",2025-07-16T01:47:28.889Z,3336848,1752630448.8899994
62143937,UW,eq,0.7,46.851166666666664,-121.77033333333333,1752630608.5199995,-0.32,"0.8 km W from Mt Rainier, WA",2025-07-16T01:50:08.520Z,3339378,1752630608.5199995
62143942,UW,eq,1.03,46.849833333333336,-121.76816666666667,1752630774.579998,0.26,"0.7 km WSW from Mt Rainier, WA",2025-07-16T01:52:54.579Z,3338743,1752630774.579998
62143947,UW,eq,0.51,46.864,-121.75883333333333,1752630876.329998,-0.98,"1.2 km NNE from Mt Rainier, WA",2025-07-16T01:54:36.329Z,3336708,1752630876.329998
62143952,UW,eq,0.43,46.849666666666664,-121.76,1752630975.54,-0.1,"0.4 km S from Mt Rainier, WA",2025-07-16T01:56:15.540Z,3336713,1752630975.54
62143972,UW,eq,0.24,46.8475,-121.77066666666667,1752632329.0999985,-0.15,"1 km WSW from Mt Rainier, WA",2025-07-16T02:18:49.099Z,3337223,1752632329.0999985
62143982,UW,eq,0.74,46.85,-121.77033333333333,1752632919.8999977,0.3,"0.9 km WSW from Mt Rainier, WA",2025-07-16T02:28:39.899Z,3338548,1752632919.8999977
62143987,UW,eq,0.33,46.84583333333333,-121.772,1752633218.709999,0.21,"1.2 km WSW from Mt Rainier, WA",2025-07-16T02:33:38.709Z,3337488,1752633218.709999
62143992,UW,eq,0.32,46.84866666666667,-121.76983333333334,1752633869.4299984,0.28,"0.9 km WSW from Mt Rainier, WA",2025-07-16T02:44:29.429Z,3336723,1752633869.4299984
62144012,UW,eq,0.32,46.86383333333333,-121.75616666666667,1752634393.0099993,-0.73,"1.2 km NNE from Mt Rainier, WA",2025-07-16T02:53:13.009Z,3337493,1752634393.0099993
62144017,UW,eq,0.31,46.84866666666667,-121.76833333333333,1752634861.84,0.3,"0.8 km WSW from Mt Rainier, WA",2025-07-16T03:01:01.840Z,3336853,1752634861.84
62144062,UW,eq,0.46,46.855,-121.75783333333334,1752637997.4699993,0.22,"0.3 km NE from Mt Rainier, WA",2025-07-16T03:53:17.469Z,3337053,1752637997.4699993
62144067,UW,eq,0.56,46.847166666666666,-121.77066666666667,1752638651.2599993,0.16,"1.1 km WSW from Mt Rainier, WA",2025-07-16T04:04:11.259Z,3337503,1752638651.2599993
62144077,UW,eq,0.36,46.85316848754883,-121.76000213623047,1752639366.44,-0.65,"0 km SSW from Mt Rainier, WA",2025-07-16T04:16:06.440Z,2079477,1752639366.44
62144087,UW,eq,0.6,46.848,-121.769,1752639694.2700005,0.04,"0.9 km WSW from Mt Rainier, WA",2025-07-16T04:21:34.270Z,3337508,1752639694.2700005
62144097,UW,eq,0.59,46.848166666666664,-121.76816666666667,1752641199.2599983,0.07,"0.8 km WSW from Mt Rainier, WA",2025-07-16T04:46:39.259Z,3337518,1752641199.2599983
62144102,UW,eq,0.85,46.848333333333336,-121.768,1752641972.2999992,0.42,"0.8 km WSW from Mt Rainier, WA",2025-07-16T04:59:32.299Z,3337523,1752641972.2999992
62144107,UW,eq,1.17,46.846333333333334,-121.76866666666666,1752642047.8099976,0.04,"1 km SW from Mt Rainier, WA",2025-07-16T05:00:47.809Z,3337528,1752642047.8099976
62144112,UW,eq,0.05,46.852333333333334,-121.77016666666667,1752642836.3099976,0.26,"0.8 km W from Mt Rainier, WA",2025-07-16T05:13:56.309Z,3337543,1752642836.3099976
62144117,UW,eq,0.25,46.852333333333334,-121.77033333333333,1752643026.5699997,0.07,"0.8 km W from Mt Rainier, WA",2025-07-16T05:17:06.570Z,3342918,1752643026.5699997
62144122,UW,eq,0.53,46.851333333333336,-121.76966666666667,1752647731.6599998,0.13,"0.8 km W from Mt Rainier, WA",2025-07-16T06:35:31.660Z,3342818,1752647731.6599998
62144127,UW,eq,0.47,46.852,-121.771,1752647875.959999,0.53,"0.9 km W from Mt Rainier, WA",2025-07-16T06:37:55.959Z,3337548,1752647875.959999
62144132,UW,eq,0.7,46.84883333333333,-121.76933333333334,1752648715.0900002,-0.31,"0.9 km WSW from Mt Rainier, WA",2025-07-16T06:51:55.090Z,3337563,1752648715.0900002
62144152,UW,eq,0.56,46.848166666666664,-121.761,1752651588.3400002,-0.37,"0.6 km SSW from Mt Rainier, WA",2025-07-16T07:39:48.340Z,3337648,1752651588.3400002
62144157,UW,eq,0.62,46.853833333333334,-121.75516666666667,1752651617.4400005,0.66,"0.4 km E from Mt Rainier, WA",2025-07-16T07:40:17.440Z,3337653,1752651617.4400005
62144177,UW,eq,0.33,46.847833333333334,-121.76833333333333,1752652634.7699995,0.05,"0.9 km WSW from Mt Rainier, WA",2025-07-16T07:57:14.770Z,3337658,1752652634.7699995
62144187,UW,eq,0.59,46.8475,-121.76633333333334,1752655608.4799995,0.67,"0.8 km SW from Mt Rainier, WA",2025-07-16T08:46:48.480Z,3337668,1752655608.4799995
62144192,UW,eq,0.23,46.845166666666664,-121.77066666666667,1752657516.869999,-0.11,"1.2 km SW from Mt Rainier, WA",2025-07-16T09:18:36.869Z,3337673,1752657516.869999
62144197,UW,eq,0.22,46.84766666666667,-121.771,1752662229.83,0.17,"1 km WSW from Mt Rainier, WA",2025-07-16T10:37:09.830Z,3337178,1752662229.83
62144212,UW,eq,0.3,46.8615,-121.758,1752665236.5299988,-0.23,"0.9 km NNE from Mt Rainier, WA",2025-07-16T11:27:16.529Z,3337188,1752665236.5299988
62144217,UW,eq,0.4,46.86233333333333,-121.7585,1752665550.9699993,-0.24,"1 km NNE from Mt Rainier, WA",2025-07-16T11:32:30.969Z,3336703,1752665550.9699993
62144222,UW,eq,0.58,46.85966666666667,-121.75816666666667,1752666216.1599998,-0.15,"0.7 km NNE from Mt Rainier, WA",2025-07-16T11:43:36.160Z,3336763,1752666216.1599998
62144227,UW,eq,0.34,46.8605,-121.75683333333333,1752666244.4699998,-0.4,"0.8 km NNE from Mt Rainier, WA",2025-07-16T11:44:04.470Z,3337333,1752666244.4699998
62144232,UW,eq,-0.19,46.862,-121.75933333333333,1752666254.3599997,-0.99,"1 km NNE from Mt Rainier, WA",2025-07-16T11:44:14.360Z,3337833,1752666254.3599997
62144237,UW,eq,0.53,46.846,-121.7675,1752666534.1899986,0.57,"1 km SW from Mt Rainier, WA",2025-07-16T11:48:54.189Z,3339203,1752666534.1899986
62144242,UW,eq,0.3,46.861,-121.75916666666667,1752666709.3600006,-0.49,"0.9 km NNE from Mt Rainier, WA",2025-07-16T11:51:49.360Z,3337348,1752666709.3600006
62144247,UW,eq,0.55,46.845333333333336,-121.76766666666667,1752667098.9300003,0.92,"1.1 km SW from Mt Rainier, WA",2025-07-16T11:58:18.930Z,3337718,1752667098.9300003
62144252,UW,eq,0.32,46.846833333333336,-121.76616666666666,1752667353.2599983,0.36,"0.9 km SW from Mt Rainier, WA",2025-07-16T12:02:33.259Z,3339213,1752667353.2599983
62144257,UW,eq,1.64,46.859833333333334,-121.75816666666667,1752668616.6599998,0.17,"0.7 km NNE from Mt Rainier, WA",2025-07-16T12:23:36.660Z,3336683,1752668616.6599998
62144262,UW,eq,0.37,46.858,-121.75866666666667,1752669116,-0.38,"0.5 km NNE from Mt Rainier, WA",2025-07-16T12:31:56.000Z,3339218,1752669116
62144267,UW,eq,0.68,46.86,-121.75866666666667,1752669130.13,-0.48,"0.8 km NNE from Mt Rainier, WA",2025-07-16T12:32:10.130Z,3337343,1752669130.13
62144277,UW,eq,0.39,46.861666666666665,-121.75666666666666,1752669610.1499996,-0.44,"1 km NNE from Mt Rainier, WA",2025-07-16T12:40:10.150Z,3337723,1752669610.1499996
61504658,UW,eq,0.18,46.852,-121.75783333333334,1752669630.83,0.3,"0.2 km SE from Mt Rainier, WA",2025-07-16T12:40:30.830Z,3337728,1752669630.83
62144272,UW,eq,0.82,46.846333333333334,-121.7595,1752669723.34,-0.34,"0.8 km S from Mt Rainier, WA",2025-07-16T12:42:03.340Z,3338553,1752669723.34
62144282,UW,eq,0.75,46.860166666666665,-121.75833333333334,1752669979.7700005,-0.22,"0.8 km NNE from Mt Rainier, WA",2025-07-16T12:46:19.770Z,3337483,1752669979.7700005
62144287,UW,eq,0.26,46.859,-121.7595,1752670021.37,-0.64,"0.6 km NNE from Mt Rainier, WA",2025-07-16T12:47:01.370Z,3342543,1752670021.37
62144292,UW,eq,0.39,46.85883333333334,-121.75816666666667,1752670037.9099998,-0.43,"0.6 km NNE from Mt Rainier, WA",2025-07-16T12:47:17.910Z,3342838,1752670037.9099998
62144297,UW,eq,0.43,46.8625,-121.75683333333333,1752670290.2699986,-0.43,"1.1 km NNE from Mt Rainier, WA",2025-07-16T12:51:30.269Z,3337743,1752670290.2699986
61504663,UW,eq,0.07,46.86083333333333,-121.75866666666667,1752670306.4799995,-0.26,"0.8 km NNE from Mt Rainier, WA",2025-07-16T12:51:46.480Z,3337748,1752670306.4799995
62144302,UW,eq,0.19,46.849,-121.769,1752670337.4799995,0.46,"0.8 km WSW from Mt Rainier, WA",2025-07-16T12:52:17.480Z,3337768,1752670337.4799995
62144312,UW,eq,0.64,46.85033333333333,-121.767,1752671659.9899998,0.86,"0.6 km WSW from Mt Rainier, WA",2025-07-16T13:14:19.990Z,3339403,1752671659.9899998
62144322,UW,eq,0.4,46.8605,-121.75633333333333,1752672651.4699974,-0.12,"0.8 km NNE from Mt Rainier, WA",2025-07-16T13:30:51.469Z,3337583,1752672651.4699974
62144332,UW,eq,0.62,46.85933333333333,-121.7575,1752675385.7399998,-0.24,"0.7 km NNE from Mt Rainier, WA",2025-07-16T14:16:25.740Z,3336913,1752675385.7399998
62144337,UW,eq,0.77,46.84733333333333,-121.7675,1752675870.08,0.65,"0.9 km SW from Mt Rainier, WA",2025-07-16T14:24:30.080Z,3337778,1752675870.08
62144342,UW,eq,0.5,46.84916666666667,-121.75966666666666,1752675941.1899986,-0.34,"0.5 km S from Mt Rainier, WA",2025-07-16T14:25:41.189Z,3337783,1752675941.1899986
62144357,UW,eq,0.19,46.85516666666667,-121.76333333333334,1752676709.2999992,-0.15,"0.3 km NW from Mt Rainier, WA",2025-07-16T14:38:29.299Z,3343213,1752676709.2999992
62144362,UW,eq,0.99,46.859833333333334,-121.758,1752676753.1099997,-0.13,"0.7 km NNE from Mt Rainier, WA",2025-07-16T14:39:13.110Z,3336753,1752676753.1099997
62144372,UW,eq,0.33,46.846666666666664,-121.76866666666666,1752677358.9399986,-0.48,"1 km SW from Mt Rainier, WA",2025-07-16T14:49:18.939Z,3337798,1752677358.9399986
62144377,UW,eq,0.47,46.846666666666664,-121.76816666666667,1752677702.1399999,0.28,"1 km SW from Mt Rainier, WA",2025-07-16T14:55:02.140Z,3342788,1752677702.1399999
62144397,UW,eq,0.18,46.846,-121.769,1752678562.709999,0.91,"1.1 km SW from Mt Rainier, WA",2025-07-16T15:09:22.709Z,3337888,1752678562.709999
62144427,UW,eq,0.95,46.849833333333336,-121.75716666666666,1752680955.5999994,0.36,"0.4 km SSE from Mt Rainier, WA",2025-07-16T15:49:15.599Z,3336748,1752680955.5999994
62144452,UW,eq,0.84,46.849833333333336,-121.76,1752683942.95,-0.55,"0.4 km S from Mt Rainier, WA",2025-07-16T16:39:02.950Z,3337973,1752683942.95
62144477,UW,eq,0.39,46.8475,-121.76916666666666,1752686892.1599998,0.55,"1 km WSW from Mt Rainier, WA",2025-07-16T17:28:12.160Z,3339243,1752686892.1599998
62144482,UW,eq,0.64,46.861666666666665,-121.7565,1752687189.9899998,-0.43,"1 km NNE from Mt Rainier, WA",2025-07-16T17:33:09.990Z,3336928,1752687189.9899998
62144497,UW,eq,0.71,46.84733333333333,-121.76933333333334,1752687898.8099976,0.17,"1 km WSW from Mt Rainier, WA",2025-07-16T17:44:58.809Z,3339248,1752687898.8099976
62144512,UW,eq,0.77,46.849833333333336,-121.76033333333334,1752688977.0699997,-0.34,"0.4 km SSW from Mt Rainier, WA",2025-07-16T18:02:57.070Z,3337193,1752688977.0699997
62144522,UW,eq,0.85,46.851333333333336,-121.7545,1752690499.789999,0.51,"0.5 km SE from Mt Rainier, WA",2025-07-16T18:28:19.789Z,3336943,1752690499.789999
62144562,UW,eq,0.57,46.85633333333333,-121.7505,1752693528.1899986,-1.41,"0.8 km ENE from Mt Rainier, WA",2025-07-16T19:18:48.189Z,3338018,1752693528.1899986
62144592,UW,eq,0.72,46.848,-121.76833333333333,1752696311.4299994,0.26,"0.9 km WSW from Mt Rainier, WA",2025-07-16T20:05:11.429Z,3339258,1752696311.4299994
62144602,UW,eq,1.87,46.850833333333334,-121.769,1752697402.4099998,0.59,"0.7 km W from Mt Rainier, WA",2025-07-16T20:23:22.410Z,3336918,1752697402.4099998
62144607,UW,eq,0.26,46.852833333333336,-121.77066666666667,1752697549.8099976,0.38,"0.8 km W from Mt Rainier, WA",2025-07-16T20:25:49.809Z,3338038,1752697549.8099976
62144622,UW,eq,0.84,46.854166666666664,-121.75633333333333,1752702827.4099998,0.8,"0.3 km E from Mt Rainier, WA",2025-07-16T21:53:47.410Z,3338063,1752702827.4099998
62144627,UW,eq,0.65,46.847166666666666,-121.77066666666667,1752704910.9699993,-0.05,"1.1 km WSW from Mt Rainier, WA",2025-07-16T22:28:30.969Z,3337363,1752704910.9699993
62144652,UW,eq,0.48,46.852,-121.76033333333334,1752713924.1299973,-0.9,"0.1 km SSW from Mt Rainier, WA",2025-07-17T00:58:44.129Z,3339278,1752713924.1299973
62144662,UW,eq,0.52,46.8585,-121.77266666666667,1752715189.1800003,-0.18,"1.1 km NW from Mt Rainier, WA",2025-07-17T01:19:49.180Z,3339478,1752715189.1800003
62144667,UW,eq,0.35,46.847,-121.77,1752716556.119999,-0.44,"1 km WSW from Mt Rainier, WA",2025-07-17T01:42:36.119Z,3337308,1752716556.119999
62144672,UW,eq,0.96,46.8715,-121.7485,1752716942.34,-2.4,"2.2 km NE from Mt Rainier, WA",2025-07-17T01:49:02.340Z,3337228,1752716942.34
62144687,UW,eq,0.16,46.86066666666667,-121.76,1752720014.9499998,-0.51,"0.8 km N from Mt Rainier, WA",2025-07-17T02:40:14.950Z,3337303,1752720014.9499998
62144702,UW,eq,0.47,46.86933333333333,-121.7575,1752721976.6399994,-2.7,"1.8 km NNE from Mt Rainier, WA",2025-07-17T03:12:56.639Z,3337323,1752721976.6399994
62144717,UW,eq,0.54,46.84916666666667,-121.76116666666667,1752723534.199997,-2.11,"0.5 km SSW from Mt Rainier, WA",2025-07-17T03:38:54.199Z,3337338,1752723534.199997
62144727,UW,eq,0.6,46.8565,-121.7585,1752726318.08,0.01,"0.4 km NNE from Mt Rainier, WA",2025-07-17T04:25:18.080Z,3337298,1752726318.08
62144732,UW,eq,1.7,46.86933333333333,-121.751,1752726852.25,-2.74,"1.9 km NNE from Mt Rainier, WA",2025-07-17T04:34:12.250Z,3337278,1752726852.25
62144757,UW,eq,0.25,46.8515,-121.77066666666667,1752730218.119999,-0.42,"0.8 km W from Mt Rainier, WA",2025-07-17T05:30:18.119Z,3341943,1752730218.119999
62144767,UW,eq,1.15,46.8515,-121.75883333333333,1752731527.62,-1.98,"0.2 km SSE from Mt Rainier, WA",2025-07-17T05:52:07.620Z,3337353,1752731527.62
62144772,UW,eq,0.27,46.8585,-121.7585,1752733728.9899979,-0.12,"0.6 km NNE from Mt Rainier, WA",2025-07-17T06:28:48.989Z,3337643,1752733728.9899979
62144777,UW,eq,0.94,46.848166666666664,-121.7695,1752734359.58,-0.91,"0.9 km WSW from Mt Rainier, WA",2025-07-17T06:39:19.580Z,3337558,1752734359.58
62144787,UW,eq,0.33,46.846333333333334,-121.76683333333334,1752738702.2599983,0.64,"0.9 km SW from Mt Rainier, WA",2025-07-17T07:51:42.259Z,3341948,1752738702.2599983
62144817,UW,eq,0.19,46.851,-121.76183333333333,1752747800.5200005,0.11,"0.3 km SW from Mt Rainier, WA",2025-07-17T10:23:20.520Z,3341953,1752747800.5200005
62144822,UW,eq,0.53,46.849,-121.75833333333334,1752748072.5099983,0.47,"0.5 km S from Mt Rainier, WA",2025-07-17T10:27:52.509Z,3338558,1752748072.5099983
62144832,UW,eq,1.1,46.84733333333333,-121.767,1752749263.7399979,0.56,"0.9 km SW from Mt Rainier, WA",2025-07-17T10:47:43.739Z,3337393,1752749263.7399979
62144842,UW,eq,0.9,46.84866666666667,-121.7585,1752755192.829998,0.25,"0.5 km S from Mt Rainier, WA",2025-07-17T12:26:32.829Z,3337403,1752755192.829998
62144852,UW,eq,0.4,46.8515,-121.75616666666667,1752757959.3199997,0.42,"0.4 km SE from Mt Rainier, WA",2025-07-17T13:12:39.320Z,3337418,1752757959.3199997
62144857,UW,eq,0.03,46.8535,-121.76883333333333,1752758008.9499989,0.13,"0.7 km WNW from Mt Rainier, WA",2025-07-17T13:13:28.949Z,3342993,1752758008.9499989
62144902,UW,eq,0.36,46.846168518066406,-121.76866912841797,1752763602.540001,0.43,"1 km SW from Mt Rainier, WA",2025-07-17T14:46:42.540Z,2080302,1752763602.540001
62144942,UW,eq,0.65,46.85,-121.75816666666667,1752771762.7700005,-0.89,"0.4 km S from Mt Rainier, WA",2025-07-17T17:02:42.770Z,3342953,1752771762.7700005
62144952,UW,eq,0.49,46.85016666666667,-121.75666666666666,1752772498.7299995,0.31,"0.4 km SSE from Mt Rainier, WA",2025-07-17T17:14:58.730Z,3342923,1752772498.7299995
62144957,UW,eq,0.85,46.846,-121.7675,1752773569.9199982,0.62,"1 km SW from Mt Rainier, WA",2025-07-17T17:32:49.919Z,3339488,1752773569.9199982
62144962,UW,eq,0.29,46.8515,-121.77016666666667,1752773756.7299995,1.33,"0.8 km W from Mt Rainier, WA",2025-07-17T17:35:56.730Z,3337733,1752773756.7299995
62145007,UW,eq,0.58,46.851166666666664,-121.76016666666666,1752776868.4699974,-0.31,"0.2 km SSW from Mt Rainier, WA",2025-07-17T18:27:48.469Z,3342873,1752776868.4699974
62145102,UW,eq,0.42,46.84916666666667,-121.76716666666667,1752786700.1899986,0.12,"0.7 km WSW from Mt Rainier, WA",2025-07-17T21:11:40.189Z,3339728,1752786700.1899986
62145137,UW,eq,0.74,46.846666666666664,-121.76933333333334,1752790833.25,-0.04,"1 km SW from Mt Rainier, WA",2025-07-17T22:20:33.250Z,3339358,1752790833.25
62145192,UW,eq,0.43,46.845333333333336,-121.77033333333333,1752800004.9899998,0.53,"1.2 km SW from Mt Rainier, WA",2025-07-18T00:53:24.990Z,3337763,1752800004.9899998
62145207,UW,eq,0.09,46.853833333333334,-121.76883333333333,1752801487.04,0.38,"0.7 km WNW from Mt Rainier, WA",2025-07-18T01:18:07.040Z,3337758,1752801487.04
62145212,UW,eq,0.51,46.84883333333333,-121.76016666666666,1752802321.1,-0.22,"0.5 km SSW from Mt Rainier, WA",2025-07-18T01:32:01.100Z,3342908,1752802321.1
62145242,UW,eq,0.53,46.851333333333336,-121.77116666666667,1752814965.0599976,-0.29,"0.9 km W from Mt Rainier, WA",2025-07-18T05:02:45.059Z,3342823,1752814965.0599976
62145247,UW,eq,0.38,46.8445,-121.797,1752816886.0900002,-2.11,"3 km W from Mt Rainier, WA",2025-07-18T05:34:46.090Z,3343548,1752816886.0900002
62145252,UW,eq,0.59,46.84916666666667,-121.76316666666666,1752818556.1399994,-0.22,"0.5 km SW from Mt Rainier, WA",2025-07-18T06:02:36.139Z,3337863,1752818556.1399994
62145257,UW,eq,0.26,46.84766666666667,-121.76883333333333,1752820578.1499996,-0.22,"0.9 km WSW from Mt Rainier, WA",2025-07-18T06:36:18.150Z,3340048,1752820578.1499996
62145262,UW,eq,0.64,46.846833333333336,-121.77166666666666,1752821853.5599976,-0.36,"1.1 km WSW from Mt Rainier, WA",2025-07-18T06:57:33.559Z,3342803,1752821853.5599976
62145267,UW,eq,0.29,46.849,-121.76016666666666,1752822838.6299973,-0.56,"0.5 km SSW from Mt Rainier, WA",2025-07-18T07:13:58.629Z,3337873,1752822838.6299973
62145292,UW,eq,0.58,46.846666666666664,-121.7665,1752829853.7599983,0.55,"0.9 km SW from Mt Rainier, WA",2025-07-18T09:10:53.759Z,3338768,1752829853.7599983
62145312,UW,eq,0.77,46.86983333333333,-121.757,1752832543.7199974,-2.62,"1.9 km NNE from Mt Rainier, WA",2025-07-18T09:55:43.719Z,3337813,1752832543.7199974
62145317,UW,eq,-0.38,46.852666666666664,-121.75883333333333,1752834436.2199993,0.57,"0.1 km SE from Mt Rainier, WA",2025-07-18T10:27:16.219Z,3343568,1752834436.2199993
62145322,UW,eq,1.28,46.845666666666666,-121.7665,1752838058.9399986,0.96,"1 km SW from Mt Rainier, WA",2025-07-18T11:27:38.939Z,3337803,1752838058.9399986
62145327,UW,eq,1,46.845666666666666,-121.76733333333334,1752838596.1499977,0.89,"1 km SW from Mt Rainier, WA",2025-07-18T11:36:36.149Z,3338788,1752838596.1499977
62145372,UW,eq,0.42,46.851166666666664,-121.76816666666667,1752847495.949997,0.53,"0.7 km W from Mt Rainier, WA",2025-07-18T14:04:55.949Z,3342858,1752847495.949997
62145382,UW,eq,0.53,46.849333333333334,-121.75716666666666,1752847680.92,0.25,"0.5 km SSE from Mt Rainier, WA",2025-07-18T14:08:00.920Z,3337868,1752847680.92
61504668,UW,eq,0.4,46.851166666666664,-121.7585,1752847804.0699997,0.39,"0.3 km SSE from Mt Rainier, WA",2025-07-18T14:10:04.070Z,3337823,1752847804.0699997
62145427,UW,eq,0.17,46.8505,-121.76033333333334,1752849741.7700005,-0.26,"0.3 km SSW from Mt Rainier, WA",2025-07-18T14:42:21.770Z,3342933,1752849741.7700005
62145442,UW,eq,1.03,46.850833333333334,-121.763,1752850988.4499998,0.22,"0.4 km SW from Mt Rainier, WA",2025-07-18T15:03:08.450Z,3337808,1752850988.4499998
62145447,UW,eq,0.42,46.850833333333334,-121.7615,1752851669.1499996,0.26,"0.3 km SW from Mt Rainier, WA",2025-07-18T15:14:29.150Z,3342898,1752851669.1499996
62145472,UW,eq,0.35,46.844,-121.771,1752854863.0599976,-0.16,"1.3 km SW from Mt Rainier, WA",2025-07-18T16:07:43.059Z,3342863,1752854863.0599976
62145507,UW,eq,0.68,46.84616666666667,-121.7695,1752859339.869999,0.49,"1.1 km SW from Mt Rainier, WA",2025-07-18T17:22:19.869Z,3343808,1752859339.869999
62145512,UW,eq,0.54,46.8465,-121.7675,1752859388.63,0.65,"0.9 km SW from Mt Rainier, WA",2025-07-18T17:23:08.630Z,3339418,1752859388.63
62145667,UW,eq,0.63,46.84883333333333,-121.7625,1752870312.5599995,-2.09,"0.5 km SSW from Mt Rainier, WA",2025-07-18T20:25:12.560Z,3338023,1752870312.5599995
62145712,UW,eq,0.73,46.849833333333336,-121.76733333333334,1752873134.7799997,0.95,"0.7 km WSW from Mt Rainier, WA",2025-07-18T21:12:14.780Z,3338563,1752873134.7799997
62145832,UW,eq,0.07,46.8525,-121.76966666666667,1752877826.3599987,1.01,"0.7 km W from Mt Rainier, WA",2025-07-18T22:30:26.359Z,3338133,1752877826.3599987
62145982,UW,eq,0.6,46.843,-121.77183333333333,1752882191.5900002,-0.71,"1.5 km SW from Mt Rainier, WA",2025-07-18T23:43:11.590Z,3345368,1752882191.5900002
62146017,UW,eq,0.41,46.85816666666667,-121.7565,1752883519.92,-2.11,"0.6 km NE from Mt Rainier, WA",2025-07-19T00:05:19.920Z,3338138,1752883519.92
62146137,UW,eq,0.43,46.8515,-121.7695,1752892208.1999998,0.62,"0.8 km W from Mt Rainier, WA",2025-07-19T02:30:08.200Z,3338183,1752892208.1999998
62146142,UW,eq,0.21,46.8475,-121.7695,1752893357.7700005,0.19,"1 km WSW from Mt Rainier, WA",2025-07-19T02:49:17.770Z,3338143,1752893357.7700005
62146182,UW,eq,0.22,46.847833333333334,-121.77033333333333,1752896091.1899986,-0.31,"1 km WSW from Mt Rainier, WA",2025-07-19T03:34:51.189Z,3338188,1752896091.1899986
62146202,UW,eq,0.86,46.85433333333334,-121.75716666666666,1752899402.6399999,-0.07,"0.2 km ENE from Mt Rainier, WA",2025-07-19T04:30:02.640Z,3338128,1752899402.6399999
62146207,UW,eq,0.45,46.849,-121.76266666666666,1752900217.2700005,-0.81,"0.5 km SW from Mt Rainier, WA",2025-07-19T04:43:37.270Z,3338148,1752900217.2700005
62146282,UW,eq,0.47,46.865833333333335,-121.758,1752914894.96,-1.08,"1.4 km NNE from Mt Rainier, WA",2025-07-19T08:48:14.960Z,3338193,1752914894.96
62146307,UW,eq,0.54,46.849833333333336,-121.76083333333334,1752919160.0699997,-0.63,"0.4 km SSW from Mt Rainier, WA",2025-07-19T09:59:20.070Z,3338198,1752919160.0699997
62146407,UW,eq,0.53,46.849,-121.75866666666667,1752940189.5999985,0.25,"0.5 km S from Mt Rainier, WA",2025-07-19T15:49:49.599Z,3338158,1752940189.5999985
62146497,UW,eq,1.54,46.845333333333336,-121.76916666666666,1752945921.119999,-0.29,"1.1 km SW from Mt Rainier, WA",2025-07-19T17:25:21.119Z,3338163,1752945921.119999
62146507,UW,eq,1.48,46.845333333333336,-121.77016666666667,1752945989.2199993,-0.17,"1.2 km SW from Mt Rainier, WA",2025-07-19T17:26:29.219Z,3338168,1752945989.2199993
62146512,UW,eq,0.94,46.84733333333333,-121.77016666666667,1752946247.789997,-0.59,"1 km WSW from Mt Rainier, WA",2025-07-19T17:30:47.789Z,3338178,1752946247.789997
62146572,UW,eq,1.93,46.85,-121.757,1752949501.1100001,0.42,"0.4 km SSE from Mt Rainier, WA",2025-07-19T18:25:01.110Z,3338213,1752949501.1100001
62146737,UW,eq,0.96,46.853,-121.76816666666667,1752954388.289999,0.24,"0.6 km W from Mt Rainier, WA",2025-07-19T19:46:28.289Z,3338208,1752954388.289999
62146937,UW,eq,-0.51,46.849333333333334,-121.768,1752963598.1299973,0.71,"0.8 km WSW from Mt Rainier, WA",2025-07-19T22:19:58.129Z,3342998,1752963598.1299973
62146942,UW,eq,0.48,46.848166666666664,-121.769,1752963688.6800003,0.51,"0.9 km WSW from Mt Rainier, WA",2025-07-19T22:21:28.680Z,3339718,1752963688.6800003
62147082,UW,eq,0.67,46.85016666666667,-121.75766666666667,1752972667.7999997,-0.2,"0.4 km SSE from Mt Rainier, WA",2025-07-20T00:51:07.800Z,3338523,1752972667.7999997
62147212,UW,eq,0.32,46.85816666666667,-121.75133333333333,1752986572.3799973,-0.87,"0.9 km ENE from Mt Rainier, WA",2025-07-20T04:42:52.379Z,3338238,1752986572.3799973
62147292,UW,eq,0.39,46.8495,-121.75783333333334,1753006786.8199997,0.01,"0.5 km S from Mt Rainier, WA",2025-07-20T10:19:46.820Z,3338273,1753006786.8199997
62147297,UW,eq,1.07,46.850833333333334,-121.767,1753012572.7299995,0.71,"0.6 km WSW from Mt Rainier, WA",2025-07-20T11:56:12.730Z,3338268,1753012572.7299995
62147312,UW,eq,0.41,46.855,-121.75333333333333,1753015157.7399998,0.11,"0.5 km E from Mt Rainier, WA",2025-07-20T12:39:17.740Z,3338313,1753015157.7399998
62147327,UW,eq,-0.05,46.848,-121.76916666666666,1753017976.9699993,1.13,"0.9 km WSW from Mt Rainier, WA",2025-07-20T13:26:16.969Z,3338328,1753017976.9699993
62147342,UW,eq,0.17,46.85216666666667,-121.75916666666667,1753020924.5199986,0.21,"0.1 km SSE from Mt Rainier, WA",2025-07-20T14:15:24.519Z,3338348,1753020924.5199986
62147352,UW,eq,0.45,46.853,-121.7565,1753021816.709999,1.17,"0.3 km ESE from Mt Rainier, WA",2025-07-20T14:30:16.709Z,3338318,1753021816.709999
62147372,UW,eq,0.86,46.85,-121.7675,1753024337.8099995,0.98,"0.7 km WSW from Mt Rainier, WA",2025-07-20T15:12:17.810Z,3338568,1753024337.8099995
62147397,UW,eq,0.3,46.84916666666667,-121.76016666666666,1753028931.2599983,0.64,"0.5 km SSW from Mt Rainier, WA",2025-07-20T16:28:51.259Z,3338303,1753028931.2599983
62147462,UW,eq,0.24,46.852666666666664,-121.756,1753039444.6100001,0.54,"0.3 km ESE from Mt Rainier, WA",2025-07-20T19:24:04.610Z,3338383,1753039444.6100001
62147467,UW,eq,0.35,46.85066666666667,-121.7595,1753040024.7399979,0.12,"0.3 km S from Mt Rainier, WA",2025-07-20T19:33:44.739Z,3342938,1753040024.7399979
62147502,UW,eq,0.23,46.847833333333334,-121.7705,1753044695.2599983,1.14,"1 km WSW from Mt Rainier, WA",2025-07-20T20:51:35.259Z,3340333,1753044695.2599983
62147507,UW,eq,0.1,46.84866666666667,-121.76066666666667,1753045181.7299995,0.85,"0.5 km SSW from Mt Rainier, WA",2025-07-20T20:59:41.730Z,3338408,1753045181.7299995
62147532,UW,eq,0.93,46.851,-121.76733333333334,1753048443.4499998,0.41,"0.6 km WSW from Mt Rainier, WA",2025-07-20T21:54:03.450Z,3340338,1753048443.4499998
62147567,UW,eq,0.89,46.850833333333334,-121.76733333333334,1753052677.619999,1.19,"0.6 km WSW from Mt Rainier, WA",2025-07-20T23:04:37.619Z,3338573,1753052677.619999
62147572,UW,eq,0.3,46.851333333333336,-121.76666666666667,1753057140.46,1.58,"0.6 km WSW from Mt Rainier, WA",2025-07-21T00:19:00.460Z,3340343,1753057140.46
62147602,UW,eq,0.06,46.852333333333334,-121.76,1753066974.0699997,0.41,"0.1 km S from Mt Rainier, WA",2025-07-21T03:02:54.070Z,3338373,1753066974.0699997
62147617,UW,eq,-0.12,46.84883333333333,-121.77116666666667,1753073998.7599983,0.68,"1 km WSW from Mt Rainier, WA",2025-07-21T04:59:58.759Z,3342958,1753073998.7599983
62147662,UW,eq,0.25,46.85633333333333,-121.76116666666667,1753085682.6499977,1.1,"0.3 km from Mt Rainier, WA",2025-07-21T08:14:42.649Z,3338673,1753085682.6499977
62147667,UW,eq,0.76,46.857,-121.76183333333333,1753085695.5,1.08,"0.4 km from Mt Rainier, WA",2025-07-21T08:14:55.500Z,3338453,1753085695.5
62147672,UW,eq,0.01,46.85933333333333,-121.75933333333333,1753085746.4799995,1.31,"0.7 km NNE from Mt Rainier, WA",2025-07-21T08:15:46.480Z,3338538,1753085746.4799995
62147707,UW,eq,2.19,46.8705,-121.76033333333334,1753095403.6699982,-1.87,"1.9 km N from Mt Rainier, WA",2025-07-21T10:56:43.669Z,3338438,1753095403.6699982
62147712,UW,eq,1.16,46.86866666666667,-121.76133333333334,1753095639.3799973,-2.09,"1.7 km N from Mt Rainier, WA",2025-07-21T11:00:39.379Z,3338433,1753095639.3799973
62147717,UW,eq,1.17,46.8675,-121.758,1753095837.4099998,-0.2,"1.6 km NNE from Mt Rainier, WA",2025-07-21T11:03:57.410Z,3338448,1753095837.4099998
62147742,UW,eq,0.37,46.85333333333333,-121.7575,1753100358.58,0.65,"0.2 km E from Mt Rainier, WA",2025-07-21T12:19:18.580Z,3338483,1753100358.58
62147772,UW,eq,0.1,46.851,-121.76916666666666,1753103108.7699995,0.74,"0.7 km W from Mt Rainier, WA",2025-07-21T13:05:08.770Z,3338458,1753103108.7699995
62147812,UW,eq,0.25,46.85,-121.7585,1753107583.540001,-0.31,"0.4 km S from Mt Rainier, WA",2025-07-21T14:19:43.540Z,3338493,1753107583.540001
62147842,UW,eq,0.3,46.8455,-121.75116666666666,1753111278.0900002,-1.96,"1.1 km SSE from Mt Rainier, WA",2025-07-21T15:21:18.090Z,3338463,1753111278.0900002
62147902,UW,eq,0.19,46.849333333333334,-121.76716666666667,1753116031.7799988,1,"0.7 km WSW from Mt Rainier, WA",2025-07-21T16:40:31.779Z,3342883,1753116031.7799988
62156071,UW,eq,0.4,46.852333333333334,-121.7595,1753120267.6299996,0.72,"0.1 km S from Mt Rainier, WA",2025-07-21T17:51:07.630Z,3338498,1753120267.6299996
62156376,UW,eq,0.38,46.8505,-121.7595,1753148567.4399986,0.1,"0.3 km S from Mt Rainier, WA",2025-07-22T01:42:47.439Z,3342903,1753148567.4399986
62156401,UW,eq,0.53,46.853833333333334,-121.75483333333334,1753152770.9899979,0.39,"0.4 km E from Mt Rainier, WA",2025-07-22T02:52:50.989Z,3338988,1753152770.9899979
62156406,UW,eq,0.45,46.85466666666667,-121.75466666666667,1753153067.3999977,0.41,"0.4 km E from Mt Rainier, WA",2025-07-22T02:57:47.399Z,3340043,1753153067.3999977
62156411,UW,eq,0.29,46.858666666666664,-121.75533333333334,1753154085.6299973,0.13,"0.7 km NE from Mt Rainier, WA",2025-07-22T03:14:45.629Z,3340428,1753154085.6299973
62156451,UW,eq,0.66,46.848333333333336,-121.75933333333333,1753179112.7399979,0.15,"0.6 km S from Mt Rainier, WA",2025-07-22T10:11:52.739Z,3338913,1753179112.7399979
62156461,UW,eq,0.15,46.849833333333336,-121.75883333333333,1753184005.1399994,0.18,"0.4 km S from Mt Rainier, WA",2025-07-22T11:33:25.139Z,3346808,1753184005.1399994
62156476,UW,eq,0.14,46.85333333333333,-121.75583333333333,1753186880.8899994,0.69,"0.3 km E from Mt Rainier, WA",2025-07-22T12:21:20.889Z,3339193,1753186880.8899994
62156551,UW,eq,0.81,46.851166666666664,-121.75666666666666,1753192188.7000008,0.63,"0.3 km SE from Mt Rainier, WA",2025-07-22T13:49:48.700Z,3338983,1753192188.7000008
62156556,UW,eq,0.61,46.84883333333333,-121.75683333333333,1753192468.5999985,1.15,"0.6 km SSE from Mt Rainier, WA",2025-07-22T13:54:28.599Z,3338818,1753192468.5999985
62156581,UW,eq,0.14,46.851166666666664,-121.75933333333333,1753195762.9499989,0.46,"0.2 km S from Mt Rainier, WA",2025-07-22T14:49:22.949Z,3346853,1753195762.9499989
62156621,UW,eq,0.53,46.8525,-121.75566666666667,1753199720.5100002,0.82,"0.3 km ESE from Mt Rainier, WA",2025-07-22T15:55:20.510Z,3338918,1753199720.5100002
62156641,UW,eq,0.64,46.85366666666667,-121.75383333333333,1753201616.3499985,0.99,"0.5 km E from Mt Rainier, WA",2025-07-22T16:26:56.349Z,3338968,1753201616.3499985
62156721,UW,eq,0.27,46.85016666666667,-121.75983333333333,1753207836.2000008,0.01,"0.3 km S from Mt Rainier, WA",2025-07-22T18:10:36.200Z,3338903,1753207836.2000008
62156746,UW,eq,0.25,46.870666666666665,-121.748,1753210699.67,-0.32,"2.1 km NE from Mt Rainier, WA",2025-07-22T18:58:19.670Z,3338928,1753210699.67
62156771,UW,eq,0.1,46.8505,-121.7625,1753212573.3499985,0.05,"0.4 km SW from Mt Rainier, WA",2025-07-22T19:29:33.349Z,3340993,1753212573.3499985
62156821,UW,eq,0.44,46.852333333333334,-121.7475,1753216346.3099995,-0.11,"1 km ESE from Mt Rainier, WA",2025-07-22T20:32:26.310Z,3338998,1753216346.3099995
62156911,UW,eq,0.73,46.852333333333334,-121.75616666666667,1753223986.369999,0.71,"0.3 km ESE from Mt Rainier, WA",2025-07-22T22:39:46.369Z,3339713,1753223986.369999
62156916,UW,eq,0.27,46.85033333333333,-121.7615,1753224090.7199993,-0.51,"0.3 km SSW from Mt Rainier, WA",2025-07-22T22:41:30.719Z,3347018,1753224090.7199993
62156986,UW,eq,1.26,46.85466666666667,-121.75933333333333,1753239569.209999,1.05,"0.2 km NNE from Mt Rainier, WA",2025-07-23T02:59:29.209Z,3339158,1753239569.209999
62148877,UW,eq,0.17,46.8505,-121.7615,1753250389.0999985,-0.61,"0.3 km SSW from Mt Rainier, WA",2025-07-23T05:59:49.099Z,3339503,1753250389.0999985
62148967,UW,eq,0.62,46.85066666666667,-121.76133333333334,1753273351.42,-0.01,"0.3 km SSW from Mt Rainier, WA",2025-07-23T12:22:31.420Z,3339268,1753273351.42
62149007,UW,eq,0.23,46.8435,-121.769,1753278704.8999977,0.32,"1.3 km SW from Mt Rainier, WA",2025-07-23T13:51:44.899Z,3339283,1753278704.8999977
62149187,UW,eq,0.1,46.851166666666664,-121.76766666666667,1753290788.2299995,1.12,"0.6 km W from Mt Rainier, WA",2025-07-23T17:13:08.230Z,3339343,1753290788.2299995
62149242,UW,eq,0.16,46.85216666666667,-121.76733333333334,1753296353.3899994,0.81,"0.6 km W from Mt Rainier, WA",2025-07-23T18:45:53.389Z,3339533,1753296353.3899994
62149247,UW,eq,0.39,46.851333333333336,-121.76766666666667,1753296397.290001,0.52,"0.6 km W from Mt Rainier, WA",2025-07-23T18:46:37.290Z,3339538,1753296397.290001
62149267,UW,eq,0.18,46.8515,-121.76483333333333,1753297537.7799988,0.41,"0.4 km WSW from Mt Rainier, WA",2025-07-23T19:05:37.779Z,3339583,1753297537.7799988
62149312,UW,eq,0.25,46.84916666666667,-121.76466666666667,1753299701.9500008,-0.32,"0.6 km SW from Mt Rainier, WA",2025-07-23T19:41:41.950Z,3339588,1753299701.9500008
62149392,UW,eq,0.4,46.8505,-121.75883333333333,1753305405.7000008,0.15,"0.3 km S from Mt Rainier, WA",2025-07-23T21:16:45.700Z,3339813,1753305405.7000008
62149552,UW,eq,0.17,46.854166666666664,-121.756,1753328363.3099995,0.38,"0.3 km E from Mt Rainier, WA",2025-07-24T03:39:23.310Z,3339803,1753328363.3099995
62149557,UW,eq,0.22,46.8495,-121.76166666666667,1753329159.3099976,-0.52,"0.4 km SSW from Mt Rainier, WA",2025-07-24T03:52:39.309Z,3339798,1753329159.3099976
62149562,UW,eq,0.11,46.85166666666667,-121.75916666666667,1753329919.6499996,-0.3,"0.2 km S from Mt Rainier, WA",2025-07-24T04:05:19.650Z,3339788,1753329919.6499996
62149577,UW,eq,0.24,46.861,-121.755,1753334235.0999994,0.96,"0.9 km NE from Mt Rainier, WA",2025-07-24T05:17:15.099Z,3339783,1753334235.0999994
62149602,UW,eq,0.06,46.8505,-121.76216666666667,1753341505.0199986,-0.53,"0.4 km SW from Mt Rainier, WA",2025-07-24T07:18:25.019Z,3339838,1753341505.0199986
62149627,UW,eq,0.18,46.8505,-121.7595,1753356012.96,0.21,"0.3 km S from Mt Rainier, WA",2025-07-24T11:20:12.960Z,3342963,1753356012.96
62149632,UW,eq,0.56,46.85816666666667,-121.75333333333333,1753356869.4299984,0.34,"0.7 km NE from Mt Rainier, WA",2025-07-24T11:34:29.429Z,3340468,1753356869.4299984
62149637,UW,eq,0.58,46.846666666666664,-121.76833333333333,1753357028.4899998,0.64,"1 km SW from Mt Rainier, WA",2025-07-24T11:37:08.490Z,3342768,1753357028.4899998
62149642,UW,eq,0.32,46.849666666666664,-121.75933333333333,1753359294.6399994,0.22,"0.4 km S from Mt Rainier, WA",2025-07-24T12:14:54.639Z,3339833,1753359294.6399994
62149647,UW,eq,0.36,46.851,-121.75866666666667,1753359662.11,-0.04,"0.3 km S from Mt Rainier, WA",2025-07-24T12:21:02.110Z,3342948,1753359662.11
62149652,UW,eq,0.26,46.8565,-121.75116666666666,1753360924.0299997,0.31,"0.8 km ENE from Mt Rainier, WA",2025-07-24T12:42:04.030Z,3340528,1753360924.0299997
62149777,UW,eq,0.49,46.86833333333333,-121.75483333333334,1753375664.4699974,-0.79,"1.7 km NNE from Mt Rainier, WA",2025-07-24T16:47:44.469Z,3340453,1753375664.4699974
62149787,UW,eq,0.82,46.870666666666665,-121.755,1753375867.77,-0.4,"2 km NNE from Mt Rainier, WA",2025-07-24T16:51:07.770Z,3340083,1753375867.77
62149797,UW,eq,0.69,46.87233333333333,-121.756,1753376296.1999989,-0.46,"2.1 km NNE from Mt Rainier, WA",2025-07-24T16:58:16.199Z,3340078,1753376296.1999989
62150047,UW,eq,0.79,46.85183333333333,-121.77,1753392701.4899979,1.29,"0.8 km W from Mt Rainier, WA",2025-07-24T21:31:41.489Z,3340073,1753392701.4899979
62150182,UW,eq,0.15,46.852333333333334,-121.77133333333333,1753404819.6899986,0.97,"0.9 km W from Mt Rainier, WA",2025-07-25T00:53:39.689Z,3340068,1753404819.6899986
62150237,UW,eq,0.58,46.85066666666667,-121.7655,1753410408.289997,-0.26,"0.5 km WSW from Mt Rainier, WA",2025-07-25T02:26:48.289Z,3340038,1753410408.289997
62150322,UW,eq,0.51,46.85166666666667,-121.7655,1753424486.789999,-0.07,"0.5 km WSW from Mt Rainier, WA",2025-07-25T06:21:26.789Z,3342983,1753424486.789999
62150382,UW,eq,0.29,46.85,-121.7655,1753443014.1599998,0.54,"0.6 km WSW from Mt Rainier, WA",2025-07-25T11:30:14.160Z,3341043,1753443014.1599998
62150422,UW,eq,0.8,46.849333333333334,-121.75733333333334,1753454602.5499992,0.61,"0.5 km SSE from Mt Rainier, WA",2025-07-25T14:43:22.549Z,3340058,1753454602.5499992
62150467,UW,eq,0.63,46.849333333333334,-121.7595,1753462862.57,0.25,"0.4 km S from Mt Rainier, WA",2025-07-25T17:01:02.570Z,3340448,1753462862.57
62150587,UW,eq,0.45,46.869166666666665,-121.75583333333333,1753470587.5900002,-0.31,"1.8 km NNE from Mt Rainier, WA",2025-07-25T19:09:47.590Z,3340443,1753470587.5900002
62150637,UW,eq,1.49,46.850833333333334,-121.7705,1753476020.1099987,-0.2,"0.8 km W from Mt Rainier, WA",2025-07-25T20:40:20.109Z,3340093,1753476020.1099987
62150647,UW,eq,0.57,46.851,-121.76716666666667,1753476478.5200005,0.85,"0.6 km WSW from Mt Rainier, WA",2025-07-25T20:47:58.520Z,3340098,1753476478.5200005
62150657,UW,eq,0.13,46.85,-121.7675,1753476494.8899994,1.24,"0.7 km WSW from Mt Rainier, WA",2025-07-25T20:48:14.889Z,3340103,1753476494.8899994
62150652,UW,eq,0.35,46.849666666666664,-121.76466666666667,1753476551.4899998,1.11,"0.5 km SW from Mt Rainier, WA",2025-07-25T20:49:11.490Z,3341023,1753476551.4899998
62150662,UW,eq,0.36,46.85016666666667,-121.76683333333334,1753476565.0299988,0.63,"0.6 km WSW from Mt Rainier, WA",2025-07-25T20:49:25.029Z,3340108,1753476565.0299988
62150677,UW,eq,0.48,46.85033333333333,-121.76583333333333,1753477733.8099976,0.68,"0.6 km WSW from Mt Rainier, WA",2025-07-25T21:08:53.809Z,3341018,1753477733.8099976
62150817,UW,eq,0.09,46.849333333333334,-121.76683333333334,1753485035.1800003,0.34,"0.7 km WSW from Mt Rainier, WA",2025-07-25T23:10:35.180Z,3340258,1753485035.1800003
62150852,UW,eq,0.29,46.8535,-121.75833333333334,1753487380.0599976,1.04,"0.1 km E from Mt Rainier, WA",2025-07-25T23:49:40.059Z,3340153,1753487380.0599976
62150912,UW,eq,0.82,46.85166666666667,-121.757,1753491403.0599976,0.44,"0.3 km SE from Mt Rainier, WA",2025-07-26T00:56:43.059Z,3340248,1753491403.0599976
62151037,UW,eq,-0.05,46.853833333333334,-121.76983333333334,1753499800.6800003,1.2,"0.8 km WNW from Mt Rainier, WA",2025-07-26T03:16:40.680Z,3340243,1753499800.6800003
62151087,UW,eq,0.35,46.852333333333334,-121.758,1753504959,1.03,"0.2 km SE from Mt Rainier, WA",2025-07-26T04:42:39.000Z,3340238,1753504959
62151112,UW,eq,0.35,46.851333333333336,-121.75733333333334,1753508285.5099998,0.91,"0.3 km SSE from Mt Rainier, WA",2025-07-26T05:38:05.510Z,3340183,1753508285.5099998
62151122,UW,eq,0.67,46.849833333333336,-121.76516666666667,1753511319.2399979,0.57,"0.6 km WSW from Mt Rainier, WA",2025-07-26T06:28:39.239Z,3340178,1753511319.2399979
62151172,UW,eq,0.4,46.85166666666667,-121.75916666666667,1753521357.1299973,0.84,"0.2 km S from Mt Rainier, WA",2025-07-26T09:15:57.129Z,3340143,1753521357.1299973
62151812,UW,eq,0.2,46.852,-121.75916666666667,1753601308.1599998,0.13,"0.2 km SSE from Mt Rainier, WA",2025-07-27T07:28:28.160Z,3340278,1753601308.1599998
62151827,UW,eq,0.16,46.862833333333334,-121.7715,1753610195.4399986,-0.33,"1.4 km NNW from Mt Rainier, WA",2025-07-27T09:56:35.439Z,3340273,1753610195.4399986
62151847,UW,eq,0.02,46.8485,-121.75883333333333,1753612842.7199974,0.16,"0.5 km S from Mt Rainier, WA",2025-07-27T10:40:42.719Z,3340268,1753612842.7199974
62152002,UW,eq,0.86,46.8505,-121.75983333333333,1753642671.5599976,-0.24,"0.3 km S from Mt Rainier, WA",2025-07-27T18:57:51.559Z,3340328,1753642671.5599976
62152162,UW,eq,0.35,46.85016666666667,-121.759,1753652881.87,-0.14,"0.4 km S from Mt Rainier, WA",2025-07-27T21:48:01.870Z,3341013,1753652881.87
62152177,UW,eq,0.46,46.850833333333334,-121.7605,1753653847.4199996,-0.48,"0.3 km SSW from Mt Rainier, WA",2025-07-27T22:04:07.420Z,3341008,1753653847.4199996
62152227,UW,eq,0.7,46.84466666666667,-121.7525,1753656614.8999996,0.01,"1.1 km SSE from Mt Rainier, WA",2025-07-27T22:50:14.900Z,3340408,1753656614.8999996
62152232,UW,eq,0.69,46.84433333333333,-121.751,1753656614.9099998,-0.23,"1.2 km SSE from Mt Rainier, WA",2025-07-27T22:50:14.910Z,3347008,1753656614.9099998
62152357,UW,eq,1.21,46.85016666666667,-121.76283333333333,1753668972.58,-1.41,"0.4 km SW from Mt Rainier, WA",2025-07-28T02:16:12.580Z,3340398,1753668972.58
62152487,UW,eq,0.12,46.856,-121.7655,1753698277.0900002,0.51,"0.5 km NW from Mt Rainier, WA",2025-07-28T10:24:37.090Z,3340638,1753698277.0900002
62152502,UW,eq,-0.04,46.851166666666664,-121.77066666666667,1753700299.0499992,0.95,"0.8 km W from Mt Rainier, WA",2025-07-28T10:58:19.049Z,3342868,1753700299.0499992
62152637,UW,eq,-0.01,46.8505,-121.7715,1753720095.79,0.64,"0.9 km W from Mt Rainier, WA",2025-07-28T16:28:15.790Z,3340403,1753720095.79
62153112,UW,eq,0.95,46.85,-121.77116666666667,1753793844.369999,0.54,"0.9 km WSW from Mt Rainier, WA",2025-07-29T12:57:24.369Z,3340588,1753793844.369999
62153657,UW,eq,0.18,46.859833333333334,-121.758,1753877661.7999992,0.75,"0.7 km NNE from Mt Rainier, WA",2025-07-30T12:14:21.799Z,3340983,1753877661.7999992
62153737,UW,eq,0.72,46.85216666666667,-121.75633333333333,1753886294.2599993,0.69,"0.3 km SE from Mt Rainier, WA",2025-07-30T14:38:14.259Z,3340973,1753886294.2599993
62153742,UW,eq,0.65,46.85466666666667,-121.7585,1753886348.4799995,0.12,"0.2 km NE from Mt Rainier, WA",2025-07-30T14:39:08.480Z,3340968,1753886348.4799995
62153847,UW,eq,0.22,46.85216666666667,-121.7675,1753892665.209999,1.39,"0.6 km W from Mt Rainier, WA",2025-07-30T16:24:25.209Z,3341738,1753892665.209999
62154297,UW,eq,0.46,46.85216666666667,-121.7555,1753937315.6699982,0.24,"0.4 km ESE from Mt Rainier, WA",2025-07-31T04:48:35.669Z,3341488,1753937315.6699982
62154312,UW,eq,0.2,46.84766666666667,-121.76783333333333,1753939919.1099968,-0.64,"0.9 km SW from Mt Rainier, WA",2025-07-31T05:31:59.109Z,3341418,1753939919.1099968
62154502,UW,eq,1.05,46.84883333333333,-121.75833333333334,1753966752.4899998,0.28,"0.5 km S from Mt Rainier, WA",2025-07-31T12:59:12.490Z,3341458,1753966752.4899998
62154512,UW,eq,1.07,46.85,-121.7685,1753966882.8099995,0.7,"0.7 km WSW from Mt Rainier, WA",2025-07-31T13:01:22.810Z,3341433,1753966882.8099995
62154547,UW,eq,0.72,46.91566666666667,-121.725,1753971003.85,-0.51,"7.4 km NNE from Mt Rainier, WA",2025-07-31T14:10:03.850Z,3341438,1753971003.85
62154552,UW,eq,0.11,46.852333333333334,-121.76933333333334,1753971473.6299973,0.77,"0.7 km W from Mt Rainier, WA",2025-07-31T14:17:53.629Z,3341473,1753971473.6299973
62154572,UW,eq,0.64,46.85,-121.75583333333333,1753973225.2999997,0.43,"0.5 km SSE from Mt Rainier, WA",2025-07-31T14:47:05.300Z,3341448,1753973225.2999997
62155277,UW,eq,0.56,46.85,-121.75683333333333,1754011885.75,0.24,"0.4 km SSE from Mt Rainier, WA",2025-08-01T01:31:25.750Z,3341978,1754011885.75
62155302,UW,eq,0.84,46.851,-121.76016666666666,1754012641.07,0.2,"0.3 km SSW from Mt Rainier, WA",2025-08-01T01:44:01.070Z,3341963,1754012641.07
62155357,UW,eq,0.48,46.85933333333333,-121.75766666666667,1754016059.7799988,-0.93,"0.7 km NNE from Mt Rainier, WA",2025-08-01T02:40:59.779Z,3341973,1754016059.7799988
62155372,UW,eq,0.54,46.852,-121.75716666666666,1754016981.9699993,0.01,"0.3 km SE from Mt Rainier, WA",2025-08-01T02:56:21.969Z,3341968,1754016981.9699993
62155447,UW,eq,0.55,46.86033333333334,-121.7565,1754020377.199997,-0.66,"0.8 km NNE from Mt Rainier, WA",2025-08-01T03:52:57.199Z,3342098,1754020377.199997
62155457,UW,eq,0.66,46.8605,-121.75533333333334,1754021121.9699993,-0.47,"0.9 km NE from Mt Rainier, WA",2025-08-01T04:05:21.969Z,3342103,1754021121.9699993
62155472,UW,eq,0.39,46.919,-121.72083333333333,1754031198.1099987,1.53,"7.9 km NNE from Mt Rainier, WA",2025-08-01T06:53:18.109Z,3342138,1754031198.1099987
62155537,UW,eq,0.38,46.86,-121.75383333333333,1754050966.2999992,0.2,"0.9 km NE from Mt Rainier, WA",2025-08-01T12:22:46.299Z,3342088,1754050966.2999992
62155552,UW,eq,0.41,46.86,-121.755,1754056070.9399986,0.15,"0.8 km NE from Mt Rainier, WA",2025-08-01T13:47:50.939Z,3342108,1754056070.9399986
62155572,UW,eq,0.44,46.859833333333334,-121.753,1754058431.71,0.3,"0.9 km NE from Mt Rainier, WA",2025-08-01T14:27:11.710Z,3342118,1754058431.71
62155587,UW,eq,0.37,46.858333333333334,-121.7525,1754059268.0699997,0.43,"0.8 km ENE from Mt Rainier, WA",2025-08-01T14:41:08.070Z,3342063,1754059268.0699997
62155592,UW,eq,0.42,46.8595,-121.75366666666666,1754059984.8199997,0.19,"0.8 km NE from Mt Rainier, WA",2025-08-01T14:53:04.820Z,3343363,1754059984.8199997
62164321,UW,eq,1,46.864666666666665,-121.75916666666667,1754129113.9699993,-0.98,"1.3 km NNE from Mt Rainier, WA",2025-08-02T10:05:13.969Z,3342458,1754129113.9699993
62164351,UW,eq,0.47,46.85366666666667,-121.75533333333334,1754134456.0299988,0.46,"0.4 km E from Mt Rainier, WA",2025-08-02T11:34:16.029Z,3343293,1754134456.0299988
62164736,UW,eq,0.3,46.873666666666665,-121.75633333333333,1754177215.539997,-1.98,"2.3 km NNE from Mt Rainier, WA",2025-08-02T23:26:55.539Z,3342513,1754177215.539997
62164936,UW,eq,0.46,46.83883333333333,-121.747,1754206830.6899986,-1.86,"1.9 km SSE from Mt Rainier, WA",2025-08-03T07:40:30.689Z,3342583,1754206830.6899986
62164956,UW,eq,0.32,46.85883333333334,-121.75,1754211117.8499985,0.39,"1 km ENE from Mt Rainier, WA",2025-08-03T08:51:57.849Z,3342573,1754211117.8499985
62165036,UW,eq,0.27,46.848166666666664,-121.75366666666666,1754236513.9499998,-2.56,"0.7 km SSE from Mt Rainier, WA",2025-08-03T15:55:13.950Z,3342568,1754236513.9499998
62165566,UW,eq,0.43,46.864,-121.76416666666667,1754310879.9199982,-0.73,"1.2 km from Mt Rainier, WA",2025-08-04T12:34:39.919Z,3343923,1754310879.9199982
62165591,UW,eq,0.37,46.852333333333334,-121.7705,1754315912.7999992,0.44,"0.8 km W from Mt Rainier, WA",2025-08-04T13:58:32.799Z,3342633,1754315912.7999992
62166401,UW,eq,0.33,46.86183333333334,-121.76933333333334,1754421064.8199997,1.64,"1.2 km NNW from Mt Rainier, WA",2025-08-05T19:11:04.820Z,3344153,1754421064.8199997
62166406,UW,eq,0.43,46.86033333333334,-121.77166666666666,1754421438.5900002,0.62,"1.2 km NW from Mt Rainier, WA",2025-08-05T19:17:18.590Z,3343598,1754421438.5900002
62166416,UW,eq,0.45,46.8575,-121.77116666666667,1754421615.1799994,1.07,"1 km NW from Mt Rainier, WA",2025-08-05T19:20:15.179Z,3344158,1754421615.1799994
62167256,UW,eq,0.43,46.858333333333334,-121.75183333333334,1754590887.6399994,0.88,"0.8 km ENE from Mt Rainier, WA",2025-08-07T18:21:27.639Z,3344398,1754590887.6399994
62167796,UW,eq,-0.29,46.852,-121.76716666666667,1754619259.4899998,1.07,"0.6 km W from Mt Rainier, WA",2025-08-08T02:14:19.490Z,3354568,1754619259.4899998
62168151,UW,eq,0.09,46.86366666666667,-121.7715,1754684655.0299997,-0.16,"1.4 km NNW from Mt Rainier, WA",2025-08-08T20:24:15.030Z,3344558,1754684655.0299997
62168366,UW,eq,0.46,46.82666666666667,-121.6855,1754721634.6800003,3.43,"6.4 km SE from Mt Rainier, WA",2025-08-09T06:40:34.680Z,3344878,1754721634.6800003
62168386,UW,eq,0.31,46.84916666666667,-121.75466666666667,1754724993.5,0.53,"0.6 km SSE from Mt Rainier, WA",2025-08-09T07:36:33.500Z,3344773,1754724993.5
62169641,UW,eq,0.73,46.847833333333334,-121.763,1754956128.0499992,-0.54,"0.6 km SSW from Mt Rainier, WA",2025-08-11T23:48:48.049Z,3345153,1754956128.0499992
62169666,UW,eq,0.37,46.85766666666667,-121.7665,1754964286.3600006,1.56,"0.7 km NW from Mt Rainier, WA",2025-08-12T02:04:46.360Z,3345163,1754964286.3600006
62169751,UW,eq,0.41,46.8545,-121.75666666666666,1754997723.4099998,-2.21,"0.3 km ENE from Mt Rainier, WA",2025-08-12T11:22:03.410Z,3345198,1754997723.4099998
62169766,UW,eq,0.48,46.85916666666667,-121.75466666666667,1755000938.9399986,-1.7,"0.8 km NE from Mt Rainier, WA",2025-08-12T12:15:38.939Z,3345613,1755000938.9399986
62161827,UW,eq,0.22,46.805166666666665,-121.775,1755044489.6399994,0.92,"5.5 km SSW from Mt Rainier, WA",2025-08-13T00:21:29.639Z,3345573,1755044489.6399994
62161892,UW,eq,0.56,46.85166666666667,-121.7555,1755059602.1499996,0.44,"0.4 km SE from Mt Rainier, WA",2025-08-13T04:33:22.150Z,3345388,1755059602.1499996
62163622,UW,eq,0.28,46.84766666666667,-121.76533333333333,1755284246.0100002,-2.61,"0.7 km SW from Mt Rainier, WA",2025-08-15T18:57:26.010Z,3345973,1755284246.0100002
62163702,UW,eq,0.51,46.86966666666667,-121.76283333333333,1755289978.8899994,0.13,"1.8 km N from Mt Rainier, WA",2025-08-15T20:32:58.889Z,3345968,1755289978.8899994
62172576,UW,eq,0.92,46.868833333333335,-121.74133333333333,1755416632.699997,-2.03,"2.2 km NE from Mt Rainier, WA",2025-08-17T07:43:52.699Z,3347843,1755416632.699997
62164857,UW,eq,0.67,46.844833333333334,-121.76883333333333,1755547826.709999,-2.19,"1.2 km SW from Mt Rainier, WA",2025-08-18T20:10:26.709Z,3347988,1755547826.709999
62173656,UW,eq,0.65,46.86266666666667,-121.74933333333334,1755644471.29,-2.65,"1.3 km NE from Mt Rainier, WA",2025-08-19T23:01:11.290Z,3348628,1755644471.29
62174171,UW,eq,0.32,46.86983333333333,-121.7135,1755724820.3899994,-0.4,"4 km ENE from Mt Rainier, WA",2025-08-20T21:20:20.389Z,3347038,1755724820.3899994
62175226,UW,eq,0.4,46.85933333333333,-121.75533333333334,1755906212.0200005,-0.1,"0.8 km NE from Mt Rainier, WA",2025-08-22T23:43:32.020Z,3350583,1755906212.0200005
62176191,UW,eq,0.36,46.8555,-121.75483333333334,1756131840.16,-2.33,"0.5 km ENE from Mt Rainier, WA",2025-08-25T14:24:00.160Z,3352363,1756131840.16
62177106,UW,eq,0.29,46.866166666666665,-121.77416666666667,1756312508.2600002,-1.76,"1.8 km NNW from Mt Rainier, WA",2025-08-27T16:35:08.260Z,3348098,1756312508.2600002
62177376,UW,eq,0.59,46.86116666666667,-121.75466666666667,1756354817.9499989,0.6,"1 km NE from Mt Rainier, WA",2025-08-28T04:20:17.949Z,3352633,1756354817.9499989
62177381,UW,eq,0.44,46.873,-121.74516666666666,1756356937.2299995,-2.68,"2.5 km NE from Mt Rainier, WA",2025-08-28T04:55:37.230Z,3352638,1756356937.2299995
62177406,UW,eq,0.35,46.901666666666664,-121.72866666666667,1756367004.4499989,0.95,"5.9 km NE from Mt Rainier, WA",2025-08-28T07:43:24.449Z,3352653,1756367004.4499989
62178006,UW,eq,0.32,46.851166666666664,-121.76616666666666,1756441970.329998,1.24,"0.5 km WSW from Mt Rainier, WA",2025-08-29T04:32:50.329Z,3353113,1756441970.329998