evid,station,stage,back_azimuth,rectilinearity,incidence_angle_jurkevics,incidence_angle,travel_time_s,snr_horizontal,filter_band,datetime,magnitude,phi,dt,phi_error,dt_error,quality,dominant_period,success,pct_anisotropy,error,traceback
61504418,MILD,fail_incidence,12.924040769525108,0.92994819317696,23.527443016653386,54.897641649259185,2.008917978240208,7.0012681177788725,"(1.0, 5.0)",2025-07-08T14:32:42.149997711+00:00,0.4,,,,,,,,,,
61504463,MILD,missing_channel,,,,,,,,2025-07-08T22:01:30.859998703+00:00,0.83,,,,,,,,,,
61504478,MILD,missing_channel,,,,,,,,2025-07-08T22:01:30.939998627+00:00,0.94,,,,,,,,,,
61504488,MILD,fail_incidence,17.293034046980285,0.8503341271364762,60.21820890225331,50.715701563271054,2.267816362788409,4.992397636358006,"(1.0, 5.0)",2025-07-09T14:52:57.439998627+00:00,-0.17,,,,,,,,,,
61504508,MILD,fail_incidence,9.693594215135716,0.6735157926226607,32.06530617760827,50.20017319105442,2.1618494633153857,5.887382573581604,"(1.0, 15.0)",2025-07-08T08:40:21.079999924+00:00,0.02,,,,,,,,,,
61504618,MILD,fail_incidence,11.446030407480938,0.7485003949349579,20.014559059261895,51.08899174756106,2.081994558494027,5.323437755337433,"(1.0, 8.0)",2025-07-08T11:42:18.859998703+00:00,-0.69,,,,,,,,,,
61504643,MILD,fail_incidence,13.702762220952874,0.9120513937262382,24.74593492717648,53.07196348047099,1.9855211580375332,4.590850967207274,"(1.0, 8.0)",2025-07-08T12:01:59.849998474+00:00,0.64,,,,,,,,,,
61504703,MILD,fail_incidence,9.253779399894565,0.9771656298524151,28.90087280614962,46.31129571564964,2.1527426684630973,5.843989520163832,"(1.0, 8.0)",2025-07-08T13:37:37.959999084+00:00,0.33,,,,,,,,,,
61504708,MILD,fail_incidence,15.275518215891273,0.9346024283286248,27.273942649873934,51.5138062372056,2.1086344835118997,3.4103306620548786,"(1.0, 15.0)",2025-07-08T13:47:33.689998627+00:00,-0.27,,,,,,,,,,
61504753,MILD,ok,9.648184235281766,0.7547459488310094,25.03347422373717,38.22805234853861,2.1060782284389226,3.334376250397084,"(5.0, 10.0)",2025-07-14T09:03:38.079998016+00:00,-0.28,5.648184235281766,0.08,23.0,0.08,0.599306157327623,0.1265934065934066,True,3.79852936703581,,
62134047,MILD,fail_incidence,5.626022399707128,0.8575155177485593,25.532887959191623,72.60943225198406,1.6856259195971834,3.956819550387241,"(1.0, 8.0)",2025-07-08T02:57:36.649997711+00:00,0.46,,,,,,,,,,
62134107,MILD,fail_incidence,14.927373798479177,0.9658982092986769,26.483864179315525,59.4170071185604,2.049185899978614,4.464799397138345,"(1.0, 8.0)",2025-07-08T08:45:38.549999237+00:00,1.46,,,,,,,,,,
62134112,MILD,fail_incidence,13.207447006429632,0.8890407734629989,26.3813891671971,54.34793006948923,2.116650058601783,5.574834109982239,"(1.0, 15.0)",2025-07-08T08:55:07.489999771+00:00,1.38,,,,,,,,,,
62134122,MILD,fail_incidence,12.725169235385273,0.9411591299558411,24.705077281216933,59.790379137423706,2.00108554643717,5.150635548661985,"(1.0, 5.0)",2025-07-08T09:15:15.029999495+00:00,0.34,,,,,,,,,,
62134142,MILD,fail_incidence,13.168905102938542,0.9505118499743579,24.79986316039769,60.16949640546377,2.004745038399104,4.180814100758781,"(1.0, 8.0)",2025-07-08T09:31:55.639999390+00:00,0.3,,,,,,,,,,
62134157,MILD,fail_incidence,12.873230397873714,0.9282377234036667,32.098061312724575,61.97517612977338,2.0027806456735306,3.5961201855318397,"(2.0, 8.0)",2025-07-08T09:44:22.689998627+00:00,0.37,,,,,,,,,,
62134167,MILD,fail_incidence,12.873256699397983,0.956855617223753,30.269279294624067,51.5260827878079,2.0480025050564232,4.21463964381643,"(1.0, 15.0)",2025-07-08T09:50:48.049999237+00:00,0.38,,,,,,,,,,
62134192,MILD,fail_incidence,13.972234394308249,0.9862497466163701,25.34191752396124,55.79301563460963,2.0938719960547623,6.959436346156908,"(1.0, 5.0)",2025-07-08T09:55:59.479999542+00:00,1.62,,,,,,,,,,
62134227,MILD,fail_incidence,15.098909723779327,0.9767180878936984,21.424047817515305,58.93580064022296,2.029850676671555,4.585035811871786,"(1.0, 5.0)",2025-07-08T10:15:59.739998102+00:00,0.02,,,,,,,,,,
62134242,MILD,fail_incidence,15.473966051578941,0.9014159462123026,25.555378505363276,56.11392184689498,2.1284688944249632,4.756474482508128,"(1.0, 5.0)",2025-07-08T10:20:16.979999542+00:00,1.47,,,,,,,,,,
62134252,MILD,fail_incidence,13.152173220165846,0.9519683862765289,24.632059314313395,59.04571381031962,2.1133737642806514,4.825879107737629,"(1.0, 8.0)",2025-07-08T10:30:08.779999495+00:00,0.31,,,,,,,,,,
62134272,MILD,fail_incidence,14.39897038434723,0.9791257591394984,25.89814480504448,60.79182270410172,2.002546681384719,6.880713288893913,"(1.0, 5.0)",2025-07-08T10:35:52.289997101+00:00,0.43,,,,,,,,,,
62134277,MILD,fail_incidence,11.359010321846316,0.9277396328280662,23.962879965087,59.41923278992176,2.0273756645756746,7.503094089224953,"(1.0, 5.0)",2025-07-08T10:40:43.669998169+00:00,0.34,,,,,,,,,,
62134282,MILD,fail_incidence,14.72604537901282,0.8909657918352736,26.662296385005124,61.07680467154952,2.0363051331752673,3.86655095143983,"(2.0, 8.0)",2025-07-08T10:43:10.579999924+00:00,0.4,,,,,,,,,,
62134287,MILD,fail_incidence,12.18615838759563,0.9413328986441739,22.857047028373966,60.18042859568276,2.0107223876130322,6.088862727166163,"(1.0, 5.0)",2025-07-08T10:42:05.369999886+00:00,0.37,,,,,,,,,,
62134292,MILD,fail_incidence,14.051520240165233,0.9311565000664273,28.449274731948282,52.681635029839676,2.0660123397761274,6.351273108296903,"(1.0, 8.0)",2025-07-08T10:46:54.489998102+00:00,0.68,,,,,,,,,,
62134317,MILD,fail_incidence,14.759602894520777,0.8459685190239227,26.18893641714094,54.146148634817116,2.093475985180314,2.454154357882959,"(1.0, 5.0)",2025-07-08T10:55:08.210000038+00:00,0.48,,,,,,,,,,
62134327,MILD,fail_incidence,11.824967895387386,0.9500608146384409,35.19468949893785,56.17331475164641,2.064612200921129,5.974726379502109,"(1.0, 15.0)",2025-07-08T11:01:13.949999809+00:00,0.37,,,,,,,,,,
62134332,MILD,fail_incidence,14.094963828335057,0.9365652583460031,17.663354679237646,61.99254269159506,1.969382264772161,2.2437053076398907,"(1.0, 5.0)",2025-07-08T11:05:29.709999084+00:00,0.39,,,,,,,,,,
62134337,MILD,fail_incidence,14.770691813079727,0.9769036464740579,32.37356448118108,58.43905582762023,2.0049345649517836,3.458207446264488,"(1.0, 8.0)",2025-07-08T11:06:29.549999237+00:00,0.3,,,,,,,,,,
62134342,MILD,fail_incidence,15.275518215891273,0.9060400592553672,24.937613331134756,61.0037735378581,2.0261330272717566,5.9580677848612,"(1.0, 5.0)",2025-07-08T11:08:23.639999390+00:00,0.5,,,,,,,,,,
62134367,MILD,fail_incidence,13.412592231058547,0.9350114763806462,24.150050185398502,60.189857071931094,2.023781310908085,7.815456162086031,"(1.0, 5.0)",2025-07-08T11:13:30.679998398+00:00,0.63,,,,,,,,,,
62134372,MILD,fail_incidence,13.845480816913327,0.9888560538908953,27.60274494701447,60.92151888730459,1.967696833247759,2.928274754157546,"(1.0, 5.0)",2025-07-08T11:15:11.359999657+00:00,0.61,,,,,,,,,,
62134377,MILD,fail_incidence,13.875788332570034,0.7218307623640468,25.064735177918312,57.02623407273804,2.0126637681236503,4.917733718100836,"(1.0, 5.0)",2025-07-08T11:23:02.429999828+00:00,0.49,,,,,,,,,,
62134387,MILD,fail_incidence,16.57660769107968,0.9625037904702418,30.99403436605198,47.42414944270473,2.135443468128419,2.3820587795643253,"(1.0, 5.0)",2025-07-08T11:24:57.129997253+00:00,0.48,,,,,,,,,,
62134397,MILD,fail_incidence,13.019405068825566,0.9725217755847214,22.12810716413625,62.05212837651185,1.9941418173312087,3.894989222455746,"(1.0, 5.0)",2025-07-08T11:28:46.069999695+00:00,0.32,,,,,,,,,,
62134402,MILD,fail_incidence,17.114228805020403,0.9679699365631353,25.375978811033242,55.86863954818733,2.122522300999404,7.353398109888079,"(1.0, 5.0)",2025-07-08T11:35:08.529999495+00:00,0.32,,,,,,,,,,
62134417,MILD,fail_incidence,15.30231809101943,0.9524048061891852,31.404291178336493,50.897749524547585,1.962925809287618,6.6539708513368865,"(2.0, 8.0)",2025-07-08T11:40:32.750000+00:00,0.46,,,,,,,,,,
62134427,MILD,fail_incidence,13.509219450935113,0.9021643377895457,30.272927227546255,50.197702534618145,1.987415166158385,3.901180121166324,"(1.0, 20.0)",2025-07-08T11:41:51.669998169+00:00,0.16,,,,,,,,,,
62134432,MILD,fail_incidence,16.912930923013864,0.9740635189480658,27.42633291269807,53.17034999559658,2.2038455207552317,3.9467370731672395,"(1.0, 5.0)",2025-07-08T11:45:43.059997559+00:00,1.35,,,,,,,,,,
62134447,MILD,fail_incidence,14.984128040820508,0.9516857945594119,27.262362901014175,50.65113305537837,2.1183814419564655,4.894077173142728,"(1.0, 8.0)",2025-07-08T11:44:38.729999542+00:00,-0.01,,,,,,,,,,
62134457,MILD,fail_incidence,14.360031301959337,0.9605265970658732,25.563310714510017,53.309504639675446,2.0199138162711714,4.775115823568535,"(10.0, 45.0)",2025-07-08T11:51:38.909999847+00:00,1.08,,,,,,,,,,
62134482,MILD,fail_incidence,15.181502359401948,0.9311816025402367,23.922514549797658,54.834268885665416,1.986065354168621,8.348956641211931,"(2.0, 8.0)",2025-07-08T11:57:56.369998932+00:00,0.68,,,,,,,,,,
62134547,MILD,fail_incidence,16.223643264700456,0.9025333370199181,83.17322539737629,56.05173244793664,2.0493530835910185,2.5690273048517813,"(1.0, 8.0)",2025-07-08T12:15:16.949998856+00:00,0.37,,,,,,,,,,
62134552,MILD,fail_incidence,13.110193729902083,0.8533778705764881,43.914073043842286,57.1209727708013,2.072193441041516,3.621093906528314,"(1.0, 8.0)",2025-07-08T12:17:06.289999962+00:00,0.17,,,,,,,,,,
62134582,MILD,fail_incidence,14.580859534669406,0.8870453879889073,26.768241436515066,61.003412616115455,2.034554371742707,4.369708139449533,"(2.0, 8.0)",2025-07-08T12:30:53.189998627+00:00,0.43,,,,,,,,,,
62134597,MILD,fail_incidence,15.770757406160499,0.9751797100499824,23.900540356404115,52.95845548938626,2.072120310928887,7.987380672916717,"(1.0, 5.0)",2025-07-08T12:34:11.469999313+00:00,0.88,,,,,,,,,,
62134607,MILD,fail_incidence,13.551232510871465,0.9429686937668723,25.595461279174323,62.80561658040514,2.0214673209721026,3.560315311735369,"(1.0, 5.0)",2025-07-08T12:36:33.180000305+00:00,0.37,,,,,,,,,,
62134612,MILD,fail_incidence,13.470957019188154,0.9157820819450002,32.76679092867911,58.29759374461243,2.0072476649472226,2.631502721395812,"(1.0, 5.0)",2025-07-08T12:47:37.110000610+00:00,0.28,,,,,,,,,,
62134622,MILD,fail_incidence,14.89480488305872,0.9646882192035988,26.403899291249807,51.85387703305018,2.0870498617181754,4.492624958480651,"(10.0, 45.0)",2025-07-08T12:53:43.340000153+00:00,0.6,,,,,,,,,,
62134632,MILD,fail_incidence,15.333700280779432,0.9733575632375718,25.719768725872676,68.13022330747683,1.987229638019229,4.056560787309407,"(1.0, 5.0)",2025-07-08T12:56:12.069999695+00:00,0.32,,,,,,,,,,
62134642,MILD,fail_incidence,13.443452242400978,0.775005352817508,22.75550135442265,56.73261459179398,2.085257390584689,5.028983125520064,"(3.0, 15.0)",2025-07-08T13:00:31.689998627+00:00,0.3,,,,,,,,,,
62134662,MILD,fail_incidence,14.454111487832524,0.9053933811475297,30.568948707357997,57.76437203331029,2.0424163613573842,3.0012233681167335,"(2.0, 8.0)",2025-07-08T13:02:43.360000610+00:00,0.2,,,,,,,,,,
62134667,MILD,fail_incidence,18.243360366854425,0.6640097636978711,28.034142831176915,46.98687483157949,2.2468450950920986,2.1539044590427725,"(10.0, 45.0)",2025-07-08T13:02:48.689998627+00:00,-0.01,,,,,,,,,,
62134722,MILD,ok,7.628686366729204,0.9923491427456254,26.436649633503606,43.64000030042961,2.0920823896862335,6.072979646102905,"(1.0, 5.0)",2025-07-08T13:21:27.269998550+00:00,0.71,75.6286863667292,0.08,64.0,0.08,0.0,0.2097658862876254,True,3.823941179104244,,
62134732,MILD,fail_incidence,13.802163260192588,0.9086161196036104,34.07476781164667,62.76419410659519,1.9184543357545605,4.499077618043148,"(1.0, 5.0)",2025-07-08T13:37:04.400000095+00:00,0.37,,,,,,,,,,
62134742,MILD,fail_incidence,7.498394268913992,0.9113916601906931,26.387626505362388,73.5585268470518,1.7944265228185192,4.8181086329829705,"(1.0, 8.0)",2025-07-08T13:43:05.839999676+00:00,0.57,,,,,,,,,,
62134767,MILD,fail_incidence,12.68321034193036,0.8721443892306573,26.26857098039878,80.38639165616287,1.9367955006912152,3.6675065539667617,"(1.0, 5.0)",2025-07-08T14:06:04.159999847+00:00,0.41,,,,,,,,,,
62134802,MILD,fail_incidence,15.855862364445848,0.9493300454102389,23.606599255919747,59.71688781642945,2.052398715869208,3.457335667365067,"(1.0, 5.0)",2025-07-08T14:20:02.559999943+00:00,0.14,,,,,,,,,,
62134807,MILD,fail_incidence,8.474988498804722,0.9272009691006178,28.31885335837011,56.580345677057,2.3274029726780303,3.689816908062557,"(1.0, 5.0)",2025-07-08T14:23:09.679999352+00:00,1.31,,,,,,,,,,
62134822,MILD,fail_incidence,15.360979400500678,0.8596309277707209,23.229657547457084,60.95211508973457,2.130542699646491,2.0370017640083065,"(1.0, 15.0)",2025-07-08T14:27:11.880000114+00:00,0.27,,,,,,,,,,
62134827,MILD,fail_incidence,6.438763462483439,0.9486979377290514,27.969704331337,58.91781849033762,2.2452321281307093,3.4958205003572913,"(1.0, 8.0)",2025-07-08T14:28:44.009998322+00:00,1.13,,,,,,,,,,
62134837,MILD,fail_incidence,7.7840117634301755,0.9296672278104822,49.65263295168454,56.85661688906339,2.0978874906517238,3.198753897220185,"(1.0, 20.0)",2025-07-08T14:31:39.750000+00:00,0.1,,,,,,,,,,
62134862,MILD,fail_incidence,17.802886246725574,0.9578099175821767,27.97671840650789,56.88172159992652,2.090401736666993,1.962369160125939,"(1.0, 8.0)",2025-07-08T14:43:25.369998932+00:00,0.48,,,,,,,,,,
62134867,MILD,fail_incidence,14.289913671850615,0.9110291002661042,31.22385895779597,53.1743193888884,2.061092862346947,4.707833144415308,"(3.0, 5.0)",2025-07-08T14:45:04.549999714+00:00,0.35,,,,,,,,,,
62134882,MILD,fail_incidence,6.6868418943010814,0.9718038765508388,27.496127657607882,47.965051838596196,1.9911450734026328,4.613552478965902,"(1.0, 8.0)",2025-07-08T14:53:31.459999084+00:00,0.7,,,,,,,,,,
62134892,MILD,fail_incidence,7.754821474516526,0.9559181879557354,32.852593974726005,55.69889768512872,2.07352344450048,2.78250705731734,"(1.0, 20.0)",2025-07-08T14:56:30.629999161+00:00,0.45,,,,,,,,,,
62134917,MILD,fail_incidence,8.618876958720508,0.7932019993867171,17.383491199749173,56.27883278305075,2.0769747517933044,3.6891200750809765,"(1.0, 15.0)",2025-07-08T15:12:49.819999695+00:00,0.41,,,,,,,,,,
62134927,MILD,fail_incidence,11.120319915682694,0.9436080312247987,25.23990585850849,51.643782419410705,2.3525873342907633,5.143005507261295,"(1.0, 5.0)",2025-07-08T15:17:00.599999905+00:00,0.74,,,,,,,,,,
62134952,MILD,fail_incidence,9.692169475301057,0.9689010418749191,26.559074107780827,58.14279304338258,2.0260119252412188,3.1816905711682697,"(1.0, 20.0)",2025-07-08T15:27:21.129999161+00:00,0.86,,,,,,,,,,
62134957,MILD,fail_incidence,14.657277653882936,0.9330542588211135,27.186610715341253,57.388565823836906,2.0415772047676226,3.138983435528586,"(1.0, 15.0)",2025-07-08T15:31:15.119999886+00:00,0.63,,,,,,,,,,
62134972,MILD,fail_incidence,6.793057505860949,0.8581224602122883,34.648028514119716,58.36013001704285,2.1690309328564257,3.4905510664896093,"(1.0, 15.0)",2025-07-08T15:35:14.380000114+00:00,0.31,,,,,,,,,,
62134982,MILD,fail_incidence,9.036792749723388,0.9098443806314328,20.205561309811884,53.445733588632194,2.16269274027092,3.2701417716021104,"(1.0, 20.0)",2025-07-08T15:40:41.479999542+00:00,0.25,,,,,,,,,,
62135012,MILD,fail_incidence,10.40087510860545,0.7025964157135255,27.413219162163163,58.77039345020637,2.0886087051222537,5.037869243313414,"(1.0, 8.0)",2025-07-08T15:57:14.460000038+00:00,0.66,,,,,,,,,,
62135027,MILD,fail_incidence,6.895538268567914,0.9705652828126071,26.338192582294372,45.46616294995361,2.034830386093792,4.7902489009833875,"(1.0, 8.0)",2025-07-08T15:58:55.459999084+00:00,0.26,,,,,,,,,,
62135057,MILD,fail_incidence,14.665239755686493,0.9745306570480387,25.947067076392408,53.81039123895494,2.016504334408042,4.3030375000975845,"(1.0, 20.0)",2025-07-08T16:14:49.819999695+00:00,0.86,,,,,,,,,,
62135072,MILD,fail_incidence,15.978430275518118,0.9238113467904498,24.5459949119245,53.69242370872483,1.9949964825198556,8.792969891572131,"(1.0, 5.0)",2025-07-08T16:18:43.299999237+00:00,0.63,,,,,,,,,,
62135092,MILD,fail_incidence,8.651092193818284,0.9397822556113291,19.7501057290821,59.29675836778707,2.1142046435766813,4.012689129172405,"(1.0, 15.0)",2025-07-08T16:28:44.419998169+00:00,0.57,,,,,,,,,,
62135107,MILD,fail_incidence,6.869635616937929,0.8826666515312294,33.9760635311516,52.64673380980664,2.0265791271493185,3.6193511608241504,"(1.0, 15.0)",2025-07-08T16:35:13.219999313+00:00,0.27,,,,,,,,,,
62135127,MILD,fail_incidence,15.396025322568642,0.9193807721445728,25.463854683657058,60.19882453115706,1.9187406539464888,2.060503764818281,"(1.0, 20.0)",2025-07-08T16:46:49.489998102+00:00,1.57,,,,,,,,,,
62135147,MILD,fail_incidence,9.341658606429919,0.9708676039530758,27.645766561916076,57.285673627761184,2.1150337456507993,2.5541690995170416,"(1.0, 20.0)",2025-07-08T17:00:23.350000381+00:00,0.71,,,,,,,,,,
62135167,MILD,fail_incidence,9.573177661216233,0.7816413786791734,48.55949096643981,61.53696560953144,1.9062465092567709,7.1384606315544765,"(2.0, 8.0)",2025-07-08T17:03:32.009998322+00:00,0.54,,,,,,,,,,
62135172,MILD,fail_incidence,8.391341887761381,0.9624636602343262,27.49394619218156,62.34579580538403,2.1114425195264763,3.0686147869516183,"(1.0, 8.0)",2025-07-08T17:04:05.819999695+00:00,1.28,,,,,,,,,,
62135177,MILD,fail_incidence,6.661663885603369,0.9556771905191563,23.713290818090215,54.841163602575165,2.1664582845218807,5.431739584314545,"(1.0, 8.0)",2025-07-08T17:04:54.750000+00:00,0.19,,,,,,,,,,
62135192,MILD,fail_incidence,14.911684982373172,0.9059069009597273,26.932188886142846,49.927579799005755,2.1384991425147457,3.536494924577311,"(1.0, 5.0)",2025-07-08T17:13:30.099998474+00:00,0.45,,,,,,,,,,
62135212,MILD,fail_incidence,8.6871238132693,0.7904956370306575,29.166516821121984,81.96789601716895,1.6077271590725433,6.2310025163095935,"(1.0, 5.0)",2025-07-08T17:26:42.629997253+00:00,0.83,,,,,,,,,,
62135222,MILD,fail_incidence,9.973172163784179,0.9492279009426511,26.060078298852257,53.082826644708405,2.141659509581393,4.103315597097654,"(1.0, 15.0)",2025-07-08T17:32:44.229999542+00:00,0.69,,,,,,,,,,
62135272,MILD,fail_incidence,8.926952271808359,0.9804204826264472,25.033571175606923,53.55869434479166,2.0783906136297716,4.497797312623012,"(1.0, 15.0)",2025-07-08T17:56:28.469999313+00:00,1.32,,,,,,,,,,
62135292,MILD,fail_incidence,6.848088578840854,0.7925186310394516,32.320269825291255,54.87345009751815,1.9278458151719928,3.452284911815732,"(1.0, 8.0)",2025-07-08T18:06:08.260000229+00:00,0.26,,,,,,,,,,
62135297,MILD,fail_incidence,14.695758150678547,0.9760596156181768,28.925916157415678,59.795332611836066,2.0882122618582533,6.678567024043435,"(1.0, 5.0)",2025-07-08T18:07:59.689998627+00:00,0.79,,,,,,,,,,
62135317,MILD,fail_no_result,8.809955687611737,0.9542063025115872,25.355136819635334,44.46588555644438,2.02842956646812,4.2162541191836915,"(2.0, 8.0)",2025-07-08T18:27:39.719997406+00:00,-0.03,,,,,,,,,,
62135367,MILD,fail_incidence,8.617404313412786,0.9007696201574016,28.18354254052569,51.405347011413284,2.0709944164505214,3.4001231270842016,"(1.0, 20.0)",2025-07-08T18:59:33.809997559+00:00,0.64,,,,,,,,,,
62135372,MILD,fail_incidence,14.70098150684046,0.9240850443303757,24.139565539669988,54.253423975804075,2.0310427241186058,2.8740616285595144,"(3.0, 15.0)",2025-07-08T19:02:07+00:00,0.56,,,,,,,,,,
62135382,MILD,fail_incidence,7.717990505372017,0.9656199681165761,29.385222108309055,50.367979554524474,1.9886995519029256,1.9725528869179136,"(1.0, 8.0)",2025-07-08T19:11:30.260000229+00:00,0.14,,,,,,,,,,
62135392,MILD,ok,6.015955190245583,0.9798907986314054,26.75052108158102,44.03144152749986,2.027259404925922,3.739330697297961,"(1.0, 8.0)",2025-07-08T19:15:04.849999905+00:00,0.53,-3.984044809754417,0.08,15.0,0.02,0.9057190958417937,0.19327635327635329,True,3.9462142735957997,,
62135397,MILD,fail_incidence,13.768685965047185,0.9348810418939308,26.43856049339813,58.257698783136675,2.0140693074921523,2.833212308978954,"(1.0, 8.0)",2025-07-08T19:17:35.930000305+00:00,0.78,,,,,,,,,,
62135407,MILD,fail_incidence,16.494995294064314,0.928546878824181,25.815788215812074,53.28809695354749,2.0666214490623314,5.5999587106950965,"(1.0, 5.0)",2025-07-08T19:20:07.809999943+00:00,1.06,,,,,,,,,,
62135422,MILD,fail_incidence,10.109232562417203,0.9476571445325663,29.1164427532132,50.64216379506757,2.3541888463864002,3.1590003544088043,"(1.0, 5.0)",2025-07-08T19:31:49.369998932+00:00,0.28,,,,,,,,,,
62135452,MILD,fail_incidence,10.371263972534589,0.9721602929489558,26.32029854294376,56.83444249423153,2.2711839699411054,2.2332336683230984,"(1.0, 5.0)",2025-07-08T19:38:36.619998932+00:00,0.49,,,,,,,,,,
62135462,MILD,fail_incidence,9.728390847692477,0.9810926751634556,25.76814660182671,57.87775735152864,2.286589755554456,2.9090188610251295,"(2.0, 8.0)",2025-07-08T19:44:12.300000191+00:00,0.72,,,,,,,,,,
62135467,MILD,fail_incidence,7.594240382465933,0.9840672693040469,25.89000642718159,55.11355913895731,2.185727758349924,3.119983654864879,"(2.0, 8.0)",2025-07-08T19:50:05.679999828+00:00,1.26,,,,,,,,,,
62135487,MILD,fail_incidence,16.942931067989548,0.9340770590147709,24.303215053433995,54.467419936814764,2.097876915261103,3.433842143506196,"(1.0, 8.0)",2025-07-08T20:08:03.230000019+00:00,1.0,,,,,,,,,,
62135492,MILD,fail_incidence,13.929953881106842,0.9834064016401742,26.374595508131808,56.424992771920095,2.0123180744202323,3.436010698933206,"(1.0, 8.0)",2025-07-08T20:12:58.369998932+00:00,0.89,,,,,,,,,,
62135497,MILD,fail_incidence,7.140835057644227,0.9761113849491732,25.759219379212816,49.513501184977216,1.978973104706141,2.595801487627422,"(1.0, 8.0)",2025-07-08T20:14:08.779999495+00:00,1.02,,,,,,,,,,
62135507,MILD,fail_incidence,10.720323775229746,0.9019492724734578,25.130418429361402,57.223964651185526,2.283566820954257,7.555697799299486,"(1.0, 5.0)",2025-07-08T20:15:42.219997406+00:00,0.54,,,,,,,,,,
62135567,MILD,fail_incidence,13.024817591322817,0.9533712948731964,27.09127832759716,56.31867930585872,1.977795402648858,5.751869110924142,"(1.0, 15.0)",2025-07-08T20:49:07.710000038+00:00,1.1,,,,,,,,,,
62135572,MILD,fail_incidence,17.08043005992198,0.9700067139419123,26.381268701915946,60.10467447877557,2.1113341039101376,5.931404728720803,"(1.0, 5.0)",2025-07-08T20:52:13.909999847+00:00,0.51,,,,,,,,,,
62135582,MILD,fail_incidence,14.152489838232036,0.7815030226557752,28.856405921940095,55.63782086048191,2.122351716566595,2.6129270190497715,"(1.0, 8.0)",2025-07-08T20:54:36.149997711+00:00,0.19,,,,,,,,,,
62135587,MILD,fail_incidence,9.645427899975166,0.787090943450982,27.143798849493354,75.36019101039585,1.6749424351038775,6.744287356121227,"(2.0, 8.0)",2025-07-08T20:56:31.340000153+00:00,0.48,,,,,,,,,,
62135652,MILD,fail_incidence,8.666899632694713,0.9181281208101818,25.553031152588392,77.56705556980488,1.8823601062104167,2.705039527103219,"(1.0, 8.0)",2025-07-08T21:55:55.579998016+00:00,1.05,,,,,,,,,,
62135662,MILD,fail_incidence,13.280243294791527,0.9435997762293815,25.219936354134806,55.50562844704524,1.9867709722059892,3.213731169739639,"(1.0, 15.0)",2025-07-08T22:01:00.960000038+00:00,0.37,,,,,,,,,,
62135667,MILD,fail_incidence,7.12320921787963,0.9763562762732977,26.609481138566675,53.76364015759378,2.172636895192752,3.948052573289999,"(1.0, 8.0)",2025-07-08T22:01:57.539997101+00:00,1.63,,,,,,,,,,
62135692,MILD,fail_incidence,16.311657473488072,0.9058692095326807,21.922102735829355,57.83233181302458,2.1178285311091307,5.333360895265798,"(1.0, 8.0)",2025-07-08T22:46:09.090000153+00:00,0.53,,,,,,,,,,
62135702,MILD,fail_incidence,15.47672869928929,0.9161999392740996,26.131436084625886,62.44481734015041,2.0526638166560915,2.786050286611924,"(1.0, 8.0)",2025-07-08T22:50:56.219997406+00:00,0.91,,,,,,,,,,
62135722,MILD,fail_incidence,6.2353010577420935,0.9844447352436642,26.61768188770732,50.6223882680492,1.986660266775717,2.1173836534970967,"(1.0, 8.0)",2025-07-08T23:01:23.309999704+00:00,0.47,,,,,,,,,,
62135742,MILD,fail_incidence,16.47520167771923,0.7944802005303614,74.17151134776468,59.05519020177003,2.043261567045494,2.438848323043524,"(1.0, 20.0)",2025-07-08T23:15:12.989999771+00:00,0.69,,,,,,,,,,
62135752,MILD,fail_incidence,13.0786397017606,0.8844242834980247,27.860308851978065,61.23474423989453,1.952625580241105,2.656396395161404,"(1.0, 20.0)",2025-07-08T23:17:29.459999084+00:00,0.58,,,,,,,,,,
62135767,MILD,fail_incidence,4.5320684408755465,0.9759916664766692,24.992126062135778,51.49286704191846,1.8997872703758298,4.208344719910627,"(1.0, 5.0)",2025-07-08T23:29:16.899999619+00:00,0.28,,,,,,,,,,
62135792,MILD,fail_incidence,6.2146887079561886,0.9583342148309234,23.831262091938193,57.003674242109454,2.0729370628933808,3.703892097831865,"(1.0, 20.0)",2025-07-08T23:38:32.599998474+00:00,0.27,,,,,,,,,,
62135837,MILD,fail_incidence,6.811446346490418,0.9799544274115003,25.70361901765853,57.268772608144225,2.0592089645419365,4.27987216234148,"(1.0, 20.0)",2025-07-09T00:02:36.200000763+00:00,1.05,,,,,,,,,,
62135887,MILD,fail_incidence,7.813072743481839,0.9807584843239707,26.812259585280085,51.58546825423662,1.987565238046716,2.7351003071590725,"(2.0, 8.0)",2025-07-09T00:25:26.129999161+00:00,0.81,,,,,,,,,,
62135902,MILD,fail_incidence,7.846257540484205,0.989462986250804,26.487391616002107,54.36264302491762,1.881473874968971,4.880448271415382,"(1.0, 5.0)",2025-07-09T00:39:46.649997711+00:00,0.73,,,,,,,,,,
62135917,MILD,fail_incidence,7.001873183504188,0.964163769361305,28.164763035898936,58.425834260602485,1.9817352417082907,7.680499838393351,"(1.0, 5.0)",2025-07-09T00:49:47.649997711+00:00,0.73,,,,,,,,,,
62135942,MILD,fail_incidence,14.675418507486329,0.9682126815177454,28.587351320690832,68.35537102138534,2.0841948094524625,2.7084155827480867,"(1.0, 20.0)",2025-07-09T01:15:45.200000763+00:00,0.5,,,,,,,,,,
62135947,MILD,fail_incidence,8.620237955772756,0.9794001866939974,36.94523411013324,51.87952581920149,2.1852746683198023,4.716353438614866,"(1.0, 8.0)",2025-07-09T01:23:33.549999237+00:00,0.66,,,,,,,,,,
62135952,MILD,fail_incidence,12.02265624788155,0.9190711808332621,25.867677630672755,66.00149758380215,2.03669552094305,4.686238420398096,"(1.0, 5.0)",2025-07-09T01:25:42.500000+00:00,0.66,,,,,,,,,,
62135967,MILD,fail_incidence,8.321639547984187,0.9721820702234067,26.874333462106527,59.28053308964499,2.074721153707667,4.235465720929163,"(1.0, 15.0)",2025-07-09T01:36:27.010000229+00:00,1.38,,,,,,,,,,
62135972,MILD,fail_incidence,6.985150227260383,0.9879713913073849,34.64455508317681,60.69228532930305,2.1189105293457704,3.6573356833138355,"(1.0, 20.0)",2025-07-09T01:40:02.650000095+00:00,0.34,,,,,,,,,,
62135982,MILD,fail_incidence,5.45455565009992,0.9492743414341656,27.098985532746095,61.64686500415817,2.0100854664725336,2.9429957411262575,"(1.0, 8.0)",2025-07-09T01:53:22.250000+00:00,0.64,,,,,,,,,,
62136012,MILD,fail_incidence,8.202118610175246,0.9453207015808622,27.19671230686078,59.46523467562079,1.9739708092229933,5.557279957463662,"(1.0, 8.0)",2025-07-09T02:39:52.319999695+00:00,0.36,,,,,,,,,,
62136032,MILD,fail_incidence,12.671809220419721,0.9335969666964179,26.373931550459783,67.00034152858728,1.8970277440020864,3.3570817237410084,"(1.0, 15.0)",2025-07-09T03:10:50.189998627+00:00,0.56,,,,,,,,,,
62136037,MILD,fail_incidence,13.059930657857004,0.9342501844111545,28.755680315193608,65.20794043990514,2.0744674358966755,5.03418852465664,"(1.0, 5.0)",2025-07-09T03:11:17.340000153+00:00,0.91,,,,,,,,,,
62136057,MILD,fail_incidence,5.974199472360534,0.9473625809829358,20.716373971516337,48.822401434252185,2.1955014097227217,3.3294157124872115,"(1.0, 5.0)",2025-07-09T04:12:37.549999237+00:00,0.68,,,,,,,,,,
62136062,MILD,fail_incidence,15.446799926523232,0.9789755711083924,27.614342774088463,65.70152147708048,2.0430178149422025,6.857120799697048,"(1.0, 5.0)",2025-07-09T04:16:51.009998322+00:00,0.67,,,,,,,,,,
62136072,MILD,fail_incidence,12.306994679005163,0.8452801072647276,26.66029063978467,62.754762258962266,1.9120901753623905,2.3662523337149106,"(1.0, 15.0)",2025-07-09T04:32:20.069999695+00:00,0.57,,,,,,,,,,
62136082,MILD,fail_incidence,7.582407768923534,0.9295600697739147,18.210482243167654,55.20276991095683,2.0923673531179414,2.9388601062818047,"(5.0, 10.0)",2025-07-09T04:33:33.669998169+00:00,-0.48,,,,,,,,,,
62136097,MILD,fail_incidence,7.783598662626384,0.9770513977139541,27.66442889588528,48.98185046685424,2.123709409858405,3.0046723730494276,"(1.0, 5.0)",2025-07-09T04:46:02.289999962+00:00,0.8,,,,,,,,,,
62136102,MILD,fail_incidence,7.755760929009137,0.8988880234370893,22.64905255191884,50.3970761564657,2.1591489684972003,3.2316048989308017,"(1.0, 5.0)",2025-07-09T04:53:39.869998932+00:00,0.81,,,,,,,,,,
62136107,MILD,fail_incidence,3.6040190869430764,0.9249451484982866,30.571749741592992,60.23263941701394,1.919105962019414,3.2761440575594483,"(1.0, 8.0)",2025-07-09T05:02:05.710000038+00:00,0.02,,,,,,,,,,
62136132,MILD,fail_incidence,5.9839073297555965,0.9300090474749038,42.88189530515354,57.586309499079206,2.1034048077676992,4.575348827137131,"(1.0, 8.0)",2025-07-09T05:39:03.699999809+00:00,0.26,,,,,,,,,,
62136137,MILD,fail_incidence,4.9058312244210365,0.9817887555185448,27.532181046353653,59.58186770489795,2.0096489300536726,4.800331536575397,"(1.0, 5.0)",2025-07-09T05:43:04.099999905+00:00,0.57,,,,,,,,,,
62136142,MILD,fail_incidence,12.003475495332124,0.9299894359332093,47.902231275102835,81.99369652247175,2.074586376591193,2.5896723590468627,"(1.0, 8.0)",2025-07-09T05:43:34.279998779+00:00,0.48,,,,,,,,,,
62136157,MILD,fail_incidence,5.3888190002636875,0.9877291180447473,26.0208276117838,52.604779281754574,2.0371266825997414,2.403676989032983,"(1.0, 15.0)",2025-07-09T06:21:40.360000610+00:00,0.55,,,,,,,,,,
62136162,MILD,fail_incidence,7.5869874734773,0.987802726603161,33.28032890942225,81.44184817465249,2.157992316650123,3.4610259253028643,"(1.0, 5.0)",2025-07-09T06:23:58.009998322+00:00,0.09,,,,,,,,,,
62136177,MILD,fail_incidence,14.995766600254875,0.8462246254449023,31.924724739176604,60.40159178088549,1.9562167738178668,4.361871038685386,"(10.0, 45.0)",2025-07-09T06:44:32.389999390+00:00,0.73,,,,,,,,,,
62136187,MILD,fail_incidence,4.803995686874169,0.9284446565151171,27.10858481603511,52.73387694818829,1.9107581908022,3.126856411091111,"(1.0, 8.0)",2025-07-09T06:52:20.209999084+00:00,0.22,,,,,,,,,,
62136192,MILD,fail_incidence,5.645646829861081,0.9423156761211,33.32421095841767,63.1438288704924,1.881120654182158,8.987405972887663,"(1.0, 8.0)",2025-07-09T06:49:58.779998779+00:00,0.45,,,,,,,,,,
62136207,MILD,fail_incidence,14.70098150684046,0.9419938714184932,26.12071728695727,62.30053142118286,1.9757452315292332,1.616983180992871,"(1.0, 20.0)",2025-07-09T07:01:00.980000019+00:00,0.63,,,,,,,,,,
62136212,MILD,fail_incidence,17.632140492104007,0.90312560124123,28.404953114337328,51.460271113746735,2.1212663197366823,4.029928378236358,"(1.0, 5.0)",2025-07-09T07:18:01.130000114+00:00,1.39,,,,,,,,,,
62136237,MILD,fail_snr,6.876441469735463,0.9653225387514155,23.590859223762482,44.05333779675621,2.0134940207550813,1.7677534797538963,"(1.0, 8.0)",2025-07-09T07:43:15.139999390+00:00,0.67,,,,,,,,,,
62136242,MILD,ok,12.786158159599209,0.9608927945120816,26.61808111385368,39.82382028698748,2.4350035314174066,6.231263875269839,"(1.0, 8.0)",2025-07-09T07:45:33.869998932+00:00,0.65,-87.21384184040079,0.04,91.0,0.1,0.0,0.21942857142857142,True,1.6427080899022826,,
62136247,MILD,fail_incidence,11.571196252372628,0.9502629891311288,23.3264155651284,52.42378924141839,2.285856312866217,5.463657964200515,"(3.0, 5.0)",2025-07-09T07:46:11.219999313+00:00,0.6,,,,,,,,,,
62136272,MILD,fail_incidence,12.707261078930028,0.9344866363821411,24.28612292767806,48.04026358749218,2.3921130563165396,5.835328152496678,"(1.0, 8.0)",2025-07-09T07:52:24.029998779+00:00,0.8,,,,,,,,,,
62136277,MILD,ok,14.877762283011629,0.9748157825656728,22.491537376325773,44.85419213011507,2.371788157329935,5.509050695410869,"(1.0, 20.0)",2025-07-09T08:07:06.750000+00:00,0.71,6.877762283011629,0.04,91.0,0.1,-0.8585786437626906,0.17739545997610512,True,1.6864912608818494,,
62136287,MILD,fail_incidence,7.783165126525233,0.80409074784296,24.725385460949038,51.275786149242336,2.09262592573137,5.355476394896891,"(2.0, 8.0)",2025-07-09T08:21:09.139999390+00:00,0.18,,,,,,,,,,
62136292,MILD,fail_snr,8.193205004651677,0.9852955196618141,26.918584845273077,44.16419971914246,2.0640507336969436,1.4225151690318159,"(1.0, 8.0)",2025-07-09T08:34:10.210000038+00:00,0.47,,,,,,,,,,
62136297,MILD,fail_incidence,15.805472082956646,0.9174623671634045,23.450344414085745,59.38158628688276,2.012450138070159,5.2572414765744355,"(1.0, 8.0)",2025-07-09T08:39:02.130000114+00:00,0.3,,,,,,,,,,
62136312,MILD,ok,8.36245210832378,0.9820568476715498,22.9022319067393,44.17358485724229,2.100190415484656,4.7281543197897555,"(1.0, 8.0)",2025-07-09T09:04:39.590000153+00:00,0.16,-71.63754789167622,0.04,52.0,0.08,1.0,0.1971988795518207,True,1.9045892079632833,,
62136332,MILD,fail_incidence,6.063549078851465,0.9748160029922357,32.473802347957765,48.327022849935524,2.014064811885111,3.7759201609446844,"(1.0, 20.0)",2025-07-09T09:57:14.449999809+00:00,0.18,,,,,,,,,,
62136337,MILD,fail_incidence,16.601149088693735,0.7898857736805431,24.55482004998187,55.79112779880142,2.179497120466707,2.641643740947785,"(1.0, 5.0)",2025-07-09T10:02:16.529998779+00:00,0.66,,,,,,,,,,
62136352,MILD,ok,7.199911598980748,0.9462088649187359,27.605945075472366,44.09149672116714,2.00376881996512,4.388791770587475,"(1.0, 5.0)",2025-07-09T10:33:20.189998627+00:00,0.29,-80.80008840101925,0.04,91.0,0.1,0.9057190958417937,0.22857142857142856,True,1.9962382686789335,,
62136382,MILD,ok,1.7952963063101277,0.9545677407697345,26.078869333652307,41.71039561013744,2.128340641075898,2.4141881630584856,"(1.0, 20.0)",2025-07-09T11:21:46.829998016+00:00,-0.05,13.795296306310128,0.04,57.0,0.08,0.0,0.15542857142857142,True,1.8793984021176042,,
62136392,MILD,fail_incidence,6.736964857414917,0.7297132138919551,54.18312622400803,51.579569404387236,1.9391008459336505,4.086855856726574,"(1.0, 8.0)",2025-07-09T11:56:33.250000+00:00,0.17,,,,,,,,,,
62136397,MILD,fail_incidence,7.839863145378411,0.9906690865051364,30.08870224073734,47.772269457869015,2.1885294327776657,4.414938064357126,"(1.0, 15.0)",2025-07-09T12:07:17.920000076+00:00,0.06,,,,,,,,,,
62136402,MILD,fail_incidence,8.242184947403915,0.9838280561000812,27.887892298064223,48.320530115162605,2.059041360935564,4.29482635466823,"(1.0, 15.0)",2025-07-09T12:07:33.919998169+00:00,0.22,,,,,,,,,,
62136417,MILD,ok,5.251086633162153,0.9859610701578434,27.42640554969451,43.95587475722034,2.0828234683112066,3.7759339059798807,"(1.0, 8.0)",2025-07-09T12:15:00.450000048+00:00,0.13,13.251086633162153,0.16,49.0,0.04,0.0,0.2027329192546584,True,7.6818800265262555,,
62136437,MILD,fail_incidence,6.266810214562966,0.9821983208283565,25.49742621399595,47.92270713215627,2.0197735653384856,2.079062663146944,"(1.0, 15.0)",2025-07-09T12:28:54.479999542+00:00,0.99,,,,,,,,,,
62136457,MILD,fail_incidence,5.980132934946869,0.9924212347805126,24.864741545446126,46.64642180005625,2.0477470662629154,4.331966228648334,"(1.0, 8.0)",2025-07-09T12:48:20.149999619+00:00,0.68,,,,,,,,,,
62136482,MILD,ok,6.6868418943010814,0.9884941825420471,25.773603852943847,44.39439280324335,2.011873689911178,4.4476602180214195,"(1.0, 5.0)",2025-07-09T13:12:12.029999495+00:00,0.56,-71.31315810569892,0.04,10.0,0.02,0.9371460638945291,0.21876363636363635,True,1.9881963863131964,,
62136507,MILD,fail_no_result,7.051585271860788,0.9818662958928531,28.11734019212889,41.90282477929279,2.0091224728432233,3.877177982299501,"(3.0, 30.0)",2025-07-09T13:24:28.599998474+00:00,0.58,,,,,,,,,,
62136512,MILD,fail_incidence,5.956404381129979,0.9597132049185966,24.94743580925092,52.684564606740935,1.9962637665600937,2.11664337358901,"(1.0, 15.0)",2025-07-09T13:25:29.659999847+00:00,0.3,,,,,,,,,,
62136527,MILD,fail_incidence,7.933149217376027,0.9888113183255678,28.71115972844905,49.07286708334105,2.0851682890500864,6.869855714813889,"(1.0, 8.0)",2025-07-09T13:36:43.719997406+00:00,0.95,,,,,,,,,,
62136547,MILD,ok,7.154387678717806,0.9600513869260889,25.27164302657895,41.920442755907196,2.0711230758051458,5.752184336182306,"(1.0, 5.0)",2025-07-09T14:01:13.889999390+00:00,0.24,-80.84561232128219,0.04,91.0,0.1,0.8114381916835873,0.19721481481481484,True,1.9313193149784236,,
62136557,MILD,ok,7.073231172349419,0.7457768474839788,41.15442045276796,44.26732677142415,2.2570322146727153,5.223565124228239,"(1.0, 5.0)",2025-07-09T14:13:23.809999704+00:00,0.35,23.07323117234942,0.08,26.0,0.04,0.0,0.20512820512820515,True,3.544477543560473,,
62136562,MILD,ok,7.321266144511043,0.9685159351146624,28.055891245774344,43.31448826203267,2.100057111782502,6.520091054627063,"(1.0, 5.0)",2025-07-09T14:22:35.200000763+00:00,0.26,-68.67873385548896,0.04,51.0,0.06,0.0,0.19327635327635329,True,1.9047101041003835,,
62136592,MILD,fail_incidence,7.8129517373505735,0.9426773790661969,30.06078306833569,48.51580766044993,2.0299739339901337,6.6202883106173624,"(1.0, 5.0)",2025-07-09T14:45:16.489999771+00:00,-0.02,,,,,,,,,,
62136627,MILD,fail_incidence,4.331352705271424,0.9840881652036486,26.93408870810749,45.305605169518984,2.1347724317422956,3.1619624540588767,"(1.0, 20.0)",2025-07-09T15:19:12.599999428+00:00,0.05,,,,,,,,,,
62136677,MILD,fail_incidence,8.286337180663457,0.9804485086124137,26.00487977903603,47.808965911834505,2.3032191778711133,8.59989817292911,"(1.0, 5.0)",2025-07-09T16:03:26.559999704+00:00,2.26,,,,,,,,,,
62136682,MILD,fail_incidence,9.541251442802524,0.9675090119923193,25.581494410826203,48.038639994611216,2.3977874047615786,7.328213641088237,"(1.0, 5.0)",2025-07-09T16:03:18.770000458+00:00,0.91,,,,,,,,,,
62136702,MILD,fail_incidence,11.156564836671823,0.9128726137447376,23.573697354061984,50.68100524999611,2.361036549077346,4.8884784353752035,"(1.0, 5.0)",2025-07-09T16:11:46.389999390+00:00,0.73,,,,,,,,,,
62136767,MILD,fail_incidence,7.516184139774605,0.9883874776575468,23.959850633553582,51.19291715614947,2.081162674679632,3.934729061330086,"(1.0, 8.0)",2025-07-09T16:45:36.899997711+00:00,0.91,,,,,,,,,,
62136812,MILD,fail_incidence,6.524807723311417,0.9652722786982002,22.938208588643235,47.06746665495861,2.1337480923228096,3.7945293120680796,"(1.0, 8.0)",2025-07-09T17:28:39.619998932+00:00,0.54,,,,,,,,,,
62136837,MILD,ok,7.564338424719202,0.9895644772683543,28.102103551671995,42.70883320839779,2.081165693636412,4.416691859450718,"(1.0, 5.0)",2025-07-09T17:44:32.529998779+00:00,0.63,-72.4356615752808,0.04,49.0,0.06,0.1986123146552461,0.20086153846153848,True,1.9219997774472333,,
62136852,MILD,fail_rectilinearity,8.705808346432944,0.45290497955163167,56.45634429603596,51.5825576882842,2.430292866133801,4.611443116780541,"(1.0, 15.0)",2025-07-09T17:52:18.539999008+00:00,0.47,,,,,,,,,,
62136872,MILD,fail_incidence,12.462889476047398,0.8869404557024634,29.53551301264199,48.620620335930624,2.415191528600776,4.306434037655414,"(1.0, 8.0)",2025-07-09T18:02:03.349999905+00:00,0.64,,,,,,,,,,
62136907,MILD,fail_no_result,7.910758065258811,0.9607029199579418,22.66234240347081,43.32169762051884,2.024273109319452,3.130165887665893,"(1.0, 20.0)",2025-07-09T18:28:30.029998779+00:00,0.67,,,,,,,,,,
62136912,MILD,fail_incidence,5.3134412523232175,0.9822561045600506,24.52196086939777,47.59578907544737,2.0076594588616077,2.917179833978773,"(5.0, 30.0)",2025-07-09T18:30:51.270000458+00:00,1.15,,,,,,,,,,
62136927,MILD,fail_incidence,8.883050888647723,0.9837546067704803,26.35121486054221,47.394096892741715,1.997519666609403,3.362357872786598,"(1.0, 8.0)",2025-07-09T18:42:21.609998703+00:00,0.59,,,,,,,,,,
62136942,MILD,fail_incidence,11.563356427450424,0.9876230089758117,27.79815071070676,56.50563839211808,1.982816131540086,2.5969647309856216,"(1.0, 20.0)",2025-07-09T18:49:29.879999161+00:00,0.72,,,,,,,,,,
62136997,MILD,fail_incidence,12.3564497206356,0.9680847890151733,24.378016488946955,53.002542452646416,1.9868634622296766,4.766762750761886,"(1.0, 20.0)",2025-07-09T19:25:14.139999390+00:00,0.53,,,,,,,,,,
62137012,MILD,fail_incidence,18.143139904262192,0.8774607768704938,18.51323085106994,48.57673216308262,2.1493495792673207,2.819074981655536,"(1.0, 20.0)",2025-07-09T19:31:56.099998474+00:00,0.47,,,,,,,,,,
62137057,MILD,fail_incidence,7.167395628083971,0.9895022307584626,25.73419542104458,48.55740908920735,2.021577494311049,2.5993628899228596,"(1.0, 8.0)",2025-07-09T19:50:06.500000+00:00,0.88,,,,,,,,,,
62137252,MILD,ok,7.264057218814293,0.9693333164167265,30.261306873248913,44.03492253081621,2.1019279632415837,2.959412632870122,"(1.0, 8.0)",2025-07-09T21:59:34.450000763+00:00,0.21,-72.73594278118571,0.16,49.0,0.02,0.0,0.1824,True,7.612059157024998,,
62137262,MILD,fail_incidence,13.747121337105641,0.856315015491244,29.185217256478875,54.26852225455189,1.9774566037460066,6.713302421264594,"(1.0, 8.0)",2025-07-09T22:00:55.959999084+00:00,0.42,,,,,,,,,,
62137297,MILD,fail_incidence,13.67273146135312,0.9188004279566278,27.681078793625176,56.498671788101035,2.028019622754058,4.986342806230687,"(2.0, 8.0)",2025-07-09T22:36:37.959999084+00:00,0.68,,,,,,,,,,
62137362,MILD,fail_incidence,7.719786227228594,0.9917425339168746,27.05724779103252,47.60117560763133,2.019357669527436,5.443131379194865,"(1.0, 5.0)",2025-07-09T23:13:53.969997406+00:00,0.5,,,,,,,,,,
62137407,MILD,fail_incidence,5.795413148682077,0.9727538561943654,28.841294816254464,45.05679250382695,2.0896862238842653,2.487282603260882,"(1.0, 20.0)",2025-07-09T23:44:28.119998932+00:00,1.37,,,,,,,,,,
62137427,MILD,fail_incidence,7.35020772605227,0.984968827776826,32.07232462158411,48.31543499038456,2.0227406790324407,2.626130758716788,"(1.0, 5.0)",2025-07-09T23:53:27.049999237+00:00,0.09,,,,,,,,,,
62137497,MILD,fail_exception,9.500487753166352,0.9897130529616063,26.81969802159295,43.88889108713942,2.1018868209997668,6.811336829535629,"(1.0, 5.0)",2025-07-10T00:24:22.209999084+00:00,0.97,,,,,,,,,unsupported operand type(s) for /: 'NoneType' and 'float',"Traceback (most recent call last):
  File ""/Users/mhemmett/Seismology/mt-rainier/scripts/run_sws_generic.py"", line 187, in process_event
    splitting_obj.perform_sws_analysis(coord_system='LQT', sws_method='EV_and_XC',
    ~~~~~~~~~~~~~~~~~~~~~~~~~~~~~~~~~~^^^^^^^^^^^^^^^^^^^^^^^^^^^^^^^^^^^^^^^^^^^^
                                        cluster_eps=CLUSTER_EPS, cluster_min_samples=CLUSTER_MIN_SAMPLES)
                                        ^^^^^^^^^^^^^^^^^^^^^^^^^^^^^^^^^^^^^^^^^^^^^^^^^^^^^^^^^^^^^^^^^
  File ""/Users/mhemmett/Seismology/mt-rainier/swspy/splitting/split_windowcheck.py"", line 1695, in perform_sws_analysis
    Q_w = self._calc_Q_w(opt_phi, opt_lag, grid_search_results_all_win_XC, tr_T, method=""dbscan"")
  File ""/Users/mhemmett/Seismology/mt-rainier/swspy/splitting/split_windowcheck.py"", line 1385, in _calc_Q_w
    dt_diff = opt_lag_XC / opt_lag_EV
              ~~~~~~~~~~~^~~~~~~~~~~~
TypeError: unsupported operand type(s) for /: 'NoneType' and 'float'
"
62137502,MILD,fail_incidence,5.645646829861081,0.9806919105972391,26.483588781426885,47.502637426775635,2.0100929703296146,6.189161453585144,"(1.0, 8.0)",2025-07-10T00:29:16.680000305+00:00,0.46,,,,,,,,,,
62137807,MILD,fail_incidence,3.407652900725676,0.9715541965030425,26.745648864527343,54.276570517699945,1.9791387666377693,3.9566719843117513,"(1.0, 20.0)",2025-07-10T02:45:10.099999428+00:00,0.27,,,,,,,,,,
62137832,MILD,fail_incidence,3.1254778828662175,0.9881252551426946,24.001607633781905,50.30689196741961,2.1583875559096075,3.3858390586527958,"(1.0, 20.0)",2025-07-10T03:01:02.759999990+00:00,-0.07,,,,,,,,,,
62137882,MILD,fail_incidence,6.5782875738924105,0.9824242118099111,27.250284829111497,50.003707968190476,1.9928545105534137,3.098917799996599,"(1.0, 5.0)",2025-07-10T03:47:20.479999542+00:00,0.17,,,,,,,,,,
62137887,MILD,fail_incidence,8.595192410026266,0.9472004004182639,27.880754578343524,48.432796145681785,1.9682945223453063,2.51427532056119,"(1.0, 8.0)",2025-07-10T03:53:40.189998627+00:00,0.33,,,,,,,,,,
62137907,MILD,ok,5.4806531986044975,0.9730596320434588,27.703361825678453,40.583654520961204,1.981623653406314,2.947017938127323,"(1.0, 8.0)",2025-07-10T04:38:25.100000381+00:00,0.63,-40.5193468013955,0.08,16.0,0.02,0.2771797347870848,0.22036630036630037,True,4.0370935148298175,,
62137932,MILD,fail_incidence,11.465573630831368,0.7624103329773857,12.045101582823914,57.940309711297175,2.3572512718064003,6.295544854692537,"(1.0, 15.0)",2025-07-10T05:03:34.610000610+00:00,0.33,,,,,,,,,,
62137937,MILD,fail_incidence,7.246809931186475,0.9803174428236131,25.241863702039275,51.956209536374885,2.047469062559062,3.2097557244075596,"(1.0, 8.0)",2025-07-10T05:06:14.329999924+00:00,0.53,,,,,,,,,,
62137942,MILD,fail_incidence,12.12443204535489,0.8935130044787174,21.15547729427236,59.11041970537,2.309921689976345,4.773093821342352,"(1.0, 20.0)",2025-07-10T05:06:27.250000+00:00,0.71,,,,,,,,,,
62137957,MILD,fail_incidence,14.749165027832046,0.9569789386645667,24.98913368697345,57.414168209357946,2.1255044601205175,2.884079913945662,"(1.0, 5.0)",2025-07-10T05:28:40.700000763+00:00,0.96,,,,,,,,,,
62137967,MILD,fail_incidence,13.438179581826532,0.921128154835475,22.8994071588538,56.23260257553498,2.3875418523626855,3.8176297851355345,"(5.0, 30.0)",2025-07-10T05:32:56.479999542+00:00,0.38,,,,,,,,,,
62137972,MILD,fail_incidence,13.03547680215714,0.9320698715240527,26.851032496567484,55.99521782168449,2.342871482112999,4.222482283791754,"(5.0, 30.0)",2025-07-10T05:34:02.539999962+00:00,0.44,,,,,,,,,,
62137977,MILD,fail_incidence,8.58188710965202,0.993255864426388,31.300661795414413,47.77675184395038,2.0638386034323273,2.8714404597578542,"(1.0, 5.0)",2025-07-10T05:35:27.899999619+00:00,0.51,,,,,,,,,,
62137982,MILD,fail_incidence,6.985887841210016,0.9240149063933603,22.11257645759452,47.505253754323256,2.0675690129415387,1.6455198433471958,"(5.0, 30.0)",2025-07-10T05:35:59.009998322+00:00,0.08,,,,,,,,,,
62138012,MILD,fail_incidence,12.566623179839134,0.8337322881181272,32.25510792668171,66.33293034415492,2.4256129516237106,3.301845958193139,"(10.0, 45.0)",2025-07-10T06:13:16.129999161+00:00,0.18,,,,,,,,,,
62138022,MILD,fail_incidence,5.923658494120517,0.9926814392479588,26.400976232457595,50.13950426371342,2.0617396722971675,1.4388807265359984,"(1.0, 20.0)",2025-07-10T06:16:35.459999084+00:00,0.05,,,,,,,,,,
62138052,MILD,fail_incidence,9.330026068221402,0.9437416796406785,28.591517132382087,48.30465424402967,2.1330474203657723,4.065431673419373,"(1.0, 8.0)",2025-07-10T07:03:38.680000305+00:00,0.28,,,,,,,,,,
62138072,MILD,fail_incidence,12.558398619774218,0.9407847683832338,41.677104648530545,84.28758595983345,2.014738915702455,3.2249506608508978,"(1.0, 15.0)",2025-07-10T07:31:35.049999237+00:00,0.49,,,,,,,,,,
62138077,MILD,ok,4.887108422715224,0.9872398941204479,23.87638492294966,44.60058346097671,2.0791004364962262,3.2778694845690843,"(1.0, 8.0)",2025-07-10T07:37:50.529998779+00:00,0.39,-61.11289157728478,0.04,91.0,0.1,0.0,0.17603729603729604,True,1.9239089799533409,,
62138082,MILD,fail_incidence,4.681116286421747,0.9761344477816357,24.034312864442462,51.448324367221694,2.0322958538327165,2.3487418811414065,"(3.0, 30.0)",2025-07-10T07:38:24.569999695+00:00,0.19,,,,,,,,,,
62138087,MILD,fail_incidence,12.49533974676768,0.7747107608522976,15.292487356664571,66.43771218881643,2.2533387167422125,5.739847177318978,"(1.0, 8.0)",2025-07-10T07:49:25.869998932+00:00,0.37,,,,,,,,,,
62138092,MILD,fail_incidence,13.07686906817907,0.9043909392351759,28.983865890985467,54.121958172185316,2.38476773429351,4.06768872797561,"(1.0, 15.0)",2025-07-10T07:54:33.200000763+00:00,0.52,,,,,,,,,,
62138107,MILD,fail_incidence,6.2353010577420935,0.9817807762470117,25.333670458912664,50.074409379570554,1.9974047761956584,3.466516568600929,"(1.0, 8.0)",2025-07-10T08:15:46.229999542+00:00,0.51,,,,,,,,,,
62138127,MILD,fail_incidence,13.449534365280055,0.8832685144718465,24.14175970765564,54.47573782751754,2.344560738207262,5.7665390611277765,"(1.0, 8.0)",2025-07-10T08:38:07.559999943+00:00,0.77,,,,,,,,,,
62138152,MILD,fail_incidence,10.512325767866473,0.9911355472623675,26.037980573207246,50.3865866566565,2.089995380397841,4.0754153679693825,"(1.0, 8.0)",2025-07-10T09:26:54.299999237+00:00,0.7,,,,,,,,,,
62138157,MILD,fail_incidence,4.096534509417647,0.9850732391319311,26.785728545953738,45.15251735329847,2.101368447352463,2.795196939125648,"(1.0, 20.0)",2025-07-10T09:40:26.819999695+00:00,0.37,,,,,,,,,,
62138162,MILD,fail_incidence,14.17488139950438,0.9240683203668357,26.18442002783338,56.666272733459174,2.0239723647640617,3.8002417601053686,"(1.0, 20.0)",2025-07-10T09:40:42.779998779+00:00,0.64,,,,,,,,,,
62138182,MILD,fail_incidence,6.185248791680147,0.9618737706083236,33.518372928137836,52.17266792663928,1.9772163462154424,5.218097755897748,"(2.0, 8.0)",2025-07-10T10:01:23.500000+00:00,0.13,,,,,,,,,,
62138207,MILD,fail_incidence,17.14978354517909,0.9020810478089765,26.23610787149644,51.375325028340775,1.9709086242906853,5.1729029044223385,"(1.0, 5.0)",2025-07-10T10:57:29.689998627+00:00,0.85,,,,,,,,,,
62138217,MILD,ok,5.438247314837492,0.9656939793697354,31.06862686797842,43.04525774313833,1.9878532123126722,3.821939099177065,"(1.0, 20.0)",2025-07-10T11:03:18.989999771+00:00,-0.02,-84.5617526851625,0.04,10.0,0.02,0.0,0.16860853432282005,True,2.0122210106984673,,
62138232,MILD,fail_incidence,16.351143103963036,0.9602352847211123,22.57312136796155,49.90157524359249,2.150124743827359,2.251384997267275,"(1.0, 5.0)",2025-07-10T11:29:20.100000381+00:00,0.62,,,,,,,,,,
62138242,MILD,fail_incidence,18.916097764155722,0.9180992943697031,25.531339144824287,46.928522458959144,2.140906989833938,2.4874671618606103,"(10.0, 45.0)",2025-07-10T11:32:56.639999390+00:00,0.28,,,,,,,,,,
62138247,MILD,fail_incidence,3.744868261498853,0.9451150915780759,25.998425180017563,52.36385060571679,1.9963829595448805,3.5579786855107893,"(1.0, 8.0)",2025-07-10T11:33:55.409999847+00:00,0.13,,,,,,,,,,
62138257,MILD,fail_incidence,7.438412926575425,0.9823658942212459,26.558780013526285,46.997588694934116,2.0356395421627944,4.633885846858176,"(1.0, 5.0)",2025-07-10T12:25:27.840000153+00:00,0.63,,,,,,,,,,
62138272,MILD,fail_no_result,7.1392704671151686,0.9659545635532308,26.50637531101915,43.568070307214505,2.1020815064956806,5.383833186792658,"(1.0, 8.0)",2025-07-10T12:48:08.179999352+00:00,0.86,,,,,,,,,,
62138282,MILD,fail_incidence,13.379688076197079,0.9284210111304929,30.577848766286742,48.17351127905012,2.0811657499282448,6.370310337447025,"(10.0, 20.0)",2025-07-10T12:59:36.770000458+00:00,0.17,,,,,,,,,,
62138292,MILD,ok,7.069139697036749,0.9762070210817497,24.202597604926407,42.5385981701874,2.072628957629393,4.786913773072829,"(1.0, 5.0)",2025-07-10T13:05:33.669998169+00:00,0.49,-66.93086030296325,0.04,14.0,0.04,0.9371460638945291,0.18379487179487178,True,1.9299161025787621,,
62138307,MILD,fail_incidence,6.445681290569446,0.9842076701323863,26.546647285036276,51.0986408680926,1.9543834523823684,5.303814362528156,"(1.0, 5.0)",2025-07-10T13:30:24.699998856+00:00,0.66,,,,,,,,,,
62138312,MILD,fail_incidence,8.448812240146909,0.9769706546918729,30.52260705806448,49.82424628798487,2.059406369525441,2.220211022617951,"(1.0, 8.0)",2025-07-10T13:34:50.849998474+00:00,0.22,,,,,,,,,,
62138317,MILD,ok,5.894656160741726,0.9548268959367954,25.74663695311506,44.8941307008891,2.053140342362867,5.665074767075833,"(1.0, 5.0)",2025-07-10T13:47:55.559997559+00:00,0.24,-26.105343839258275,0.04,91.0,0.1,-0.29271864609602005,0.2097658862876254,True,1.9482350609294348,,
62138322,MILD,fail_incidence,13.833616066891368,0.9484262260981708,27.06197318991563,48.751150339572696,2.040850696522057,3.952866661453211,"(1.0, 20.0)",2025-07-10T14:03:41.799999237+00:00,1.14,,,,,,,,,,
62138332,MILD,fail_incidence,12.108103274831794,0.9582399583315544,34.03257419026073,49.913799509960796,2.4411129711602673,3.792131155724941,"(1.0, 8.0)",2025-07-10T14:12:42.009998322+00:00,0.4,,,,,,,,,,
62138337,MILD,fail_incidence,13.67273146135312,0.8077900507592515,25.710986484819514,57.45574757813718,2.013255017557449,6.374083254556399,"(1.0, 8.0)",2025-07-10T14:19:23.539999008+00:00,0.38,,,,,,,,,,
62138342,MILD,fail_incidence,6.278304297274083,0.9879519615616896,26.54950396900589,45.485332043038326,2.1421997048431214,2.274147514472088,"(5.0, 30.0)",2025-07-10T14:29:05.659999847+00:00,0.2,,,,,,,,,,
62138357,MILD,fail_incidence,7.7538415991666545,0.9404472882296774,76.91338983915144,47.39606047135931,2.1190200851615852,3.173702277678972,"(1.0, 8.0)",2025-07-10T14:50:31.789999008+00:00,0.13,,,,,,,,,,
62138437,MILD,fail_no_result,7.717990505372017,0.9838410863929383,27.277785524729243,35.684867660591614,2.200201955455111,2.138505051827884,"(5.0, 30.0)",2025-07-10T16:04:08.199999809+00:00,0.37,,,,,,,,,,
62138442,MILD,ok,6.848088578840854,0.976343807085208,25.615471941879314,40.12516219881793,2.068856728570263,2.856681827950333,"(1.0, 8.0)",2025-07-10T16:06:29.449998856+00:00,0.17,-63.15191142115915,0.16,9.0,0.02,0.0,0.17603729603729604,True,7.733739982592808,,
62138522,MILD,fail_incidence,15.01579137983584,0.9024003107888044,26.7047874835652,49.5446720795468,1.9624391877380232,3.7477694598722904,"(2.0, 8.0)",2025-07-10T17:13:40.659999847+00:00,1.22,,,,,,,,,,
62138532,MILD,fail_incidence,13.168905102938542,0.8450637394018023,27.608502372265395,81.82300231013224,1.8782501089936219,5.842122595967819,"(1.0, 5.0)",2025-07-10T17:14:08.899999619+00:00,0.53,,,,,,,,,,
62138537,MILD,ok,10.047991350669264,0.9580246511024424,26.601415572743704,44.89364485175686,2.4104457987894174,4.17176499716428,"(5.0, 10.0)",2025-07-10T17:15:33.709999084+00:00,0.8,70.04799135066926,0.04,21.0,0.02,0.9685730319472645,0.12538775510204084,True,1.659444075452306,,
62138582,MILD,fail_incidence,16.9586439911136,0.9199114256215392,29.14308783170117,55.062601582305966,2.110955569296097,5.927012830188248,"(1.0, 5.0)",2025-07-10T18:00:29.699998856+00:00,0.39,,,,,,,,,,
62138627,MILD,fail_incidence,4.26674898964766,0.9674613711439745,24.83621378633647,48.24457452366155,2.102325701515349,3.9385024666102417,"(1.0, 20.0)",2025-07-10T18:28:00.099999905+00:00,0.14,,,,,,,,,,
62138642,MILD,ok,13.264859250983948,0.9197360189577674,24.78486278043209,42.40243260686321,2.4004027478997316,4.757159597727496,"(1.0, 5.0)",2025-07-10T18:37:37.700000763+00:00,0.62,-16.735140749016054,0.08,55.0,0.08,-0.516379395715103,0.20906666666666665,True,3.3327740551037612,,
62138667,MILD,ok,13.98591003512567,0.9782389467523382,26.413197745488713,41.405036732316425,2.362376202366577,3.196220264384898,"(1.0, 5.0)",2025-07-10T19:00:19.829999924+00:00,0.78,-26.01408996487433,0.04,50.0,0.08,0.9685730319472645,0.20086153846153848,True,1.6932104192350428,,
62138687,MILD,ok,12.872948226373603,0.9740311329822898,30.009685420875318,44.20459591301436,2.334337544912592,2.381079479660036,"(1.0, 5.0)",2025-07-10T19:08:22.139999390+00:00,0.67,-9.127051773626397,0.04,91.0,0.1,0.8428651597363228,0.21370434782608697,True,1.7135482435766494,,
62138697,MILD,ok,7.6493445813117695,0.984001443227971,26.216987131285343,42.865272066908936,1.9955543338465,3.786651216406641,"(1.0, 8.0)",2025-07-10T19:09:19.119998932+00:00,0.89,23.64934458131177,0.08,18.0,0.06,0.4343145750507619,0.1898901098901099,True,4.008911140284376,,
62138707,MILD,fail_no_result,14.045041026009688,0.8033153687585625,28.187246398977265,42.80515165549887,2.400793806329411,2.5304793840252464,"(3.0, 30.0)",2025-07-10T19:15:02.429999828+00:00,0.6,,,,,,,,,,
62138742,MILD,ok,12.479629498142337,0.9661941036581935,29.89168868957812,42.84323392797815,2.3644085727792676,2.7289913768556944,"(3.0, 30.0)",2025-07-10T19:35:14.340000153+00:00,0.47,0.47962949814233724,0.08,20.0,0.02,0.29219518628297836,0.1517948717948718,True,3.383509978817375,,
62138837,MILD,fail_incidence,6.42626821862261,0.985849265971983,25.44504854371485,46.66024720113526,2.0918504452904054,3.5429684667224786,"(5.0, 15.0)",2025-07-10T20:32:21.959999084+00:00,1.25,,,,,,,,,,
62138842,MILD,fail_incidence,13.219490085179388,0.8865920361889346,29.155450146297937,58.02317251701794,2.028442978063171,4.092005717690566,"(1.0, 20.0)",2025-07-10T20:34:03.480000019+00:00,0.21,,,,,,,,,,
62138892,MILD,fail_incidence,7.691495098106054,0.9891189190763835,26.368851600340342,48.677646097690605,2.0724881065964667,3.3198268980960686,"(1.0, 20.0)",2025-07-10T21:17:27.299999237+00:00,2.04,,,,,,,,,,
62138907,MILD,ok,6.624232155741876,0.9977964760788929,26.40835131220235,41.726841511810534,2.149440696656414,3.1702387379064865,"(1.0, 8.0)",2025-07-10T21:25:11.050000191+00:00,0.15,20.624232155741876,0.16,10.0,0.02,0.0,0.18624338624338624,True,7.443796902556546,,
62138917,MILD,fail_incidence,6.798788600079451,0.9531563871220862,28.509659283092294,52.27027981053841,2.3132775409128556,3.0374096285386356,"(1.0, 8.0)",2025-07-10T21:30:28.500000+00:00,0.22,,,,,,,,,,
62139022,MILD,fail_incidence,7.3793775791348395,0.7885443080709306,32.908844529278745,47.926448910118005,2.0226905403168285,6.198289726002473,"(1.0, 8.0)",2025-07-10T22:35:03.740000010+00:00,0.07,,,,,,,,,,
62139162,MILD,ok,20.233177174251146,0.9939348944382764,24.814131912917947,30.96912703356764,2.3954551860444204,3.5017496839176485,"(1.0, 5.0)",2025-07-11T00:11:33.369998932+00:00,1.22,50.233177174251146,0.08,20.0,0.02,0.9685730319472645,0.2048,True,3.339657550935145,,
62139262,MILD,fail_incidence,13.629006579110976,0.8190532271021422,37.127011371292156,64.45888486406177,1.9621618473729328,7.952385744792956,"(2.0, 8.0)",2025-07-11T01:58:15.079999924+00:00,0.53,,,,,,,,,,
62139312,MILD,fail_incidence,15.608760230952978,0.9568036837033697,27.3060384125219,60.27241778604433,2.1233861244248304,3.2338579665140497,"(5.0, 30.0)",2025-07-11T04:30:49.239998102+00:00,1.22,,,,,,,,,,
62139317,MILD,fail_incidence,6.210174547545283,0.9739515570355374,29.797970897948204,50.841678451737124,1.9925884799772702,3.4415398973261704,"(1.0, 8.0)",2025-07-11T04:37:48.860000610+00:00,0.53,,,,,,,,,,
62139342,MILD,fail_incidence,14.490313118188373,0.8978668996829876,26.576424550934327,60.172271281135785,2.033518979223846,3.068911480556038,"(1.0, 20.0)",2025-07-11T05:18:05.259999751+00:00,0.48,,,,,,,,,,
62139387,MILD,ok,13.11296596085803,0.9502710624535405,23.144555083895984,42.592968219280905,2.230870296834102,4.302170611784048,"(2.0, 8.0)",2025-07-11T07:27:03.509999989+00:00,0.54,-18.88703403914197,0.16,31.0,0.02,0.0,0.189247311827957,True,7.172088858194088,,
62139412,MILD,fail_incidence,8.289448693387508,0.8533027420304347,35.514859630279254,53.45577005681967,2.3235208622579306,7.626985204186504,"(1.0, 8.0)",2025-07-11T08:10:37.659999847+00:00,0.59,,,,,,,,,,
62139417,MILD,fail_incidence,7.961080874610309,0.8926024888620849,22.8578035980811,60.97625133988971,2.2989577021991514,6.354782374096918,"(1.0, 5.0)",2025-07-11T08:12:41.129997253+00:00,0.74,,,,,,,,,,
62139432,MILD,fail_incidence,14.586214886560127,0.9713133053795149,22.838725091936766,57.19082732780073,1.9940604941758422,3.7979176347755748,"(2.0, 8.0)",2025-07-11T08:18:52.309997559+00:00,0.27,,,,,,,,,,
62139437,MILD,fail_incidence,13.676335612238585,0.8460152188500139,27.911934936848553,45.20460588805147,2.3687340816015268,2.107231839177019,"(5.0, 30.0)",2025-07-11T08:24:00.849999905+00:00,0.51,,,,,,,,,,
62139452,MILD,ok,5.956404381129979,0.9197364107606198,20.58487853975537,41.45064213044444,2.127807331635697,3.5989274932293904,"(1.0, 20.0)",2025-07-11T08:52:51.680000305+00:00,-0.09,11.956404381129978,0.04,91.0,0.1,0.0,0.1898901098901099,True,1.8798694508327984,,
62139467,MILD,fail_incidence,7.558848293686071,0.829683593124452,22.356318789114358,52.61391042575484,2.3184094427354456,4.97626013319697,"(1.0, 5.0)",2025-07-11T10:00:41.579998016+00:00,0.35,,,,,,,,,,
62139472,MILD,fail_incidence,14.122076577547512,0.6765958429567778,38.85657125418416,46.926090493007344,2.3824876449440415,2.908631908257952,"(1.0, 8.0)",2025-07-11T10:09:15.789999962+00:00,0.33,,,,,,,,,,
62139482,MILD,fail_incidence,12.831282410938424,0.9071065827111138,25.15178387305073,53.6624644284691,2.355332261008525,5.489956079305911,"(1.0, 5.0)",2025-07-11T10:17:37.700000763+00:00,0.65,,,,,,,,,,
62139487,MILD,fail_incidence,13.247880016128395,0.8256514906199648,47.35777892840458,51.24720110046663,2.1400034814570796,4.140833760900059,"(3.0, 30.0)",2025-07-11T10:25:46.969997406+00:00,0.21,,,,,,,,,,
62139492,MILD,ok,11.532251634953917,0.8951923296824622,32.9213425445313,43.61903277257185,2.360391498935285,3.223790510543922,"(2.0, 8.0)",2025-07-11T10:47:22.039999008+00:00,0.23,-88.46774836504608,0.08,34.0,0.06,0.9371460638945291,0.1949425287356322,True,3.38926826486564,,
62139502,MILD,ok,4.906360020632572,0.9879625220295452,28.148728017004007,42.023855626589416,2.065447699031436,3.6521390488000733,"(1.0, 8.0)",2025-07-11T11:50:39.989998102+00:00,0.16,8.906360020632572,0.16,91.0,0.1,-0.9528595479208969,0.2016969696969697,True,7.746504550806581,,
62139507,MILD,ok,8.019813985937356,0.9433632684377559,25.594476526624295,44.040649436845854,1.9225190672108943,3.9756368673677684,"(1.0, 5.0)",2025-07-11T12:15:29.789999008+00:00,0.27,30.019813985937354,0.16,35.0,0.08,0.0,0.2167195767195767,True,8.322414207944421,,
62139517,MILD,fail_incidence,5.3134412523232175,0.9833371530990042,29.146584168695632,46.19094050412393,2.064769735308071,4.384422011299298,"(1.0, 8.0)",2025-07-11T12:24:43.520000458+00:00,0.41,,,,,,,,,,
62139532,MILD,fail_incidence,13.852082109612414,0.9283165339914337,26.653571973936106,53.05268529358696,2.0657593063460893,2.706015464334482,"(1.0, 15.0)",2025-07-11T13:06:19.959999084+00:00,0.63,,,,,,,,,,
62139537,MILD,fail_incidence,5.514255700942466,0.9694072084349336,24.61103515015391,49.71087999809823,2.045301730754478,2.630433571782422,"(5.0, 30.0)",2025-07-11T13:07:50.319999695+00:00,0.19,,,,,,,,,,
62139567,MILD,fail_incidence,8.495266399216954,0.9669307468558905,24.367124062695268,47.127786896247024,2.0570201420479077,2.4133600460382603,"(1.0, 5.0)",2025-07-11T13:55:36.610000610+00:00,0.33,,,,,,,,,,
62139592,MILD,fail_incidence,15.21296858551274,0.8986399890399714,27.581052663389315,48.252854785370715,2.0792686673753504,3.7756170333074976,"(3.0, 15.0)",2025-07-11T14:58:29.629999161+00:00,0.32,,,,,,,,,,
62139597,MILD,fail_incidence,14.636194495986096,0.9259320851021817,27.682781091950936,51.9643562129867,2.099995721845867,6.535446264078649,"(1.0, 20.0)",2025-07-11T15:00:44.090000153+00:00,0.78,,,,,,,,,,
62139647,MILD,fail_incidence,12.273223525051815,0.9711108855329197,33.56979483325484,50.72385046802487,2.4484004343409946,3.2586508227005755,"(1.0, 5.0)",2025-07-11T16:42:57.709999084+00:00,0.34,,,,,,,,,,
62139652,MILD,fail_incidence,7.203458528467779,0.9870562564402723,27.346599726719457,48.673297226696064,2.1242862036455756,2.949207860831506,"(1.0, 20.0)",2025-07-11T16:46:39.349998474+00:00,0.23,,,,,,,,,,
62139662,MILD,fail_incidence,5.790050744054754,0.980883812109605,26.142830586272154,47.561621702626525,2.1028405009694375,3.7715188209106243,"(1.0, 20.0)",2025-07-11T17:10:57.049999237+00:00,0.41,,,,,,,,,,
62139722,MILD,fail_incidence,14.129326425024056,0.873851977201713,25.654258678516637,54.56302725790864,2.063940940258964,3.3949536051127316,"(1.0, 15.0)",2025-07-11T19:16:52.529998779+00:00,0.46,,,,,,,,,,
62139727,MILD,fail_incidence,13.745598923654692,0.961250779703536,29.253082463597604,85.42239527713579,1.6015937226357029,3.023767512306124,"(1.0, 8.0)",2025-07-11T19:23:04.980000019+00:00,2.42,,,,,,,,,,
62139732,MILD,fail_incidence,7.973626274287143,0.9523694090417872,27.913685031885997,49.891894261593826,1.97101184584517,3.335563438370218,"(1.0, 5.0)",2025-07-11T19:28:26.529998779+00:00,0.41,,,,,,,,,,
62139737,MILD,fail_incidence,5.3888190002636875,0.9776695643991989,25.396745644660633,46.44344450871011,2.088925168895705,3.2921931797612336,"(1.0, 20.0)",2025-07-11T19:31:05.029999495+00:00,0.51,,,,,,,,,,
62139747,MILD,fail_incidence,6.084196876752446,0.9779142582923072,26.94435672321759,47.61911163624303,2.1008821297187357,2.7106124347579224,"(1.0, 20.0)",2025-07-11T19:38:27.260000229+00:00,0.42,,,,,,,,,,
62139772,MILD,ok,6.424126218330613,0.988446145127887,25.530747946557923,44.223839503683664,2.118226593312809,2.8285392981087965,"(1.0, 15.0)",2025-07-11T19:51:25.100000381+00:00,1.54,10.424126218330613,0.16,48.0,0.02,0.0,0.19663768115942026,True,7.553488399452457,,
62139782,MILD,fail_incidence,13.629006579110976,0.5452595503186234,25.804752293932133,55.96697938462426,2.014462839865724,10.012618410886873,"(5.0, 10.0)",2025-07-11T19:53:00.799999952+00:00,0.38,,,,,,,,,,
62139787,MILD,fail_incidence,11.808250967910373,0.8880957477629206,26.67232035527313,54.33122107687258,2.3690457878757964,4.295863504471938,"(1.0, 5.0)",2025-07-11T19:57:44.799999237+00:00,0.58,,,,,,,,,,
62139792,MILD,fail_incidence,11.121315962179422,0.9575021425718944,31.888024604386057,49.5739676083646,2.3201694099977046,4.606595090035336,"(1.0, 5.0)",2025-07-11T20:00:10.800000191+00:00,0.64,,,,,,,,,,
62139807,MILD,fail_incidence,6.668859744008593,0.9287592653491784,25.905811068797583,61.41546069583137,2.2923928167956142,10.755718319594063,"(2.0, 8.0)",2025-07-11T20:04:14.909999847+00:00,0.78,,,,,,,,,,
62139812,MILD,fail_incidence,9.875372507745624,0.8317273016126407,17.99782791755105,54.98514502802174,2.4376039866725896,4.459774316668063,"(1.0, 5.0)",2025-07-11T20:17:12.799999237+00:00,0.18,,,,,,,,,,
62139837,MILD,fail_incidence,6.05085518928789,0.9704081248041567,23.777868858727572,45.84910652917702,2.102204830389454,2.929506520822062,"(1.0, 8.0)",2025-07-11T21:11:19.279998779+00:00,0.0,,,,,,,,,,
62139862,MILD,fail_incidence,13.515474199105105,0.9064767395762283,24.792936026250626,51.15959313813414,2.085355859376243,5.165453320994512,"(1.0, 8.0)",2025-07-11T21:47:30.969999313+00:00,0.61,,,,,,,,,,
62139867,MILD,fail_incidence,11.278183562312885,0.9715322755743592,25.06272530793307,55.06240062612737,2.3535998725709484,3.0167811943145524,"(1.0, 8.0)",2025-07-11T21:48:35.409999847+00:00,0.88,,,,,,,,,,
62139892,MILD,fail_incidence,9.816987763385177,0.983629461409864,29.64083029820665,54.25612587303248,2.419860310472895,7.161372542759445,"(1.0, 8.0)",2025-07-11T22:15:31.199998856+00:00,0.89,,,,,,,,,,
62139907,MILD,fail_incidence,7.154387678717806,0.9668149235222617,25.598831515627026,46.43656430861314,2.0368462396614873,4.934359880933965,"(1.0, 5.0)",2025-07-11T22:23:03.650000095+00:00,1.34,,,,,,,,,,
62139947,MILD,fail_incidence,16.60838493637543,0.9279559465734222,26.022434697774212,53.02545587131812,2.041781450901729,3.7818780847592053,"(10.0, 20.0)",2025-07-11T23:35:13.899999619+00:00,0.72,,,,,,,,,,
62139957,MILD,fail_incidence,17.71967909842129,0.8393253098827971,31.95851292098364,54.24870094682498,2.2016366289074294,3.449546600697402,"(1.0, 5.0)",2025-07-11T23:50:22.920000076+00:00,0.87,,,,,,,,,,
62139962,MILD,fail_incidence,18.082551694300996,0.9739286489740842,29.839007107498386,49.694123441174064,2.149605063503379,3.8662677419689997,"(1.0, 20.0)",2025-07-11T23:52:04.269999981+00:00,1.61,,,,,,,,,,
62140012,MILD,fail_incidence,4.772413439783141,0.9061962862506872,30.33846984406889,56.247597101025264,1.9494365981468296,5.216988143509724,"(1.0, 5.0)",2025-07-12T01:25:25.909999847+00:00,0.27,,,,,,,,,,
62140157,MILD,fail_incidence,13.802163260192588,0.976015946819742,27.38565778680809,62.9158229805281,1.9097205169405558,1.6507850665232668,"(1.0, 15.0)",2025-07-12T06:20:26.840000153+00:00,0.44,,,,,,,,,,
62140167,MILD,fail_incidence,19.647369487881924,0.8440495905697911,23.54528903701281,53.999390948139904,2.213991229841157,4.136818807819344,"(1.0, 5.0)",2025-07-12T07:06:54.379997253+00:00,0.57,,,,,,,,,,
62140182,MILD,fail_incidence,12.067000536313458,0.8086526065939542,36.62993918738159,56.650944465574405,2.0844697898970814,4.465425796477179,"(1.0, 8.0)",2025-07-12T08:36:56.500000+00:00,0.48,,,,,,,,,,
62140187,MILD,fail_incidence,18.36997772605225,0.8567065700402618,25.33099186956346,57.63463292079367,2.1403341659019124,2.906700042176377,"(1.0, 5.0)",2025-07-12T09:15:13.979999542+00:00,0.61,,,,,,,,,,
62140192,MILD,ok,10.222268261115408,0.9311630118229103,23.009813416638877,44.07109262262153,2.09275454143605,2.6593743916380106,"(5.0, 30.0)",2025-07-12T09:29:13.119999886+00:00,0.04,76.2222682611154,0.08,18.0,0.02,0.0,0.10708496732026145,True,3.822713004130142,,
62140212,MILD,fail_incidence,9.406249966530954,0.9851306615932346,26.254180089533588,48.82761006887214,1.970412090170563,3.6458917073956982,"(5.0, 10.0)",2025-07-12T10:01:36.250000+00:00,0.38,,,,,,,,,,
62140242,MILD,fail_incidence,7.846257540484205,0.7007163539928112,28.169978011484133,54.36264302491762,1.881473874968971,2.979529414401173,"(1.0, 5.0)",2025-07-12T11:31:29.879999161+00:00,0.04,,,,,,,,,,
62140252,MILD,fail_no_result,8.006526275628868,0.9826623502729073,28.56587605976909,44.37411954748908,2.0197748978916272,3.886226209604941,"(5.0, 10.0)",2025-07-12T12:20:05.829999924+00:00,0.26,,,,,,,,,,
62140272,MILD,fail_exception,6.3904145594607575,0.9302889703441771,26.08527577102812,43.58241241015377,1.9938074519050062,3.046604371562171,"(1.0, 8.0)",2025-07-12T12:39:06.730000019+00:00,0.57,,,,,,,,,unsupported operand type(s) for /: 'NoneType' and 'float',"Traceback (most recent call last):
  File ""/Users/mhemmett/Seismology/mt-rainier/scripts/run_sws_generic.py"", line 187, in process_event
    splitting_obj.perform_sws_analysis(coord_system='LQT', sws_method='EV_and_XC',
    ~~~~~~~~~~~~~~~~~~~~~~~~~~~~~~~~~~^^^^^^^^^^^^^^^^^^^^^^^^^^^^^^^^^^^^^^^^^^^^
                                        cluster_eps=CLUSTER_EPS, cluster_min_samples=CLUSTER_MIN_SAMPLES)
                                        ^^^^^^^^^^^^^^^^^^^^^^^^^^^^^^^^^^^^^^^^^^^^^^^^^^^^^^^^^^^^^^^^^
  File ""/Users/mhemmett/Seismology/mt-rainier/swspy/splitting/split_windowcheck.py"", line 1695, in perform_sws_analysis
    Q_w = self._calc_Q_w(opt_phi, opt_lag, grid_search_results_all_win_XC, tr_T, method=""dbscan"")
  File ""/Users/mhemmett/Seismology/mt-rainier/swspy/splitting/split_windowcheck.py"", line 1385, in _calc_Q_w
    dt_diff = opt_lag_XC / opt_lag_EV
              ~~~~~~~~~~~^~~~~~~~~~~~
TypeError: unsupported operand type(s) for /: 'NoneType' and 'float'
"
62140277,MILD,ok,10.579075608360965,0.9885657805483059,27.959182029518594,39.58325287630566,2.0707341458162936,4.139521570032803,"(2.0, 8.0)",2025-07-12T12:40:09.679999352+00:00,1.14,14.579075608360965,0.04,5.0,0.02,0.9685730319472645,0.17970443349753695,True,1.9316820597572077,,
62140292,MILD,fail_no_result,6.472067035270936,0.9593470521556341,35.51764150812151,39.20146420702943,2.1173542530544385,4.982156359033987,"(1.0, 8.0)",2025-07-12T12:51:35.860000610+00:00,0.42,,,,,,,,,,
62140302,MILD,ok,6.121174936052343,0.9576045016227916,27.69741339264897,43.23324042187907,2.1399774485760954,8.400093396137384,"(1.0, 5.0)",2025-07-12T13:40:36.130001068+00:00,0.44,4.121174936052343,0.04,91.0,0.1,-0.890005611815426,0.1906758620689655,True,1.869178575999262,,
62140327,MILD,fail_incidence,8.084812339776901,0.8857013914486989,26.933794139627263,45.10710709662065,1.9248146649342643,4.78306852982927,"(1.0, 5.0)",2025-07-12T14:34:30.599998474+00:00,0.42,,,,,,,,,,
62140357,MILD,fail_no_result,5.501680618649911,0.9765160436017751,30.833355885414118,38.238843174427224,1.9683250214758596,3.2774151100140676,"(1.0, 8.0)",2025-07-12T15:25:27.049999237+00:00,0.24,,,,,,,,,,
62140362,MILD,fail_snr,6.851384705531156,0.9922943220636373,26.537843842195397,44.99391379096882,2.0857296373554783,1.581688520241098,"(1.0, 20.0)",2025-07-12T15:31:17.600000381+00:00,0.51,,,,,,,,,,
62140392,MILD,fail_incidence,15.52342003768834,0.9871697021329059,28.835800189455266,47.98783160101951,2.2468487774636703,6.911154162275578,"(1.0, 5.0)",2025-07-12T16:31:25.619998932+00:00,0.48,,,,,,,,,,
62140407,MILD,ok,4.399455899594156,0.9752661060641692,28.34640396761124,42.18535899971419,2.0905551280206707,5.233615099487893,"(2.0, 8.0)",2025-07-12T17:17:39.639999390+00:00,0.21,18.399455899594155,0.12,91.0,0.1,-0.9528595479208969,0.1748148148148148,True,5.740102157153613,,
62140417,MILD,fail_incidence,6.695678429442233,0.9663280619235814,26.857250863328844,45.09001125290639,1.9241158753305128,2.4225139956237838,"(1.0, 8.0)",2025-07-12T17:32:08.359999657+00:00,0.17,,,,,,,,,,
62140422,MILD,fail_incidence,8.279755506377528,0.9894864111562557,26.22207113673498,46.2051972318981,1.9611769923942832,2.475960735575819,"(1.0, 8.0)",2025-07-12T17:46:25.100000381+00:00,0.86,,,,,,,,,,
62140442,MILD,fail_no_result,6.986658222768125,0.9628333156488834,31.322954363142017,39.284774114443955,1.9709312704479967,3.646279462442304,"(1.0, 8.0)",2025-07-12T18:19:46.689998627+00:00,0.23,,,,,,,,,,
62140447,MILD,ok,5.404563371396623,0.9730305600103867,29.785683731509607,43.474177615242844,1.9061630813813661,3.570814247866891,"(1.0, 5.0)",2025-07-12T18:28:30.879999161+00:00,0.23,27.404563371396623,0.16,50.0,0.08,0.8428651597363228,0.20611916264090177,True,8.393825353287744,,
62140482,MILD,fail_no_result,15.985301588443727,0.9741292598409307,28.635126184754096,41.96870813156644,2.3308988696365667,3.5834156292128387,"(1.0, 5.0)",2025-07-12T19:35:41.049999237+00:00,1.45,,,,,,,,,,
62140547,MILD,ok,7.021781235792472,0.9371179907698964,25.647694583553015,42.285451665035254,2.008517068506843,2.111325641184947,"(2.0, 8.0)",2025-07-12T20:57:41.469997406+00:00,0.89,21.02178123579247,0.04,20.0,0.02,0.8742921277890582,0.16516129032258065,True,1.9915190479180993,,
62140562,MILD,fail_incidence,11.042447019033286,0.9438467189946473,23.407147102950876,51.26377300094015,2.0534961135465455,3.977814268419582,"(1.0, 8.0)",2025-07-12T21:17:29.510000229+00:00,0.61,,,,,,,,,,
62140602,MILD,fail_incidence,9.130369123109908,0.9696818781158755,27.62843709447472,48.93480264340376,1.9935938020902317,4.250614269631205,"(5.0, 10.0)",2025-07-12T22:48:43.989998102+00:00,0.24,,,,,,,,,,
62140622,MILD,fail_incidence,13.822033883526899,0.9031681995917777,22.118897451249623,57.53000520164016,2.0150048251791115,5.609485839401652,"(1.0, 5.0)",2025-07-12T23:22:12.649999619+00:00,0.47,,,,,,,,,,
62140627,MILD,fail_incidence,12.028478390612955,0.956586280973657,31.692742388417763,65.04586422741373,1.974793463738599,7.370676922531118,"(2.0, 8.0)",2025-07-12T23:23:40.229999542+00:00,0.54,,,,,,,,,,
62140632,MILD,fail_incidence,16.053416341155113,0.8258169553736171,24.294096438198228,52.491020482406235,2.332938670081805,9.21417118262111,"(1.0, 8.0)",2025-07-12T23:38:25.709999084+00:00,0.28,,,,,,,,,,
62140637,MILD,fail_incidence,7.963837313244633,0.9279150350081528,29.212576687547603,50.6252432455054,2.038951955747949,4.251231428883808,"(5.0, 10.0)",2025-07-12T23:42:21.559999704+00:00,0.07,,,,,,,,,,
62140672,MILD,fail_incidence,8.244594132610422,0.9731859351209954,27.865354256228205,53.61441046025788,1.878001556577097,3.9293916944739893,"(1.0, 5.0)",2025-07-13T00:45:12.799999237+00:00,0.36,,,,,,,,,,
62140687,MILD,fail_incidence,13.21137069086092,0.8762030767726762,32.87547746604726,53.54595604920901,2.1000055380530753,5.153185722496434,"(2.0, 8.0)",2025-07-13T01:02:00.859999895+00:00,0.59,,,,,,,,,,
62140702,MILD,fail_incidence,8.575654788698472,0.9554992778520427,28.37744835170101,47.08417414152451,1.9545762194964613,5.122479802212517,"(1.0, 5.0)",2025-07-13T02:17:30.409999847+00:00,0.38,,,,,,,,,,
62140727,MILD,fail_incidence,8.799435812678327,0.762613409910442,36.48386843536249,46.823879216815584,2.2827040748228327,2.3779662200435427,"(1.0, 8.0)",2025-07-13T02:29:48.360000610+00:00,0.46,,,,,,,,,,
62140747,MILD,fail_incidence,10.230302672745658,0.8138945720332242,35.325644229924514,64.50888910244718,1.9023500499562491,5.161434516789678,"(1.0, 5.0)",2025-07-13T03:16:22.909999847+00:00,0.34,,,,,,,,,,
62140752,MILD,fail_incidence,5.188165494706303,0.9321060463599767,29.475181544213143,49.425640463903136,1.9683321005408636,3.490169152575226,"(5.0, 10.0)",2025-07-13T03:19:06.129999638+00:00,0.17,,,,,,,,,,
62140757,MILD,fail_incidence,9.888330371789218,0.9853819297364301,28.976133719925393,49.807448585230155,1.9982968050082377,3.0557289783135855,"(1.0, 8.0)",2025-07-13T03:45:46.789997101+00:00,1.0,,,,,,,,,,
62140767,MILD,fail_incidence,9.109731059632498,0.9329834834415829,27.17463319853426,53.426971734871415,1.8836732194029848,5.123580550896633,"(1.0, 5.0)",2025-07-13T04:18:33.360000610+00:00,0.6,,,,,,,,,,
62140772,MILD,fail_incidence,4.7442771625655045,0.9777111135981278,31.259877205928053,54.74137180673831,1.9069190497289847,4.07209649690285,"(1.0, 8.0)",2025-07-13T04:49:54.779998779+00:00,0.33,,,,,,,,,,
62140782,MILD,fail_incidence,1.170050509627704,0.8366995121842913,32.21727062886343,48.6965062083707,2.1097274749221904,3.186399471891824,"(5.0, 10.0)",2025-07-13T05:09:18.989999771+00:00,0.05,,,,,,,,,,
62140792,MILD,fail_incidence,7.573732303522507,0.777436060307037,39.45192817451474,51.38697793566239,2.057397429920514,4.9160144254750096,"(1.0, 5.0)",2025-07-13T05:14:24.359998703+00:00,0.07,,,,,,,,,,
62140797,MILD,fail_incidence,15.614064156075655,0.6975658359486417,37.94302222189603,58.073685298678605,2.0816057104470556,3.629119544219008,"(1.0, 15.0)",2025-07-13T05:14:51.699996948+00:00,0.25,,,,,,,,,,
62140812,MILD,fail_incidence,16.41265761808169,0.9419320748476483,28.69472355383186,61.03453886730113,2.0263025370172127,6.545136386937525,"(1.0, 5.0)",2025-07-13T05:30:27.069999695+00:00,0.44,,,,,,,,,,
62140817,MILD,fail_incidence,6.097554947009749,0.9795364271326238,32.32461462090849,50.644836291130815,2.041396716154406,7.731365287272494,"(1.0, 5.0)",2025-07-13T05:31:57.919998169+00:00,0.53,,,,,,,,,,
62140822,MILD,fail_incidence,14.871037849315496,0.9350809097488026,30.318609148176165,69.53064656396013,1.9910230331388066,5.562396711987633,"(1.0, 5.0)",2025-07-13T05:40:00.220000029+00:00,0.76,,,,,,,,,,
62140827,MILD,fail_incidence,5.696649788893036,0.9615280732884393,29.844842162635985,60.186597820062836,1.835613429506491,3.7622845153863467,"(1.0, 5.0)",2025-07-13T05:42:34.750000+00:00,0.13,,,,,,,,,,
62140832,MILD,fail_incidence,6.553401588910321,0.9666878134267092,30.819945191968202,53.48862866336263,1.8654994892682453,4.422073720932765,"(1.0, 5.0)",2025-07-13T05:56:59.659999847+00:00,0.25,,,,,,,,,,
62140842,MILD,fail_incidence,6.659370577959629,0.96396567169222,25.90759500506497,55.83128482917287,1.9205068342727556,2.382476146354912,"(1.0, 5.0)",2025-07-13T05:59:34.049999237+00:00,0.11,,,,,,,,,,
62140862,MILD,fail_incidence,4.959982049075274,0.9732015315196335,28.410494204382662,55.25326412840151,2.0314081895319385,2.613075320676227,"(1.0, 20.0)",2025-07-13T06:48:19.840000153+00:00,0.11,,,,,,,,,,
62140877,MILD,fail_incidence,1.718266843608831,0.9881867928887063,28.02538528901908,46.03583535781261,2.0508007753561013,3.3598994364107524,"(1.0, 8.0)",2025-07-13T07:29:21.859998703+00:00,0.27,,,,,,,,,,
62140902,MILD,fail_incidence,7.548698463723733,0.9856148327322724,26.52473041639833,46.041697915147004,1.9739897701119593,3.7930632051208404,"(1.0, 5.0)",2025-07-13T08:02:43.770000458+00:00,0.52,,,,,,,,,,
62140907,MILD,ok,8.481695690541363,0.9876036728253335,27.98581869227167,44.550654855981,2.09558471080519,5.299532313053778,"(1.0, 5.0)",2025-07-13T08:09:24.279998779+00:00,0.95,-67.51830430945864,0.04,13.0,0.02,0.9057190958417937,0.18673740053050397,True,1.9087751401197586,,
62140912,MILD,fail_incidence,6.337863739841888,0.9480424992184191,26.418227188865806,49.42665048571639,1.9713486480130213,4.383250551657524,"(1.0, 5.0)",2025-07-13T08:25:30.539999008+00:00,1.24,,,,,,,,,,
62140932,MILD,fail_incidence,8.495266399216954,0.9452361210320889,31.12605606479893,46.69556090309744,2.063990504334524,4.150581839204282,"(5.0, 10.0)",2025-07-13T08:51:11.569999695+00:00,0.1,,,,,,,,,,
62140947,MILD,ok,9.282948644237722,0.9594258596893823,26.65318447672108,43.50243456450184,2.0082681628465946,3.876487018347518,"(1.0, 5.0)",2025-07-13T09:43:20.270000458+00:00,0.21,21.28294864423772,0.16,9.0,0.02,0.9057190958417937,0.21482517482517482,True,7.967063510742012,,
62140987,MILD,fail_incidence,6.11663215660376,0.9860063935849911,28.848449432675196,48.45925436776045,1.9411814415169035,3.3224074905639647,"(1.0, 8.0)",2025-07-13T11:12:49.709999084+00:00,0.39,,,,,,,,,,
62141002,MILD,fail_incidence,7.167395628083971,0.917136878206058,22.69089142035279,47.184922476141494,2.06656681162592,5.51399789861166,"(2.0, 8.0)",2025-07-13T11:36:52.889999390+00:00,0.22,,,,,,,,,,
62141017,MILD,ok,8.170781299086752,0.8976225653125779,27.08377493506055,41.26714204117297,2.1877890932001542,3.6689677837352885,"(5.0, 10.0)",2025-07-13T11:52:22.420000076+00:00,0.04,22.17078129908675,0.04,11.0,0.02,0.9057190958417937,0.11468392234942758,True,1.828329802188136,,
62141022,MILD,ok,8.799572343501126,0.9781674694130014,29.578318540798257,40.05262052932633,2.009623400978061,3.5251262800023113,"(1.0, 5.0)",2025-07-13T12:00:49.529998779+00:00,0.67,-77.20042765649887,0.04,52.0,0.04,0.9685730319472645,0.22616541353383457,True,1.9904226822066489,,
62141052,MILD,fail_incidence,6.194368883080286,0.9552293734182453,27.48692257561294,47.25287313899083,1.9369342176677402,,None,2025-07-13T13:15:01.259999990+00:00,0.32,,,,,,,,,,
62141057,MILD,fail_incidence,7.717990505372017,0.9537048081012144,29.945269287380203,45.762594964046635,2.0197728417486993,2.2329447561502924,"(1.0, 8.0)",2025-07-13T13:22:06.640000105+00:00,0.28,,,,,,,,,,
62141062,MILD,ok,10.020801332202627,0.9659754764556252,29.822485149349994,37.77337320670829,2.070309779222038,4.112040710828438,"(1.0, 5.0)",2025-07-13T13:24:37.399997711+00:00,0.2,18.020801332202627,0.16,5.0,0.02,0.9685730319472645,0.19327635327635329,True,7.7283120432403765,,
62141082,MILD,fail_incidence,7.5541356748718504,0.9861327779388248,27.664605926386713,48.517699796899265,1.9747955736660867,3.2564223784486805,"(1.0, 20.0)",2025-07-13T14:43:13.289999962+00:00,0.77,,,,,,,,,,
62141087,MILD,fail_incidence,12.822954140581578,0.8847588249170475,27.9001757020981,56.404776937036665,2.0020973974155885,3.643933600431616,"(1.0, 15.0)",2025-07-13T14:56:52.439998627+00:00,0.36,,,,,,,,,,
62141157,MILD,ok,7.299387749555213,0.9834482873810381,27.307237708988705,44.017267973500346,1.9153834064857782,2.7551980284379267,"(1.0, 8.0)",2025-07-13T18:18:09.649999619+00:00,0.56,-80.70061225044479,0.04,57.0,0.02,0.5914494153144392,0.1625806451612903,True,2.088354731723891,,
62141162,MILD,fail_incidence,8.140866097412951,0.9415984288836751,29.218588816392923,46.43595249590966,1.989433985351915,2.930726355692885,"(3.0, 30.0)",2025-07-13T18:41:36+00:00,0.28,,,,,,,,,,
62141172,MILD,fail_incidence,13.67273146135312,0.9611051499153328,30.499701393104232,57.92588590584809,2.004931857712897,4.0966578102451825,"(1.0, 8.0)",2025-07-13T18:50:52.939998627+00:00,0.44,,,,,,,,,,
62141177,MILD,ok,8.301050307894839,0.9282824689274553,27.132451867044026,29.687213105693754,2.1950572749881445,4.9116557392349875,"(1.0, 5.0)",2025-07-13T18:52:35.899997711+00:00,0.35,2.3010503078948386,0.12,15.0,0.04,0.0,0.18624338624338624,True,5.466827739182711,,
62141197,MILD,fail_incidence,11.841800204613168,0.9165939926636054,28.992973070627723,53.37286887903932,1.979412522576261,4.193902438833303,"(3.0, 15.0)",2025-07-13T19:11:49.090000153+00:00,0.47,,,,,,,,,,
62141202,MILD,ok,6.474242845249007,0.9554406366643337,29.11991541202816,43.84701609899876,2.078696964957723,3.639755783511336,"(1.0, 5.0)",2025-07-13T20:12:20.529998779+00:00,1.29,8.474242845249007,0.12,54.0,0.06,-0.7328707715517487,0.1906758620689655,True,5.772847222223207,,
62141212,MILD,fail_snr,11.239416792418961,0.972274028569336,31.633744518702372,35.22779965705601,2.2486909214093025,1.650165116637774,"(1.0, 5.0)",2025-07-13T20:24:34.469997406+00:00,0.32,,,,,,,,,,
62141217,MILD,fail_incidence,8.539429474604185,0.9906530666204745,27.703096122284517,47.73449376028898,1.9392842971733173,2.862743215400633,"(3.0, 30.0)",2025-07-13T20:50:35.229999542+00:00,0.61,,,,,,,,,,
62141227,MILD,fail_incidence,6.605096103333671,0.9789764259942304,26.066073441974417,57.82488393757804,1.9101986068375472,3.9187980996881473,"(1.0, 5.0)",2025-07-13T21:05:11.840000153+00:00,0.64,,,,,,,,,,
62141282,MILD,fail_incidence,5.230624560195172,0.9654125751521834,29.679649115106198,49.28733932019025,2.0404209361858165,3.6186362427964838,"(1.0, 5.0)",2025-07-13T22:25:10.130000114+00:00,0.54,,,,,,,,,,
62141292,MILD,fail_incidence,4.927048723626906,0.9433560191255266,29.208766762665565,54.265489963223764,1.9069938458338296,6.788365740397273,"(1.0, 5.0)",2025-07-13T22:27:03.349999905+00:00,0.81,,,,,,,,,,
62141297,MILD,fail_incidence,6.176958455561717,0.9876368737783477,29.288593143426123,50.046694500513745,1.9542429749150851,3.6276299784622372,"(1.0, 8.0)",2025-07-13T22:33:57.189998627+00:00,0.62,,,,,,,,,,
62141332,MILD,fail_incidence,5.870978487159164,0.9673632009002081,28.275848204515068,46.60507451903672,2.0125623807796376,4.11647250395149,"(1.0, 8.0)",2025-07-13T23:15:33.419998169+00:00,0.49,,,,,,,,,,
62141362,MILD,fail_incidence,8.153031558183583,0.9296929576561686,26.513984507772165,54.468958748741976,1.9490413985795465,4.615130009622968,"(1.0, 5.0)",2025-07-14T00:45:17.840000153+00:00,0.45,,,,,,,,,,
62141382,MILD,fail_incidence,12.148343673181339,0.9559287839290471,27.343389832395182,76.92387984082536,1.9167223791034806,3.6011176810393852,"(1.0, 5.0)",2025-07-14T01:13:56.719997406+00:00,1.05,,,,,,,,,,
62141417,MILD,fail_incidence,5.209555498643727,0.9360204143417927,27.494161237250342,54.5840937445014,1.9232067211039778,5.109350305096029,"(1.0, 5.0)",2025-07-14T02:29:50.149997711+00:00,0.26,,,,,,,,,,
62141432,MILD,fail_incidence,5.764886520108809,0.9091972459690263,29.944006415619025,75.00531129877642,1.7432190921066644,4.556870834949837,"(1.0, 5.0)",2025-07-14T02:42:23.350000381+00:00,0.34,,,,,,,,,,
62141452,MILD,fail_incidence,4.452632156317396,0.7655151769509866,43.79210283834535,59.767515466128756,1.8960404489049456,5.680901932540196,"(2.0, 8.0)",2025-07-14T03:09:49.219997406+00:00,0.3,,,,,,,,,,
62141457,MILD,fail_incidence,5.188165494706303,0.98613552192314,27.06079862031417,79.64869739084529,1.7334805064453698,4.011211080967491,"(1.0, 5.0)",2025-07-14T03:12:20.619998932+00:00,0.95,,,,,,,,,,
62141477,MILD,fail_incidence,4.145687690066213,0.9596845944507526,25.836915903649842,53.99404069203807,1.8778725737383368,5.986608672812606,"(1.0, 5.0)",2025-07-14T04:01:32.290000916+00:00,0.4,,,,,,,,,,
62141487,MILD,fail_incidence,5.296902350946083,0.9311143535552483,25.51873843537228,48.02548253333364,1.9246944178566936,10.865517066334796,"(1.0, 5.0)",2025-07-14T04:09:39.209999084+00:00,0.44,,,,,,,,,,
62141492,MILD,fail_incidence,7.684245833379443,0.9757225651493868,26.491015668357328,57.0699033413498,1.8906863987375804,4.508070533540595,"(1.0, 5.0)",2025-07-14T04:12:17.090000153+00:00,1.41,,,,,,,,,,
62141502,MILD,fail_incidence,8.461672060978387,0.9757965152568713,30.414330971393568,61.41982305398686,1.9430307993611895,4.488021698508924,"(1.0, 8.0)",2025-07-14T04:19:25.599998474+00:00,0.5,,,,,,,,,,
62141512,MILD,fail_incidence,14.024216969345813,0.9702830669201358,27.718997057427163,62.606389126350535,2.053348278524312,3.203424521457752,"(3.0, 30.0)",2025-07-14T04:32:57.319999695+00:00,0.48,,,,,,,,,,
62141517,MILD,ok,6.240087457217541,0.963767121470549,28.882090238944688,39.804318711236625,1.9747006957620366,4.4342939892420965,"(1.0, 8.0)",2025-07-14T04:37:47.919998169+00:00,0.28,-71.75991254278246,0.04,10.0,0.02,1.0,0.16795767195767197,True,2.025623431735512,,
62141542,MILD,fail_incidence,6.445681290569446,0.9750158903646995,29.03457915511859,50.75594451418822,1.9327142757063998,5.842988445147982,"(1.0, 8.0)",2025-07-14T05:18:47.559997559+00:00,0.26,,,,,,,,,,
62141562,MILD,fail_incidence,5.623316942258167,0.9101800824536147,28.1419431381483,54.28889342298906,1.9415264215697028,3.07500781016047,"(2.0, 8.0)",2025-07-14T05:51:11.210000038+00:00,0.29,,,,,,,,,,
62141582,MILD,fail_incidence,8.100661635276714,0.9820670758959991,25.359713556295564,45.03134753817464,2.027591955227683,3.56194889282431,"(1.0, 20.0)",2025-07-14T06:11:57.399997711+00:00,0.36,,,,,,,,,,
62141587,MILD,fail_incidence,6.71453958385516,0.9751813591746809,27.527071902667647,63.14912245432813,1.8572889396314332,3.3974273703672644,"(1.0, 8.0)",2025-07-14T06:14:08.949999809+00:00,0.52,,,,,,,,,,
62141592,MILD,fail_incidence,11.54727137498543,0.9087234504178447,26.608918340032243,63.69927804629762,1.9229405750932307,4.513753237736225,"(1.0, 8.0)",2025-07-14T06:17:58.079998016+00:00,0.73,,,,,,,,,,
62141597,MILD,fail_incidence,6.1061902816978355,0.9640390255896159,26.276589533786517,50.83563752979326,1.8984963437761275,3.9337312619095135,"(1.0, 8.0)",2025-07-14T06:23:41.750000+00:00,0.22,,,,,,,,,,
62141632,MILD,ok,5.2425835087783605,0.9689164065099126,32.46650919048659,44.36917460647094,1.9732111631832452,4.6097360694845255,"(1.0, 8.0)",2025-07-14T07:39:38.439998627+00:00,0.33,7.2425835087783605,0.04,9.0,0.02,-0.10419358352238339,0.16795767195767197,True,2.0271525291530765,,
62141642,MILD,fail_incidence,8.72134478156517,0.9774910661847703,24.833135612418616,48.381723789263674,1.9815851040604944,3.452123708473441,"(5.0, 15.0)",2025-07-14T08:11:32.069999695+00:00,0.31,,,,,,,,,,
62141647,MILD,fail_incidence,6.666733557418213,0.9741202500856337,31.68639187851068,45.4677370987723,1.932625978341398,3.5952523713334994,"(1.0, 8.0)",2025-07-14T08:12:00.369999886+00:00,0.32,,,,,,,,,,
62141652,MILD,fail_incidence,14.910556182334508,0.9397594986150132,27.132977704519973,48.431737773032445,2.0463139458557023,4.294608223353681,"(1.0, 8.0)",2025-07-14T08:22:36.860000610+00:00,0.58,,,,,,,,,,
62141657,MILD,ok,6.149374503705379,0.8829055067847942,28.52091733983414,43.006071279982194,1.9245767281910946,9.851880808587394,"(1.0, 5.0)",2025-07-14T08:32:23.180000305+00:00,0.33,-81.85062549629463,0.08,9.0,0.02,0.5835926733012553,0.19388499298737727,True,4.156758149891577,,
62141667,MILD,ok,8.100661635276714,0.9596283552888768,25.61961313675783,40.717502429888754,2.074630138868731,4.7754704914484325,"(1.0, 5.0)",2025-07-14T08:56:02.890000105+00:00,0.35,-75.89933836472329,0.04,13.0,0.02,0.9685730319472645,0.1801481481481481,True,1.9280545120110655,,
62141672,MILD,ok,7.7141526345507945,0.9641021374075976,21.764900742190328,41.52897161416838,2.025344724976951,5.6477424473095486,"(1.0, 5.0)",2025-07-14T08:58:43.340000153+00:00,0.12,-74.2858473654492,0.04,15.0,0.04,0.28663551469891013,0.19327635327635329,True,1.9749724334189682,,
62141677,MILD,fail_incidence,8.034923098696439,0.9656956105077535,32.99520240877364,49.86541560565949,2.0019958874463124,4.180822444873357,"(5.0, 10.0)",2025-07-14T09:02:23.479999542+00:00,0.43,,,,,,,,,,
62141682,MILD,fail_exception,6.525844457121537,0.9787189008300149,29.136068517451157,44.945548605730664,1.918938641052558,2.9327296475307643,"(1.0, 20.0)",2025-07-14T09:01:03.449999809+00:00,0.42,,,,,,,,,unsupported operand type(s) for /: 'NoneType' and 'float',"Traceback (most recent call last):
  File ""/Users/mhemmett/Seismology/mt-rainier/scripts/run_sws_generic.py"", line 187, in process_event
    splitting_obj.perform_sws_analysis(coord_system='LQT', sws_method='EV_and_XC',
    ~~~~~~~~~~~~~~~~~~~~~~~~~~~~~~~~~~^^^^^^^^^^^^^^^^^^^^^^^^^^^^^^^^^^^^^^^^^^^^
                                        cluster_eps=CLUSTER_EPS, cluster_min_samples=CLUSTER_MIN_SAMPLES)
                                        ^^^^^^^^^^^^^^^^^^^^^^^^^^^^^^^^^^^^^^^^^^^^^^^^^^^^^^^^^^^^^^^^^
  File ""/Users/mhemmett/Seismology/mt-rainier/swspy/splitting/split_windowcheck.py"", line 1695, in perform_sws_analysis
    Q_w = self._calc_Q_w(opt_phi, opt_lag, grid_search_results_all_win_XC, tr_T, method=""dbscan"")
  File ""/Users/mhemmett/Seismology/mt-rainier/swspy/splitting/split_windowcheck.py"", line 1385, in _calc_Q_w
    dt_diff = opt_lag_XC / opt_lag_EV
              ~~~~~~~~~~~^~~~~~~~~~~~
TypeError: unsupported operand type(s) for /: 'NoneType' and 'float'
"
62141692,MILD,fail_incidence,12.59026671373175,0.9627093921855899,27.490683445259005,56.33499885017106,2.113660451026979,5.6638669846620955,"(1.0, 8.0)",2025-07-14T09:10:41.299999237+00:00,0.32,,,,,,,,,,
62141697,MILD,fail_incidence,7.279170688768001,0.9155162921796388,34.50095493388936,46.16242965051407,1.9509024651626763,5.19832546147362,"(1.0, 8.0)",2025-07-14T09:13:18.690000296+00:00,0.36,,,,,,,,,,
62141707,MILD,ok,6.955944617955,0.9572878301637296,24.480764787059602,43.72361747886633,1.9388207745489259,4.870289587420277,"(1.0, 8.0)",2025-07-14T09:17:37.619998932+00:00,0.34,-71.044055382045,0.04,11.0,0.02,1.0,0.1695726495726496,True,2.0631097275768644,,
62141717,MILD,ok,8.2373046772795,0.9740554973476362,27.834465073565266,41.4945221628141,1.934885578230428,2.539404611611459,"(1.0, 8.0)",2025-07-14T09:50:52.590000153+00:00,0.54,-75.7626953227205,0.16,9.0,0.02,0.0,0.17375565610859728,True,8.269222831581073,,
62141727,MILD,ok,7.405893350936594,0.8759683872306294,27.624174702305904,44.03399952443474,1.9569163135406074,5.527087858425143,"(1.0, 8.0)",2025-07-14T10:08:08.449999809+00:00,0.22,11.405893350936594,0.04,91.0,0.1,0.0,0.17375565610859728,True,2.0440322216757876,,
62141742,MILD,fail_incidence,5.271708846640057,0.9479206472145417,24.49464826985633,53.354626682465025,2.005638700197131,4.917214630153277,"(1.0, 5.0)",2025-07-14T10:51:24.329999924+00:00,0.22,,,,,,,,,,
62141747,MILD,ok,7.351942412191561,0.9750395122445178,30.648697505944597,42.15426735228214,2.0159946528160035,4.38398400239136,"(1.0, 8.0)",2025-07-14T10:58:18.590000153+00:00,0.26,-70.64805758780844,0.04,49.0,0.08,0.0110486911085943,0.1735111111111111,True,1.9841322467858118,,
62141762,MILD,ok,9.525037260589778,0.9781117399191215,29.22910474122968,42.65163511778999,2.0183101034385493,6.435882260864624,"(1.0, 8.0)",2025-07-14T12:03:53.279998779+00:00,1.0,-72.47496273941022,0.04,10.0,0.02,1.0,0.18196078431372548,True,1.9818560057670476,,
62141767,MILD,ok,8.326461229819927,0.9743945115639717,28.49132302861971,39.91382002271534,1.9948073082499096,4.760626339242685,"(1.0, 5.0)",2025-07-14T12:05:40.659999847+00:00,0.22,-73.67353877018007,0.04,52.0,0.08,0.9371460638945291,0.1898901098901099,True,2.005206208869012,,
62141777,MILD,ok,6.6321228833854375,0.9891335943131255,27.687860074229764,44.67304487053198,2.0293790879627154,4.747203334479661,"(1.0, 5.0)",2025-07-14T12:16:03.409999847+00:00,0.22,-77.36787711661457,0.08,13.0,0.04,0.8742921277890582,0.18624338624338624,True,3.9420924594384994,,
62141787,MILD,fail_incidence,8.804597836097646,0.9828122557412811,28.01918203878233,52.67466153617055,2.010893990171691,3.7978115492159907,"(1.0, 8.0)",2025-07-14T12:34:13.750000+00:00,0.5,,,,,,,,,,
62141797,MILD,fail_incidence,7.573732303522507,0.9922856525112972,26.128009424756346,51.22599023493085,2.025159457039696,1.9156057868274745,"(1.0, 5.0)",2025-07-14T12:41:03.809999943+00:00,0.8,,,,,,,,,,
62141807,MILD,fail_incidence,6.274097457888003,0.9693090935893987,31.05172452861761,45.63018682031053,1.9507902723963435,6.770262519057557,"(1.0, 8.0)",2025-07-14T12:59:17.489999771+00:00,0.43,,,,,,,,,,
62141812,MILD,fail_incidence,12.485623922424654,0.8116054589178935,39.05833314135409,62.7816338951099,2.010261406244147,5.894974465548114,"(1.0, 20.0)",2025-07-14T13:11:13.319999695+00:00,0.27,,,,,,,,,,
62141817,MILD,fail_incidence,19.25710180940451,0.9741024615026308,24.83423497979545,51.68448571380271,2.1846535309004973,2.396434874394586,"(1.0, 20.0)",2025-07-14T13:25:30.760000229+00:00,1.09,,,,,,,,,,
62141822,MILD,ok,9.307574187669628,0.9715945984631581,27.791814073549002,36.79949679667628,2.0588436945517175,4.794476486941083,"(1.0, 8.0)",2025-07-14T13:29:43.950000763+00:00,0.72,-86.69242581233037,0.08,15.0,0.08,0.0,0.19636363636363638,True,3.8856762274718877,,
62141827,MILD,fail_incidence,8.432552404741358,0.9865656524790983,27.227999448602464,47.55453075834812,1.9829860916135786,4.29189957524836,"(1.0, 8.0)",2025-07-14T13:32:29.920000076+00:00,0.66,,,,,,,,,,
62141832,MILD,ok,8.106863399125357,0.9662008243691492,30.703373409680008,42.445761747143166,2.037101776457069,5.397211598023528,"(1.0, 8.0)",2025-07-14T13:54:38.479999542+00:00,0.47,-73.89313660087464,0.04,11.0,0.02,0.9371460638945291,0.18888010540184452,True,1.9635739589588925,,
62141842,MILD,ok,7.60892116951651,0.9555544365443054,26.22585424623662,39.62392692060488,2.0111455524995323,4.735499200330132,"(1.0, 20.0)",2025-07-14T14:12:56.090000153+00:00,0.31,13.60892116951651,0.04,91.0,0.1,0.0,0.15391688770999115,True,1.9889162149545268,,
62141852,MILD,ok,10.100602673843227,0.9809794995943056,28.470082383974603,42.415622619114856,2.000784216854381,4.87887962150565,"(1.0, 8.0)",2025-07-14T14:20:17.600000381+00:00,0.59,-69.89939732615677,0.04,18.0,0.04,0.9371460638945291,0.17769411764705884,True,1.999216090523131,,
62141857,MILD,ok,9.646832091233781,0.9776282549547345,28.69589823857556,44.87986362116873,1.990041673794758,4.088567848246516,"(1.0, 8.0)",2025-07-14T14:40:57.409999847+00:00,0.72,-82.35316790876622,0.08,56.0,0.04,-0.8585786437626906,0.1767619047619048,True,4.020016316917128,,
62141862,MILD,fail_incidence,8.078854047780993,0.988870290908279,28.33040334495872,46.77765278533207,1.9569488966238953,6.971254419497147,"(1.0, 5.0)",2025-07-14T14:48:29.689998627+00:00,0.86,,,,,,,,,,
62141867,MILD,ok,10.638758206309275,0.9827625759541605,28.20998563421741,41.10029555595145,2.041183617213682,4.106284587062275,"(1.0, 8.0)",2025-07-14T15:27:50+00:00,0.88,-73.36124179369072,0.04,52.0,0.08,0.0,0.1767619047619048,True,1.9596473175011078,,
62141872,MILD,ok,9.485112820350652,0.9765971570164983,27.74685335633177,42.588041809526516,2.0301134695389917,6.017135951312538,"(1.0, 8.0)",2025-07-14T15:34:22.229999542+00:00,1.18,-74.51488717964935,0.04,11.0,0.02,1.0,0.18424242424242426,True,1.9703332153686661,,
62141882,MILD,fail_incidence,6.445681290569446,0.9819855118309974,25.967072025311882,45.3016787259223,2.0085563940722904,4.377758828922332,"(1.0, 8.0)",2025-07-14T15:45:24.389999390+00:00,0.55,,,,,,,,,,
62141887,MILD,fail_incidence,6.443839745030554,0.9798935833775657,30.523902897556685,47.19150061288145,1.977220081365083,4.855802883338717,"(1.0, 15.0)",2025-07-14T15:54:04.179999828+00:00,0.33,,,,,,,,,,
62141892,MILD,fail_incidence,15.245715433647355,0.7632495717917293,29.474034380904822,51.63395133767939,2.0869283062873745,3.510605766168106,"(10.0, 45.0)",2025-07-14T16:06:57.239998102+00:00,0.46,,,,,,,,,,
62141912,MILD,ok,8.63118289917412,0.973039571757677,27.146052055098284,42.953079866554354,2.0203885422304246,5.198966655783833,"(1.0, 8.0)",2025-07-14T17:04:12.489999771+00:00,1.07,-83.36881710082588,0.08,17.0,0.04,0.0,0.18666666666666668,True,3.959634413273961,,
62141917,MILD,fail_incidence,8.397514073299957,0.9774631473838079,28.82892197145018,47.169774385568566,1.9961560038143342,4.381717289008038,"(2.0, 8.0)",2025-07-14T17:20:38.759998322+00:00,0.48,,,,,,,,,,
62141932,MILD,fail_incidence,7.341988642050024,0.9815537547660941,27.093079934282336,45.6541618033633,1.9378348144138162,4.217469055441441,"(1.0, 8.0)",2025-07-14T17:40:17.969999313+00:00,0.48,,,,,,,,,,
62141967,MILD,fail_incidence,7.578154721178932,0.8483987190121339,29.472020155676372,47.611856643215795,2.1234357383219478,5.736120438092291,"(1.0, 5.0)",2025-07-14T18:28:12.989999771+00:00,0.54,,,,,,,,,,
62141992,MILD,fail_incidence,7.438412926575425,0.9400404742235328,30.16547341486452,46.83609212355516,2.041511524782308,6.051558984515076,"(1.0, 5.0)",2025-07-14T18:46:44.009998322+00:00,0.24,,,,,,,,,,
62142007,MILD,ok,7.847967441877105,0.9750138884400738,28.786688922361034,42.44579987010234,1.9654907451664956,4.85704846609478,"(1.0, 20.0)",2025-07-14T19:18:50.279998779+00:00,0.54,3.8479674418771053,0.04,57.0,0.08,0.0327587914302061,0.17585585585585586,True,2.0351151537277588,,
62142022,MILD,ok,7.271282153996921,0.8807620253546226,32.86587700852813,44.93424918360797,2.0307013062468657,3.8430997059759586,"(2.0, 8.0)",2025-07-14T19:30:34.139999390+00:00,0.27,11.271282153996921,0.04,56.0,0.04,-0.10419358352238339,0.16457142857142856,True,1.9697628536974672,,
62142027,MILD,fail_incidence,14.624581593855924,0.9616615053576137,27.512504379058484,75.94834684733252,2.417013740806991,5.896143653452002,"(1.0, 5.0)",2025-07-14T19:35:45.799999237+00:00,1.64,,,,,,,,,,
62142037,MILD,ok,4.6710706781928515,0.9568936572683833,34.05621047433484,39.755955592837545,1.967854920715581,5.272837766534725,"(1.0, 8.0)",2025-07-14T19:40:14.589999199+00:00,0.29,-73.32892932180715,0.04,50.0,0.04,0.9685730319472645,0.16795767195767197,True,2.032670171917684,,
62142047,MILD,fail_incidence,14.804689307687507,0.9390622132008367,28.345963877187845,51.48562684469322,2.0554285732565747,3.5957630411344126,"(1.0, 8.0)",2025-07-14T19:42:47.349998474+00:00,0.78,,,,,,,,,,
62142102,MILD,fail_incidence,5.938177646266375,0.9740593683184228,28.60375155206153,45.91952522885148,1.921414295045092,4.923399086268533,"(1.0, 8.0)",2025-07-14T20:27:55.889999390+00:00,0.88,,,,,,,,,,
62142127,MILD,fail_incidence,6.470887043572632,0.9861099732514061,26.771810285226238,48.1997785502524,1.9365382532139526,3.6367604106925064,"(1.0, 20.0)",2025-07-14T20:44:20.689998627+00:00,0.51,,,,,,,,,,
62142142,MILD,fail_incidence,6.905028792758381,0.9898460382811552,28.66634448437404,47.44011650407882,1.9856395941568732,5.374974223280351,"(1.0, 5.0)",2025-07-14T20:55:16.879999161+00:00,0.62,,,,,,,,,,
62142157,MILD,ok,10.010865892766253,0.7353663213588937,32.59802707022274,44.00037695702195,2.0061560273815577,4.123341290187589,"(1.0, 8.0)",2025-07-14T21:00:14.750000+00:00,0.62,-69.98913410723375,0.04,15.0,0.02,1.0,0.17142857142857143,True,1.993862862810733,,
62142187,MILD,fail_incidence,6.525488613491794,0.9614012915687821,29.365659482763114,56.04841995753068,1.9044475707202553,5.143425681623773,"(2.0, 8.0)",2025-07-14T21:30:35.599998474+00:00,0.45,,,,,,,,,,
62142262,MILD,fail_incidence,6.659370577959629,0.9712824187375485,26.65520745704153,50.00598043483873,1.932644882063951,4.889220975830236,"(1.0, 8.0)",2025-07-14T22:03:59.869998932+00:00,0.41,,,,,,,,,,
62142292,MILD,fail_incidence,6.441896389612017,0.9736250275481431,26.538006079063752,45.12422668152347,1.9622576003556558,5.455936875992256,"(1.0, 8.0)",2025-07-14T22:47:22.579999924+00:00,0.41,,,,,,,,,,
62142337,MILD,fail_incidence,5.648733089338176,0.9869922806815182,27.862225180763648,47.615692955307324,1.949988684828936,7.24090902503772,"(1.0, 5.0)",2025-07-14T23:16:42.259998322+00:00,0.78,,,,,,,,,,
62142397,MILD,fail_incidence,14.273396522785047,0.8890671488750709,26.68153940718061,62.1487394641311,2.044421542261707,2.928395202826106,"(1.0, 15.0)",2025-07-14T23:38:59.149997711+00:00,0.47,,,,,,,,,,
62142547,MILD,fail_incidence,7.980833816852493,0.9665823271327473,33.31417076096665,46.07904134051851,1.9502001722058062,3.917258708009224,"(1.0, 8.0)",2025-07-15T01:04:33.739998102+00:00,0.86,,,,,,,,,,
62142692,MILD,fail_incidence,6.05421959744587,0.9286660416603673,26.6045508425216,53.05797693938647,1.871493910995971,3.0950367453510865,"(1.0, 8.0)",2025-07-15T02:19:06.549999714+00:00,0.81,,,,,,,,,,
62142712,MILD,fail_incidence,6.360070424017284,0.811194450549048,32.699892852656106,60.90714615412668,1.8344734147213875,4.269981020213472,"(1.0, 8.0)",2025-07-15T02:37:39.939998627+00:00,0.23,,,,,,,,,,
62142747,MILD,fail_incidence,6.0285631389318945,0.9824198653327264,32.24709736156876,53.15865764332315,1.884034096512331,6.882563890554218,"(1.0, 8.0)",2025-07-15T03:05:44.149997711+00:00,0.65,,,,,,,,,,
62142762,MILD,fail_incidence,7.248160665673667,0.6409815527790548,33.09266101709816,46.6013243692812,1.923992466220773,4.339845694789567,"(3.0, 30.0)",2025-07-15T03:17:24.529998779+00:00,0.2,,,,,,,,,,
62142782,MILD,fail_incidence,7.414556275377408,0.9298228509603327,30.422148268792462,53.388022541964844,1.8615533334084255,5.140948862001924,"(1.0, 8.0)",2025-07-15T03:22:07.170000076+00:00,0.45,,,,,,,,,,
62142802,MILD,fail_incidence,5.977894280544137,0.9756131436461452,27.904621783824233,54.15946948329613,1.88646214802978,5.152443343459037,"(1.0, 8.0)",2025-07-15T03:27:57.199996948+00:00,1.37,,,,,,,,,,
62142817,MILD,fail_incidence,4.4010786765476375,0.8695608550459125,27.803801661315692,56.697985941679185,1.8736499991611617,8.40171870700444,"(1.0, 5.0)",2025-07-15T03:31:37.399997711+00:00,0.42,,,,,,,,,,
62142827,MILD,fail_incidence,7.3210279420194,0.8411884638479137,33.179353543076424,62.673429206696795,1.8329013195810233,4.224037279444093,"(1.0, 5.0)",2025-07-15T03:41:03.529999970+00:00,0.6,,,,,,,,,,
62142837,MILD,fail_incidence,8.073141480435465,0.974637584847706,30.505956295298052,54.49959963585852,1.9200216354612516,4.670135687116206,"(1.0, 8.0)",2025-07-15T03:43:03.339999914+00:00,0.3,,,,,,,,,,
62142867,MILD,fail_incidence,5.862655876064355,0.9702515955651957,26.783118850804165,52.222385056657274,1.9015767717054286,4.588173141224745,"(1.0, 5.0)",2025-07-15T03:57:25.829999924+00:00,0.44,,,,,,,,,,
62142872,MILD,fail_incidence,7.222935377313794,0.8157474452270492,31.360839563504456,63.698465119075486,1.7454182228880777,4.701491940890519,"(1.0, 20.0)",2025-07-15T04:01:32.919998169+00:00,0.75,,,,,,,,,,
62142877,MILD,fail_incidence,5.670311809574278,0.980063565722534,29.107610832607218,65.29773663180325,1.8472183120781596,3.301300431161036,"(1.0, 5.0)",2025-07-15T04:20:21.489999771+00:00,0.68,,,,,,,,,,
62142887,MILD,fail_incidence,7.580826069670046,0.9732342023362003,24.43009193246981,46.933634412743714,1.9392196158160389,5.430082902406168,"(1.0, 8.0)",2025-07-15T04:27:03.359999895+00:00,0.42,,,,,,,,,,
62142897,MILD,fail_incidence,8.923700499212819,0.9284245057373136,29.730900291119315,61.97709921780197,1.9432769898471791,3.7221136484929627,"(1.0, 5.0)",2025-07-15T04:36:35.599998474+00:00,0.23,,,,,,,,,,
62142907,MILD,ok,8.019813985937356,0.9370550834973337,25.945339296722203,39.35891445256459,2.001618728265097,6.554497517397009,"(1.0, 8.0)",2025-07-15T04:54:54.879997253+00:00,0.5,-77.98018601406264,0.04,50.0,0.08,1.0,0.18659846547314576,True,1.9983825808159783,,
62142912,MILD,fail_incidence,7.199911598980748,0.9700631788794293,25.98124098544537,49.38366754569018,1.9329249611934562,6.202274634404491,"(1.0, 5.0)",2025-07-15T05:04:16.590000153+00:00,0.65,,,,,,,,,,
62142922,MILD,fail_incidence,5.3710116181872625,0.9893333084074063,31.025039468928977,56.28750073121758,1.8966952857215942,5.6434246894488265,"(1.0, 5.0)",2025-07-15T05:15:44.549999237+00:00,0.63,,,,,,,,,,
62142932,MILD,fail_incidence,6.168239026981669,0.9468732716387022,27.64790752105436,47.35930961634187,1.9516716383572286,5.502826922936411,"(1.0, 8.0)",2025-07-15T05:33:59.389999390+00:00,0.13,,,,,,,,,,
62142942,MILD,fail_incidence,6.242060605215712,0.9798562871334777,28.423966374031647,62.16085406979865,1.925942124510601,3.9991725951173245,"(1.0, 8.0)",2025-07-15T06:09:34.809997559+00:00,0.67,,,,,,,,,,
62142952,MILD,fail_incidence,8.284195908654183,0.9793559691183022,28.509804859557594,52.53419653533759,1.9737185884102895,4.4097680148429435,"(1.0, 8.0)",2025-07-15T06:22:04.980000019+00:00,0.54,,,,,,,,,,
62142957,MILD,fail_incidence,17.480576339199306,0.9376419822216553,23.916789391872527,59.581751443062245,2.097683658213161,2.617060270950953,"(1.0, 5.0)",2025-07-15T06:22:35.520000458+00:00,0.49,,,,,,,,,,
62142967,MILD,fail_incidence,5.764886520108809,0.9739100937976228,39.187162180820216,54.34815573891079,1.90499428052138,5.052680576616398,"(1.0, 5.0)",2025-07-15T06:39:58.049999237+00:00,0.35,,,,,,,,,,
62142987,MILD,fail_incidence,7.30110135899728,0.9800088687102521,28.01036179471333,50.229453860484135,1.9657425634947583,2.9956653499846047,"(1.0, 20.0)",2025-07-15T07:52:22.739999771+00:00,0.62,,,,,,,,,,
62142992,MILD,fail_incidence,15.7368504864565,0.9051787969100485,28.601133377743704,52.64955302933766,2.1178818715036956,2.871960865052903,"(1.0, 20.0)",2025-07-15T07:57:43.319999695+00:00,0.5,,,,,,,,,,
62143002,MILD,ok,6.799019088544783,0.9692537206380107,28.910737727047284,42.739988181273695,1.990054503870271,5.218947474921666,"(1.0, 8.0)",2025-07-15T08:21:16.159999847+00:00,0.69,-71.20098091145522,0.04,52.0,0.04,0.9685730319472645,0.17846153846153848,True,2.0099951997398935,,
62143007,MILD,fail_incidence,17.710552267515727,0.9667741648559892,28.815091668280804,53.397154898205,2.1946604961597,4.400762651735922,"(1.0, 5.0)",2025-07-15T08:22:16.479999542+00:00,0.34,,,,,,,,,,
62143017,MILD,fail_incidence,7.383117426971892,0.9817972497591906,28.185695682763345,46.31416232893664,1.9676961657306435,5.816259867386384,"(1.0, 5.0)",2025-07-15T08:39:26.569999695+00:00,1.07,,,,,,,,,,
62143022,MILD,fail_incidence,4.4217829168317335,0.9331809568639031,32.72248639882252,45.57904739473862,1.9186266388126798,6.278541134667823,"(1.0, 8.0)",2025-07-15T09:25:53.889999390+00:00,0.39,,,,,,,,,,
62143027,MILD,fail_incidence,5.490141698148812,0.9882014044262646,24.923873953861683,53.21070344374483,1.981925215312673,1.0129962544287812,"(3.0, 5.0)",2025-07-15T09:31:24.309999704+00:00,0.3,,,,,,,,,,
62143052,MILD,fail_incidence,6.553401588910321,0.960090692492874,30.573173150704775,52.06666206269813,1.9020517928541738,5.889888991085346,"(1.0, 5.0)",2025-07-15T10:08:01.529999970+00:00,1.22,,,,,,,,,,
62143057,MILD,fail_incidence,6.498161206551386,0.9106853430408064,32.38969932105463,47.663544394565214,1.945507617375476,4.035771936695527,"(1.0, 8.0)",2025-07-15T10:31:33.709999084+00:00,0.33,,,,,,,,,,
62143062,MILD,fail_incidence,7.881046465240909,0.9725585088327108,30.88388853652591,45.25479533237226,1.946071404349102,6.682689941082345,"(1.0, 5.0)",2025-07-15T10:49:53.930000305+00:00,0.23,,,,,,,,,,
62143072,MILD,fail_incidence,9.103374224630901,0.9880139869142609,28.76488666554163,46.26353976493949,2.0443588334413483,5.312467179020766,"(1.0, 5.0)",2025-07-15T11:45:27.010000229+00:00,0.69,,,,,,,,,,
62143087,MILD,fail_no_result,6.705167855402919,0.9864370869681176,28.21412565693389,43.0533289584524,2.0999222344693536,6.201186337974061,"(1.0, 8.0)",2025-07-15T12:13:39.540000916+00:00,0.82,,,,,,,,,,
62143092,MILD,fail_incidence,6.915002693434541,0.9725030431134681,28.685102813862482,45.88694075180411,1.9617850272761848,2.6837675869155024,"(1.0, 5.0)",2025-07-15T12:23:32.090000153+00:00,0.75,,,,,,,,,,
62143097,MILD,ok,6.301129516987766,0.9668890334193219,24.47132730842795,40.820342714403516,1.9999304186066287,5.332135263427038,"(1.0, 8.0)",2025-07-15T12:23:45.079998016+00:00,0.39,-71.69887048301223,0.04,27.0,0.04,0.9685730319472645,0.18104218362282878,True,2.000069583814241,,
62143107,MILD,fail_incidence,13.715740074252935,0.9743113637758118,33.225361093644715,51.452074023694855,2.0669550233276044,8.098392814553307,"(1.0, 5.0)",2025-07-15T12:40:53.770000458+00:00,0.48,,,,,,,,,,
62143132,MILD,ok,7.585609282234359,0.9765662785689546,26.054400073758377,43.61159724337311,2.0094955131882952,4.748155054878227,"(1.0, 5.0)",2025-07-15T13:26:02.609999895+00:00,0.46,-70.41439071776564,0.04,21.0,0.04,0.9685730319472645,0.18624338624338624,True,1.9905493561682759,,
62143147,MILD,fail_incidence,15.694020401313088,0.9445624316555377,21.970582334145224,53.85577623603851,2.2858007268131635,10.313897640547028,"(1.0, 5.0)",2025-07-15T14:04:29.649999619+00:00,0.83,,,,,,,,,,
62143172,MILD,fail_incidence,17.271284288800835,0.9100521173462023,33.623207792948435,52.26585023355349,2.3651945981183067,8.441794740335398,"(1.0, 8.0)",2025-07-15T14:47:17.690000296+00:00,1.3,,,,,,,,,,
62143182,MILD,fail_incidence,17.203845727238036,0.9028414267332282,27.862400020246987,52.36135380226264,2.3402351898606044,7.723446269073866,"(1.0, 8.0)",2025-07-15T15:02:39.809997559+00:00,0.8,,,,,,,,,,
62143187,MILD,fail_incidence,17.3941764125549,0.6406445655259825,21.461970924108346,52.19500866941185,2.3684685271695067,8.19631451050962,"(1.0, 5.0)",2025-07-15T15:18:33.899997711+00:00,1.08,,,,,,,,,,
62143197,MILD,fail_incidence,17.397775815923968,0.9213321341887701,20.177463182263217,48.07648533607689,2.3335751934543003,6.1456073994479326,"(1.0, 5.0)",2025-07-15T15:28:00.859999895+00:00,0.62,,,,,,,,,,
62143207,MILD,fail_no_result,7.3793775791348395,0.9684016888023033,29.89984521377947,42.020070748857904,2.119778250885023,4.557601730852204,"(2.0, 8.0)",2025-07-15T15:31:22.309999704+00:00,1.25,,,,,,,,,,
62143227,MILD,fail_incidence,17.80380261443152,0.9229247745246727,26.207296296504836,58.06526318082157,2.289353954660373,7.410631202288762,"(1.0, 8.0)",2025-07-15T15:41:58.520000458+00:00,0.84,,,,,,,,,,
62143232,MILD,fail_incidence,17.911775081822977,0.914626795028503,38.50466493754391,56.72748984097306,2.3878125107441397,10.911534872958812,"(1.0, 5.0)",2025-07-15T15:43:03.539999962+00:00,0.51,,,,,,,,,,
62143242,MILD,fail_incidence,15.940185156956373,0.8836793235070479,32.022233413119736,52.76019282402334,2.0440153251866966,4.45420557462138,"(1.0, 5.0)",2025-07-15T15:49:26.869998932+00:00,0.38,,,,,,,,,,
62143252,MILD,ok,6.220720024553849,0.7529072578123267,23.978647074983176,38.042738560211234,2.0577901578108975,3.2371796014010927,"(5.0, 10.0)",2025-07-15T15:57:28.139999390+00:00,0.0,26.22072002455385,0.04,17.0,0.04,0.8742921277890582,0.12339140534262485,True,1.9438327979249592,,
62143287,MILD,ok,14.433724050375723,0.972835897819224,29.764098223038822,40.682673978823225,2.3900740890072334,3.9594919753265527,"(1.0, 5.0)",2025-07-15T16:24:42.520000458+00:00,0.78,-9.566275949624277,0.04,91.0,0.1,-0.9528595479208969,0.21797101449275363,True,1.6735882868223064,,
62143312,MILD,ok,7.279170688768001,0.9773151085528022,27.784266359828663,40.94742854619549,2.017991679484132,4.7286770547144545,"(1.0, 8.0)",2025-07-15T16:42:59.349998474+00:00,0.63,-74.720829311232,0.04,52.0,0.04,0.9685730319472645,0.17400921658986174,True,1.9821687277831284,,
62143322,MILD,fail_incidence,8.897054831023073,0.9840934481321165,24.692326109844075,45.43785805688608,2.024225380141209,4.283344908205173,"(1.0, 20.0)",2025-07-15T16:54:43.469997406+00:00,0.74,,,,,,,,,,
62143337,MILD,ok,9.321885997349893,0.9890041304763663,27.953108626206088,43.15588229957492,2.003784637981846,5.200620754593797,"(1.0, 5.0)",2025-07-15T17:06:04.449999809+00:00,0.82,-72.6781140026501,0.04,18.0,0.08,0.9685730319472645,0.18962962962962962,True,1.9962225102337767,,
62143362,MILD,fail_incidence,6.93385345312296,0.9498136430529937,31.48917301989898,48.575014966040804,1.952636654790878,4.4028277200574815,"(1.0, 15.0)",2025-07-15T17:49:16.729999542+00:00,0.26,,,,,,,,,,
62143402,MILD,ok,8.518654250084852,0.9613686856817638,31.250631968035204,37.314512329360404,2.07495256541466,7.108662179794728,"(1.0, 15.0)",2025-07-15T18:47:41.479999542+00:00,1.72,-77.48134574991515,0.04,15.0,0.02,0.9371460638945291,0.16582995951417004,True,1.9277549119300648,,
62143432,MILD,ok,5.668154044380959,0.9949338338880235,25.398591448902383,42.13234006170708,2.0652698553864366,7.144793679248259,"(1.0, 5.0)",2025-07-15T19:22:38.689998627+00:00,0.57,81.66815404438096,0.08,52.0,0.06,0.0,0.2097658862876254,True,3.873585807266385,,
62143497,MILD,fail_incidence,13.7580497816217,0.9544702991915912,30.015078793794366,52.46041816029929,2.060422534571041,3.524194346987963,"(1.0, 5.0)",2025-07-15T20:27:27.239999771+00:00,0.53,,,,,,,,,,
62143537,MILD,ok,8.374648579196611,0.9467589368267703,29.18622010952573,42.57946858657924,1.9990771872831428,4.827453453060385,"(1.0, 8.0)",2025-07-15T20:59:20.299999237+00:00,0.33,-75.62535142080338,0.04,52.0,0.04,0.29219518628297836,0.18104218362282878,True,2.000923238705066,,
62143592,MILD,fail_incidence,7.392035303676948,0.9651661088443467,29.734362943549407,48.432467586810816,1.9747373588355417,7.421456156819804,"(1.0, 5.0)",2025-07-15T21:40:22.689998627+00:00,0.54,,,,,,,,,,
62143597,MILD,ok,7.7120996938167155,0.9684330775090189,28.418749392836258,44.6880816767125,1.9563002937326726,6.186644313031637,"(1.0, 8.0)",2025-07-15T21:41:17.319999695+00:00,1.39,-70.28790030618329,0.04,46.0,0.04,0.0327587914302061,0.18888010540184452,True,2.0446758674088295,,
62143612,MILD,ok,6.5830297206475,0.9695242598621671,26.89273094089662,44.34082069253167,1.9212799201925463,5.42514720049301,"(1.0, 5.0)",2025-07-15T21:53:26.969999313+00:00,1.46,-69.4169702793525,0.04,16.0,0.04,0.9371460638945291,0.19721481481481484,True,2.081945456234784,,
62143617,MILD,fail_incidence,4.103553025225389,0.9820932512940816,31.79953939199252,45.98227644456042,2.0413591636023103,3.5795512013976216,"(1.0, 8.0)",2025-07-15T22:04:35.759998322+00:00,0.24,,,,,,,,,,
62143622,MILD,fail_incidence,5.4806531986044975,0.9568763932602978,27.619736306884572,49.13030087169424,1.9028480660797837,5.00980701552446,"(1.0, 8.0)",2025-07-15T22:12:20.100000381+00:00,1.12,,,,,,,,,,
62143632,MILD,fail_exception,7.655791651683192,0.9828852739998608,26.69460222359281,41.749598413238886,2.0715462087742478,5.675422395238273,"(1.0, 5.0)",2025-07-15T22:17:32.209999084+00:00,2.03,,,,,,,,,unsupported operand type(s) for /: 'NoneType' and 'float',"Traceback (most recent call last):
  File ""/Users/mhemmett/Seismology/mt-rainier/scripts/run_sws_generic.py"", line 187, in process_event
    splitting_obj.perform_sws_analysis(coord_system='LQT', sws_method='EV_and_XC',
    ~~~~~~~~~~~~~~~~~~~~~~~~~~~~~~~~~~^^^^^^^^^^^^^^^^^^^^^^^^^^^^^^^^^^^^^^^^^^^^
                                        cluster_eps=CLUSTER_EPS, cluster_min_samples=CLUSTER_MIN_SAMPLES)
                                        ^^^^^^^^^^^^^^^^^^^^^^^^^^^^^^^^^^^^^^^^^^^^^^^^^^^^^^^^^^^^^^^^^
  File ""/Users/mhemmett/Seismology/mt-rainier/swspy/splitting/split_windowcheck.py"", line 1695, in perform_sws_analysis
    Q_w = self._calc_Q_w(opt_phi, opt_lag, grid_search_results_all_win_XC, tr_T, method=""dbscan"")
  File ""/Users/mhemmett/Seismology/mt-rainier/swspy/splitting/split_windowcheck.py"", line 1385, in _calc_Q_w
    dt_diff = opt_lag_XC / opt_lag_EV
              ~~~~~~~~~~~^~~~~~~~~~~~
TypeError: unsupported operand type(s) for /: 'NoneType' and 'float'
"
62143637,MILD,fail_incidence,3.3728113519802463,0.9829265573759377,28.764058232426514,45.27528995630144,2.008616014398436,3.1621352863420285,"(1.0, 5.0)",2025-07-15T22:19:23.359998703+00:00,0.33,,,,,,,,,,
62143657,MILD,ok,6.364031195390274,0.9390088788717031,30.276140413466123,43.84664586269099,1.9947217131540842,8.462251621003169,"(1.0, 5.0)",2025-07-15T22:27:11.309999704+00:00,0.42,-71.63596880460973,0.04,25.0,0.04,0.9057190958417937,0.19327635327635329,True,2.0052922538628906,,
62143692,MILD,fail_incidence,6.905028792758381,0.9710178242001952,29.00248873975504,53.92664182565081,1.9241779396298933,3.453391415885539,"(1.0, 8.0)",2025-07-15T22:52:56.180000305+00:00,0.91,,,,,,,,,,
62143757,MILD,fail_incidence,5.4806531986044975,0.8897493793921172,29.16472709361897,50.487332040427574,1.8770200046612493,6.386733628309189,"(1.0, 8.0)",2025-07-15T23:44:39.079998016+00:00,0.06,,,,,,,,,,
62143797,MILD,fail_incidence,6.719577323306432,0.9753103546513374,24.739081862430037,46.93065121916707,1.9260553329890397,5.286523943613126,"(1.0, 8.0)",2025-07-16T00:30:14.819999695+00:00,0.34,,,,,,,,,,
62143852,MILD,fail_incidence,5.879058852740888,0.984812454043382,28.308966909061414,55.10051160119647,1.9137695276259215,2.554556315202796,"(5.0, 30.0)",2025-07-16T01:10:44.219997406+00:00,0.35,,,,,,,,,,
62143897,MILD,fail_incidence,13.627172154866582,0.9546083527703244,29.54419810706292,64.77519037611708,2.0680343226038462,3.0895355517469687,"(1.0, 20.0)",2025-07-16T01:30:25.500000+00:00,0.24,,,,,,,,,,
62143902,MILD,fail_incidence,7.025526944899199,0.9877736734905807,30.27353436904626,45.97297275253798,2.0072906760012694,5.129417355149095,"(1.0, 8.0)",2025-07-16T01:34:32.459999084+00:00,0.63,,,,,,,,,,
62143912,MILD,fail_incidence,7.4005814725427745,0.9635724125655828,28.741300190584564,58.29724833709337,1.9132957644026403,7.139155638369637,"(1.0, 5.0)",2025-07-16T01:35:13.059999704+00:00,0.37,,,,,,,,,,
62143927,MILD,fail_incidence,8.809955687611737,0.9186018687535837,18.76136223046894,49.873922043879865,1.9715558681060152,5.7560125710962105,"(1.0, 8.0)",2025-07-16T01:46:27.479999542+00:00,0.27,,,,,,,,,,
62143932,MILD,fail_incidence,8.106863399125357,0.968358622601225,30.62710385429992,48.62256906093384,1.9348411079867032,6.285695082955041,"(1.0, 8.0)",2025-07-16T01:47:28.889999390+00:00,0.41,,,,,,,,,,
62143942,MILD,fail_incidence,7.041170758374501,0.9766467715658781,27.155328691472526,47.646404556169124,2.0121082081841104,6.089493212694963,"(1.0, 5.0)",2025-07-16T01:52:54.579998016+00:00,1.03,,,,,,,,,,
62143972,MILD,fail_incidence,4.989307181157298,0.9650219628962023,25.256289558227344,54.003254273695724,1.8745864542284538,6.320946190996142,"(1.0, 5.0)",2025-07-16T02:18:49.099998474+00:00,0.24,,,,,,,,,,
62143982,MILD,fail_incidence,5.003253150819798,0.9862720640453994,24.046897463780404,47.412737640191494,2.0051475242469117,4.86989944900372,"(1.0, 8.0)",2025-07-16T02:28:39.899997711+00:00,0.74,,,,,,,,,,
62143987,MILD,fail_incidence,3.8282411602990476,0.9815837116972705,30.90734256024615,48.838861057538644,1.8607305963377931,6.896320048985961,"(1.0, 8.0)",2025-07-16T02:33:38.709999084+00:00,0.33,,,,,,,,,,
62144017,MILD,fail_incidence,7.082714473106425,0.9274116530295577,28.23166826384136,50.29461835638162,1.9823804487889178,4.075644728485367,"(5.0, 10.0)",2025-07-16T03:01:01.839999914+00:00,0.31,,,,,,,,,,
62144067,MILD,fail_incidence,5.031691426731497,0.9525529456756572,29.775580363935564,51.57616214929242,1.9037649351867354,6.132271079593945,"(1.0, 5.0)",2025-07-16T04:04:11.259999274+00:00,0.56,,,,,,,,,,
62144097,MILD,fail_incidence,7.3311646163510655,0.9619565208294482,24.003042607568574,50.13765465065009,1.9415402166352203,7.132147780755677,"(1.0, 5.0)",2025-07-16T04:46:39.259998322+00:00,0.59,,,,,,,,,,
62144102,MILD,fail_incidence,7.461252739622808,0.9616719810710251,29.51536046127223,49.11205555627732,1.9899941482941204,5.5800263073545775,"(1.0, 5.0)",2025-07-16T04:59:32.299999237+00:00,0.85,,,,,,,,,,
62144107,MILD,fail_incidence,7.1733598012714275,0.9729762451779435,28.77474240759574,51.34363840948609,1.8802628770160654,5.802052275964604,"(1.0, 8.0)",2025-07-16T05:00:47.809997559+00:00,1.17,,,,,,,,,,
62144122,MILD,fail_incidence,5.450818557122008,0.9903542842399964,27.285803495420954,51.273074647492265,2.029189857772563,1.911600727559762,"(1.0, 15.0)",2025-07-16T06:35:31.659999847+00:00,0.53,,,,,,,,,,
62144127,MILD,fail_incidence,4.18294529932705,0.9974087107579109,28.143319698208433,46.36225173117906,2.0828591901741937,2.8172269908581384,"(1.0, 15.0)",2025-07-16T06:37:55.959999084+00:00,0.47,,,,,,,,,,
62144132,MILD,fail_incidence,6.101655906689585,0.9891752872382383,26.841719147424882,58.13678808536553,1.909423490328632,3.9768521295903527,"(3.0, 30.0)",2025-07-16T06:51:55.090000153+00:00,0.7,,,,,,,,,,
62144152,MILD,fail_incidence,14.110158090435283,0.8657949683491916,28.62622953683364,59.87293966770174,1.9657202468460067,6.691200649434162,"(1.0, 5.0)",2025-07-16T07:39:48.340000153+00:00,0.56,,,,,,,,,,
62144157,MILD,fail_incidence,17.1029572364953,0.9954933893591148,27.944918322483716,49.89203192615048,2.287348870442031,8.420207125556649,"(1.0, 5.0)",2025-07-16T07:40:17.440000296+00:00,0.62,,,,,,,,,,
62144177,MILD,fail_incidence,7.229815714482387,0.9819153495407681,30.010866196382967,53.90303168244077,1.9280578695483748,5.543384966079774,"(1.0, 5.0)",2025-07-16T07:57:14.769999504+00:00,0.33,,,,,,,,,,
62144187,MILD,ok,9.244332164369148,0.9835614802649374,26.59112066762754,43.80524645127384,2.010304154546929,6.685916274944786,"(1.0, 5.0)",2025-07-16T08:46:48.479999542+00:00,0.59,-84.75566783563085,0.08,18.0,0.04,0.0,0.2111784511784512,True,3.9794973222860373,,
62144197,MILD,fail_incidence,4.639531134634859,0.9594740527432736,32.934537644865216,47.51338849629539,1.9169423264685999,7.9070232297260485,"(1.0, 5.0)",2025-07-16T10:37:09.829999924+00:00,0.22,,,,,,,,,,
62144237,MILD,ok,8.423427881199594,0.9793312813736454,29.25451252620741,44.984578006151544,1.9479436527975351,3.4598376082948823,"(1.0, 8.0)",2025-07-16T11:48:54.189998627+00:00,0.53,-71.57657211880041,0.04,56.0,0.02,0.09446148618625827,0.1511111111111111,True,2.0534474876906263,,
62144247,MILD,ok,8.39999626417519,0.9862504529858774,28.356738390610918,39.29583217159886,1.97400528960459,5.705450740131331,"(1.0, 8.0)",2025-07-16T11:58:18.930000305+00:00,0.55,-75.60000373582481,0.04,55.0,0.08,0.9685730319472645,0.1767619047619048,True,2.0263370220255252,,
62144252,MILD,fail_incidence,9.565295826448953,0.9799861977605326,31.72085760179075,47.56493233259039,1.955453527527055,2.0135274578754196,"(1.0, 8.0)",2025-07-16T12:02:33.259998322+00:00,0.32,,,,,,,,,,
62144257,MILD,fail_incidence,13.072807191992766,0.979783592239002,26.196833089595703,57.509212262529104,2.3911614813571744,4.022037558360007,"(1.0, 15.0)",2025-07-16T12:23:36.659999847+00:00,1.64,,,,,,,,,,
62144262,MILD,fail_incidence,13.163369214595825,0.9506708067401576,35.22184472427838,61.192842141113296,2.2882149096832016,3.2616377373094587,"(1.0, 20.0)",2025-07-16T12:31:56+00:00,0.37,,,,,,,,,,
62144312,MILD,fail_snr,8.025926045808468,0.9900594884680637,25.917440156336422,44.33910830686227,2.1033377628358503,1.8504255091716355,"(1.0, 20.0)",2025-07-16T13:14:19.989999771+00:00,0.64,,,,,,,,,,
62144322,MILD,fail_incidence,14.211201417667052,0.8742449064883142,8.442860756142618,60.88783952540629,2.4036398294970613,5.254380491880657,"(1.0, 8.0)",2025-07-16T13:30:51.469997406+00:00,0.4,,,,,,,,,,
62144337,MILD,ok,8.140866097412951,0.9760259037230612,27.346363015220824,42.83447973979554,1.9943839356476487,5.628961595822922,"(1.0, 8.0)",2025-07-16T14:24:30.079999924+00:00,0.77,-75.85913390258705,0.04,9.0,0.02,0.09446148618625827,0.17769411764705884,True,2.0056318788493726,,
62144372,MILD,fail_incidence,7.111954361183135,0.8737571328324021,44.19851964067201,59.52071697854854,1.8322892559896267,6.321734741409465,"(2.0, 8.0)",2025-07-16T14:49:18.939998627+00:00,0.33,,,,,,,,,,
62144377,MILD,fail_incidence,7.613226497226208,0.9758742209129359,27.342072378629844,46.347397619003566,1.9244126847719745,6.178628297717347,"(1.0, 8.0)",2025-07-16T14:55:02.140000105+00:00,0.47,,,,,,,,,,
62144397,MILD,ok,6.895316015361525,0.976891228860655,27.62214625034066,40.26585431555533,1.9802178142492606,4.3883149340949394,"(1.0, 8.0)",2025-07-16T15:09:22.709999084+00:00,0.18,12.895316015361525,0.04,56.0,0.08,0.0,0.169004329004329,True,2.0199798078861737,,
62144427,MILD,fail_incidence,16.926962560174772,0.9200295617757678,22.447170586158908,51.40714858193945,2.128920770430419,2.9546441233257,"(1.0, 20.0)",2025-07-16T15:49:15.599999428+00:00,0.95,,,,,,,,,,
62144477,MILD,fail_incidence,6.470887043572632,0.9839049243934236,27.309537419221268,46.912270881562556,1.9738515612816914,5.667655577238611,"(1.0, 8.0)",2025-07-16T17:28:12.159999847+00:00,0.39,,,,,,,,,,
62144497,MILD,fail_incidence,6.3332528879571255,0.987610317481008,28.605367985071062,52.000713150294786,1.920449010236794,2.8042366806905425,"(1.0, 8.0)",2025-07-16T17:44:58.809997559+00:00,0.71,,,,,,,,,,
62144512,MILD,fail_incidence,14.159337427724134,0.9587009211491982,28.150770420212204,58.835438057301666,2.0241985294970237,4.025203733775838,"(1.0, 5.0)",2025-07-16T18:02:57.069999695+00:00,0.77,,,,,,,,,,
62144522,MILD,fail_incidence,18.57654655649903,0.8528208639992305,27.671335769222193,50.42010765400931,2.2103324902465844,2.835169544000098,"(1.0, 5.0)",2025-07-16T18:28:19.789999008+00:00,0.85,,,,,,,,,,
62144592,MILD,fail_incidence,7.199911598980748,0.9852699220999462,29.543417666414932,49.46464871763319,1.958575323852162,4.116710477136268,"(1.0, 8.0)",2025-07-16T20:05:11.429999352+00:00,0.72,,,,,,,,,,
62144602,MILD,fail_incidence,6.121174936052343,0.9907511013504214,26.648887990120745,48.71364768198227,2.0717308626932667,3.379419092902763,"(1.0, 20.0)",2025-07-16T20:23:22.409999847+00:00,1.87,,,,,,,,,,
62144607,MILD,fail_incidence,4.39651231215585,0.9830245889430919,27.65974091790116,48.23058665278957,2.0935309119382466,3.3107931255801257,"(5.0, 10.0)",2025-07-16T20:25:49.809997559+00:00,0.26,,,,,,,,,,
62144627,MILD,fail_incidence,5.031691426731497,0.9669800674855131,32.55546939329555,52.83768797526545,1.8771865786970363,4.267523384268615,"(1.0, 8.0)",2025-07-16T22:28:30.969999313+00:00,0.65,,,,,,,,,,
62144672,MILD,fail_incidence,16.382784084250467,0.8870834465317596,16.823318085330715,80.73235935865429,2.7410656158322007,2.5714459090034127,"(1.0, 15.0)",2025-07-17T01:49:02.339999914+00:00,0.96,,,,,,,,,,
62144732,MILD,fail_incidence,15.451194406828128,0.9745704387429271,23.541160187943856,83.58270804317127,2.651744777058637,5.586277580429582,"(2.0, 8.0)",2025-07-17T04:34:12.250000+00:00,1.7,,,,,,,,,,
62144757,MILD,fail_incidence,4.531139540532365,0.9739694227388223,24.820963484770004,58.945560217633,1.9714548187715057,1.465599106286653,"(1.0, 20.0)",2025-07-17T05:30:18.119998932+00:00,0.25,,,,,,,,,,
62144767,MILD,fail_incidence,14.911684982373172,0.9870167499831283,29.370668641319686,78.02542322544737,1.9706815902682546,12.196656054201755,"(1.0, 8.0)",2025-07-17T05:52:07.619999886+00:00,1.15,,,,,,,,,,
62144777,MILD,fail_incidence,6.040813832004978,0.9783464025473466,27.890462241667002,65.34350220208023,1.8318209993911527,2.884711008136784,"(1.0, 8.0)",2025-07-17T06:39:19.579999924+00:00,0.94,,,,,,,,,,
62144787,MILD,fail_incidence,9.020788290895627,0.9403380570247095,27.320013601346474,45.104480050729435,1.9710978213093435,5.313551004527808,"(1.0, 8.0)",2025-07-17T07:51:42.259998322+00:00,0.33,,,,,,,,,,
62144822,MILD,fail_incidence,16.223643264700456,0.9418530027460551,30.810470823079022,49.20831323936561,2.107093529608051,3.0463293527266977,"(5.0, 30.0)",2025-07-17T10:27:52.509998321+00:00,0.53,,,,,,,,,,
62144832,MILD,fail_incidence,8.63118289917412,0.9787341506476149,30.602202622043546,46.89488322377816,1.9870722698636882,6.353776865619982,"(1.0, 8.0)",2025-07-17T10:47:43.739998102+00:00,1.1,,,,,,,,,,
62144842,MILD,fail_incidence,16.20114700345626,0.8684898591585286,30.124274613491778,49.862499719321384,2.0718913872679043,9.237138307221358,"(3.0, 15.0)",2025-07-17T12:26:32.829998016+00:00,0.9,,,,,,,,,,
62144852,MILD,fail_incidence,17.142232751752648,0.9412705622763625,35.48318387942307,50.759404614779406,2.1893892356435654,4.572690579865104,"(1.0, 8.0)",2025-07-17T13:12:39.319999695+00:00,0.4,,,,,,,,,,
62144957,MILD,ok,8.423427881199594,0.9823016395800525,25.09817316565084,44.689664288480245,1.954348343759306,3.1555308868895118,"(1.0, 8.0)",2025-07-17T17:32:49.919998169+00:00,0.85,-65.57657211880041,0.04,16.0,0.02,0.9371460638945291,0.1584761904761905,True,2.046718034056181,,
62144962,MILD,ok,4.980874741669491,0.990267000668313,25.70000173009109,41.1228508575686,2.178477691790552,2.452991124017788,"(1.0, 8.0)",2025-07-17T17:35:56.729999542+00:00,0.29,10.980874741669492,0.16,11.0,0.02,0.9685730319472645,0.2048,True,7.344578308189675,,
62145102,MILD,fail_incidence,8.09470648157421,0.8988233993447895,14.195825499812461,52.54115628913109,1.984309797052589,5.025980517731011,"(1.0, 8.0)",2025-07-17T21:11:40.189998627+00:00,0.42,,,,,,,,,,
62145137,MILD,fail_incidence,6.441896389612017,0.9336496487813277,32.22596440720072,52.15013414372726,1.8744375887435938,4.588690434489785,"(1.0, 5.0)",2025-07-17T22:20:33.250000+00:00,0.74,,,,,,,,,,
62145192,MILD,ok,5.627022005840909,0.9175372835853164,30.59961491693866,42.80440722034652,1.9021404463986882,5.575117326468276,"(1.0, 8.0)",2025-07-18T00:53:24.989999771+00:00,0.43,7.627022005840909,0.04,7.0,0.02,0.9057190958417937,0.193015873015873,True,2.102894140952198,,
62145207,MILD,fail_incidence,5.863863637952554,0.9787258197820798,26.103713228854538,51.31972879786035,2.1373547319339963,2.965631428549944,"(5.0, 10.0)",2025-07-18T01:18:07.039999962+00:00,0.09,,,,,,,,,,
62145212,MILD,fail_incidence,14.643378426677774,0.9063541953506014,27.296752431599494,56.149259332462805,2.0069070813449374,7.58536397011229,"(2.0, 8.0)",2025-07-18T01:32:01.099999905+00:00,0.51,,,,,,,,,,
62145242,MILD,fail_incidence,4.096534509417647,0.9305240316183303,23.746610239959075,57.91637374801901,1.9732610974873743,4.614364338825353,"(1.0, 8.0)",2025-07-18T05:02:45.059997559+00:00,0.53,,,,,,,,,,
62145312,MILD,fail_incidence,11.723455216714681,0.9512421713893779,26.595722619574715,81.69784098864434,2.608667188492251,5.008747950455701,"(2.0, 8.0)",2025-07-18T09:55:43.719997406+00:00,0.77,,,,,,,,,,
62145317,MILD,fail_incidence,14.537781779127647,0.9345116628764746,31.856332498796426,46.89546354089879,2.210721400786144,6.4012797235404,"(1.0, 5.0)",2025-07-18T10:27:16.219999313+00:00,-0.38,,,,,,,,,,
62145327,MILD,ok,8.667656792888124,0.990027753073228,26.021381412619125,40.05868837378142,1.9814066886261925,5.0955424209987825,"(1.0, 8.0)",2025-07-18T11:36:36.149997711+00:00,1.0,-73.33234320711188,0.04,11.0,0.02,1.0,0.17603729603729604,True,2.018767789046578,,
62145382,MILD,fail_incidence,17.120428102814934,0.9242487221389956,23.51433280328821,51.452762181321184,2.103538619704191,3.8266874851154253,"(10.0, 20.0)",2025-07-18T14:08:00.920000076+00:00,0.53,,,,,,,,,,
62145442,MILD,fail_incidence,11.50628798658465,0.9878590382167605,27.16122442698537,52.203733590940004,2.083039264663327,6.3667963239233805,"(1.0, 15.0)",2025-07-18T15:03:08.449999809+00:00,1.03,,,,,,,,,,
62145447,MILD,fail_incidence,12.824648586631326,0.9348018348995221,30.09885450118308,52.38912867120122,2.1022627207670688,6.817125097199992,"(1.0, 8.0)",2025-07-18T15:14:29.149999619+00:00,0.42,,,,,,,,,,
62145507,MILD,fail_incidence,6.355895109268733,0.970679352335053,28.678951107956408,45.016352647921735,1.9266608387927724,4.2951563194003075,"(1.0, 15.0)",2025-07-18T17:22:19.869998932+00:00,0.68,,,,,,,,,,
62145712,MILD,ok,7.8129517373505735,0.9878269368420536,28.531915503019196,43.189951009570336,2.0981195581662853,4.937049180543155,"(2.0, 8.0)",2025-07-18T21:12:14.779999495+00:00,0.73,-72.18704826264943,0.04,91.0,0.1,0.0,0.18773333333333334,True,1.906469049597879,,
62145832,MILD,ok,5.308306206271408,0.94728599722203,24.812679708293878,43.31325317893191,2.1589621954819465,3.3655778816239943,"(1.0, 15.0)",2025-07-18T22:30:26.359998703+00:00,0.07,-86.69169379372859,0.12,12.0,0.02,0.0,0.15386759581881532,True,5.558226088957167,,
62146137,MILD,fail_incidence,5.57955535371453,0.991225200201932,28.055170628455407,45.92409471121756,2.089788974201915,2.23671522636004,"(3.0, 30.0)",2025-07-19T02:30:08.199999809+00:00,0.43,,,,,,,,,,
62146142,MILD,fail_incidence,6.1423276912577505,0.9654473521188577,25.66513917091793,47.87345642856631,1.926444020827211,3.771456653373791,"(1.0, 8.0)",2025-07-19T02:49:17.770000458+00:00,0.21,,,,,,,,,,
62146182,MILD,fail_incidence,5.27479316574257,0.913116760474393,29.203286293455534,55.438687392955494,1.8707095493189858,6.109601306240162,"(1.0, 5.0)",2025-07-19T03:34:51.189998627+00:00,0.22,,,,,,,,,,
62146202,MILD,fail_incidence,15.359916329894928,0.8353016193539509,29.194153435801898,58.000947540540544,2.213118362069248,10.504153302651103,"(1.0, 5.0)",2025-07-19T04:30:02.640000105+00:00,0.86,,,,,,,,,,
62146207,MILD,fail_incidence,12.313920089682382,0.9423453373772349,33.27012257171763,63.95763516339333,1.934680582415611,5.289072273618514,"(1.0, 15.0)",2025-07-19T04:43:37.270000458+00:00,0.45,,,,,,,,,,
62146282,MILD,fail_incidence,11.861523657240014,0.9130675372581459,28.91465740606764,70.3148175526755,2.5102155716454178,2.27915765842237,"(1.0, 5.0)",2025-07-19T08:48:14.960000038+00:00,0.47,,,,,,,,,,
62146307,MILD,fail_incidence,13.715740074252935,0.926091797498007,28.53901824808726,59.460417206302274,1.9951270228184108,6.532225874210525,"(1.0, 8.0)",2025-07-19T09:59:20.069999695+00:00,0.54,,,,,,,,,,
62146497,MILD,fail_incidence,6.84423536039375,0.9874534604513925,27.74757862625619,55.38520342229097,1.8060710147511614,4.668767654721301,"(1.0, 8.0)",2025-07-19T17:25:21.119998932+00:00,1.54,,,,,,,,,,
62146507,MILD,fail_incidence,5.801248241433762,0.9965815850765379,32.01358281146368,54.34994849264234,1.8107827810911639,6.412777753198306,"(1.0, 15.0)",2025-07-19T17:26:29.219999313+00:00,1.48,,,,,,,,,,
62146512,MILD,fail_incidence,5.507181144370859,0.8412170493909394,67.67094002549116,61.2565836443168,1.8297845067030118,8.055575722184425,"(1.0, 5.0)",2025-07-19T17:30:47.789997101+00:00,0.94,,,,,,,,,,
62146572,MILD,fail_incidence,17.006490693234078,0.8641086760187054,28.594903469602976,47.77667157445295,2.1414655724470233,3.5695440111932886,"(1.0, 5.0)",2025-07-19T18:25:01.109999895+00:00,1.93,,,,,,,,,,
62146737,MILD,fail_incidence,6.548672135471264,0.9936084432896133,26.048466622074578,54.3931114602743,2.101767269507104,2.6156463101736978,"(3.0, 30.0)",2025-07-19T19:46:28.289999008+00:00,0.96,,,,,,,,,,
62147082,MILD,fail_incidence,16.371222443612368,0.9126174722253064,33.81869485947207,54.379733764270995,2.0728414379256965,5.198453152903729,"(1.0, 5.0)",2025-07-20T00:51:07.799999714+00:00,0.67,,,,,,,,,,
62147292,MILD,fail_incidence,16.47520167771923,0.9429155391592555,31.574546009462885,52.46884483253501,2.0751070742875184,3.6248137917823042,"(1.0, 5.0)",2025-07-20T10:19:46.819999695+00:00,0.39,,,,,,,,,,
62147312,MILD,fail_incidence,18.09992735513637,0.8834982496187008,28.300840580638926,55.35591846992507,2.286504024613415,5.102740834244553,"(1.0, 8.0)",2025-07-20T12:39:17.739999771+00:00,0.41,,,,,,,,,,
62147397,MILD,ok,14.529485987250114,0.9605621561123397,27.182610341922544,44.31664782644812,2.112312089975408,5.815577345420886,"(1.0, 5.0)",2025-07-20T16:28:51.259998322+00:00,0.3,30.529485987250112,0.08,58.0,0.08,-0.8585786437626906,0.20779220779220778,True,3.787319136204507,,
62147467,MILD,fail_incidence,14.615599966889624,0.9694752453476354,31.181791336083,53.61612399820353,2.1025079175628063,7.093220840670643,"(1.0, 5.0)",2025-07-20T19:33:44.739998102+00:00,0.35,,,,,,,,,,
62147502,MILD,fail_no_result,5.1112527737011995,0.956216710486041,30.10253270779429,39.11415952037943,2.051987815130651,4.218616950148503,"(1.0, 8.0)",2025-07-20T20:51:35.259998322+00:00,0.23,,,,,,,,,,
62147507,MILD,ok,14.246776308896568,0.9282858656326262,19.11745235676436,43.334485504356536,2.1181323692947167,4.677153367312272,"(1.0, 5.0)",2025-07-20T20:59:41.729999542+00:00,0.1,-57.75322369110343,0.04,47.0,0.08,0.8428651597363228,0.20148148148148148,True,1.8884561031149798,,
62147567,MILD,ok,7.632162519194186,0.9877175950386564,24.045096595067896,40.99131952632503,2.159333128138434,2.3243164646022167,"(2.0, 8.0)",2025-07-20T23:04:37.619998932+00:00,0.89,85.63216251919418,0.08,91.0,0.1,0.0,0.20512820512820515,True,3.704847527114456,,
62147602,MILD,fail_incidence,13.668098116399294,0.8225617947826802,31.377667673210052,50.91543031204432,2.173639492149935,3.3299563455531667,"(3.0, 5.0)",2025-07-21T03:02:54.069999695+00:00,0.06,,,,,,,,,,
62147672,MILD,fail_incidence,12.344898828490221,0.8004036047139318,24.991214199030754,45.034282763249216,2.4755714017227057,3.180780605374719,"(1.0, 20.0)",2025-07-21T08:15:46.479999542+00:00,0.01,,,,,,,,,,
62147712,MILD,fail_incidence,9.227260051543805,0.9294808396211338,29.6848390848067,79.12338426468493,2.5458622398659325,3.5888776725562828,"(1.0, 5.0)",2025-07-21T11:00:39.379997253+00:00,1.16,,,,,,,,,,
62147717,MILD,fail_incidence,11.537414855682817,0.8023987186108081,29.222011658557786,64.11152894952997,2.606217401054666,2.697947262742818,"(1.0, 20.0)",2025-07-21T11:03:57.409999847+00:00,1.17,,,,,,,,,,
62147742,MILD,fail_incidence,15.414396317576692,0.967353489403831,25.658032123246414,48.71357843821744,2.250437013644477,6.107964882791965,"(1.0, 8.0)",2025-07-21T12:19:18.579999924+00:00,0.37,,,,,,,,,,
62148967,MILD,fail_incidence,13.019405068825566,0.9264084338486174,27.24396154210004,53.397942967496185,2.070014583600466,4.597971111543798,"(2.0, 8.0)",2025-07-23T12:22:31.420000076+00:00,0.62,,,,,,,,,,
62149007,MILD,ok,7.37742077590143,0.8849992094869396,20.89147816030156,44.51269635705869,1.8329946633960272,5.3662832793423325,"(1.0, 15.0)",2025-07-23T13:51:44.899997711+00:00,0.23,1.37742077590143,0.08,13.0,0.02,-0.7014438034990133,0.16827586206896553,True,4.364442603001492,,
62149187,MILD,ok,7.274577191160483,0.9631265509503979,26.74378429805957,41.43843598675503,2.15471837393033,4.526826637128419,"(1.0, 8.0)",2025-07-23T17:13:08.229999542+00:00,0.1,17.274577191160482,0.08,58.0,0.08,0.0,0.19130434782608696,True,3.712782188517537,,
62149552,MILD,fail_incidence,16.33374971287929,0.9200013551313059,31.912923572691316,51.68782671785697,2.2623445438739838,4.270193256311638,"(10.0, 45.0)",2025-07-24T03:39:23.309999704+00:00,0.17,,,,,,,,,,
62149557,MILD,fail_incidence,13.073641023191126,0.8542104965329538,26.398292196471463,57.66427951706842,1.9853301656000848,3.3240771041760757,"(1.0, 15.0)",2025-07-24T03:52:39.309997559+00:00,0.22,,,,,,,,,,
62149602,MILD,fail_incidence,12.33369736747229,0.8069176334608681,36.641810804537684,60.4388984947181,2.0092250352429524,2.2912929809609084,"(1.0, 8.0)",2025-07-24T07:18:25.019998550+00:00,0.06,,,,,,,,,,
62149627,MILD,fail_incidence,14.67061954245857,0.880746314265883,30.993692962022354,52.77147431992066,2.1075699526847744,4.7510903131076,"(1.0, 5.0)",2025-07-24T11:20:12.960000038+00:00,0.18,,,,,,,,,,
62149637,MILD,fail_incidence,7.446262301696448,0.9314337376801173,30.906247413626108,45.317546431608534,1.96864493067959,4.234459832725289,"(1.0, 8.0)",2025-07-24T11:37:08.489999771+00:00,0.58,,,,,,,,,,
62149642,MILD,fail_incidence,15.098909723779327,0.9245500040603337,25.31160790196294,51.45688310852181,2.0874419938980346,4.8175504876852315,"(1.0, 8.0)",2025-07-24T12:14:54.639999390+00:00,0.32,,,,,,,,,,
62149647,MILD,fail_incidence,15.220010006730545,0.9323482200934068,27.311809421535163,55.412006268322884,2.1031831010888626,2.2586153388783186,"(1.0, 5.0)",2025-07-24T12:21:02.109999895+00:00,0.36,,,,,,,,,,
62149777,MILD,fail_incidence,13.352563794365429,0.9754440370021108,27.009580679348538,69.90767176193556,2.632347858408814,5.958798857933224,"(2.0, 8.0)",2025-07-24T16:47:44.469997406+00:00,0.49,,,,,,,,,,
62149787,MILD,fail_incidence,12.77145351235992,0.9595051239407869,24.71905301987777,67.15867211518184,2.7239250694656447,5.245888990833112,"(1.0, 8.0)",2025-07-24T16:51:07.769999981+00:00,0.82,,,,,,,,,,
62149797,MILD,fail_incidence,11.86564261132049,0.9818855655719287,26.598625372390376,65.32545911793218,2.76884950652407,6.147209600366247,"(1.0, 8.0)",2025-07-24T16:58:16.199998856+00:00,0.69,,,,,,,,,,
62150237,MILD,fail_incidence,9.317648814071845,0.8846100144052735,29.22207030155224,58.07730222581728,2.0016557080719823,1.5105724683892576,"(3.0, 5.0)",2025-07-25T02:26:48.289997101+00:00,0.58,,,,,,,,,,
62150382,MILD,fail_incidence,9.463353826266376,0.8536576063878982,32.88988175482403,48.56953638216107,2.071018813869825,3.534838914922596,"(1.0, 5.0)",2025-07-25T11:30:14.159999847+00:00,0.29,,,,,,,,,,
62150422,MILD,fail_incidence,16.975210341508095,0.9433191014168901,27.4341777306849,46.14454873721897,2.1411970922067765,2.6630532214221407,"(1.0, 5.0)",2025-07-25T14:43:22.549999237+00:00,0.8,,,,,,,,,,
62150587,MILD,fail_incidence,12.565072877751936,0.9770095029380756,29.343769169050905,63.75858825920434,2.672514205969807,7.4553628200336135,"(1.0, 5.0)",2025-07-25T19:09:47.590000153+00:00,0.45,,,,,,,,,,
62150637,MILD,fail_incidence,4.753871102068807,0.9886876078331106,26.8060197797147,56.55718486479951,1.970729857456248,5.181811707896119,"(1.0, 5.0)",2025-07-25T20:40:20.109998703+00:00,1.49,,,,,,,,,,
62150647,MILD,fail_incidence,7.752818947175163,0.9810516896615387,29.466712551786447,45.32908888642132,2.1186467298181357,3.9584574814113918,"(1.0, 8.0)",2025-07-25T20:47:58.520000458+00:00,0.57,,,,,,,,,,
62150652,MILD,fail_no_result,10.302555946349004,0.971958994133106,28.13795211602279,42.616869643585794,2.139801836729494,4.281255858608843,"(1.0, 5.0)",2025-07-25T20:49:11.489999771+00:00,0.35,,,,,,,,,,
62150657,MILD,ok,7.628686366729204,0.9496995978717138,28.90880557837637,39.46589608820685,2.144824842115627,2.3534758321371703,"(1.0, 8.0)",2025-07-25T20:48:14.889999390+00:00,0.13,5.628686366729204,0.08,27.0,0.02,-0.8585786437626906,0.1898901098901099,True,3.7299083090201934,,
62150662,MILD,fail_incidence,8.209950823761936,0.9661380315736351,31.395029617129513,47.883189976851504,2.0738848091089603,2.4611401056800535,"(5.0, 10.0)",2025-07-25T20:49:25.029998779+00:00,0.36,,,,,,,,,,
62150677,MILD,ok,9.087699294486697,0.9834229892099722,27.059299903345195,44.556496633489814,2.0926656549431057,3.511256151058185,"(1.0, 5.0)",2025-07-25T21:08:53.809997559+00:00,0.48,-62.9123007055133,0.04,47.0,0.04,0.9371460638945291,0.18673740053050397,True,1.911437687406759,,
62151122,MILD,fail_incidence,9.805618356531506,0.916839660062497,26.941991158785502,48.19091806473073,2.0731655122914976,13.845138268450988,"(1.0, 8.0)",2025-07-26T06:28:39.239998102+00:00,0.67,,,,,,,,,,
62151172,MILD,fail_no_result,14.575810037398801,0.9106424882357683,26.933695209699437,44.93532390137161,2.208456063504488,4.259611370996479,"(1.0, 5.0)",2025-07-26T09:15:57.129997253+00:00,0.4,,,,,,,,,,
62152162,MILD,fail_incidence,15.217765261066123,0.9382696461205604,30.761582545947036,53.399717366892354,2.065542367797051,6.195625223940274,"(1.0, 8.0)",2025-07-27T21:48:01.869999886+00:00,0.35,,,,,,,,,,
62152177,MILD,fail_incidence,13.69602501922431,0.9654932812556063,27.028251817847103,61.62144748765605,2.040620921615106,2.2507857761726315,"(1.0, 5.0)",2025-07-27T22:04:07.419999599+00:00,0.46,,,,,,,,,,
62152227,MILD,missing_channel,,,,,,,,2025-07-27T22:50:14.899999619+00:00,0.7,,,,,,,,,,
62152232,MILD,missing_channel,,,,,,,,2025-07-27T22:50:14.909999847+00:00,0.69,,,,,,,,,,
62152357,MILD,fail_incidence,11.833065066491235,0.983750197848814,26.55188344168993,69.62694046213997,1.9196518702223506,3.324602129317009,"(1.0, 5.0)",2025-07-28T02:16:12.579999924+00:00,1.21,,,,,,,,,,
62152637,MILD,fail_incidence,3.869324990174367,0.8937863312814341,28.933693854393123,47.73215653942787,2.0500728322602617,7.387891554056763,"(1.0, 5.0)",2025-07-28T16:28:15.789999962+00:00,-0.01,,,,,,,,,,
62153112,MILD,fail_incidence,4.2265328861561136,0.9622795275288359,25.85136856729898,47.52418276962097,2.0270072785083673,2.815421557369123,"(1.0, 20.0)",2025-07-29T12:57:24.369998932+00:00,0.95,,,,,,,,,,
62153742,MILD,fail_incidence,14.20247282267409,0.9515686472834004,28.087414398705278,56.79429504595568,2.2286689799419315,3.3866664736351195,"(1.0, 5.0)",2025-07-30T14:39:08.479999542+00:00,0.65,,,,,,,,,,
62154297,MILD,fail_incidence,17.440365217118075,0.9478277896207403,29.704420989654576,53.07359699446905,2.195411653518047,5.950473890397944,"(1.0, 5.0)",2025-07-31T04:48:35.669998169+00:00,0.46,,,,,,,,,,
62154502,MILD,fail_incidence,16.286558842952008,0.9578861268246335,28.566134633179246,50.107375972311964,2.0814741158526804,6.7412674106896615,"(1.0, 5.0)",2025-07-31T12:59:12.489999771+00:00,1.05,,,,,,,,,,
62154512,MILD,fail_incidence,6.705167855402919,0.9896305564355512,27.583198105824927,46.98396689157625,2.0652254902515423,2.901248954131101,"(1.0, 8.0)",2025-07-31T13:01:22.809999704+00:00,1.07,,,,,,,,,,
62154572,MILD,fail_incidence,18.001845214789643,0.9336801447664003,25.681836256771355,48.42266275652348,2.1540703063022013,2.1874564463714803,"(3.0, 30.0)",2025-07-31T14:47:05.299999714+00:00,0.64,,,,,,,,,,
62155277,MILD,fail_incidence,17.149349748434513,0.9292873913416718,28.280969362041933,52.60249300886679,2.123847771701427,2.42229750113052,"(10.0, 20.0)",2025-08-01T01:31:25.750000+00:00,0.56,,,,,,,,,,
62155302,MILD,fail_incidence,13.932821678236094,0.9332737891263645,28.662446347853272,53.45031645963121,2.11363892465526,4.982930698639952,"(2.0, 8.0)",2025-08-01T01:44:01.069999933+00:00,0.84,,,,,,,,,,
62155592,MILD,fail_incidence,16.37078986143399,0.7608924523678771,70.85324182230514,52.740023245130736,2.422462657163615,4.141423523170923,"(5.0, 15.0)",2025-08-01T14:53:04.819999695+00:00,0.42,,,,,,,,,,
62156401,MILD,fail_incidence,17.364265532358885,0.9399494818397519,22.07205435069165,51.54892666319971,2.2645976273695743,6.538383275481176,"(2.0, 8.0)",2025-07-22T02:52:50.989998102+00:00,0.53,,,,,,,,,,
62156406,MILD,fail_incidence,17.199952459867635,0.9193863799216533,24.554920460664714,52.710839711617226,2.2921547589527287,11.629556905398847,"(1.0, 5.0)",2025-07-22T02:57:47.399997711+00:00,0.45,,,,,,,,,,
62156411,MILD,fail_incidence,15.42957470111883,0.9859876519063558,21.51789173096728,56.667882575293305,2.378145949386641,4.115890818320812,"(1.0, 8.0)",2025-07-22T03:14:45.629997253+00:00,0.29,,,,,,,,,,
62156461,MILD,fail_incidence,15.479592196339478,0.8964402953883954,31.293526629786612,52.136997703312026,2.0926883905739384,3.0518157418388423,"(1.0, 5.0)",2025-07-22T11:33:25.139999390+00:00,0.15,,,,,,,,,,
62156476,MILD,fail_incidence,16.75131716405985,0.8983941649159478,26.213163757110937,48.97588853352286,2.2698798823936124,4.543337107230531,"(1.0, 5.0)",2025-07-22T12:21:20.889999390+00:00,0.14,,,,,,,,,,
62156551,MILD,fail_incidence,16.850106325775748,0.9707356251489137,27.696834413028597,48.78540643135247,2.197472232501788,1.6202226475991042,"(1.0, 20.0)",2025-07-22T13:49:48.700000763+00:00,0.81,,,,,,,,,,
62156556,MILD,ok,17.610902415823407,0.8769187319492869,27.18023065106446,40.7763776178661,2.1988518004202207,3.7778219892255995,"(1.0, 5.0)",2025-07-22T13:54:28.599998474+00:00,0.61,-32.3890975841766,0.04,20.0,0.04,0.9371460638945291,0.19692307692307692,True,1.8191312389655199,,
62156746,MILD,fail_incidence,16.877239852244987,0.8954340010402094,36.063513335025526,64.96589399856838,2.786511729121751,4.278333591726348,"(1.0, 8.0)",2025-07-22T18:58:19.670000076+00:00,0.25,,,,,,,,,,
62156911,MILD,fail_incidence,16.837481258017853,0.8672026567379693,33.25300256562637,47.40166999121238,2.2404650416690726,5.128443604661186,"(1.0, 5.0)",2025-07-22T22:39:46.369998932+00:00,0.73,,,,,,,,,,
62156916,MILD,fail_incidence,12.971486671101879,0.8847125375140005,41.83022015387917,60.28451639314344,2.012861241551744,5.655949827275675,"(1.0, 8.0)",2025-07-22T22:41:30.719999313+00:00,0.27,,,,,,,,,,
62156986,MILD,fail_incidence,13.539570279872352,0.9485119062032367,27.118414249180358,45.43075633427322,2.312468147036017,4.619793771399811,"(2.0, 8.0)",2025-07-23T02:59:29.209999084+00:00,1.26,,,,,,,,,,
62164351,MILD,fail_incidence,17.030565211192474,0.8913531242852488,22.032937185533086,50.757117186043956,2.2617959269048344,2.716349556695016,"(1.0, 8.0)",2025-08-02T11:34:16.029998779+00:00,0.47,,,,,,,,,,
62164857,MILD,fail_incidence,7.287822143586593,0.9323033555697249,24.37396052017,79.20140568012445,1.6094120809124033,12.240342669950529,"(1.0, 5.0)",2025-08-18T20:10:26.709999084+00:00,0.67,,,,,,,,,,
62165036,MILD,fail_incidence,20.653005321837135,0.9081995851580476,28.844457130747603,85.37749032894189,1.881317478501156,2.9394965238687054,"(2.0, 8.0)",2025-08-03T15:55:13.949999809+00:00,0.27,,,,,,,,,,
62166401,MILD,fail_no_result,4.631777614114267,0.9412116935981724,27.922225194265756,42.97895503899552,2.5100221446524302,5.254978381998426,"(1.0, 8.0)",2025-08-05T19:11:04.819999695+00:00,0.33,,,,,,,,,,
62167256,MILD,fail_incidence,18.036423906867586,0.7294721259449473,50.607962768880455,49.85091688749251,2.4626350706627695,5.728259988882439,"(10.0, 45.0)",2025-08-07T18:21:27.639999390+00:00,0.43,,,,,,,,,,
62168151,MILD,fail_incidence,2.9536311024075514,0.8592436894789692,36.183851971250114,62.5777430039112,2.382776862615702,9.260119983680585,"(2.0, 8.0)",2025-08-08T20:24:15.029999495+00:00,0.09,,,,,,,,,,
62168366,MILD,ok,73.27256598493652,0.749463837434375,30.7710005783799,39.324471894924486,3.1782860230159358,2.97389788092072,"(5.0, 10.0)",2025-08-09T06:40:34.680000305+00:00,0.46,29.27256598493652,0.04,60.0,0.08,0.0,0.144483306836248,True,1.258539971240324,,
62168386,MILD,fail_incidence,19.343243557553773,0.9627481142349341,24.70310906035757,47.19484055783606,2.1545035536475416,2.4974058498604634,"(1.0, 5.0)",2025-08-09T07:36:33.500000+00:00,0.31,,,,,,,,,,
62169666,MILD,fail_no_result,7.240321213155385,0.9484394475287684,30.283064374830136,40.475667225685875,2.4036871775688526,4.132350372651634,"(1.0, 5.0)",2025-08-12T02:04:46.360000610+00:00,0.37,,,,,,,,,,
62169751,MILD,fail_incidence,15.70053998834623,0.9785117799652997,26.85097866105918,81.04646464724819,2.0833337826855325,2.2308969383725104,"(1.0, 20.0)",2025-08-12T11:22:03.409999847+00:00,0.41,,,,,,,,,,
62172576,MILD,fail_incidence,21.197547381840014,0.9463568179063363,27.92408960702065,77.44506461765712,2.7360122138063736,5.648263032570652,"(1.0, 8.0)",2025-08-17T07:43:52.699996948+00:00,0.92,,,,,,,,,,
