evid,station,stage,back_azimuth,rectilinearity,incidence_angle_jurkevics,incidence_angle,travel_time_s,snr_horizontal,filter_band,datetime,magnitude,error,traceback
61504368,PARA,fail_incidence,349.0498198420527,0.938678589341308,46.34062399155953,71.2544376516086,2.508288940245071,4.824070039260313,"(1.0, 15.0)",2025-07-08T10:42:09.579999924+00:00,0.45,,
61504413,PARA,fail_incidence,345.9771665479199,0.8954553471992418,43.49235014949249,72.02291352041233,2.551287974586439,8.847663233816307,"(5.0, 15.0)",2025-07-08T16:19:23.010000229+00:00,0.29,,
61504418,PARA,fail_incidence,347.74596081585685,0.8980489159308822,24.394097537154828,68.75088489437975,2.489057976974912,3.3415864505757953,"(1.0, 15.0)",2025-07-08T14:32:42.149997711+00:00,0.4,,
61504423,PARA,fail_incidence,349.22602177499016,0.8230872794991397,43.527624362748206,68.0791105586711,2.5705237671230616,5.787206442211251,"(5.0, 10.0)",2025-07-08T14:32:58.090000153+00:00,-0.6,,
61504428,PARA,fail_incidence,349.92942456389994,0.8476208681849028,57.36610559948946,67.69454255533036,2.5634693865421236,6.114460100057016,"(5.0, 15.0)",2025-07-08T10:18:43.809997559+00:00,-0.41,,
61504463,PARA,fail_incidence,347.74596081585685,0.9574832637831259,28.02889170067429,68.51089709464955,2.486661225821743,7.062074887091642,"(2.0, 8.0)",2025-07-08T22:01:30.859998703+00:00,0.83,,
61504473,PARA,fail_incidence,349.85885139848693,0.9378877170835918,34.10780433331056,67.78658107389607,2.8353134490991017,11.091061381407426,"(5.0, 10.0)",2025-07-08T19:33:34.899997711+00:00,0.55,,
61504483,PARA,fail_incidence,342.4399973895467,0.9271670923619795,24.82155673676527,64.30440873585123,2.565264353152969,7.15853796032754,"(5.0, 10.0)",2025-07-09T10:02:12.189999580+00:00,0.01,,
61504498,PARA,fail_incidence,350.7061901757033,0.9230216334642711,37.989370610631404,67.3059408738354,2.5695923492068706,6.35294172897915,"(10.0, 45.0)",2025-07-09T20:17:04.929999828+00:00,0.78,,
61504508,PARA,fail_incidence,347.05305803724417,0.83989343069211,44.83333873872728,65.86812414359794,2.6473630830416965,4.366450851882755,"(5.0, 15.0)",2025-07-08T08:40:21.079999924+00:00,0.02,,
61504528,PARA,fail_incidence,349.4651733437571,0.938616383995785,31.37227673088598,69.32785138310314,2.489671615812105,8.572356038219457,"(5.0, 10.0)",2025-07-08T10:47:19.129999161+00:00,-0.39,,
61504558,PARA,fail_incidence,350.29181754388486,0.929516068091044,25.915259442885315,67.66409908831768,2.8352661698358745,5.831645807688842,"(5.0, 15.0)",2025-07-12T02:24:31.059999704+00:00,1.1,,
61504563,PARA,fail_incidence,348.97891062859514,0.804844265562437,36.27531176247723,73.09894860420856,2.523381588417549,5.548759280540706,"(5.0, 10.0)",2025-07-08T11:28:58.069999695+00:00,0.25,,
61504643,PARA,fail_incidence,347.8576236109069,0.9489289696102393,31.458146465444305,72.48218993586126,2.4533942149305883,11.417146506299472,"(3.0, 5.0)",2025-07-08T12:01:59.849998474+00:00,0.64,,
61504658,PARA,fail_incidence,350.7061901757033,0.9034489231373113,35.12250006418355,67.36650750858078,2.5613080133274866,5.348374148744822,"(10.0, 20.0)",2025-07-16T12:40:30.829999924+00:00,0.18,,
61504668,PARA,fail_incidence,350.19495226959555,0.7930566978605714,45.98236917397249,64.61827914468894,2.5426265251692772,2.3975472481692286,"(3.0, 30.0)",2025-07-18T14:10:04.069999695+00:00,0.4,,
61504683,PARA,fail_rectilinearity,344.87195136527447,0.46094585523369636,57.95662399999133,71.50831402461954,2.614906022788074,4.344178500885551,"(3.0, 5.0)",2025-07-08T12:34:49.229999542+00:00,0.38,,
61504698,PARA,fail_incidence,346.19697368709654,0.7761579410671265,16.092798256884677,58.661976506608475,2.5194892165375067,4.205988556170951,"(5.0, 15.0)",2025-07-08T13:29:52.669998169+00:00,0.58,,
61504703,PARA,fail_incidence,346.3222536974562,0.9345505795529269,29.86889073125059,62.656803559098144,2.6202085382104423,6.7128974972478455,"(1.0, 5.0)",2025-07-08T13:37:37.959999084+00:00,0.33,,
61504748,PARA,fail_incidence,344.2669363838372,0.9417384020045562,23.449955427011925,68.81086861373335,2.6022757117916724,8.66212075908633,"(5.0, 10.0)",2025-07-13T12:07:57.389999390+00:00,-0.67,,
61504753,PARA,fail_incidence,344.94656663161936,0.937034810088794,24.817554095356826,59.45201914968289,2.52734136534948,6.391169694054955,"(1.0, 8.0)",2025-07-14T09:03:38.079998016+00:00,-0.28,,
62134077,PARA,fail_incidence,348.1384946456667,0.9208696178812925,28.374259371592164,71.78328600618055,2.509095569974403,5.402157079768243,"(1.0, 5.0)",2025-07-08T05:14:01.960000038+00:00,0.34,,
62134107,PARA,fail_incidence,349.5460953980241,0.9791578798986817,22.43346679644458,70.94761507461163,2.5025430517865237,7.927626593909203,"(5.0, 15.0)",2025-07-08T08:45:38.549999237+00:00,1.46,,
62134112,PARA,fail_incidence,348.88093100977994,0.9734730337201309,22.66761490787752,67.2260981284316,2.564855794326122,4.845668341271144,"(2.0, 8.0)",2025-07-08T08:55:07.489999771+00:00,1.38,,
62134122,PARA,fail_incidence,348.06231628096793,0.8524048350759165,33.0624755778973,72.6774052210862,2.5268137606366685,14.836394699796358,"(2.0, 8.0)",2025-07-08T09:15:15.029999495+00:00,0.34,,
62134132,PARA,fail_incidence,347.7362948265981,0.5203880565780035,79.29225421668797,72.34703242980278,2.5244974586632902,8.021822029007616,"(2.0, 8.0)",2025-07-08T09:22:55.520000458+00:00,0.29,,
62134137,PARA,fail_incidence,348.8654584461479,0.9886200515130462,24.834548886941878,70.06282571218983,2.4968995830393457,12.789979387321216,"(2.0, 8.0)",2025-07-08T09:25:27.969999313+00:00,1.13,,
62134142,PARA,fail_incidence,348.35783884820995,0.9261726531593168,35.54085284892021,72.50086093175439,2.5230396738252656,7.856376075481908,"(1.0, 8.0)",2025-07-08T09:31:55.639999390+00:00,0.3,,
62134147,PARA,fail_incidence,348.3875224476862,0.871203075258407,32.77783866155597,75.61027313729308,2.472309980172371,8.25868409958452,"(5.0, 10.0)",2025-07-08T09:40:51.139999390+00:00,0.27,,
62134162,PARA,fail_incidence,347.4093694785175,0.9535134937730777,24.997220636160083,73.94632386648998,2.531286249831537,13.219849956608495,"(2.0, 8.0)",2025-07-08T09:48:24.189998627+00:00,0.93,,
62134167,PARA,fail_incidence,348.1607528867273,0.9171388956902001,29.685303287345818,71.54346982733514,2.5238893054871916,8.166874135050836,"(1.0, 8.0)",2025-07-08T09:50:48.049999237+00:00,0.38,,
62134192,PARA,fail_incidence,349.3397416226011,0.9405452888074373,35.27998537178984,73.06562619451466,2.5468990153523707,8.530779710065396,"(5.0, 10.0)",2025-07-08T09:55:59.479999542+00:00,1.62,,
62134227,PARA,fail_incidence,349.4651733437571,0.8062897476366419,24.481371633764727,69.23630226763304,2.4871733701246823,5.262314426981781,"(5.0, 15.0)",2025-07-08T10:15:59.739998102+00:00,0.02,,
62134232,PARA,fail_incidence,348.19918181774636,0.9208214253269988,30.001730121399234,71.27725678833403,2.5107656284128947,7.404398412035086,"(2.0, 8.0)",2025-07-08T10:18:13.369999886+00:00,0.22,,
62134247,PARA,fail_incidence,348.55520508364503,0.8806789006162556,27.344625940230635,72.20827985165734,2.5195333360098355,8.129660942009778,"(5.0, 10.0)",2025-07-08T10:21:15.469999313+00:00,0.17,,
62134252,PARA,fail_incidence,349.2631243136644,0.9254998654883864,26.68078784266524,70.80252102215636,2.5917506730283018,7.8822125223574595,"(2.0, 8.0)",2025-07-08T10:30:08.779999495+00:00,0.31,,
62134257,PARA,fail_incidence,351.9349686240246,0.7740570548464442,46.64938323314943,72.67196092533301,2.6964048793815896,3.618665289129936,"(1.0, 15.0)",2025-07-08T10:32:07.179999828+00:00,0.21,,
62134262,PARA,fail_incidence,348.64207977334985,0.9649240917955997,24.414218011332952,83.91981745014374,2.647737178419063,10.569496940992753,"(2.0, 8.0)",2025-07-08T10:33:50.559997559+00:00,1.14,,
62134272,PARA,fail_incidence,349.12113588746666,0.9730261946640519,25.2578824847615,71.61806244268857,2.5086431405366043,6.578438960475356,"(5.0, 10.0)",2025-07-08T10:35:52.289997101+00:00,0.43,,
62134277,PARA,fail_incidence,347.4050860411709,0.9382705608366484,28.332799721160935,73.67150097959059,2.5547309773495757,7.166233512496188,"(1.0, 5.0)",2025-07-08T10:40:43.669998169+00:00,0.34,,
62134282,PARA,fail_incidence,349.47365479567685,0.9515061065995182,30.4038730645468,71.83448232774354,2.512183134008478,6.490742582466135,"(3.0, 15.0)",2025-07-08T10:43:10.579999924+00:00,0.4,,
62134292,PARA,fail_incidence,348.9507619205612,0.9413568926282375,29.65943119748099,70.99775319483848,2.514540166622299,7.431597762704596,"(1.0, 5.0)",2025-07-08T10:46:54.489998102+00:00,0.68,,
62134317,PARA,fail_incidence,349.6257987315239,0.9322018529521667,46.256356248907224,71.55095550552153,2.5234205180136255,7.243462321141757,"(1.0, 5.0)",2025-07-08T10:55:08.210000038+00:00,0.48,,
62134322,PARA,fail_incidence,349.1054974012777,0.8497864308306399,34.98056785814444,72.12560277580307,2.520077215952921,5.383890183582102,"(5.0, 15.0)",2025-07-08T10:55:37.250000+00:00,0.14,,
62134327,PARA,fail_incidence,348.07051890446263,0.9435236966945725,43.56879510871947,69.13010758414293,2.580398380540386,5.373078268555904,"(2.0, 8.0)",2025-07-08T11:01:13.949999809+00:00,0.37,,
62134337,PARA,fail_incidence,349.10889388830276,0.9148459344069044,18.351416094260543,67.80987150301137,2.481939780066963,11.06060327004611,"(2.0, 8.0)",2025-07-08T11:06:29.549999237+00:00,0.3,,
62134342,PARA,fail_incidence,349.71870696038394,0.9437803586321543,30.642421679235856,70.55686815802655,2.4981543205665733,9.249524256642054,"(1.0, 5.0)",2025-07-08T11:08:23.639999390+00:00,0.5,,
62134357,PARA,fail_incidence,348.47770523668186,0.9595616425445336,25.379970323746043,67.95725608078021,2.4848336285065935,10.568187972849874,"(2.0, 8.0)",2025-07-08T11:10:52.579998016+00:00,1.15,,
62134367,PARA,fail_incidence,348.5843084676578,0.7086655919779209,28.39187185658138,72.4169090015098,2.523708994857554,8.859272004257017,"(2.0, 8.0)",2025-07-08T11:13:30.679998398+00:00,0.63,,
62134372,PARA,fail_incidence,348.1547709977791,0.9720139487065076,36.76872480573019,74.16564619692633,2.4655157376095076,6.033006791346659,"(1.0, 5.0)",2025-07-08T11:15:11.359999657+00:00,0.61,,
62134377,PARA,fail_incidence,348.50746024262816,0.8978436025859432,31.09471654692945,69.04092789368826,2.487141100667955,8.636321888500358,"(1.0, 5.0)",2025-07-08T11:23:02.429999828+00:00,0.49,,
62134407,PARA,fail_incidence,349.4197898724624,0.9894698508427273,28.540955553339142,72.41778181061557,2.4348168127564467,8.749427426470263,"(2.0, 8.0)",2025-07-08T11:36:36.329998016+00:00,0.47,,
62134412,PARA,fail_incidence,348.3473146083245,0.9043434074532524,36.312626072802665,75.11469918840963,2.481295446143665,4.521186188179122,"(1.0, 15.0)",2025-07-08T11:37:40.469997406+00:00,0.47,,
62134422,PARA,fail_incidence,348.32811240393056,0.9138816953256903,37.79189286438238,72.15600750071319,2.518199153842377,6.814704868567589,"(1.0, 8.0)",2025-07-08T11:40:43.610000610+00:00,0.69,,
62134427,PARA,fail_incidence,347.3872698936118,0.9331096587624561,31.37917010931531,70.59887445674991,2.439499082278966,2.579064938092377,"(5.0, 10.0)",2025-07-08T11:41:51.669998169+00:00,0.16,,
62134432,PARA,fail_incidence,351.8413030424975,0.9217465777478525,38.07313215824071,68.02075088116827,2.562904868989149,5.722846920776973,"(5.0, 15.0)",2025-07-08T11:45:43.059997559+00:00,1.35,,
62134442,PARA,fail_incidence,345.6503734214126,0.8941354486549085,41.70407709623981,64.43923992020528,2.554173842921763,3.59259604652323,"(1.0, 15.0)",2025-07-08T11:46:59.590000153+00:00,0.72,,
62134447,PARA,fail_incidence,349.51925815103044,0.9025112345364167,21.367404939660055,69.44280922448858,2.513569745119923,4.516802369064942,"(2.0, 8.0)",2025-07-08T11:44:38.729999542+00:00,-0.01,,
62134472,PARA,fail_incidence,348.6908953090948,0.9224629138265623,33.315507237948005,66.8044298871358,2.475810062505203,4.296222749487754,"(1.0, 8.0)",2025-07-08T11:55:40.469997406+00:00,0.67,,
62134482,PARA,fail_incidence,348.90787127492024,0.9859440449107928,19.616052357817434,72.77495292629385,2.4420007877326224,7.497244339118126,"(1.0, 15.0)",2025-07-08T11:57:56.369998932+00:00,0.68,,
62134502,PARA,fail_incidence,349.27145779158394,0.8939147039755232,37.909388223074814,73.70531080146998,2.4506002552585846,7.15136882901035,"(5.0, 10.0)",2025-07-08T12:03:42.619998932+00:00,0.56,,
62134512,PARA,fail_incidence,349.8446302697961,0.9559475051076374,29.23894642817069,70.83977629187413,2.5002132640962524,7.4608726778958605,"(1.0, 5.0)",2025-07-08T12:04:05.519999981+00:00,0.65,,
62134517,PARA,fail_incidence,346.92317784188606,0.8909943338888373,33.48881494259836,68.37233907545637,2.5833167903046936,6.4516176049067955,"(5.0, 15.0)",2025-07-08T12:04:24.489999771+00:00,0.49,,
62134562,PARA,fail_incidence,349.7983828119042,0.9595030966847123,30.253630111010764,68.83462607054788,2.4250955192896293,7.853237134701113,"(2.0, 8.0)",2025-07-08T12:23:24.139999390+00:00,0.41,,
62134577,PARA,fail_incidence,349.7964807881439,0.9720700944546062,43.851566476591614,73.12991888533037,2.6231459461886213,5.227015303307558,"(10.0, 45.0)",2025-07-08T12:30:22.459999084+00:00,1.5,,
62134582,PARA,fail_incidence,349.37457618308076,0.9450555137474036,26.091962033191642,71.91491993073514,2.5135342488847465,4.562272875507171,"(1.0, 20.0)",2025-07-08T12:30:53.189998627+00:00,0.43,,
62134597,PARA,fail_incidence,349.9926093036658,0.9842173518799503,21.93030981399613,69.39484717706472,2.4887116464743437,12.810093678791375,"(3.0, 5.0)",2025-07-08T12:34:11.469999313+00:00,0.88,,
62134602,PARA,fail_incidence,349.3830047310628,0.808593487384437,31.510986864576306,81.57064959751544,2.522932293586369,7.594999240567276,"(5.0, 10.0)",2025-07-08T12:34:33.989998102+00:00,0.48,,
62134612,PARA,fail_incidence,348.3675742865194,0.9360654052294701,31.368173695996433,70.55661626709372,2.502531066679995,6.715303847405443,"(2.0, 8.0)",2025-07-08T12:47:37.110000610+00:00,0.28,,
62134622,PARA,fail_incidence,349.392411535297,0.9780526968345201,27.244546358654574,69.64792366425998,2.5031323714577307,7.470401135966414,"(3.0, 30.0)",2025-07-08T12:53:43.340000153+00:00,0.6,,
62134627,PARA,fail_incidence,344.5110281502271,0.8247144978413168,31.956588254581284,72.43145646689695,2.553445224431367,6.100760682125308,"(2.0, 8.0)",2025-07-08T12:52:27.149999619+00:00,0.16,,
62134632,PARA,fail_incidence,349.69222403062963,0.926926264759218,36.07971926124163,70.80501635954974,2.498205691395484,5.853716159296668,"(5.0, 15.0)",2025-07-08T12:56:12.069999695+00:00,0.32,,
62134637,PARA,fail_incidence,353.4338357599807,0.9432010263053773,57.24240409665271,86.38452641931495,2.6563460410053716,,None,2025-07-08T12:57:39.029998779+00:00,0.48,,
62134642,PARA,fail_incidence,349.10223108000156,0.9421025262202417,19.129493920399753,74.03033633033972,2.5590288546136897,4.229930582850386,"(2.0, 8.0)",2025-07-08T13:00:31.689998627+00:00,0.3,,
62134647,PARA,fail_incidence,344.07763613677486,0.9285374590168496,24.902203035891258,72.1529943314628,2.6177170759745856,6.110484654141846,"(1.0, 5.0)",2025-07-08T13:01:16.010000229+00:00,0.7,,
62134657,PARA,fail_incidence,349.0084820457493,0.9436186437157577,29.34027806986938,68.52716840594074,2.482578044269923,8.538944756052846,"(2.0, 8.0)",2025-07-08T13:01:57.389999390+00:00,0.46,,
62134667,PARA,fail_incidence,352.54565318543126,0.5633414270398309,39.521679127060146,65.7384791955132,2.5445012767923907,4.877799432378203,"(5.0, 15.0)",2025-07-08T13:02:48.689998627+00:00,-0.01,,
62134677,PARA,fail_incidence,347.3915459942034,0.8184119820110258,30.23602732597249,86.0114203553395,2.5462187261709444,4.646207327881656,"(2.0, 8.0)",2025-07-08T13:06:33.860000610+00:00,0.29,,
62134707,PARA,fail_incidence,348.108435777008,0.963203781125972,27.893342580721303,70.62795173911553,2.423540586322375,10.09691499562361,"(1.0, 8.0)",2025-07-08T13:15:04.059999943+00:00,0.56,,
62134727,PARA,fail_incidence,348.1237431916701,0.9335481734840024,28.735752256986434,66.45717829326331,2.478733285193506,6.3551902731943155,"(1.0, 8.0)",2025-07-08T13:29:04.549999714+00:00,0.49,,
62134742,PARA,fail_incidence,344.2960238221693,0.9317834971031871,36.19198482306611,80.39887746911046,2.610839697346092,2.5909746959489266,"(1.0, 8.0)",2025-07-08T13:43:05.839999676+00:00,0.57,,
62134747,PARA,fail_incidence,347.78815481150684,0.9318715284384604,27.929599953605113,74.48786056434264,2.568143028814428,3.6450884600429854,"(1.0, 8.0)",2025-07-08T13:47:00.220000029+00:00,0.39,,
62134767,PARA,fail_incidence,348.64709845437505,0.7069604703119637,58.869116142040156,80.65737554205981,2.690550050396082,6.954149427965461,"(10.0, 45.0)",2025-07-08T14:06:04.159999847+00:00,0.41,,
62134782,PARA,fail_incidence,348.86438678305905,0.9654511148691457,23.662053787578895,73.12043492996479,2.4538347813519406,11.280052050712689,"(1.0, 5.0)",2025-07-08T14:09:43.629997253+00:00,0.65,,
62134802,PARA,fail_incidence,350.1183581629952,0.7874743986809938,32.66175112361334,69.87472675158666,2.4895690998195614,4.326251459604391,"(1.0, 15.0)",2025-07-08T14:20:02.559999943+00:00,0.14,,
62134807,PARA,fail_incidence,348.3872214342193,0.9075941937545369,33.237091436003105,70.96682254030421,2.870948470593188,8.012089007103667,"(5.0, 10.0)",2025-07-08T14:23:09.679999352+00:00,1.31,,
62134817,PARA,fail_incidence,349.0625141821639,0.9692374511397572,23.590700273736644,73.46789585785038,2.5360793537319446,7.237678424568651,"(1.0, 20.0)",2025-07-08T14:26:10.329999924+00:00,0.48,,
62134827,PARA,fail_incidence,346.6023319049602,0.9314105501078478,30.31254193849692,67.74931241031383,2.847562576548835,7.712477335380886,"(2.0, 8.0)",2025-07-08T14:28:44.009998322+00:00,1.13,,
62134867,PARA,fail_incidence,349.17661257151184,0.7110251756784468,16.83689197811285,71.43207284330165,2.513936543429663,5.59566469370632,"(5.0, 10.0)",2025-07-08T14:45:04.549999714+00:00,0.35,,
62134882,PARA,fail_incidence,343.50724717241405,0.901070231869722,29.778569542399374,69.23127953144241,2.5398660506927833,10.138463809625726,"(2.0, 8.0)",2025-07-08T14:53:31.459999084+00:00,0.7,,
62134892,PARA,fail_incidence,345.68261045144374,0.9121872523667542,21.114143267526988,72.66974815683143,2.6442385196308305,4.790458389758996,"(1.0, 15.0)",2025-07-08T14:56:30.629999161+00:00,0.45,,
62134927,PARA,fail_incidence,349.62795267156565,0.9304517930290513,29.285264022717058,69.65030236067042,2.7889192741671285,7.371867022083673,"(5.0, 10.0)",2025-07-08T15:17:00.599999905+00:00,0.74,,
62134932,PARA,fail_incidence,349.7581159600079,0.9502833550211941,25.437205512470356,69.06266925346249,2.776254241845161,8.49423785221574,"(5.0, 10.0)",2025-07-08T15:17:49.419998169+00:00,1.02,,
62134937,PARA,fail_incidence,347.02814263287667,0.9625388671998002,24.45014625997057,68.93050074214807,2.777859071248586,6.74717366247385,"(5.0, 10.0)",2025-07-08T15:18:06.059999943+00:00,-0.19,,
62134952,PARA,fail_incidence,346.377757763049,0.9875660622948377,34.29934756709721,67.96843115383946,2.5734512029952348,7.650981658930614,"(1.0, 8.0)",2025-07-08T15:27:21.129999161+00:00,0.86,,
62134957,PARA,fail_incidence,349.1650149961589,0.9167380250612647,32.65924526370333,69.61662072756727,2.4907477724904576,6.1801475776339805,"(2.0, 8.0)",2025-07-08T15:31:15.119999886+00:00,0.63,,
62134962,PARA,fail_incidence,344.889060146471,0.9408148151755058,28.87036768402863,84.87748170114885,2.7784732494767512,3.407029720792324,"(1.0, 5.0)",2025-07-08T15:32:01.679999828+00:00,0.72,,
62134972,PARA,fail_incidence,346.10879093470544,0.8067491331734487,5.25412171212485,68.43382078249326,2.759933175806092,2.9599766070910754,"(5.0, 10.0)",2025-07-08T15:35:14.380000114+00:00,0.31,,
62134977,PARA,fail_incidence,344.79444383697694,0.840384625209041,18.180671080950656,67.07581803913432,2.6640650552179843,1.9296083169311944,"(1.0, 20.0)",2025-07-08T15:38:27.949998856+00:00,0.3,,
62135002,PARA,fail_incidence,345.3965748951341,0.7647105635880043,25.430849314849585,65.88928241886086,2.5631456633554635,7.887713379712464,"(3.0, 15.0)",2025-07-08T15:50:10.889999390+00:00,0.3,,
62135022,PARA,fail_incidence,347.0815578927355,0.9618528717641728,26.31441722337907,71.36830365536392,2.5184947842208203,6.32154428776173,"(1.0, 15.0)",2025-07-08T15:57:25.299999237+00:00,0.97,,
62135027,PARA,fail_incidence,343.8678075150025,0.8990056942252005,23.99276333788665,64.5888237955277,2.561359765104197,7.163597769099336,"(1.0, 5.0)",2025-07-08T15:58:55.459999084+00:00,0.26,,
62135032,PARA,fail_incidence,344.2504824390601,0.923274875441302,24.332472101646538,68.25062572679595,2.524132310582086,7.945973785343668,"(5.0, 10.0)",2025-07-08T15:59:35.930000305+00:00,0.66,,
62135037,PARA,fail_incidence,344.6654816608319,0.8659946566849605,18.648188582692857,65.25227628606085,2.5650671017407447,6.912195120777101,"(5.0, 10.0)",2025-07-08T16:02:35+00:00,0.21,,
62135072,PARA,fail_incidence,349.2319613029846,0.8082024556469187,35.55879427972134,71.24002349849721,2.422318373191177,9.916402259219348,"(3.0, 5.0)",2025-07-08T16:18:43.299999237+00:00,0.63,,
62135092,PARA,fail_incidence,346.6864668583779,0.975461857980655,23.743449582575813,69.29819536489137,2.6735627409722182,5.683680478274073,"(2.0, 8.0)",2025-07-08T16:28:44.419998169+00:00,0.57,,
62135097,PARA,fail_incidence,348.4885741420694,0.9686688198909805,36.67770427327483,73.63795689300657,2.4640492439667385,7.971781124772132,"(1.0, 15.0)",2025-07-08T16:29:45.979999542+00:00,0.85,,
62135112,PARA,fail_incidence,346.78103420146374,0.9733277063321627,17.285566019694794,68.34618780448348,2.4885785031487497,3.4544784482302484,"(5.0, 15.0)",2025-07-08T16:40:05.900000095+00:00,-0.22,,
62135132,PARA,fail_incidence,351.24718283663,0.9045588139878901,34.72090386997452,72.72737087362655,2.533900948279105,6.30539133243174,"(1.0, 8.0)",2025-07-08T16:50:21.129999161+00:00,0.72,,
62135137,PARA,fail_incidence,347.91482447009497,0.9353790250410531,31.944111271228596,75.55483526859771,2.483212523183694,7.258906816302057,"(2.0, 8.0)",2025-07-08T16:58:57.750000+00:00,1.01,,
62135147,PARA,fail_incidence,346.92951840272656,0.9778491798624254,22.601103452861103,65.8793364061486,2.6498660223810497,3.912972736433332,"(5.0, 10.0)",2025-07-08T17:00:23.350000381+00:00,0.71,,
62135152,PARA,fail_incidence,344.18610351378567,0.9212906971076903,24.874456578291856,66.95683874034526,2.5040461322590226,5.668641192555658,"(3.0, 15.0)",2025-07-08T17:00:34.049999237+00:00,-0.13,,
62135167,PARA,fail_incidence,345.5282411014358,0.9312164310145471,36.413796921081456,71.49484601303372,2.517565923123566,4.34857604942631,"(1.0, 8.0)",2025-07-08T17:03:32.009998322+00:00,0.54,,
62135172,PARA,fail_incidence,346.72116896546805,0.9540752477442169,25.831085068325365,71.67240202844641,2.702098112826486,4.7231785248817255,"(2.0, 8.0)",2025-07-08T17:04:05.819999695+00:00,1.28,,
62135192,PARA,fail_incidence,350.04879265919516,0.7374832719260088,39.296052899032055,65.5927998537273,2.550123331954098,6.042832216358729,"(10.0, 45.0)",2025-07-08T17:13:30.099998474+00:00,0.45,,
62135197,PARA,fail_incidence,343.7315873645661,0.982893044333152,21.846349703694884,67.80372028547805,2.5145776065048895,5.499790506594929,"(3.0, 30.0)",2025-07-08T17:12:48.020000458+00:00,1.24,,
62135212,PARA,fail_incidence,343.4411498303426,0.898960693736744,38.648351914752965,83.13524847244106,2.5280536498164166,7.215262462057696,"(5.0, 10.0)",2025-07-08T17:26:42.629997253+00:00,0.83,,
62135222,PARA,fail_incidence,347.4555612632055,0.9618184476774672,29.479159535472895,67.07420464838235,2.6559385337063057,4.149808707498175,"(1.0, 5.0)",2025-07-08T17:32:44.229999542+00:00,0.69,,
62135262,PARA,fail_incidence,350.00695034746377,0.9286733234009916,29.752215502389856,69.79147134800425,2.3990959962299607,7.877460890957597,"(1.0, 15.0)",2025-07-08T17:52:16.299999237+00:00,0.81,,
62135272,PARA,fail_incidence,346.1668035411005,0.9886122471800548,24.85545087562961,70.54803364920348,2.611981358182037,3.045150970498817,"(5.0, 30.0)",2025-07-08T17:56:28.469999313+00:00,1.32,,
62135292,PARA,fail_incidence,343.604869530299,0.883881135192876,22.318615474069823,70.41828502506995,2.523724450829193,6.426546644017477,"(5.0, 15.0)",2025-07-08T18:06:08.260000229+00:00,0.26,,
62135297,PARA,fail_incidence,350.14785991179934,0.93391691132021,37.10391252736895,75.47899435365781,2.5690496360592268,9.524973104562168,"(5.0, 10.0)",2025-07-08T18:07:59.689998627+00:00,0.79,,
62135372,PARA,fail_incidence,348.79216367268054,0.913651702647091,40.618577080458536,65.82153658111996,2.4672038340361353,3.6372794527819163,"(5.0, 15.0)",2025-07-08T19:02:07+00:00,0.56,,
62135382,PARA,fail_incidence,344.31352388917077,0.9336258981440091,22.634452777287635,70.19134344124468,2.5373094221417185,4.079277639043619,"(5.0, 15.0)",2025-07-08T19:11:30.260000229+00:00,0.14,,
62135387,PARA,fail_incidence,350.6396386898136,0.9361451010370854,38.54644980499942,72.71719572376566,2.51576415392888,3.2619596669010824,"(5.0, 30.0)",2025-07-08T19:11:55.090000153+00:00,0.35,,
62135392,PARA,fail_incidence,343.16067987757714,0.9056292911255147,26.553531538312797,63.99383475472514,2.5595306189641165,9.059466022455473,"(5.0, 15.0)",2025-07-08T19:15:04.849999905+00:00,0.53,,
62135397,PARA,fail_incidence,348.56651824312166,0.9539367608169842,24.104061008501485,70.30649914407898,2.499262496979168,10.219576603060773,"(1.0, 8.0)",2025-07-08T19:17:35.930000305+00:00,0.78,,
62135407,PARA,fail_incidence,350.49448358565206,0.958597419558662,41.47788780466733,68.81916187462816,2.478354539933854,9.947835013088511,"(1.0, 8.0)",2025-07-08T19:20:07.809999943+00:00,1.06,,
62135417,PARA,fail_incidence,350.09088373745624,0.8969652648706472,22.310004399998782,74.17354495122963,2.4618276181019123,3.1816474490275453,"(1.0, 15.0)",2025-07-08T19:29:40.520000458+00:00,0.54,,
62135427,PARA,fail_incidence,346.4486485682487,0.947900784216974,25.179589636774786,70.58715578981561,2.7076115761482984,4.53320600059859,"(1.0, 8.0)",2025-07-08T19:32:53.079998016+00:00,0.4,,
62135462,PARA,fail_incidence,348.6590905782009,0.928970347911261,29.44982626232254,71.41408042023502,2.794484405658322,12.383782793098634,"(2.0, 8.0)",2025-07-08T19:44:12.300000191+00:00,0.72,,
62135467,PARA,fail_incidence,346.3954013325341,0.9802125483698251,24.000937525378593,64.5491184650799,2.7308038784300526,13.37829804425186,"(5.0, 10.0)",2025-07-08T19:50:05.679999828+00:00,1.26,,
62135472,PARA,fail_incidence,350.20370149414987,0.9208724154117143,39.760741635073835,70.9293819885558,2.786725123273151,4.295651547284478,"(1.0, 20.0)",2025-07-08T19:51:51.479999542+00:00,0.45,,
62135477,PARA,fail_incidence,344.4820598037356,0.940438618788025,23.540565366227433,66.56747907370776,2.6626354813096103,2.149841693704841,"(1.0, 5.0)",2025-07-08T19:57:26.430000305+00:00,0.41,,
62135492,PARA,fail_incidence,348.47770523668186,0.9942577207426995,23.097233941973226,68.37068854403105,2.4815582649415298,9.710122799511353,"(1.0, 8.0)",2025-07-08T20:12:58.369998932+00:00,0.89,,
62135497,PARA,fail_incidence,343.8417976637981,0.9656644600321292,23.78325151916345,69.80470316965267,2.5351418697278176,8.975977551556923,"(5.0, 10.0)",2025-07-08T20:14:08.779999495+00:00,1.02,,
62135557,PARA,fail_incidence,345.2014408204729,0.8872472235983585,26.119608865289006,81.31919460333295,2.506248655672991,6.254565133351614,"(1.0, 15.0)",2025-07-08T20:40:49.979999542+00:00,0.62,,
62135567,PARA,fail_incidence,347.87737300137064,0.9635681658227689,23.81437362402198,69.0919866652215,2.493044454782331,10.98948586303039,"(3.0, 5.0)",2025-07-08T20:49:07.710000038+00:00,1.1,,
62135637,PARA,fail_incidence,345.2856624015927,0.9754145237534806,24.299424585455704,71.57199557847905,2.5438972191059004,4.530496458649853,"(1.0, 8.0)",2025-07-08T21:49:09.429999352+00:00,0.57,,
62135652,PARA,fail_incidence,345.9436137616312,0.9627359183785251,28.555986652030583,81.76624467040564,2.7173074694860566,7.7362345991147805,"(3.0, 15.0)",2025-07-08T21:55:55.579998016+00:00,1.05,,
62135657,PARA,fail_incidence,346.956937053572,0.9821796964627447,23.749787945691924,80.40991811709269,2.69751771371831,7.505867592683523,"(1.0, 8.0)",2025-07-08T21:56:28.760000229+00:00,2.3,,
62135662,PARA,fail_incidence,347.91482447009497,0.9643429843460152,34.1844845103176,67.28503590257161,2.4782148307572194,8.143687805383745,"(5.0, 10.0)",2025-07-08T22:01:00.960000038+00:00,0.37,,
62135667,PARA,fail_incidence,345.9385154573783,0.9860454928970082,22.54494202735315,71.03770726642023,2.722546904721411,2.8472165093323865,"(3.0, 30.0)",2025-07-08T22:01:57.539997101+00:00,1.63,,
62135692,PARA,fail_incidence,351.0284868060082,0.8077929713147924,61.27059439216157,72.84233562948444,2.5279601073931888,6.115085399644489,"(5.0, 10.0)",2025-07-08T22:46:09.090000153+00:00,0.53,,
62135697,PARA,fail_incidence,349.23725857177317,0.9520369961241042,28.30048297801055,80.36870971929174,2.5857111839489613,2.9721400829410265,"(3.0, 30.0)",2025-07-08T22:47:16.119998932+00:00,1.63,,
62135702,PARA,fail_incidence,350.1200290994607,0.9764037862665529,36.666149187835124,72.389541331231,2.5157438555515523,5.574205164534648,"(5.0, 15.0)",2025-07-08T22:50:56.219997406+00:00,0.91,,
62135722,PARA,fail_incidence,343.5226929545871,0.933510776821015,26.129384679070114,64.47955238253411,2.5627674921026737,9.229846352693825,"(5.0, 10.0)",2025-07-08T23:01:23.309999704+00:00,0.47,,
62135742,PARA,fail_incidence,350.3441057430573,0.5712295229351446,53.75370179422244,74.44458920478885,2.469306959522552,8.406330667333176,"(5.0, 10.0)",2025-07-08T23:15:12.989999771+00:00,0.69,,
62135752,PARA,fail_incidence,347.65014103852275,0.9387107612681534,27.40331487872003,74.62595037293957,2.4732804705920617,3.8883108554260684,"(1.0, 15.0)",2025-07-08T23:17:29.459999084+00:00,0.58,,
62135767,PARA,fail_incidence,341.87592147029864,0.9265929792167829,20.893155238490664,69.34581864891871,2.524147026720485,2.114000472153056,"(1.0, 20.0)",2025-07-08T23:29:16.899999619+00:00,0.28,,
62135837,PARA,fail_incidence,345.2335324803387,0.9920614564973874,23.73928341966476,67.78614181935689,2.6683026601326256,10.761441446471636,"(1.0, 8.0)",2025-07-09T00:02:36.200000763+00:00,1.05,,
62135877,PARA,fail_incidence,344.9388818628452,0.9741086808714313,22.55352557967955,69.62353165452319,2.689249310246909,3.3404051695943635,"(2.0, 8.0)",2025-07-09T00:18:26.049999237+00:00,0.07,,
62135887,PARA,fail_incidence,344.4902908777878,0.9873393809331829,21.74766503742825,70.9208453992775,2.54307608513446,5.972120226814477,"(2.0, 8.0)",2025-07-09T00:25:26.129999161+00:00,0.81,,
62135907,PARA,fail_incidence,342.48443729220173,0.9155074432621704,26.15753180786027,71.04801616871211,2.5552670943547917,5.7737451668862585,"(5.0, 15.0)",2025-07-09T00:39:27.049999237+00:00,0.31,,
62135947,PARA,fail_incidence,346.7181063961403,0.9807835071897703,24.8844854315807,69.05959480170733,2.6908979265672093,5.291671782068365,"(2.0, 8.0)",2025-07-09T01:23:33.549999237+00:00,0.66,,
62135967,PARA,fail_incidence,346.3136954718542,0.9947600169977519,24.24330461294235,67.10618044001394,2.664823569580143,5.1742394890956955,"(2.0, 8.0)",2025-07-09T01:36:27.010000229+00:00,1.38,,
62135972,PARA,fail_incidence,345.84843195081714,0.9706518376085127,26.616412843218015,72.33739062768522,2.7164696045974637,4.308758284716092,"(1.0, 15.0)",2025-07-09T01:40:02.650000095+00:00,0.34,,
62135982,PARA,fail_incidence,344.1690495500773,0.9745597907082286,22.272636636937744,74.31967973508482,2.668945044234918,5.8044977352556835,"(1.0, 5.0)",2025-07-09T01:53:22.250000+00:00,0.64,,
62135997,PARA,fail_incidence,343.2149732290842,0.9672552202898544,21.432903157020984,70.7288060025258,2.531012420116208,3.834521556493669,"(5.0, 15.0)",2025-07-09T02:23:13.549999237+00:00,0.28,,
62136002,PARA,fail_incidence,343.9034385070165,0.9235970346637975,33.38290245477856,73.39718790807886,2.4722045226617357,6.640697376400814,"(5.0, 10.0)",2025-07-09T02:28:06.629999638+00:00,0.19,,
62136007,PARA,fail_incidence,349.89241815631465,0.9818780793011841,26.069472030110827,79.18305903722064,2.4991041781482,8.631945881851983,"(1.0, 8.0)",2025-07-09T02:31:33.290000916+00:00,0.47,,
62136012,PARA,fail_incidence,345.4233257773641,0.9345809567850764,24.5498922094161,69.52881596743687,2.5945508007783977,10.506014491734069,"(5.0, 10.0)",2025-07-09T02:39:52.319999695+00:00,0.36,,
62136027,PARA,fail_incidence,343.1806329025318,0.8719090885198855,28.295686847954236,73.85671221203103,2.5679944228476415,7.231487100283525,"(5.0, 10.0)",2025-07-09T03:06:08+00:00,0.28,,
62136032,PARA,fail_incidence,347.70955198683924,0.9550074478633649,22.643778220596907,74.41030026162036,2.5206498874574703,10.74201339385009,"(2.0, 8.0)",2025-07-09T03:10:50.189998627+00:00,0.56,,
62136037,PARA,fail_incidence,349.140959130991,0.8973343925484,30.437332399123733,70.99814014313039,2.5962024272149242,11.284037465507145,"(1.0, 8.0)",2025-07-09T03:11:17.340000153+00:00,0.91,,
62136042,PARA,fail_incidence,343.64670325528846,0.9732341668011594,22.450837269804374,71.56283809260168,2.5287002797988767,6.622915041838581,"(1.0, 20.0)",2025-07-09T03:17:23.100000381+00:00,0.59,,
62136047,PARA,fail_incidence,347.80903228617194,0.9159615310142527,29.45556341508664,77.0451245556589,2.5543413364203187,4.483873189838498,"(1.0, 20.0)",2025-07-09T03:54:32.130001068+00:00,0.63,,
62136067,PARA,fail_incidence,348.1856395902771,0.9453482778748259,24.07338134961594,75.92260074557308,2.475764107351876,14.642045086863178,"(3.0, 5.0)",2025-07-09T04:24:16.920000076+00:00,0.97,,
62136072,PARA,fail_incidence,347.14745327024684,0.9221689545158989,29.601033872380196,76.32116664993787,2.4850074941861253,9.437709100902405,"(2.0, 8.0)",2025-07-09T04:32:20.069999695+00:00,0.57,,
62136077,PARA,fail_incidence,342.6082611195838,0.9678577187517139,23.63780238823908,67.04521760308701,2.5749842165980787,3.5946292995162095,"(1.0, 8.0)",2025-07-09T04:32:55.379997253+00:00,0.42,,
62136082,PARA,fail_incidence,345.62450265203904,0.7579984654440429,41.59264398216514,66.22025869096944,2.65404072412522,3.292754039513615,"(5.0, 10.0)",2025-07-09T04:33:33.669998169+00:00,-0.48,,
62136097,PARA,fail_incidence,345.64793677366663,0.9257003710386035,29.164500445268082,65.78556699402361,2.649532596255,5.013952094998406,"(1.0, 5.0)",2025-07-09T04:46:02.289999962+00:00,0.8,,
62136102,PARA,fail_incidence,345.94543158160934,0.9538200867981722,26.054772670215623,68.20867752194681,2.679944664577842,7.498623973359182,"(2.0, 8.0)",2025-07-09T04:53:39.869998932+00:00,0.81,,
62136142,PARA,fail_incidence,349.584830860627,0.8444852311493841,19.241448545532517,85.48421511055699,2.8689809635587564,3.7577402620095794,"(1.0, 5.0)",2025-07-09T05:43:34.279998779+00:00,0.48,,
62136152,PARA,fail_incidence,348.42589948245234,0.9563728420473452,28.629925401750782,81.54211374089235,2.6318913459423694,5.190151568377647,"(5.0, 15.0)",2025-07-09T05:51:55.419998169+00:00,0.17,,
62136157,PARA,fail_incidence,343.92315024628886,0.9832088359073905,21.264501457406798,72.09632229945372,2.648520928901165,5.245259478015205,"(2.0, 8.0)",2025-07-09T06:21:40.360000610+00:00,0.55,,
62136177,PARA,fail_incidence,348.64378887001146,0.9562038544769685,22.79263030045832,72.72569261863599,2.435844336829089,6.296733571296964,"(1.0, 15.0)",2025-07-09T06:44:32.389999390+00:00,0.73,,
62136182,PARA,fail_incidence,343.2079115862565,0.9478295431706019,19.41552436940261,73.60498315409134,2.647395548088264,3.4574441128712863,"(5.0, 15.0)",2025-07-09T06:45:44.819999695+00:00,0.08,,
62136187,PARA,fail_incidence,342.20830462124985,0.9205723009262287,31.174800154849347,70.26300418198757,2.5344459457286987,5.693078930669297,"(3.0, 15.0)",2025-07-09T06:52:20.209999084+00:00,0.22,,
62136192,PARA,fail_incidence,343.4427534268657,0.9625046060507988,25.77082193401282,76.57769889459557,2.5973984838752933,7.736758627484852,"(1.0, 5.0)",2025-07-09T06:49:58.779998779+00:00,0.45,,
62136197,PARA,fail_incidence,346.1637486065445,0.7727285685616828,36.53325995394674,83.84795474469966,2.6471743158506804,4.643845247442675,"(5.0, 30.0)",2025-07-09T06:54:20.689998627+00:00,0.17,,
62136202,PARA,fail_incidence,342.0445698003764,0.9373278202194767,25.808023258513664,73.05349392285376,2.5725302408420734,9.25459998356254,"(2.0, 8.0)",2025-07-09T06:58:36.700000763+00:00,0.64,,
62136212,PARA,fail_incidence,351.153737479362,0.9574649711068522,33.45271479304766,67.40590339210398,2.4728943006718165,7.828957084381816,"(1.0, 15.0)",2025-07-09T07:18:01.130000114+00:00,1.39,,
62136237,PARA,fail_incidence,343.5628274051638,0.978987106884753,23.914781339122296,61.39524229853421,2.538981110167483,7.99678779077612,"(3.0, 30.0)",2025-07-09T07:43:15.139999390+00:00,0.67,,
62136242,PARA,fail_incidence,350.1323270830283,0.9400347310495043,30.777936821724126,58.73576198026493,2.7661473555322567,5.59443529214274,"(1.0, 15.0)",2025-07-09T07:45:33.869998932+00:00,0.65,,
62136247,PARA,fail_incidence,349.3367907648876,0.9543043830803876,24.788676111955684,65.18331121846056,2.7244537577003687,5.636232591920983,"(2.0, 8.0)",2025-07-09T07:46:11.219999313+00:00,0.6,,
62136252,PARA,fail_incidence,349.37886444131004,0.7141392718726807,31.378444682062756,62.55753505358008,2.785552100912664,6.964047256692645,"(5.0, 10.0)",2025-07-09T07:47:50.639999390+00:00,0.24,,
62136272,PARA,fail_incidence,350.8017620890977,0.960613969619581,19.592197473896256,61.933652806775264,2.781763096231926,6.994597546162021,"(3.0, 5.0)",2025-07-09T07:52:24.029998779+00:00,0.8,,
62136277,PARA,fail_incidence,351.7323129012322,0.9286752335734001,26.25042413817372,64.41760145404776,2.707446598127703,5.6565467281128425,"(2.0, 8.0)",2025-07-09T08:07:06.750000+00:00,0.71,,
62136297,PARA,fail_incidence,349.81364658331955,0.9156769913137592,32.80935337924762,75.04407517242119,2.473099710383197,3.6019488788551453,"(1.0, 8.0)",2025-07-09T08:39:02.130000114+00:00,0.3,,
62136302,PARA,fail_incidence,345.0323328040214,0.9662478804688106,24.258288635518497,65.78772669067057,2.571031609940911,6.565463198053692,"(5.0, 15.0)",2025-07-09T08:46:47.739998102+00:00,0.45,,
62136312,PARA,fail_incidence,345.2407674392599,0.9389074927196362,24.960880231622106,66.54685236900866,2.5861906477758834,6.271441099253946,"(1.0, 5.0)",2025-07-09T09:04:39.590000153+00:00,0.16,,
62136317,PARA,fail_incidence,343.8379505562506,0.9859485739703296,21.05052121856375,66.54644998692257,2.5806455919610753,5.586991410813587,"(5.0, 10.0)",2025-07-09T09:32:46.469997406+00:00,0.69,,
62136332,PARA,fail_incidence,343.8087320182148,0.9655035896376793,21.581926329002386,68.52486219169897,2.596834000087039,4.263929595649712,"(1.0, 15.0)",2025-07-09T09:57:14.449999809+00:00,0.18,,
62136347,PARA,fail_incidence,347.9332781926861,0.9122993965496747,28.69392265972041,70.1831807199731,2.533732532315909,8.397001483358487,"(10.0, 20.0)",2025-07-09T10:24:21.010000229+00:00,0.26,,
62136352,PARA,fail_incidence,343.7588123366237,0.9797065521303334,21.46388155602246,68.49842566184543,2.5328507561597724,5.708417280994224,"(2.0, 8.0)",2025-07-09T10:33:20.189998627+00:00,0.29,,
62136372,PARA,fail_incidence,349.8491298215914,0.9135913292438486,38.439417563476944,72.87917586467947,2.5246679953338655,6.774523199523878,"(5.0, 15.0)",2025-07-09T10:42:48.889999390+00:00,0.22,,
62136382,PARA,fail_incidence,341.81574225412595,0.9859074310335677,24.930709488961206,62.08754991009684,2.7178391582573025,4.669062015461872,"(1.0, 8.0)",2025-07-09T11:21:46.829998016+00:00,-0.05,,
62136392,PARA,fail_incidence,343.7709689741715,0.8442554318403813,38.63442417146038,71.82397008448648,2.542463674087521,3.446686938228951,"(1.0, 15.0)",2025-07-09T11:56:33.250000+00:00,0.17,,
62136417,PARA,fail_incidence,343.4179157576879,0.9739416417064354,24.553917688181013,62.02168540800922,2.6279175052749273,4.816169181081689,"(1.0, 8.0)",2025-07-09T12:15:00.450000048+00:00,0.13,,
62136437,PARA,fail_incidence,343.82326276037656,0.9894000984128803,21.658294889590277,67.52947239518375,2.58791830028567,3.9924166005159885,"(3.0, 30.0)",2025-07-09T12:28:54.479999542+00:00,0.99,,
62136457,PARA,fail_incidence,343.5919488607662,0.9473116323545445,35.056224676796155,67.03155380793564,2.593485661549093,6.7009032827826145,"(5.0, 10.0)",2025-07-09T12:48:20.149999619+00:00,0.68,,
62136482,PARA,fail_incidence,343.50724717241405,0.9762773402825177,24.170775227384716,62.190077352076145,2.5444806324195386,5.661901411125357,"(2.0, 8.0)",2025-07-09T13:12:12.029999495+00:00,0.56,,
62136497,PARA,fail_incidence,348.22994671041954,0.905625828392927,32.52922114698665,74.96478146080813,2.383377075150851,11.864572467617498,"(5.0, 10.0)",2025-07-09T13:22:05.170000076+00:00,0.46,,
62136507,PARA,fail_incidence,343.306112374044,0.951277655229997,23.0174866780858,66.3205909775113,2.5148004477809427,3.9554165344786103,"(2.0, 8.0)",2025-07-09T13:24:28.599998474+00:00,0.58,,
62136512,PARA,fail_incidence,343.63282219670174,0.9798625372411018,21.033991085655977,67.7403043808685,2.5870084856360798,3.503635701457033,"(5.0, 30.0)",2025-07-09T13:25:29.659999847+00:00,0.3,,
62136547,PARA,fail_incidence,344.14228686577997,0.9050194798333386,26.213362040172896,65.21877495983624,2.573294641349547,4.329693081484555,"(2.0, 8.0)",2025-07-09T14:01:13.889999390+00:00,0.24,,
62136557,PARA,fail_incidence,346.004110458032,0.9799225909416501,20.032016000507085,65.72468647827817,2.74670178857697,5.338134317851663,"(5.0, 10.0)",2025-07-09T14:13:23.809999704+00:00,0.35,,
62136572,PARA,fail_incidence,350.65562292558235,0.8858270924619296,33.82910375929226,67.96744178827267,2.5612876619666007,10.217916033263023,"(5.0, 10.0)",2025-07-09T14:27:09.039999962+00:00,0.92,,
62136577,PARA,fail_incidence,350.7130022872359,0.9416914526390308,24.187887511880273,69.45298708558371,2.7803470306289553,3.8052449767123404,"(3.0, 15.0)",2025-07-09T14:28:36.349998474+00:00,0.5,,
62136592,PARA,fail_incidence,344.7809311236168,0.9736763507510067,19.47158887757948,66.36854675052932,2.570604535423867,3.6252274919737966,"(1.0, 8.0)",2025-07-09T14:45:16.489999771+00:00,-0.02,,
62136622,PARA,fail_incidence,343.8458063009934,0.9536789726873467,25.60537585382671,66.43313000370104,2.509819287527728,5.640962951460097,"(1.0, 15.0)",2025-07-09T15:10:50.909999847+00:00,0.4,,
62136687,PARA,fail_incidence,349.16215972315143,0.9104147024372407,28.937906640257186,64.04104436139028,2.8083743130927776,6.059801268644226,"(1.0, 8.0)",2025-07-09T16:07:54.059997559+00:00,0.4,,
62136692,PARA,fail_incidence,342.5763358748535,0.9400984334121738,32.54872242343661,62.39002770106221,2.638067632124835,4.981963800397875,"(2.0, 8.0)",2025-07-09T16:08:40.930000305+00:00,0.48,,
62136702,PARA,fail_incidence,349.60429036917003,0.9186197648743935,31.518193724579284,61.851860204177996,2.7857468992013104,6.42183236982084,"(5.0, 15.0)",2025-07-09T16:11:46.389999390+00:00,0.73,,
62136722,PARA,fail_incidence,343.4391563637706,0.9672097335200216,21.417395523148198,64.65953814110485,2.568562111200678,4.825003047309062,"(2.0, 8.0)",2025-07-09T16:26:46.649997711+00:00,0.51,,
62136732,PARA,fail_incidence,348.24410002658976,0.9380676966869138,26.40560329116171,61.06589898548332,2.781606169305716,3.7950219066868893,"(2.0, 8.0)",2025-07-09T16:28:08.449999809+00:00,0.53,,
62136767,PARA,fail_incidence,345.15380543026686,0.8660557989768998,32.254386695181985,69.98472087899296,2.6219906225761593,8.939131729604824,"(5.0, 15.0)",2025-07-09T16:45:36.899997711+00:00,0.91,,
62136777,PARA,fail_incidence,342.26652348141477,0.9290750979287672,25.274041068260985,67.62649389711946,2.533857061242262,10.673855414088198,"(2.0, 8.0)",2025-07-09T16:46:00.359999895+00:00,0.58,,
62136782,PARA,fail_incidence,348.1797047971765,0.9827559208472411,24.82472912975148,63.54431010771162,2.630300868091288,3.578994502622438,"(2.0, 8.0)",2025-07-09T16:46:27.930000305+00:00,0.88,,
62136797,PARA,fail_incidence,343.3722019674586,0.9694569366839745,24.114803742208736,65.51055962779814,2.591478566864351,4.776269228450654,"(2.0, 8.0)",2025-07-09T17:04:46.729999542+00:00,0.25,,
62136812,PARA,fail_incidence,344.7399962120143,0.6081222058982296,69.36746154357415,65.93976122145948,2.6595957065134828,9.653709509540079,"(5.0, 10.0)",2025-07-09T17:28:39.619998932+00:00,0.54,,
62136852,PARA,fail_incidence,348.7661775078615,0.841522813955579,20.14321536283898,65.50686142287091,2.901134765502055,6.5088505063071125,"(5.0, 10.0)",2025-07-09T17:52:18.539999008+00:00,0.47,,
62136872,PARA,fail_incidence,350.7761229209472,0.8936082162089707,22.446532320487158,64.72786562639301,2.8001742669817338,3.16613150874775,"(1.0, 8.0)",2025-07-09T18:02:03.349999905+00:00,0.64,,
62136907,PARA,fail_incidence,344.06994998140766,0.9650069416849654,17.76085800524038,67.19840845862059,2.521948964061595,8.268017357513557,"(3.0, 15.0)",2025-07-09T18:28:30.029998779+00:00,0.67,,
62136912,PARA,fail_incidence,343.2945710206517,0.9863601325094592,22.1697815980033,68.56227930509085,2.6011627811183526,5.827786552061243,"(1.0, 8.0)",2025-07-09T18:30:51.270000458+00:00,1.15,,
62136922,PARA,fail_incidence,344.817145328284,0.941080148245569,18.500579408995716,61.60118880100827,2.617114225612453,4.0058491473890285,"(1.0, 8.0)",2025-07-09T18:38:19.510000229+00:00,0.31,,
62136927,PARA,fail_incidence,344.6653049995629,0.9826223194923952,22.82547775538711,67.52423173920171,2.503660501230762,6.024690543326553,"(1.0, 5.0)",2025-07-09T18:42:21.609998703+00:00,0.59,,
62136932,PARA,fail_incidence,342.4008137831078,0.9759990733460231,27.45867565649301,63.57431341661458,2.4713717225113006,12.703183593559402,"(5.0, 10.0)",2025-07-09T18:41:41.389999390+00:00,0.36,,
62136987,PARA,fail_incidence,345.2856624015927,0.8990894995916299,30.309680148020686,64.81901816668142,2.555745140173252,6.9596048651483935,"(1.0, 15.0)",2025-07-09T19:21:15.469999313+00:00,0.25,,
62136997,PARA,fail_incidence,347.11395948167825,0.9462739224993295,32.25290002867461,66.67134935834328,2.4761532608085663,5.533549594150891,"(10.0, 20.0)",2025-07-09T19:25:14.139999390+00:00,0.53,,
62137027,PARA,fail_incidence,347.73276840405293,0.9016800841676287,26.527195833740162,63.280478684970134,2.7957176188360733,5.619417022232075,"(3.0, 5.0)",2025-07-09T19:33:29.369998932+00:00,0.73,,
62137057,PARA,fail_incidence,344.43575741685686,0.9658927248090553,22.688742045891395,67.33657902242074,2.5806751322586106,7.40397132377681,"(2.0, 8.0)",2025-07-09T19:50:06.500000+00:00,0.88,,
62137077,PARA,fail_incidence,345.8290992127079,0.7752540303648195,36.33453325552672,66.07187600365663,2.4795100286629164,9.002530692743779,"(5.0, 30.0)",2025-07-09T19:55:54.469997406+00:00,0.18,,
62137112,PARA,fail_incidence,344.3312167983474,0.9731307715015745,22.022479762090143,62.658917652488036,2.541830030727338,5.833698534718811,"(3.0, 15.0)",2025-07-09T20:12:29.599998474+00:00,1.04,,
62137127,PARA,fail_incidence,350.2190563938377,0.880287824129488,35.886813109438286,71.23076210438109,2.515934117404655,7.089235782778456,"(3.0, 30.0)",2025-07-09T20:17:01.390000105+00:00,0.55,,
62137157,PARA,fail_incidence,351.24718283663,0.8439035208869102,27.926747161521135,72.18760948494462,2.539388645152845,6.918583094134999,"(10.0, 45.0)",2025-07-09T20:59:41.389999390+00:00,0.49,,
62137247,PARA,fail_incidence,343.42645388416605,0.6573161447524257,47.129701439436836,65.44198394770456,2.5700318879687605,5.258135527349653,"(5.0, 15.0)",2025-07-09T21:58:26.829999924+00:00,0.68,,
62137252,PARA,fail_incidence,344.6083976870663,0.9556301948389206,18.956225175548358,67.0690407581558,2.6036344611279625,2.247332990929686,"(1.0, 8.0)",2025-07-09T21:59:34.450000763+00:00,0.21,,
62137257,PARA,fail_incidence,351.13556205101946,0.9181565280864066,44.397551240565264,72.13075717455183,2.507868744090043,9.794745694449414,"(2.0, 8.0)",2025-07-09T22:00:05.359999657+00:00,0.3,,
62137262,PARA,fail_incidence,348.02241580852495,0.9217408439352172,25.724653481935718,73.4065744086549,2.4592367154467514,7.671093976039005,"(3.0, 5.0)",2025-07-09T22:00:55.959999084+00:00,0.42,,
62137297,PARA,fail_incidence,348.43731457797134,0.9232855577604128,40.596682497199524,69.76713549667147,2.495538344162523,11.699315960827402,"(3.0, 5.0)",2025-07-09T22:36:37.959999084+00:00,0.68,,
62137407,PARA,fail_incidence,343.91348649172386,0.9919529078492321,29.004438807598014,62.953751167679656,2.633890234250005,4.6122934745248365,"(1.0, 20.0)",2025-07-09T23:44:28.119998932+00:00,1.37,,
62137437,PARA,fail_incidence,349.8480974935858,0.9349242331554689,29.995199984722,64.88443657208221,2.900592138744378,6.953213472469142,"(1.0, 8.0)",2025-07-09T23:57:29.529998779+00:00,0.79,,
62137462,PARA,fail_incidence,346.8778923904934,0.9059421374497573,35.07203551370067,66.40810994772214,2.7672217345696724,4.49874494096651,"(1.0, 8.0)",2025-07-10T00:10:05.069999695+00:00,0.75,,
62137497,PARA,fail_incidence,345.84451989603053,0.9268114659561243,38.08479660970299,65.45690994188737,2.566962767613026,7.643040090660121,"(5.0, 30.0)",2025-07-10T00:24:22.209999084+00:00,0.97,,
62137537,PARA,fail_incidence,348.2684037722983,0.9159708604565866,25.654319239690743,64.07951770016433,2.7236634668679436,6.00541620307501,"(3.0, 30.0)",2025-07-10T00:43:05.219999790+00:00,0.92,,
62137832,PARA,fail_incidence,343.24052898120766,0.979344016711765,20.29503972229475,66.49906685563839,2.7583087456665862,3.85550687758393,"(2.0, 8.0)",2025-07-10T03:01:02.759999990+00:00,-0.07,,
62137837,PARA,fail_incidence,344.54663802951603,0.9803901527993342,21.86788397825464,67.63979375277074,2.5233689022325474,5.852741139349278,"(1.0, 8.0)",2025-07-10T02:59:16.670000076+00:00,0.55,,
62137887,PARA,fail_incidence,344.4260791914585,0.9269044250464048,26.650146389018875,67.51897680955932,2.496738604957484,8.241016905225077,"(1.0, 8.0)",2025-07-10T03:53:40.189998627+00:00,0.33,,
62137897,PARA,fail_incidence,348.0008849757524,0.9937790589364153,24.278810155520723,85.2051433085785,2.8565628458412076,2.3652183131220634,"(1.0, 5.0)",2025-07-10T04:14:17.420000076+00:00,1.33,,
62137902,PARA,fail_incidence,343.59114907860254,0.9576206451954666,22.61631219311165,70.31084019283993,2.5445083149114125,8.633380203856591,"(5.0, 10.0)",2025-07-10T04:36:30.129999161+00:00,0.26,,
62137907,PARA,fail_incidence,342.13431941618484,0.877370782689239,31.944180093242174,65.8568157144608,2.5128245543478585,7.899537408576211,"(5.0, 10.0)",2025-07-10T04:38:25.100000381+00:00,0.63,,
62137917,PARA,fail_incidence,343.99422535950714,0.9679846285756105,16.13446959940767,61.526985998172506,2.712114476504119,5.115333997046877,"(3.0, 15.0)",2025-07-10T04:59:07.190000057+00:00,0.09,,
62137932,PARA,fail_incidence,350.39996974181946,0.8951829407555946,28.165774805547866,67.49459263100238,2.832230271012973,8.714165569506413,"(5.0, 10.0)",2025-07-10T05:03:34.610000610+00:00,0.33,,
62137937,PARA,fail_incidence,344.9289182968543,0.9507053422687545,24.329642711633223,70.40311117141776,2.6149594646820797,9.847281372429208,"(5.0, 15.0)",2025-07-10T05:06:14.329999924+00:00,0.53,,
62137947,PARA,fail_incidence,343.8342561663083,0.8286103710716441,34.741983785725715,69.64638395910023,2.6138791085599054,7.058827794401267,"(5.0, 15.0)",2025-07-10T05:19:37.219997406+00:00,0.43,,
62137957,PARA,fail_incidence,350.12327641107544,0.9189690199798893,32.74321978253627,67.23816300400398,2.559438492926994,6.636940647424646,"(1.0, 20.0)",2025-07-10T05:28:40.700000763+00:00,0.96,,
62137962,PARA,fail_incidence,349.2755619319529,0.904376006161899,30.14788244421221,70.64426191388009,2.5222261388206784,9.329723252629686,"(1.0, 15.0)",2025-07-10T05:27:08.889999390+00:00,0.35,,
62137967,PARA,fail_incidence,351.62833174401743,0.9122522980680731,46.179404300646844,71.47817602655726,2.797076152834476,11.37185204064018,"(5.0, 10.0)",2025-07-10T05:32:56.479999542+00:00,0.38,,
62137982,PARA,fail_incidence,344.37915765159835,0.9598333133746719,23.626989110900816,67.49661806605248,2.596260556341311,3.5561523882838495,"(2.0, 8.0)",2025-07-10T05:35:59.009998322+00:00,0.08,,
62137992,PARA,fail_incidence,344.23361975162476,0.9578578969577195,22.13847592651847,69.49892599335614,2.630262788626702,8.09000545800429,"(2.0, 8.0)",2025-07-10T05:44:49.049999237+00:00,1.32,,
62137997,PARA,fail_incidence,343.6328660947469,0.9618977120165961,21.470898234030486,69.84812773236992,2.6332291312544585,6.1848844971765535,"(2.0, 8.0)",2025-07-10T05:59:14.909999847+00:00,0.37,,
62138022,PARA,fail_incidence,344.0463319522154,0.9530749694947463,23.677648048815346,69.98681317964926,2.630757021219829,4.260193987985181,"(1.0, 8.0)",2025-07-10T06:16:35.459999084+00:00,0.05,,
62138042,PARA,fail_incidence,349.94773607196413,0.9335234914117149,24.463603076277852,72.98597532389661,2.524234612066734,8.22885926040795,"(3.0, 15.0)",2025-07-10T06:40:57.649997711+00:00,0.29,,
62138062,PARA,fail_incidence,343.4054110421623,0.907777681661911,30.38600343303844,66.86948830314822,2.489509055220728,5.152408978096788,"(1.0, 20.0)",2025-07-10T07:14:18.590000153+00:00,-0.01,,
62138077,PARA,fail_incidence,343.35305225023814,0.9602742077250176,24.093548706666326,63.82509915820899,2.6429908816966456,2.8709751471962925,"(1.0, 15.0)",2025-07-10T07:37:50.529998779+00:00,0.39,,
62138087,PARA,fail_incidence,350.4485421443398,0.9105035121927766,34.738060986385214,68.40561253570105,2.760068580703255,9.576132096131133,"(1.0, 15.0)",2025-07-10T07:49:25.869998932+00:00,0.37,,
62138152,PARA,fail_incidence,346.79202023573947,0.9597768745541075,25.30102666453578,66.92464529760998,2.5711985111213065,8.721703758337236,"(5.0, 10.0)",2025-07-10T09:26:54.299999237+00:00,0.7,,
62138157,PARA,fail_incidence,342.97140933419126,0.9789933626284024,23.719183781445178,65.48520437941879,2.6642250341694504,4.146404061289226,"(1.0, 8.0)",2025-07-10T09:40:26.819999695+00:00,0.37,,
62138162,PARA,fail_incidence,348.7076593097288,0.9621338792200529,24.481959775649713,68.84985516978156,2.485098906472995,10.024025052256052,"(1.0, 5.0)",2025-07-10T09:40:42.779998779+00:00,0.64,,
62138172,PARA,fail_incidence,349.74505577394245,0.9355988547134669,35.44871640058137,70.74294780582386,2.4993329245005107,4.37423189514946,"(1.0, 15.0)",2025-07-10T09:43:35.270000458+00:00,0.34,,
62138187,PARA,fail_incidence,348.3022012307401,0.9046031908281149,18.809273137552164,70.9843336463881,2.872474941311193,4.816049751645261,"(5.0, 15.0)",2025-07-10T10:30:46.909999847+00:00,0.33,,
62138192,PARA,fail_incidence,348.8984230134252,0.8441982386053601,30.947400618549754,69.01959317803843,2.871997370845711,6.06166277124394,"(1.0, 8.0)",2025-07-10T10:40:10.300000191+00:00,0.25,,
62138202,PARA,fail_incidence,343.8527979435824,0.9748070157516894,22.988258161181797,65.60356520673179,2.573368073036166,3.9821432270202317,"(1.0, 20.0)",2025-07-10T10:40:53.069999695+00:00,0.62,,
62138207,PARA,fail_incidence,349.58248130506547,0.9348395571790981,36.46690484973379,67.37371009357581,2.3820732822385784,14.351879534413975,"(5.0, 10.0)",2025-07-10T10:57:29.689998627+00:00,0.85,,
62138217,PARA,fail_incidence,342.64160543287477,0.9195094509994844,25.136325989519573,61.88848784293927,2.547029396998565,3.7832485894018353,"(3.0, 5.0)",2025-07-10T11:03:18.989999771+00:00,-0.02,,
62138227,PARA,fail_incidence,346.9176856299115,0.7791501629861799,25.59613642035804,62.576275424996346,2.889696226978366,4.762552081590034,"(1.0, 8.0)",2025-07-10T11:26:48.469997406+00:00,0.08,,
62138232,PARA,fail_incidence,350.8611233114415,0.9300929456220655,22.77440741923865,70.89837675416952,2.5256088012714932,8.683467717182547,"(1.0, 20.0)",2025-07-10T11:29:20.100000381+00:00,0.62,,
62138242,PARA,fail_incidence,351.92477611025333,0.8875128081678719,34.48334248398345,65.74399538615992,2.456436593229097,8.540795699566548,"(5.0, 30.0)",2025-07-10T11:32:56.639999390+00:00,0.28,,
62138257,PARA,fail_incidence,344.37526904426454,0.9188947216649259,25.799561570622554,65.41912857669783,2.565660999147479,7.226397439538411,"(5.0, 15.0)",2025-07-10T12:25:27.840000153+00:00,0.63,,
62138277,PARA,fail_incidence,351.6764456020232,0.899630605170963,36.82184091159895,64.16890552417621,2.4466623790402187,5.934432753775738,"(10.0, 45.0)",2025-07-10T12:54:23.699998856+00:00,0.49,,
62138282,PARA,fail_incidence,348.046303048913,0.9341242399751588,31.668825434358244,68.11977946560783,2.502327827166315,6.710405238907258,"(1.0, 5.0)",2025-07-10T12:59:36.770000458+00:00,0.17,,
62138287,PARA,fail_incidence,346.4433778811992,0.9407082035118957,36.02764962944057,75.17646548262445,2.373692669145152,6.668756059259271,"(5.0, 15.0)",2025-07-10T13:03:40.529998779+00:00,0.39,,
62138292,PARA,fail_incidence,344.2615898324013,0.9632463229807519,24.57809185763983,66.3030539716434,2.585401983714861,5.113471147456177,"(2.0, 8.0)",2025-07-10T13:05:33.669998169+00:00,0.49,,
62138307,PARA,fail_incidence,343.5359246659402,0.9573276749147961,26.977501955160637,71.20625256624497,2.5457699383147525,5.468987535263272,"(1.0, 15.0)",2025-07-10T13:30:24.699998856+00:00,0.66,,
62138312,PARA,fail_incidence,345.41005300663056,0.9691403288364739,21.426174025023432,67.7769909468985,2.583426090974777,2.568862778223028,"(3.0, 30.0)",2025-07-10T13:34:50.849998474+00:00,0.22,,
62138327,PARA,fail_incidence,344.8413455467306,0.8866380544762524,33.77832930396537,63.62330627624945,2.5479990590533124,8.533851295158582,"(3.0, 30.0)",2025-07-10T14:09:09.939999580+00:00,1.32,,
62138337,PARA,fail_incidence,348.43731457797134,0.8752561495241765,30.206535438734708,69.79505573234594,2.494241982619952,13.218937891160717,"(3.0, 5.0)",2025-07-10T14:19:23.539999008+00:00,0.38,,
62138342,PARA,fail_incidence,344.47961168665364,0.9531974066076344,22.75136271775861,65.25773734555888,2.6566779207380318,3.869520783184709,"(1.0, 8.0)",2025-07-10T14:29:05.659999847+00:00,0.2,,
62138367,PARA,fail_incidence,343.80560976864996,0.9665817714771554,24.73507828302786,70.51788867081675,2.6396604091744287,6.397210649585586,"(2.0, 8.0)",2025-07-10T15:15:03.019999981+00:00,0.09,,
62138387,PARA,fail_incidence,343.47811187805075,0.948919563583799,31.111697469658374,67.65986936305916,2.5305652161697894,6.405079636336343,"(5.0, 15.0)",2025-07-10T15:32:27.389999390+00:00,0.17,,
62138437,PARA,fail_incidence,344.31352388917077,0.9764604055688803,19.86960069531863,58.297443269890564,2.619796591803429,5.89653931794896,"(2.0, 8.0)",2025-07-10T16:04:08.199999809+00:00,0.37,,
62138442,PARA,fail_incidence,343.604869530299,0.7281065972028251,66.60693594080037,63.244296203343865,2.5600805396576147,2.6513979400862855,"(1.0, 20.0)",2025-07-10T16:06:29.449998856+00:00,0.17,,
62138537,PARA,fail_incidence,348.78389626767455,0.8974280215319222,30.27277713254877,63.90828678539397,2.8170186589434443,6.333194859087906,"(3.0, 15.0)",2025-07-10T17:15:33.709999084+00:00,0.8,,
62138582,PARA,fail_incidence,351.0901199792405,0.8671624498038993,43.92563395791986,70.4425179759547,2.497840783567987,2.4441402444359244,"(5.0, 30.0)",2025-07-10T18:00:29.699998856+00:00,0.39,,
62138607,PARA,fail_incidence,350.67784360097556,0.9576648672892882,23.26840906759788,65.94843587659432,2.719505247736751,6.882295375677897,"(2.0, 8.0)",2025-07-10T18:19:41.169998169+00:00,1.61,,
62138627,PARA,fail_incidence,343.47698316322,0.9716121786935533,24.506013879579974,68.38196019402046,2.693912186037706,5.318850221338553,"(1.0, 8.0)",2025-07-10T18:28:00.099999905+00:00,0.14,,
62138642,PARA,fail_incidence,350.3613806565182,0.8763091493954086,38.11902885149291,63.585891350491465,2.7373870278816543,4.391768791219556,"(2.0, 8.0)",2025-07-10T18:37:37.700000763+00:00,0.62,,
62138667,PARA,fail_incidence,350.479741392253,0.908250100106348,30.764276162398737,60.89602911540976,2.6929054198229316,4.788040476249877,"(1.0, 8.0)",2025-07-10T19:00:19.829999924+00:00,0.78,,
62138687,PARA,fail_incidence,349.75708032297575,0.9444079092937866,25.53001453897531,61.58342124868224,2.6964831046863647,2.170753598913439,"(1.0, 15.0)",2025-07-10T19:08:22.139999390+00:00,0.67,,
62138692,PARA,fail_incidence,351.1576217996701,0.9270241823735956,26.055681874616287,66.77426440214745,2.6588655815538838,3.5428735152632695,"(10.0, 45.0)",2025-07-10T19:08:31+00:00,1.16,,
62138837,PARA,fail_incidence,344.5726514466989,0.9892056702587555,22.027111895110156,64.62227761944796,2.6454183218045304,8.35631898895458,"(2.0, 8.0)",2025-07-10T20:32:21.959999084+00:00,1.25,,
62138842,PARA,fail_incidence,348.32811240393056,0.7790845784723781,39.777469378431334,71.36220972531294,2.512191930948426,4.664527189367925,"(2.0, 8.0)",2025-07-10T20:34:03.480000019+00:00,0.21,,
62138852,PARA,fail_incidence,352.2972340355292,0.9189707213703998,28.46263142166237,65.97146439662029,2.824802846879607,6.771246068152194,"(2.0, 8.0)",2025-07-10T20:44:03.230000019+00:00,0.68,,
62138892,PARA,fail_incidence,344.93225177384966,0.985241989938008,21.564472392105777,67.94317779093983,2.595811224157943,6.489359411417924,"(1.0, 20.0)",2025-07-10T21:17:27.299999237+00:00,2.04,,
62138897,PARA,fail_incidence,345.4619583097419,0.9356003344447436,22.885822035781146,66.13265909588903,2.657634981467944,4.096346977490385,"(1.0, 20.0)",2025-07-10T21:18:15.989999771+00:00,0.47,,
62139007,PARA,fail_incidence,344.7206238504859,0.9249287261495958,28.971826454826207,69.1784844794099,2.6909759542283846,5.379719453076596,"(1.0, 8.0)",2025-07-10T22:31:19.680000305+00:00,0.16,,
62139012,PARA,fail_incidence,345.17520170550586,0.9760165098598584,23.158985242241403,70.25148418721282,2.5970899795596236,6.367599511737522,"(1.0, 8.0)",2025-07-10T22:31:30.779998779+00:00,0.89,,
62139062,PARA,fail_incidence,341.68456468616307,0.872500056733467,34.06927103533417,80.33079505706365,2.6146450869543676,6.031559318436443,"(1.0, 20.0)",2025-07-10T23:07:37.829998016+00:00,0.37,,
62139152,PARA,fail_incidence,341.8466104867443,0.910544297486724,28.706007731168846,68.30830580721752,2.615214663545832,6.480003936790702,"(2.0, 8.0)",2025-07-11T00:04:27.539999008+00:00,0.46,,
62139162,PARA,fail_incidence,352.2748586503762,0.9513355008126655,26.081403586638228,52.35575897837671,2.5564478189418542,6.532362406055367,"(1.0, 15.0)",2025-07-11T00:11:33.369998932+00:00,1.22,,
62139277,PARA,fail_incidence,349.8964431576525,0.8854100197419591,42.07218630970309,71.39344282798808,2.5095661883776668,10.900115172636458,"(5.0, 15.0)",2025-07-11T03:12:29.859998703+00:00,0.41,,
62139322,PARA,fail_incidence,344.1399322848585,0.9624170669757302,22.99121055471321,70.77844281860436,2.6217976599434296,9.744891905703206,"(2.0, 8.0)",2025-07-11T04:45:02.089999914+00:00,0.34,,
62139327,PARA,fail_incidence,343.0637435914922,0.9583083629076474,30.15117699168495,68.4546716123164,2.594908114325648,5.146432529607628,"(1.0, 8.0)",2025-07-11T05:01:53.569999695+00:00,-0.08,,
62139342,PARA,fail_incidence,349.24813446629463,0.9463891120980606,27.344910679612614,71.3901163746861,2.508417624676659,8.16527553098853,"(5.0, 10.0)",2025-07-11T05:18:05.259999751+00:00,0.48,,
62139357,PARA,fail_incidence,347.31528571198874,0.9314060351050057,41.04657338105819,73.4958173534738,2.4695757747374576,7.2372677626415545,"(2.0, 8.0)",2025-07-11T06:05:17.569999695+00:00,0.07,,
62139377,PARA,fail_incidence,345.1017787352434,0.9759139408146507,21.99211304952598,69.10682028692653,2.595045537453052,5.986516786853208,"(1.0, 8.0)",2025-07-11T07:10:51.139999390+00:00,0.46,,
62139397,PARA,fail_incidence,350.8490284340171,0.9757379421603198,23.7109260155307,62.334168850289686,2.704019878215414,5.040428033960222,"(2.0, 8.0)",2025-07-11T07:36:01.230000019+00:00,1.68,,
62139417,PARA,fail_incidence,347.85615105954514,0.874291605701456,46.99565201872751,69.54740630363347,2.8552501093434888,8.274642168245897,"(1.0, 8.0)",2025-07-11T08:12:41.129997253+00:00,0.74,,
62139422,PARA,fail_incidence,352.63651414207646,0.8943830515440329,33.27715122147363,63.618713021329114,2.7876341447226873,7.942540078244496,"(3.0, 15.0)",2025-07-11T08:17:04.480000019+00:00,0.47,,
62139432,PARA,fail_incidence,348.8504485565659,0.9820677803712162,27.231192577867635,74.62736118567958,2.4734271917413286,5.706676705250958,"(5.0, 15.0)",2025-07-11T08:18:52.309997559+00:00,0.27,,
62139452,PARA,fail_incidence,343.63282219670174,0.7981521863648624,25.54875280101366,60.916086005211845,2.624493424368563,3.9546404252031055,"(1.0, 15.0)",2025-07-11T08:52:51.680000305+00:00,-0.09,,
62139472,PARA,fail_incidence,351.61498453713864,0.5823966661120821,32.78404336794111,67.66758295631477,2.748435755972504,6.687422502004398,"(5.0, 15.0)",2025-07-11T10:09:15.789999962+00:00,0.33,,
62139492,PARA,fail_incidence,349.36166913762935,0.8637943118865763,41.026185670229516,65.62807802392199,2.7505364436490782,4.820794755133764,"(3.0, 15.0)",2025-07-11T10:47:22.039999008+00:00,0.23,,
62139502,PARA,fail_incidence,342.8843555528723,0.942298433843739,23.44373152673419,66.61236321131597,2.6062790687495068,4.635036615144026,"(1.0, 15.0)",2025-07-11T11:50:39.989998102+00:00,0.16,,
62139507,PARA,fail_incidence,343.31235906294467,0.9085884944996467,27.121899003657276,69.03860817691597,2.451231276360976,10.049815426353437,"(5.0, 10.0)",2025-07-11T12:15:29.789999008+00:00,0.27,,
62139517,PARA,fail_incidence,343.2945710206517,0.9712213878756741,24.019762270795184,67.57268692066238,2.6124257720808375,5.848674550847715,"(3.0, 15.0)",2025-07-11T12:24:43.520000458+00:00,0.41,,
62139522,PARA,fail_incidence,350.80353517557023,0.8690314174157941,32.83639616130036,66.90075313939933,2.5555242908105136,5.677959775082973,"(10.0, 45.0)",2025-07-11T12:25:56.430000305+00:00,0.34,,
62139532,PARA,fail_incidence,348.8801590933162,0.9309788139231775,27.596330940850837,71.4421137186462,2.52030738899671,8.966812638643995,"(2.0, 8.0)",2025-07-11T13:06:19.959999084+00:00,0.63,,
62139557,PARA,fail_incidence,343.36979251123677,0.9656092458078248,19.05179348405448,66.10818319188968,2.6628096915035253,3.8898373962236312,"(5.0, 10.0)",2025-07-11T13:43:19.689998627+00:00,0.29,,
62139562,PARA,fail_incidence,345.1326326885391,0.9483001527039664,19.22795237693704,64.51938252650758,2.640723254074773,4.094934216989502,"(2.0, 8.0)",2025-07-11T13:43:36.479999542+00:00,0.18,,
62139567,PARA,fail_incidence,345.09147465805427,0.8778266023465153,26.286450710281855,65.21769918852509,2.560797223427677,6.099056093290322,"(3.0, 30.0)",2025-07-11T13:55:36.610000610+00:00,0.33,,
62139592,PARA,fail_incidence,349.06778238198893,0.9612875733446827,50.27540602886877,66.08078871858896,2.4709426854518166,8.17604123562014,"(2.0, 8.0)",2025-07-11T14:58:29.629999161+00:00,0.32,,
62139597,PARA,fail_incidence,349.3473901102666,0.9496234843934441,29.960449187076392,70.26268472382314,2.5162768642824447,6.88634732881759,"(1.0, 8.0)",2025-07-11T15:00:44.090000153+00:00,0.78,,
62139652,PARA,fail_incidence,345.2762930278925,0.9786972940599444,20.064809185549578,66.29902014110888,2.6570140746225968,8.251438380415067,"(1.0, 8.0)",2025-07-11T16:46:39.349998474+00:00,0.23,,
62139722,PARA,fail_incidence,349.2587883976676,0.9624971356936255,27.49028914356516,72.63538464850463,2.5288648531107327,4.5479303110207585,"(1.0, 8.0)",2025-07-11T19:16:52.529998779+00:00,0.46,,
62139727,PARA,fail_incidence,345.9934486681379,0.993133311240621,22.380127880200067,87.69771095795781,2.475645575393687,4.625637578324913,"(1.0, 20.0)",2025-07-11T19:23:04.980000019+00:00,2.42,,
62139732,PARA,fail_incidence,344.2909506108836,0.9345732630958041,18.925999837619912,69.371434520977,2.519288657126896,7.366121927292541,"(5.0, 10.0)",2025-07-11T19:28:26.529998779+00:00,0.41,,
62139737,PARA,fail_incidence,343.92315024628886,0.9749852889330606,22.101850552506033,65.76470909930846,2.6578378103408746,6.035494456620817,"(1.0, 5.0)",2025-07-11T19:31:05.029999495+00:00,0.51,,
62139772,PARA,fail_incidence,344.25018984860634,0.9686369241574454,21.566527322759416,62.765934202255195,2.6280748067135207,7.666372831493508,"(1.0, 8.0)",2025-07-11T19:51:25.100000381+00:00,1.54,,
62139787,PARA,fail_incidence,350.3577161388624,0.9046786823034737,31.609672574420262,63.8610505808458,2.804473599783262,7.96593952646017,"(3.0, 5.0)",2025-07-11T19:57:44.799999237+00:00,0.58,,
62139792,PARA,fail_incidence,349.28069908153196,0.9097953699826833,28.98329672060002,67.73252519844495,2.7552989400398182,6.406230892893825,"(1.0, 15.0)",2025-07-11T20:00:10.800000191+00:00,0.64,,
62139797,PARA,fail_incidence,347.3803562495144,0.8999148584252459,22.17322037136699,69.6505532611289,2.789442574893608,5.2437911468410245,"(1.0, 5.0)",2025-07-11T20:01:17.049999237+00:00,0.85,,
62139862,PARA,fail_incidence,348.52595510313745,0.8654626881032649,27.348655355999405,70.30234559473482,2.522205190428466,3.9533997776232654,"(5.0, 15.0)",2025-07-11T21:47:30.969999313+00:00,0.61,,
62139867,PARA,fail_incidence,350.02960108325425,0.8828630410143425,32.00351917602752,71.98978902512462,2.812354474754377,8.64440160789255,"(1.0, 15.0)",2025-07-11T21:48:35.409999847+00:00,0.88,,
62139872,PARA,fail_rectilinearity,351.2142636076453,0.49891671632583845,3.2879542370222445,66.32100669772169,2.9089094659089194,9.686112043748597,"(5.0, 10.0)",2025-07-11T21:50:19.479999542+00:00,0.39,,
62139907,PARA,fail_incidence,344.14228686577997,0.9034079940562124,27.43661872621759,65.24716720202804,2.565829918215064,9.256995307836235,"(5.0, 10.0)",2025-07-11T22:23:03.650000095+00:00,1.34,,
62139962,PARA,fail_incidence,351.8903326436594,0.9211646154363079,27.69323242338611,69.63899703970526,2.494384033718113,6.739774102809599,"(10.0, 20.0)",2025-07-11T23:52:04.269999981+00:00,1.61,,
62140012,PARA,fail_incidence,343.17788230551156,0.9068778833883298,25.386310556058525,71.25573005560234,2.620194034532439,2.8866723383762327,"(5.0, 15.0)",2025-07-12T01:25:25.909999847+00:00,0.27,,
62140082,PARA,fail_incidence,349.63348581313795,0.9109792771979219,26.84291404728663,72.90480741582266,2.7149476778918196,3.262721134047772,"(5.0, 30.0)",2025-07-12T02:57:21+00:00,0.43,,
62140137,PARA,fail_incidence,343.8198573589222,0.9005318215846378,25.537779974996326,71.1108322886402,2.6166169068498255,5.575863479871476,"(2.0, 8.0)",2025-07-12T05:26:35.479999542+00:00,0.1,,
62140162,PARA,fail_incidence,343.10670973998054,0.9017260779764626,32.61693590844049,74.67896570064305,2.555450195631148,5.81844609766469,"(1.0, 8.0)",2025-07-12T06:44:12.869999886+00:00,0.47,,
62140167,PARA,fail_incidence,353.6477337671456,0.9335959639216068,40.35684621393247,71.67444981927208,2.5212789565211864,8.666206703052856,"(1.0, 5.0)",2025-07-12T07:06:54.379997253+00:00,0.57,,
62140187,PARA,fail_incidence,352.3702065464047,0.8846056617605065,38.917097359244416,71.4092058266099,2.5012368012336057,5.316237552744031,"(1.0, 15.0)",2025-07-12T09:15:13.979999542+00:00,0.61,,
62140202,PARA,fail_incidence,345.83431332209426,0.9248135108805795,18.168465403834343,71.64498857820108,2.5228554153821867,4.013949778183579,"(5.0, 15.0)",2025-07-12T09:51:50.399997711+00:00,0.25,,
62140212,PARA,fail_incidence,344.9250517683909,0.943926450180326,23.303097546923503,66.98546110978607,2.48742849766556,5.3237534365940995,"(5.0, 15.0)",2025-07-12T10:01:36.250000+00:00,0.38,,
62140217,PARA,fail_incidence,343.07493219307366,0.9313470465796085,23.698169412325406,72.41030211342365,2.4738055240811776,8.646757607756022,"(1.0, 5.0)",2025-07-12T10:15:08.659999847+00:00,0.36,,
62140232,PARA,fail_incidence,349.6859923641538,0.9082770624091252,31.519854482655322,67.58160716547711,2.480881337662509,3.9212176382306914,"(10.0, 45.0)",2025-07-12T11:11:31.819999695+00:00,0.29,,
62140272,PARA,fail_incidence,343.2695926022662,0.907840537141877,27.33581097815901,68.85247166052514,2.5404688865144642,5.032521794469567,"(1.0, 8.0)",2025-07-12T12:39:06.730000019+00:00,0.57,,
62140277,PARA,fail_incidence,345.5898142449754,0.9764715098731158,25.274109306157843,65.17784415668905,2.499586139311482,9.550998607489984,"(1.0, 5.0)",2025-07-12T12:40:09.679999352+00:00,1.14,,
62140292,PARA,fail_incidence,343.4940652409576,0.9563400634181444,38.66681131213015,63.53724038063672,2.5936096770399644,3.836081412566169,"(1.0, 5.0)",2025-07-12T12:51:35.860000610+00:00,0.42,,
62140297,PARA,fail_incidence,343.15835413691144,0.9488186378806863,36.61411947769289,60.193007021279946,2.6138285346044565,8.282950677274009,"(1.0, 8.0)",2025-07-12T13:38:10.050000191+00:00,0.79,,
62140302,PARA,fail_incidence,344.06190118014626,0.9506542478732185,40.09336497830884,63.22116726080179,2.642277053512642,12.405314901294622,"(1.0, 5.0)",2025-07-12T13:40:36.130001068+00:00,0.44,,
62140357,PARA,fail_incidence,341.6529696360073,0.9049735701992675,24.11440387604259,63.32188004067063,2.4849872029656437,4.936094206766509,"(10.0, 45.0)",2025-07-12T15:25:27.049999237+00:00,0.24,,
62140362,PARA,fail_incidence,344.57134712258085,0.9879547782178262,23.07876482196427,68.89792492941332,2.620081802726914,4.946811672713224,"(1.0, 8.0)",2025-07-12T15:31:17.600000381+00:00,0.51,,
62140377,PARA,fail_incidence,349.36358785893117,0.8530938473408103,32.38214951473405,71.62069832787621,2.424680897772711,5.798207880493353,"(10.0, 45.0)",2025-07-12T16:21:12.849999428+00:00,0.45,,
62140417,PARA,fail_incidence,342.78544968355635,0.8877188660308455,22.830575053232547,65.12998421042982,2.481499882305397,8.085926346217864,"(5.0, 15.0)",2025-07-12T17:32:08.359999657+00:00,0.17,,
62140442,PARA,fail_incidence,342.70366423744076,0.9338284421854364,25.36557475543157,63.67911828673559,2.4754486195205354,5.089401186302423,"(10.0, 45.0)",2025-07-12T18:19:46.689998627+00:00,0.23,,
62140447,PARA,fail_incidence,341.8460737341125,0.964267976774094,24.848426891166504,64.69517509620597,2.4820602516474786,8.301945138926133,"(5.0, 15.0)",2025-07-12T18:28:30.879999161+00:00,0.23,,
62140482,PARA,fail_incidence,351.30241421766357,0.961468448110094,23.076378737720216,62.689451185345284,2.627803141664208,3.4081054531167267,"(1.0, 8.0)",2025-07-12T19:35:41.049999237+00:00,1.45,,
62140502,PARA,fail_incidence,349.71870696038394,0.8529943347099231,25.80019005938111,70.24361483510656,2.493956581855229,5.864360001111768,"(10.0, 45.0)",2025-07-12T19:59:41.860000610+00:00,0.52,,
62140542,PARA,fail_incidence,344.92163132161943,0.9236866594613586,24.18829164500219,68.87742103594397,2.5191489319153613,10.936630707426602,"(1.0, 5.0)",2025-07-12T19:49:08.149999619+00:00,0.54,,
62140577,PARA,fail_incidence,344.96033208865424,0.940306458375588,22.860705433990514,69.75468565957928,2.5166053236085526,9.412739145421938,"(1.0, 5.0)",2025-07-12T21:55:08.349999428+00:00,1.67,,
62140602,PARA,fail_incidence,344.9428327965641,0.8936307349871718,28.267437435033308,68.25449893643497,2.5066058998663565,3.9034840468760157,"(2.0, 8.0)",2025-07-12T22:48:43.989998102+00:00,0.24,,
62140622,PARA,fail_incidence,348.5370642009174,0.9175808009370052,28.587961220339768,69.68228152238984,2.492905299730576,9.325451314940848,"(5.0, 10.0)",2025-07-12T23:22:12.649999619+00:00,0.47,,
62140632,PARA,fail_incidence,352.81234912899816,0.9090797848543911,35.77099981163881,71.74635033025838,2.7006134260820485,5.11319116152468,"(2.0, 8.0)",2025-07-12T23:38:25.709999084+00:00,0.28,,
62140647,PARA,fail_incidence,351.09867893238106,0.9430688222648831,42.85525577820744,68.27241354447477,2.4736967353260044,4.762774169490948,"(3.0, 30.0)",2025-07-12T23:54:12.159999847+00:00,0.41,,
62140672,PARA,fail_incidence,343.96142330615766,0.9248833846517064,22.485159012495497,72.86754531520018,2.4652668776792432,8.611967356897468,"(1.0, 5.0)",2025-07-13T00:45:12.799999237+00:00,0.36,,
62140687,PARA,fail_incidence,348.6992775700856,0.8926292739861332,30.863128694653273,64.7338604024983,2.5502177908605623,9.399316338089072,"(5.0, 10.0)",2025-07-13T01:02:00.859999895+00:00,0.59,,
62140692,PARA,fail_incidence,343.91383611612144,0.9206414109826226,23.46535817289141,69.21279809688598,2.5052670391108474,5.009793122804805,"(1.0, 8.0)",2025-07-13T01:08:58.059997559+00:00,0.37,,
62140702,PARA,fail_incidence,344.1620112887435,0.9144684662673691,26.95231583106091,65.6919303274837,2.4797969591826807,7.828275520923592,"(2.0, 8.0)",2025-07-13T02:17:30.409999847+00:00,0.38,,
62140712,PARA,fail_incidence,344.58756222921,0.8840198722029119,21.977127832786472,71.33204188507946,2.536572442917808,4.25954773342853,"(2.0, 8.0)",2025-07-13T02:25:57.329998016+00:00,0.25,,
62140717,PARA,fail_incidence,345.14148789486075,0.8243431545768434,30.76110085958317,75.22808789175308,2.49101303238261,3.672613569544921,"(5.0, 10.0)",2025-07-13T02:31:30.539999008+00:00,0.12,,
62140722,PARA,fail_incidence,341.8466104867443,0.8927231307398231,42.23158768193645,68.96900580882235,2.6000097366046244,4.469833964894466,"(5.0, 10.0)",2025-07-13T02:31:39.610000610+00:00,0.31,,
62140732,PARA,fail_incidence,341.64030079829223,0.9522558421961422,23.692582144026936,74.55239817178179,2.493740791286053,4.111648807304805,"(1.0, 8.0)",2025-07-13T02:44:20.520000458+00:00,0.33,,
62140752,PARA,fail_incidence,342.72094130116835,0.8999580817942097,27.156770612729098,63.56360641525739,2.5606846396605096,3.6927616916134482,"(1.0, 5.0)",2025-07-13T03:19:06.129999638+00:00,0.17,,
62140757,PARA,fail_incidence,345.47784789591464,0.9703926512576672,24.191471239023922,68.32136458445008,2.503083177388497,10.383420041889725,"(2.0, 8.0)",2025-07-13T03:45:46.789997101+00:00,1.0,,
62140767,PARA,fail_incidence,344.4226877947268,0.9168060782063144,27.604511294266228,72.23900686999653,2.451995120490864,8.059478495383145,"(3.0, 15.0)",2025-07-13T04:18:33.360000610+00:00,0.6,,
62140772,PARA,fail_incidence,342.34358474338336,0.9457734234512496,22.80362917242103,71.48719099290096,2.545764558890461,9.496343260342453,"(1.0, 5.0)",2025-07-13T04:49:54.779998779+00:00,0.33,,
62140777,PARA,fail_incidence,342.36444274408836,0.9787871980525754,22.148187731696666,68.868173755527,2.514815042158745,6.307374006948688,"(1.0, 8.0)",2025-07-13T05:00:18.340000153+00:00,0.62,,
62140792,PARA,fail_incidence,345.08066427547897,0.9122106557935463,23.785359290395192,69.74446401716283,2.608976488636664,6.035827067963314,"(2.0, 8.0)",2025-07-13T05:14:24.359998703+00:00,0.07,,
62140797,PARA,fail_incidence,350.5379404850616,0.9161968359772101,45.704793387256665,74.01038119891254,2.5393226011338697,4.780796759690238,"(1.0, 15.0)",2025-07-13T05:14:51.699996948+00:00,0.25,,
62140817,PARA,fail_incidence,344.10100988333943,0.8032467783989141,26.623966945992333,70.07189288487906,2.6208366727937698,9.6144553238981,"(3.0, 15.0)",2025-07-13T05:31:57.919998169+00:00,0.53,,
62140827,PARA,fail_incidence,342.56060100661875,0.9396292666183662,22.67120974473451,68.38167620935872,2.506422027958051,8.592450094498574,"(1.0, 8.0)",2025-07-13T05:42:34.750000+00:00,0.13,,
62140832,PARA,fail_incidence,343.00883791891897,0.9151386049164121,22.255635086550047,66.72646045229679,2.4875474650009806,6.642091901059931,"(1.0, 5.0)",2025-07-13T05:56:59.659999847+00:00,0.25,,
62140842,PARA,fail_incidence,343.54930201770264,0.9208628466829066,25.818598786581664,71.00414225653476,2.5282012681314385,3.6233365973405403,"(5.0, 10.0)",2025-07-13T05:59:34.049999237+00:00,0.11,,
62140877,PARA,fail_incidence,341.23714787311224,0.9488541602999896,19.73491525606942,64.76277265854405,2.6603766515293263,5.312932024950635,"(3.0, 15.0)",2025-07-13T07:29:21.859998703+00:00,0.27,,
62140882,PARA,fail_incidence,344.8645213028812,0.9410225244041697,23.259590290411605,67.40754325841542,2.499774586747267,9.341696075197417,"(5.0, 10.0)",2025-07-13T07:40:27.989999771+00:00,0.3,,
62140892,PARA,fail_incidence,348.4387882986984,0.9357571390533973,22.238268394375662,72.66946569007212,2.437917962487584,7.499649062864773,"(5.0, 10.0)",2025-07-13T07:51:33.939998627+00:00,0.44,,
62140902,PARA,fail_incidence,343.6043165350854,0.9307868642868962,23.21156937732884,66.78632883835755,2.5005575635160753,6.689448121220845,"(2.0, 8.0)",2025-07-13T08:02:43.770000458+00:00,0.52,,
62140907,PARA,fail_incidence,345.3735823562534,0.8673091960383081,32.04319845627332,66.96363563349769,2.5872602385734265,8.654935899919963,"(2.0, 8.0)",2025-07-13T08:09:24.279998779+00:00,0.95,,
62140922,PARA,fail_incidence,345.003291071149,0.9690274437470151,24.033193067206334,67.93564696160385,2.495821171061619,8.048985608717228,"(1.0, 5.0)",2025-07-13T08:35:30.389999390+00:00,0.48,,
62140932,PARA,fail_incidence,345.09147465805427,0.9055651896918251,22.096842369573118,65.27416838306895,2.562364400567629,6.0486917088517185,"(1.0, 5.0)",2025-07-13T08:51:11.569999695+00:00,0.1,,
62140947,PARA,fail_incidence,344.7854112834982,0.9615462966763361,23.851690901705304,66.49448323118432,2.4945959374100375,7.847091587802375,"(2.0, 8.0)",2025-07-13T09:43:20.270000458+00:00,0.21,,
62140952,PARA,fail_incidence,343.8036299496131,0.9546121382348991,21.613064577388496,66.66179302815418,2.4959418010297756,7.948023647214857,"(1.0, 5.0)",2025-07-13T09:50:19.899999619+00:00,0.58,,
62140962,PARA,fail_incidence,351.56301709076655,0.8576699075341396,32.780294403445794,65.79073588573355,2.5684011505546898,8.85270529161626,"(10.0, 20.0)",2025-07-13T10:26:35.689998627+00:00,0.17,,
62140967,PARA,fail_incidence,343.98311964049805,0.9186599368901106,30.152355816237925,68.04318472286671,2.6166101427329473,9.567043330356539,"(5.0, 10.0)",2025-07-13T10:30:50.299999237+00:00,1.0,,
62140987,PARA,fail_incidence,342.98766817747565,0.9391177234407119,22.42933448808923,69.3163538891783,2.5248591741588164,4.853347848269796,"(1.0, 8.0)",2025-07-13T11:12:49.709999084+00:00,0.39,,
62141002,PARA,fail_incidence,344.43575741685686,0.9059693846932206,51.74503082330607,67.0888081204827,2.5901564192738404,4.564978676608121,"(1.0, 5.0)",2025-07-13T11:36:52.889999390+00:00,0.22,,
62141017,PARA,fail_incidence,345.45930917187576,0.9348392827677499,22.3581374474109,62.85611367662091,2.6411071114293403,5.603371040362781,"(5.0, 10.0)",2025-07-13T11:52:22.420000076+00:00,0.04,,
62141022,PARA,fail_incidence,343.90876822872815,0.9490345653787945,22.100077542365195,63.382113900091476,2.472727994725943,6.381252896018361,"(2.0, 8.0)",2025-07-13T12:00:49.529998779+00:00,0.67,,
62141027,PARA,fail_incidence,341.3917928973771,0.9300439441189725,21.86125969461932,69.14360164085484,2.5125324281128862,7.474749909435531,"(1.0, 5.0)",2025-07-13T12:08:05.150000095+00:00,0.41,,
62141052,PARA,fail_incidence,342.85563167136297,0.9111573179469796,24.728239661723403,68.15795875713356,2.5120265604042866,7.935863116758417,"(1.0, 8.0)",2025-07-13T13:15:01.259999990+00:00,0.32,,
62141057,PARA,fail_incidence,344.31352388917077,0.9584045719723888,24.59823340596865,62.39768230188524,2.5443285678372645,3.9657800195628683,"(5.0, 15.0)",2025-07-13T13:22:06.640000105+00:00,0.28,,
62141062,PARA,fail_incidence,344.8484525993319,0.9530408924190816,22.81277550331596,63.38579236726388,2.493760717512433,6.237848007680137,"(5.0, 10.0)",2025-07-13T13:24:37.399997711+00:00,0.2,,
62141067,PARA,fail_incidence,343.7186318445953,0.9200126670948083,23.69672529749921,65.80948168177818,2.489346008597441,4.012121959408192,"(3.0, 5.0)",2025-07-13T13:34:26.099998474+00:00,0.28,,
62141077,PARA,fail_incidence,344.9285735259802,0.9766538168565889,22.99393610648069,70.7835982110023,2.457443450094644,8.42474823590608,"(1.0, 15.0)",2025-07-13T14:22:22.789999008+00:00,0.82,,
62141082,PARA,fail_incidence,343.91383611612144,0.9824134077964732,21.50304277029844,68.67729590157587,2.518292043911372,5.531192272575611,"(2.0, 8.0)",2025-07-13T14:43:13.289999962+00:00,0.77,,
62141087,PARA,fail_incidence,347.80903228617194,0.8497223563920977,15.92246012398357,69.86975179117174,2.4961993192630922,7.707743949192356,"(2.0, 8.0)",2025-07-13T14:56:52.439998627+00:00,0.36,,
62141097,PARA,fail_incidence,344.5658390620469,0.9334249812733468,22.54422232529089,67.25613020366426,2.5100665563487237,5.230673183434699,"(2.0, 8.0)",2025-07-13T15:43:17.940000296+00:00,0.6,,
62141102,PARA,fail_incidence,342.81117720204475,0.9422365092211553,16.171357017966088,67.24821329501943,2.5165343123143193,5.7993636293777895,"(5.0, 10.0)",2025-07-13T15:50:57.169998169+00:00,0.05,,
62141112,PARA,fail_incidence,345.5153484235389,0.9403325173330436,25.134185173663592,68.78403195226687,2.506150340031293,6.33766452887652,"(5.0, 10.0)",2025-07-13T16:13:30.619998932+00:00,0.16,,
62141157,PARA,fail_incidence,342.95148026287904,0.9550623417639975,23.407134867799286,69.65678013220302,2.46160142435249,5.338498131276917,"(2.0, 8.0)",2025-07-13T18:18:09.649999619+00:00,0.56,,
62141172,PARA,fail_incidence,348.43731457797134,0.9547640376073364,26.096203319866074,69.83187235894543,2.495648116098124,8.125791852293293,"(2.0, 8.0)",2025-07-13T18:50:52.939998627+00:00,0.44,,
62141192,PARA,fail_incidence,345.18686477146576,0.9370956653558422,24.92896919036284,66.05595655019297,2.4921460489308744,9.916996991867066,"(1.0, 5.0)",2025-07-13T19:02:18.949998856+00:00,0.49,,
62141197,PARA,fail_incidence,346.8468003428811,0.9066340607231096,35.421750900190546,67.81668481885711,2.483626070429281,4.885733692799503,"(3.0, 30.0)",2025-07-13T19:11:49.090000153+00:00,0.47,,
62141202,PARA,fail_incidence,344.1722418483243,0.9359809408440778,33.66140895488769,68.09500290006957,2.612208545308388,8.979652114844209,"(1.0, 8.0)",2025-07-13T20:12:20.529998779+00:00,1.29,,
62141207,PARA,fail_incidence,345.6700090732141,0.947047031826727,27.21613925575323,68.71423997869968,2.680661637277149,3.2900967805789403,"(3.0, 15.0)",2025-07-13T20:19:28.649999619+00:00,0.27,,
62141212,PARA,fail_incidence,346.6506604059353,0.9107767807771876,23.414961719424426,57.2730679106055,2.603173445118263,1.8350289095395529,"(2.0, 8.0)",2025-07-13T20:24:34.469997406+00:00,0.32,,
62141217,PARA,fail_incidence,344.2034661211306,0.94700912028609,22.77825704397359,65.92174146366943,2.4799663746885217,6.122373307487004,"(1.0, 5.0)",2025-07-13T20:50:35.229999542+00:00,0.61,,
62141222,PARA,fail_incidence,350.2449954231571,0.8212253513882806,38.48453067280403,70.53883430303947,2.5863357597802854,9.791325431484974,"(10.0, 20.0)",2025-07-13T21:06:41.189998627+00:00,0.69,,
62141227,PARA,fail_incidence,343.63278984693284,0.9459454971448553,23.773459997946844,72.02370681616284,2.537580673919684,10.688022869138994,"(2.0, 8.0)",2025-07-13T21:05:11.840000153+00:00,0.64,,
62141292,PARA,fail_incidence,342.3953388469859,0.9370682773226853,23.53365610301809,71.05460054670633,2.539680518057841,10.254060795414944,"(1.0, 8.0)",2025-07-13T22:27:03.349999905+00:00,0.81,,
62141297,PARA,fail_incidence,343.25768716901626,0.9465143357645985,22.66768849286617,70.5412850380265,2.541703200027264,4.4560849579755,"(1.0, 8.0)",2025-07-13T22:33:57.189998627+00:00,0.62,,
62141302,PARA,fail_incidence,351.0523313661524,0.8686768085445381,35.58120165210036,66.88511548298929,2.465103231768855,6.402909686908527,"(10.0, 20.0)",2025-07-13T22:38:27.959999084+00:00,1.39,,
62141347,PARA,fail_incidence,344.90066244200045,0.9306495470328779,24.64167472343243,69.57748595932576,2.5298136185613687,4.428066354657065,"(5.0, 10.0)",2025-07-13T23:41:47.529998779+00:00,0.42,,
62141362,PARA,fail_incidence,344.935679462047,0.9155783812843813,25.87010409463902,73.24005760317891,2.550926107732746,8.001445809523425,"(5.0, 10.0)",2025-07-14T00:45:17.840000153+00:00,0.45,,
62141372,PARA,fail_incidence,348.3473146083245,0.8877745824038163,32.74911372595417,75.36142502745022,2.482204433949403,4.597988311954861,"(5.0, 30.0)",2025-07-14T01:05:01.839999914+00:00,0.36,,
62141392,PARA,fail_incidence,343.05306003960254,0.9745456728010644,24.100515350216206,63.72272736792541,2.5603103369198386,9.706294350017732,"(1.0, 5.0)",2025-07-14T01:32:10.719999313+00:00,0.53,,
62141417,PARA,fail_incidence,342.67714400270097,0.9112918942680024,22.850306765379813,71.41339350814428,2.5471588547555775,4.996015597214388,"(2.0, 8.0)",2025-07-14T02:29:50.149997711+00:00,0.26,,
62141427,PARA,fail_incidence,345.44248903624583,0.9493404092603563,23.437346292444662,71.0734648810904,2.7005072092228404,5.079276412089701,"(1.0, 15.0)",2025-07-14T02:41:28.099998474+00:00,0.09,,
62141432,PARA,fail_incidence,342.83621941788607,0.9243652589823727,22.57909888770065,78.00669874466428,2.583522052029979,4.871045056063525,"(2.0, 8.0)",2025-07-14T02:42:23.350000381+00:00,0.34,,
62141437,PARA,fail_incidence,344.0858778578928,0.9424837948653181,35.1061879152472,72.18288135229639,2.557251863198069,6.485824715227849,"(5.0, 15.0)",2025-07-14T02:45:17.670000076+00:00,0.15,,
62141457,PARA,fail_incidence,342.72094130116835,0.939219524864363,22.607952750939475,82.77360762397075,2.654100352650132,11.443182660976934,"(2.0, 8.0)",2025-07-14T03:12:20.619998932+00:00,0.95,,
62141477,PARA,fail_incidence,341.8211446103545,0.9605748178465285,22.86973928283503,71.01839690951242,2.535665167420902,7.803790970146934,"(2.0, 8.0)",2025-07-14T04:01:32.290000916+00:00,0.4,,
62141487,PARA,fail_incidence,342.49978473615073,0.9115630835966808,25.055879938282924,69.86178794944357,2.531358963002106,7.7504727264598445,"(2.0, 8.0)",2025-07-14T04:09:39.209999084+00:00,0.44,,
62141492,PARA,fail_incidence,344.0535238066843,0.9518658540650108,21.893880172084714,69.69111155234799,2.507215568789433,9.351842912979356,"(2.0, 8.0)",2025-07-14T04:12:17.090000153+00:00,1.41,,
62141497,PARA,fail_incidence,342.5646829845708,0.9190607651730822,28.258211520422662,73.49854296750655,2.570159397172467,8.537858258067052,"(5.0, 10.0)",2025-07-14T04:17:38.610000610+00:00,0.13,,
62141502,PARA,fail_incidence,345.1290735683745,0.9636076583313304,19.88592486075024,73.39886502340536,2.54927801351574,6.356176206807673,"(1.0, 5.0)",2025-07-14T04:19:25.599998474+00:00,0.5,,
62141512,PARA,fail_incidence,349.31289139054974,0.8951694297432177,27.171992583718126,73.90915867988434,2.54396997076558,9.377019040789797,"(3.0, 5.0)",2025-07-14T04:32:57.319999695+00:00,0.48,,
62141517,PARA,fail_incidence,342.3933724429009,0.9418601304402983,23.729552044271053,64.71515267814513,2.4918996071730932,5.749857790358583,"(1.0, 8.0)",2025-07-14T04:37:47.919998169+00:00,0.28,,
62141542,PARA,fail_incidence,343.5359246659402,0.906795359371109,25.842123023117555,71.64916070384491,2.5410700651644995,5.781931690566941,"(5.0, 10.0)",2025-07-14T05:18:47.559997559+00:00,0.26,,
62141582,PARA,fail_incidence,344.4293857038419,0.9197038403599318,22.11117599906392,68.45229916128673,2.5343337447547163,3.877710089807442,"(2.0, 8.0)",2025-07-14T06:11:57.399997711+00:00,0.36,,
62141587,PARA,fail_incidence,343.4649830369675,0.9349709652251755,21.60228361191131,71.00318824208337,2.522652262421042,5.971161707474714,"(1.0, 5.0)",2025-07-14T06:14:08.949999809+00:00,0.52,,
62141592,PARA,fail_incidence,346.84909151177766,0.9301406460092401,26.93117261674818,70.56842982532645,2.5068774779440504,8.882711394005781,"(1.0, 8.0)",2025-07-14T06:17:58.079998016+00:00,0.73,,
62141597,PARA,fail_incidence,342.6224727501179,0.9184378010338626,23.85876320780786,66.84618680736178,2.4934420033105926,6.886095426035251,"(5.0, 10.0)",2025-07-14T06:23:41.750000+00:00,0.22,,
62141612,PARA,fail_incidence,350.671527121311,0.7236564176805268,35.470935794846326,76.627665596714,2.4771522229026726,3.7629540449281897,"(5.0, 15.0)",2025-07-14T07:03:19.590000153+00:00,0.38,,
62141627,PARA,fail_incidence,342.50976148531726,0.9223227650682188,26.080565488859165,68.62538150151784,2.4567567781619015,4.107639502079525,"(3.0, 15.0)",2025-07-14T07:36:47.169998169+00:00,0.22,,
62141632,PARA,fail_incidence,342.1747250123564,0.9287294599332803,22.796997574323836,67.1194065889613,2.5244022558518426,6.598654182633809,"(1.0, 8.0)",2025-07-14T07:39:38.439998627+00:00,0.33,,
62141642,PARA,fail_incidence,344.5658390620469,0.9234494863491011,22.201246068333084,67.77126884960938,2.501834391827807,2.859391524003352,"(1.0, 15.0)",2025-07-14T08:11:32.069999695+00:00,0.31,,
62141647,PARA,fail_incidence,342.8305813408061,0.9310355946392779,21.543877684332994,65.74567754329014,2.4873986047888166,5.2435961255681,"(5.0, 10.0)",2025-07-14T08:12:00.369999886+00:00,0.32,,
62141657,PARA,fail_incidence,342.15224295668054,0.9254915813734038,23.807111370096727,63.34403568469573,2.4705506276968303,7.391361258522265,"(2.0, 8.0)",2025-07-14T08:32:23.180000305+00:00,0.33,,
62141667,PARA,fail_incidence,344.4293857038419,0.9241172581674,24.169538213751704,62.89584195456364,2.547796022395575,5.398899585209584,"(5.0, 10.0)",2025-07-14T08:56:02.890000105+00:00,0.35,,
62141672,PARA,fail_incidence,343.703922475384,0.9024067924582466,25.642310798937128,65.8257090659608,2.5107911404466363,5.1476608362486465,"(5.0, 10.0)",2025-07-14T08:58:43.340000153+00:00,0.12,,
62141677,PARA,fail_incidence,344.5088673542704,0.8910572467609409,22.168733601476543,69.82372244433802,2.5363384189840534,5.998577991406895,"(2.0, 8.0)",2025-07-14T09:02:23.479999542+00:00,0.43,,
62141707,PARA,fail_incidence,342.74949347360484,0.928400551300379,23.23228255739333,63.74649341043233,2.471428341016198,5.567869710337924,"(1.0, 8.0)",2025-07-14T09:17:37.619998932+00:00,0.34,,
62141717,PARA,fail_incidence,343.0410172380469,0.9055568744966274,24.923509843912754,66.63088042281414,2.4316201146781,8.791795021440976,"(1.0, 5.0)",2025-07-14T09:50:52.590000153+00:00,0.54,,
62141722,PARA,fail_incidence,343.8458063009934,0.9420729276326633,20.849222306722215,67.10165118726667,2.491727615184609,5.538893955296782,"(5.0, 10.0)",2025-07-14T10:01:27.430000305+00:00,1.05,,
62141727,PARA,fail_incidence,343.14218793761444,0.9066575546987174,26.342219164953597,64.50728125997048,2.4773786912711073,6.081066093753105,"(5.0, 10.0)",2025-07-14T10:08:08.449999809+00:00,0.22,,
62141742,PARA,fail_incidence,343.3769977464504,0.8479929247606657,17.141515033258866,69.41529999743592,2.608966528574202,6.780653815442323,"(5.0, 15.0)",2025-07-14T10:51:24.329999924+00:00,0.22,,
62141747,PARA,fail_incidence,343.547680283102,0.9480624582321754,26.24530427010368,66.44937083204327,2.5163153600119927,6.05429229777763,"(1.0, 5.0)",2025-07-14T10:58:18.590000153+00:00,0.26,,
62141762,PARA,fail_incidence,344.80618823897134,0.9396317213181088,23.036407875893083,65.54333295360469,2.487698678274631,9.48875803064697,"(1.0, 5.0)",2025-07-14T12:03:53.279998779+00:00,1.0,,
62141767,PARA,fail_incidence,343.5600567202454,0.9268481638544583,22.317865763095774,63.28937144464905,2.469534684231545,6.2644269766958685,"(2.0, 8.0)",2025-07-14T12:05:40.659999847+00:00,0.22,,
62141772,PARA,fail_incidence,344.6260050768736,0.9596741285276245,23.219039064697984,62.759574184791774,2.5509817196864404,11.885677202566862,"(5.0, 10.0)",2025-07-14T12:13:38.059997559+00:00,0.4,,
62141777,PARA,fail_incidence,343.59114907860254,0.93886056961096,21.32168056516956,63.892241150110756,2.5561810731703503,7.108560236989431,"(1.0, 8.0)",2025-07-14T12:16:03.409999847+00:00,0.22,,
62141782,PARA,fail_incidence,344.08656003641545,0.948980704034584,22.04421367508509,67.2708010035915,2.5013049289786564,5.204120506036295,"(5.0, 10.0)",2025-07-14T12:16:49.479999542+00:00,0.21,,
62141787,PARA,fail_incidence,345.2856624015927,0.9310338346161647,23.274449738961685,71.28091138415111,2.5465300904542008,5.360933695527368,"(2.0, 8.0)",2025-07-14T12:34:13.750000+00:00,0.5,,
62141792,PARA,fail_incidence,342.3860160781634,0.9467852627468544,20.351204893766266,65.47707776672502,2.485143002965128,7.404136390227857,"(1.0, 8.0)",2025-07-14T12:38:04.559999943+00:00,0.12,,
62141802,PARA,fail_incidence,343.10902148021904,0.9085603849890689,11.142525827219915,70.04858746403237,2.4450018287394277,7.98344820234627,"(5.0, 10.0)",2025-07-14T12:40:24.199998856+00:00,0.11,,
62141807,PARA,fail_incidence,342.7215950853358,0.9318366294469295,22.719685919505967,66.80493414803587,2.5034673480505707,6.27738742347933,"(1.0, 8.0)",2025-07-14T12:59:17.489999771+00:00,0.43,,
62141817,PARA,fail_incidence,352.9496036176057,0.9002894958730163,36.995446581960316,70.06932336127007,2.498928617476958,5.960443376396305,"(1.0, 15.0)",2025-07-14T13:25:30.760000229+00:00,1.09,,
62141822,PARA,fail_incidence,344.2147221761793,0.9193542454382827,24.08163554012312,62.77235380843179,2.4907134578221775,8.174290048325403,"(1.0, 8.0)",2025-07-14T13:29:43.950000763+00:00,0.72,,
62141827,PARA,fail_incidence,344.3265726190007,0.960965824710996,21.97789840026838,67.4858794434568,2.5022968745207037,10.417803759644425,"(2.0, 8.0)",2025-07-14T13:32:29.920000076+00:00,0.66,,
62141832,PARA,fail_incidence,344.1278511171991,0.9006741551200902,24.173419882167416,66.4865460881242,2.5191796698628894,6.6615238805312575,"(5.0, 10.0)",2025-07-14T13:54:38.479999542+00:00,0.47,,
62141842,PARA,fail_incidence,343.1985587711908,0.93343204172767,28.79553659012702,63.843853210769446,2.4895648526649397,6.207427468643646,"(5.0, 10.0)",2025-07-14T14:12:56.090000153+00:00,0.31,,
62141847,PARA,fail_incidence,345.24095323623374,0.8533395996144264,23.62912060078452,67.78808098340696,2.5067815659586654,9.023664353141832,"(5.0, 15.0)",2025-07-14T14:12:09.159999847+00:00,0.3,,
62141852,PARA,fail_incidence,345.03004323680875,0.9649068874486113,21.476523960187333,64.52774878528878,2.4704353627028723,9.844635840292204,"(1.0, 5.0)",2025-07-14T14:20:17.600000381+00:00,0.59,,
62141857,PARA,fail_incidence,344.6854828302268,0.9235489300379145,24.29986637849375,64.35440228512947,2.4690849821454544,7.492793788354038,"(1.0, 5.0)",2025-07-14T14:40:57.409999847+00:00,0.72,,
62141862,PARA,fail_incidence,343.86128046164515,0.9613871265347451,23.553567000124914,66.12902774568566,2.4865110936895114,8.142420850560713,"(3.0, 30.0)",2025-07-14T14:48:29.689998627+00:00,0.86,,
62141867,PARA,fail_incidence,345.2960514726174,0.9370274169851717,23.534384745473286,63.853380519269066,2.473132201049355,8.154168370013416,"(1.0, 5.0)",2025-07-14T15:27:50+00:00,0.88,,
62141872,PARA,fail_incidence,344.84601202745466,0.9538430407849355,22.19909528962735,65.759105070201,2.49446820728908,10.165554384101883,"(1.0, 5.0)",2025-07-14T15:34:22.229999542+00:00,1.18,,
62141877,PARA,fail_incidence,343.8343582088798,0.9443165276658827,21.656630241242915,64.18114693897691,2.469743792015043,11.073332308468222,"(1.0, 5.0)",2025-07-14T15:36:48.309997559+00:00,0.7,,
62141882,PARA,fail_incidence,343.5359246659402,0.9643765070109892,20.39417558584581,63.98025054271527,2.557519621190385,4.654193558446137,"(1.0, 8.0)",2025-07-14T15:45:24.389999390+00:00,0.55,,
62141887,PARA,fail_incidence,343.1835413138721,0.9110624865294493,25.430492483267116,68.5470248380983,2.528911458778994,6.526230586673057,"(5.0, 10.0)",2025-07-14T15:54:04.179999828+00:00,0.33,,
62141892,PARA,fail_incidence,349.5653573168143,0.8822278038354221,33.30274918757523,69.11969496298597,2.4955933913408153,5.975083646444487,"(10.0, 45.0)",2025-07-14T16:06:57.239998102+00:00,0.46,,
62141907,PARA,fail_incidence,344.3931112655012,0.9083676491071678,22.727103538951173,71.00297628410799,2.544527578896,4.288774605315237,"(5.0, 15.0)",2025-07-14T16:54:41.799999237+00:00,0.22,,
62141912,PARA,fail_incidence,344.385484737104,0.919791930775489,25.034940109758338,66.47111587071329,2.505441707450649,9.306919545264103,"(1.0, 5.0)",2025-07-14T17:04:12.489999771+00:00,1.07,,
62141917,PARA,fail_incidence,344.36719393542774,0.9808635748950856,22.73837105682765,67.6933226192166,2.509349954348383,11.115063054394643,"(2.0, 8.0)",2025-07-14T17:20:38.759998322+00:00,0.48,,
62141932,PARA,fail_incidence,343.2308243257017,0.9249584319735736,23.707060799578326,65.19110679230413,2.4804623659936627,5.553798160689609,"(5.0, 10.0)",2025-07-14T17:40:17.969999313+00:00,0.48,,
62141942,PARA,fail_incidence,342.1869589307842,0.9415158782251088,22.633142181184922,65.3880529682673,2.484755335902747,6.855182683697257,"(5.0, 10.0)",2025-07-14T17:44:37.529998779+00:00,0.57,,
62141967,PARA,fail_incidence,345.35570379381323,0.7133330266222342,20.209056790724368,64.65035225343514,2.6407573406177787,5.194684551536211,"(1.0, 20.0)",2025-07-14T18:28:12.989999771+00:00,0.54,,
62141992,PARA,fail_incidence,344.37526904426454,0.8911916624722377,19.146907606426073,65.49093547193463,2.5669436831339265,4.651856768735659,"(5.0, 10.0)",2025-07-14T18:46:44.009998322+00:00,0.24,,
62142002,PARA,fail_incidence,352.72119410750315,0.9265175554062326,33.85330756614785,79.80538352290995,3.1583143922114534,5.126635208078088,"(5.0, 10.0)",2025-07-14T19:18:28.260000229+00:00,0.49,,
62142007,PARA,fail_incidence,343.21063574256425,0.9632103940918573,22.68865949606082,62.99807421694854,2.4640325862253976,6.846977453820442,"(5.0, 10.0)",2025-07-14T19:18:50.279998779+00:00,0.54,,
62142022,PARA,fail_incidence,343.9804519151794,0.9252185718661989,22.142419555483663,63.20583824679058,2.5487179100063275,5.766235285318984,"(5.0, 10.0)",2025-07-14T19:30:34.139999390+00:00,0.27,,
62142027,PARA,fail_incidence,353.65197067185187,0.9224738243932303,36.91886569111858,80.90001271453323,2.9887393704315923,7.269223564272211,"(1.0, 15.0)",2025-07-14T19:35:45.799999237+00:00,1.64,,
62142037,PARA,fail_incidence,341.5443903002405,0.9079475581191607,27.57689232322583,65.63682906099685,2.511928989578584,4.294671960666063,"(5.0, 10.0)",2025-07-14T19:40:14.589999199+00:00,0.29,,
62142047,PARA,fail_incidence,349.26500163629794,0.9093486171225929,23.31817181029148,69.50893576470703,2.492587994517283,6.623043825920487,"(1.0, 5.0)",2025-07-14T19:42:47.349998474+00:00,0.78,,
62142102,PARA,fail_incidence,342.52345782700075,0.9165752408570846,25.179752102533516,67.13396516074832,2.500761408839461,11.241362336003814,"(1.0, 5.0)",2025-07-14T20:27:55.889999390+00:00,0.88,,
62142142,PARA,fail_incidence,343.5205753643426,0.9413397867059744,21.899604198138633,68.62502849348208,2.528773157730323,6.762019510544411,"(2.0, 8.0)",2025-07-14T20:55:16.879999161+00:00,0.62,,
62142152,PARA,fail_incidence,342.6501742273608,0.9285176328725192,22.496892741831473,69.8146830054192,2.514605658869777,14.45077560776788,"(1.0, 5.0)",2025-07-14T20:57:47.549999237+00:00,0.61,,
62142187,PARA,fail_incidence,343.4097233926803,0.9401393809796278,23.218522675305604,70.84459649413682,2.52263865070271,9.435417244570843,"(5.0, 10.0)",2025-07-14T21:30:35.599998474+00:00,0.45,,
62142262,PARA,fail_incidence,343.54930201770264,0.9352461342428008,19.689041838670484,70.82176742928011,2.530884947853224,7.33863442552174,"(5.0, 10.0)",2025-07-14T22:03:59.869998932+00:00,0.41,,
62142292,PARA,fail_incidence,342.8208244119739,0.931282946662777,21.577122762008948,66.61254781296736,2.5041158579934772,6.70015128820896,"(2.0, 8.0)",2025-07-14T22:47:22.579999924+00:00,0.41,,
62142337,PARA,fail_incidence,342.6501742273608,0.9244945510135969,24.171702156476726,68.92911213279639,2.5288924468592575,11.231595570018388,"(1.0, 5.0)",2025-07-14T23:16:42.259998322+00:00,0.78,,
62142397,PARA,fail_incidence,349.3570217246339,0.9288233006839399,27.38402562653524,73.26315358715745,2.531869974505743,7.359151078022572,"(2.0, 8.0)",2025-07-14T23:38:59.149997711+00:00,0.47,,
62142407,PARA,fail_incidence,341.9363771603686,0.9293346917089016,22.49496680433074,65.51689946426205,2.4863012599671857,7.147094327173754,"(2.0, 8.0)",2025-07-14T23:46:10.979999542+00:00,0.31,,
62142547,PARA,fail_incidence,343.6758068849515,0.9284781110434251,21.305229648246645,65.24212434689241,2.4791485293461526,7.763331185224781,"(3.0, 5.0)",2025-07-15T01:04:33.739998102+00:00,0.86,,
62142602,PARA,fail_incidence,343.37982080175397,0.9531678636030125,17.711429124355657,69.33631683675283,2.506419074286946,7.169582503577056,"(5.0, 15.0)",2025-07-15T01:29:53.520000458+00:00,0.57,,
62142622,PARA,fail_incidence,348.80786421157654,0.8070469515907757,32.60471450387326,77.54395340381785,2.493279362940574,5.44952003564992,"(5.0, 15.0)",2025-07-15T01:41:26.189998627+00:00,0.53,,
62142657,PARA,fail_incidence,344.4111490822598,0.9360117056891807,22.86940961700115,71.09565140976957,2.523671796275823,5.723606354355065,"(2.0, 8.0)",2025-07-15T01:59:23.889999390+00:00,0.3,,
62142692,PARA,fail_incidence,342.712504790356,0.9667749874169687,20.1705835084032,67.62565284921975,2.4952394890850482,8.548639202535673,"(1.0, 15.0)",2025-07-15T02:19:06.549999714+00:00,0.81,,
62142747,PARA,fail_incidence,342.7571828923286,0.9397441079261614,22.43709683946427,68.38003688585536,2.502101310787791,12.969932833656499,"(1.0, 5.0)",2025-07-15T03:05:44.149997711+00:00,0.65,,
62142762,PARA,fail_incidence,343.3620959972085,0.9156042974219627,23.403515322984983,66.53376414442648,2.4888771425163054,7.552591316071423,"(2.0, 8.0)",2025-07-15T03:17:24.529998779+00:00,0.2,,
62142792,PARA,fail_incidence,344.2985676682909,0.9726041150927358,24.38246246585092,74.75538636069807,2.6748498784587587,4.180411369168812,"(5.0, 10.0)",2025-07-15T03:23:21.529998779+00:00,0.29,,
62142802,PARA,fail_incidence,342.8458714049916,0.9085406107924116,25.09435678256457,69.45807410463718,2.510706562285212,6.0058033756100535,"(2.0, 8.0)",2025-07-15T03:27:57.199996948+00:00,1.37,,
62142812,PARA,fail_incidence,344.58756222921,0.9399480262467066,21.260125574789985,71.81981937727693,2.5304540126292245,2.3933948265822345,"(5.0, 10.0)",2025-07-15T03:31:03.490000010+00:00,0.42,,
62142817,PARA,fail_incidence,342.19614506476387,0.9792230827584644,23.290836802689487,72.66519404462869,2.553707846678468,8.002913410053518,"(5.0, 30.0)",2025-07-15T03:31:37.399997711+00:00,0.42,,
62142827,PARA,fail_incidence,343.59033213368554,0.9202081483065553,27.953735710074604,75.6702761303261,2.4968793901299478,6.691629113295219,"(5.0, 15.0)",2025-07-15T03:41:03.529999970+00:00,0.6,,
62142837,PARA,fail_incidence,344.16893419643645,0.9343701104666752,27.64585477214418,68.27828155601071,2.4953755991949063,5.535513498677549,"(5.0, 10.0)",2025-07-15T03:43:03.339999914+00:00,0.3,,
62142867,PARA,fail_incidence,342.6588392002491,0.985912775829187,21.73948269918868,68.55873788184913,2.5081288536389392,11.071716109616515,"(1.0, 5.0)",2025-07-15T03:57:25.829999924+00:00,0.44,,
62142872,PARA,fail_incidence,342.7129413054124,0.9425406236738847,25.730204767866567,71.70944773810018,2.4339634245782733,10.47501070925807,"(1.0, 5.0)",2025-07-15T04:01:32.919998169+00:00,0.75,,
62142887,PARA,fail_incidence,343.5614620228299,0.9888746997966192,24.83852797316245,66.3980948485902,2.4883835171505186,10.698306211734208,"(2.0, 8.0)",2025-07-15T04:27:03.359999895+00:00,0.42,,
62142897,PARA,fail_incidence,345.41981603415013,0.9518696392579312,21.636029773690694,73.35258715342927,2.545395689255638,8.286399132099469,"(2.0, 8.0)",2025-07-15T04:36:35.599998474+00:00,0.23,,
62142907,PARA,fail_incidence,343.31235906294467,0.9054535592567033,25.625162912930065,63.06895881059359,2.4748892581825905,10.520451528690518,"(1.0, 5.0)",2025-07-15T04:54:54.879997253+00:00,0.5,,
62142912,PARA,fail_incidence,343.7588123366237,0.9648059907144312,22.789691920377653,69.7812640355373,2.516735290479865,10.692596269328845,"(1.0, 5.0)",2025-07-15T05:04:16.590000153+00:00,0.65,,
62142922,PARA,fail_incidence,342.7736497765638,0.9318842694954623,22.81698817706597,71.84355278036053,2.5398910244837327,5.900491141627598,"(1.0, 8.0)",2025-07-15T05:15:44.549999237+00:00,0.63,,
62142932,PARA,fail_incidence,342.899863919677,0.9083800960867743,23.26899116050761,68.36709871853643,2.519299858123273,5.52644691859334,"(3.0, 5.0)",2025-07-15T05:33:59.389999390+00:00,0.13,,
62142942,PARA,fail_incidence,343.86351707855704,0.968890069446456,20.0650919110081,75.02258570322932,2.5870135267409102,5.7233845396289205,"(5.0, 10.0)",2025-07-15T06:09:34.809997559+00:00,0.67,,
62142947,PARA,fail_incidence,350.03384054623046,0.9838871042337701,25.498623265077022,65.96760182244772,2.640708991125753,4.92862043255148,"(10.0, 45.0)",2025-07-15T06:07:29.599998474+00:00,0.25,,
62142952,PARA,fail_incidence,344.78237841598167,0.9217513616946709,24.90240192566581,71.13852207961882,2.5339066920308158,7.93663329691135,"(1.0, 5.0)",2025-07-15T06:22:04.980000019+00:00,0.54,,
62142957,PARA,fail_incidence,351.79534551304596,0.9218468276313069,35.37727250721812,73.07091287252268,2.516638325433505,6.753545296356204,"(1.0, 8.0)",2025-07-15T06:22:35.520000458+00:00,0.49,,
62142967,PARA,fail_incidence,342.83621941788607,0.9478057977937284,23.427084924206664,70.35317084846172,2.5249587750035913,7.540614496284515,"(5.0, 10.0)",2025-07-15T06:39:58.049999237+00:00,0.35,,
62142987,PARA,fail_incidence,343.93948999095846,0.9670959329698066,23.833792191601272,70.04143994423409,2.530156248223147,4.483694026255902,"(1.0, 8.0)",2025-07-15T07:52:22.739999771+00:00,0.62,,
62142992,PARA,fail_incidence,350.1689622835007,0.8928047046801457,33.10389963288999,70.16259699049465,2.5112189226724824,6.009310638469389,"(2.0, 8.0)",2025-07-15T07:57:43.319999695+00:00,0.5,,
62143002,PARA,fail_incidence,343.3369196192236,0.918197571959065,23.245161836513304,67.84815520487199,2.523942536271392,10.756642459653882,"(1.0, 5.0)",2025-07-15T08:21:16.159999847+00:00,0.69,,
62143012,PARA,fail_incidence,350.26853647032823,0.8802253414366598,37.162233320713625,70.38267422251337,2.506000815234585,5.9604553402068055,"(1.0, 20.0)",2025-07-15T08:39:02.009999990+00:00,0.85,,
62143017,PARA,fail_incidence,343.50481257605554,0.9481765123812499,22.5842257641141,66.92535728394182,2.5010807989962056,10.179574672726346,"(1.0, 5.0)",2025-07-15T08:39:26.569999695+00:00,1.07,,
62143022,PARA,fail_incidence,341.6372247409666,0.9115420293387465,25.174792804980086,67.97072076463613,2.5184105903832217,6.9492839517664144,"(1.0, 5.0)",2025-07-15T09:25:53.889999390+00:00,0.39,,
62143052,PARA,fail_incidence,343.00883791891897,0.9325288116349548,25.54615202647035,67.48574796472448,2.495979717512013,7.496669712484902,"(3.0, 30.0)",2025-07-15T10:08:01.529999970+00:00,1.22,,
62143057,PARA,fail_incidence,343.0966272972631,0.9362746962909904,22.296845208458798,68.3296488172336,2.513864819614797,5.572298270581528,"(1.0, 8.0)",2025-07-15T10:31:33.709999084+00:00,0.33,,
62143062,PARA,fail_incidence,343.4886190993419,0.921365193037478,23.903718387825542,64.32096771412697,2.4724563185291104,7.78355473694982,"(1.0, 5.0)",2025-07-15T10:49:53.930000305+00:00,0.23,,
62143072,PARA,fail_incidence,345.23332333315693,0.9408719116688673,22.649244888048255,61.954579397874255,2.5366406015106926,10.193428272214025,"(1.0, 5.0)",2025-07-15T11:45:27.010000229+00:00,0.69,,
62143077,PARA,fail_incidence,344.9037761263023,0.8945503337670471,29.679005594377763,67.53545671672765,2.5077323507969957,8.72699108484974,"(5.0, 10.0)",2025-07-15T11:48:59.389999390+00:00,0.38,,
62143082,PARA,fail_incidence,342.50165185358406,0.9534688118978141,21.12827917279075,70.3295761728944,2.456947602300998,5.722472035645106,"(1.0, 8.0)",2025-07-15T12:01:31.829999924+00:00,0.57,,
62143087,PARA,fail_incidence,344.1492307962051,0.9267717297432021,33.08940288959773,66.49439638127167,2.602765144670537,9.333101441977183,"(5.0, 10.0)",2025-07-15T12:13:39.540000916+00:00,0.82,,
62143092,PARA,fail_incidence,343.16314447461235,0.9592767477313919,24.00635617946767,66.79968427861337,2.50185021745194,13.3159951533946,"(2.0, 8.0)",2025-07-15T12:23:32.090000153+00:00,0.75,,
62143097,PARA,fail_incidence,342.67646414195883,0.9332442064515105,22.846543773834433,65.63325007119113,2.511027277390772,8.568653457218108,"(1.0, 5.0)",2025-07-15T12:23:45.079998016+00:00,0.39,,
62143132,PARA,fail_incidence,343.87227510057903,0.9428945774106278,23.687068296935504,67.60003545396948,2.522428374348819,7.796593241841029,"(2.0, 8.0)",2025-07-15T13:26:02.609999895+00:00,0.46,,
62143142,PARA,fail_incidence,354.1089499127556,0.895258665322452,29.263822985065808,64.0489347678204,2.6974065105978955,8.757623900465628,"(1.0, 8.0)",2025-07-15T14:02:44.489998102+00:00,0.99,,
62143172,PARA,fail_incidence,353.60623688497964,0.8886122750227037,30.99952311823171,70.13746400198809,2.685069965243772,10.476808228710574,"(1.0, 20.0)",2025-07-15T14:47:17.690000296+00:00,1.3,,
62143182,PARA,fail_incidence,353.49881476316546,0.8831896704613568,36.9655826791788,70.37605603644981,2.676770687412071,9.627869601863114,"(1.0, 20.0)",2025-07-15T15:02:39.809997559+00:00,0.8,,
62143187,PARA,fail_incidence,353.6983747683387,0.8534170552860068,26.505079211851456,70.05392062138372,2.6842762208387128,4.863172452567646,"(1.0, 5.0)",2025-07-15T15:18:33.899997711+00:00,1.08,,
62143197,PARA,fail_incidence,353.05827261853017,0.8779710350521884,37.79956427454902,66.39504081082804,2.6370975607296367,11.319474030860846,"(1.0, 20.0)",2025-07-15T15:28:00.859999895+00:00,0.62,,
62143207,PARA,fail_incidence,344.45373911079696,0.9394157303213236,47.98408882149135,65.42769992389731,2.598336702537916,8.255575573620094,"(5.0, 10.0)",2025-07-15T15:31:22.309999704+00:00,1.25,,
62143212,PARA,fail_incidence,354.6634988703229,0.7591866999851956,46.96801514862958,70.48377056858979,2.771097656652573,7.272963742621071,"(5.0, 30.0)",2025-07-15T15:30:55.250000+00:00,0.44,,
62143227,PARA,fail_incidence,353.7164727263624,0.8923799702823646,38.351628316279346,68.46866385585861,2.6431014080843234,12.060970895747037,"(1.0, 20.0)",2025-07-15T15:41:58.520000458+00:00,0.84,,
62143232,PARA,fail_incidence,354.5397822105512,0.9064393503642855,38.3767193514421,65.62905610435637,2.711490650190035,7.647675400525163,"(5.0, 15.0)",2025-07-15T15:43:03.539999962+00:00,0.51,,
62143257,PARA,fail_incidence,342.7783711799183,0.9232498598569117,27.775427138712296,61.13543252314264,2.4515882365900965,7.178959013581693,"(1.0, 8.0)",2025-07-15T15:57:59.729999542+00:00,0.38,,
62143312,PARA,fail_incidence,343.31856095188544,0.9294418757116435,23.785912230860788,65.42380231965483,2.508607067605488,6.97771981190642,"(1.0, 5.0)",2025-07-15T16:42:59.349998474+00:00,0.63,,
62143317,PARA,fail_incidence,345.0752798282168,0.8916725041169252,25.65118524685801,63.52662356908167,2.5460904463121494,6.417827903432343,"(5.0, 10.0)",2025-07-15T16:50:32.309997559+00:00,0.37,,
62143322,PARA,fail_incidence,344.92163132161943,0.9933493955732503,22.850537677591856,68.4528584015749,2.5236911800381594,6.66767337302156,"(3.0, 15.0)",2025-07-15T16:54:43.469997406+00:00,0.74,,
62143332,PARA,fail_incidence,348.34825752924166,0.9911827744907831,26.928828275734503,72.01561539755525,2.5415411686690557,6.700756664684107,"(1.0, 5.0)",2025-07-15T17:04:49.669998169+00:00,0.66,,
62143337,PARA,fail_incidence,344.7455530951556,0.9444277940091981,22.92946338623002,66.14705026420377,2.489628865447317,8.166944420113168,"(2.0, 8.0)",2025-07-15T17:06:04.449999809+00:00,0.82,,
62143377,PARA,fail_incidence,343.8153730386949,0.924652399915255,22.7604042825772,67.79525154384885,2.529877986009732,17.170383012648816,"(1.0, 5.0)",2025-07-15T18:13:26.199998856+00:00,0.57,,
62143402,PARA,fail_incidence,343.9353111078281,0.927033033303047,23.936992338683726,57.49428407648521,2.515832968015833,7.402406360644106,"(1.0, 8.0)",2025-07-15T18:47:41.479999542+00:00,1.72,,
62143537,PARA,fail_incidence,344.1033570519056,0.8835344278897074,32.74853971702188,66.18069200772156,2.4965598425495985,5.354505248473875,"(10.0, 20.0)",2025-07-15T20:59:20.299999237+00:00,0.33,,
62143587,PARA,fail_incidence,349.9145859565263,0.9242375142761394,25.044955768193383,67.5915948422808,2.4742429422295875,3.007357867540567,"(1.0, 20.0)",2025-07-15T21:39:26.629999161+00:00,0.72,,
62143592,PARA,fail_incidence,343.8153730386949,0.9259999234483811,23.448857860706006,68.72534542001945,2.5202885503902546,7.231051561463467,"(5.0, 10.0)",2025-07-15T21:40:22.689998627+00:00,0.54,,
62143597,PARA,fail_incidence,343.3878465569581,0.9656316620665442,21.253241244643522,64.67309348020521,2.477001175394891,9.786831112702455,"(1.0, 5.0)",2025-07-15T21:41:17.319999695+00:00,1.39,,
62143612,PARA,fail_incidence,342.5940091276062,0.9358299661858768,23.218448356557868,64.1885485236817,2.475134576128203,8.905742035143598,"(1.0, 5.0)",2025-07-15T21:53:26.969999313+00:00,1.46,,
62143622,PARA,fail_incidence,342.13431941618484,0.9786277527449914,21.120741400657128,66.50808052373425,2.4948125669764276,11.85841078616028,"(1.0, 5.0)",2025-07-15T22:12:20.100000381+00:00,1.12,,
62143632,PARA,fail_incidence,344.3931112655012,0.9698832032057076,22.009966128923782,64.62627157271072,2.563785347133275,7.962929263719701,"(5.0, 15.0)",2025-07-15T22:17:32.209999084+00:00,2.03,,
62143757,PARA,fail_incidence,342.13431941618484,0.9160733966438542,30.734257973408074,66.03650169844315,2.4889069973464504,4.564743532832427,"(5.0, 10.0)",2025-07-15T23:44:39.079998016+00:00,0.06,,
62143797,PARA,fail_incidence,343.10782538032356,0.9078048790501185,27.806125008404077,67.48127904622783,2.499468280849482,9.586652175791713,"(1.0, 5.0)",2025-07-16T00:30:14.819999695+00:00,0.34,,
62143852,PARA,fail_incidence,343.02062233096507,0.9445484752218877,19.66591924249567,71.00059307332113,2.532924726863469,4.4980653245515185,"(2.0, 8.0)",2025-07-16T01:10:44.219997406+00:00,0.35,,
62143897,PARA,fail_incidence,349.3492837096289,0.8846388038104734,34.13691563218746,75.62448911846045,2.5746439867676645,7.274387060146658,"(1.0, 8.0)",2025-07-16T01:30:25.500000+00:00,0.24,,
62143902,PARA,fail_incidence,344.005318758917,0.921670493882254,24.817832627236303,64.11727732383913,2.557358872640325,6.764305906292417,"(1.0, 8.0)",2025-07-16T01:34:32.459999084+00:00,0.63,,
62143912,PARA,fail_incidence,344.11855447390474,0.9047942150195367,20.757980924447388,71.68421272531252,2.5293977289416865,5.209002393238696,"(1.0, 15.0)",2025-07-16T01:35:13.059999704+00:00,0.37,,
62143932,PARA,fail_incidence,344.1278511171991,0.9678581719850445,27.115279321962436,67.83248280953808,2.4948901011376314,6.176609126510213,"(1.0, 5.0)",2025-07-16T01:47:28.889999390+00:00,0.41,,
62143937,PARA,fail_incidence,343.393600843721,0.9664075851917896,21.96262012083283,72.1583184721167,2.632375081635538,5.07590844242424,"(3.0, 15.0)",2025-07-16T01:50:08.519999503+00:00,0.7,,
62143942,PARA,fail_incidence,344.30097007079206,0.9510813805862617,22.82701593870391,66.88625723509944,2.576571004266361,8.496453445274371,"(2.0, 8.0)",2025-07-16T01:52:54.579998016+00:00,1.03,,
62143972,PARA,fail_incidence,342.2600356793761,0.8959416657947452,27.662513685875407,70.18967635063409,2.520568531526358,6.81336705868582,"(2.0, 8.0)",2025-07-16T02:18:49.099998474+00:00,0.24,,
62143982,PARA,fail_incidence,343.1056688613237,0.9579474115239641,24.620773479052836,68.73968499128856,2.604536870941041,7.857222961686299,"(2.0, 8.0)",2025-07-16T02:28:39.899997711+00:00,0.74,,
62143987,PARA,fail_incidence,341.0015825419617,0.9067842564042264,25.590333051519845,66.12754964459224,2.49417150400461,5.051571751712508,"(1.0, 8.0)",2025-07-16T02:33:38.709999084+00:00,0.33,,
62143992,PARA,fail_incidence,343.05306003960254,0.9180461552765142,25.1613506801246,70.98134396675016,2.5587769490797965,3.17796494986175,"(1.0, 8.0)",2025-07-16T02:44:29.429998398+00:00,0.32,,
62144062,PARA,fail_incidence,351.1067052965327,0.9370834255388808,27.14510900153313,68.19522487751928,2.6561109429913747,4.099830918235357,"(1.0, 8.0)",2025-07-16T03:53:17.469999313+00:00,0.46,,
62144067,PARA,fail_incidence,342.16871132967054,0.9162349531694091,28.411472746635443,69.05553500883684,2.518883725520379,7.680573019650478,"(3.0, 5.0)",2025-07-16T04:04:11.259999274+00:00,0.56,,
62144087,PARA,fail_incidence,343.36723796328243,0.9349402887720619,22.80210911418881,70.15237363451797,2.523467343708259,10.395811389856597,"(1.0, 5.0)",2025-07-16T04:21:34.270000458+00:00,0.6,,
62144102,PARA,fail_incidence,344.0372784991339,0.9458395165569955,22.36901938680969,69.48872482602452,2.533635280437566,10.652819731581399,"(1.0, 5.0)",2025-07-16T04:59:32.299999237+00:00,0.85,,
62144107,PARA,fail_incidence,343.13060353972133,0.9456090166370212,22.327817916856176,71.94402335105002,2.4687140305142776,9.466497737772194,"(1.0, 5.0)",2025-07-16T05:00:47.809997559+00:00,1.17,,
62144122,PARA,fail_incidence,343.80560976864996,0.9899520935015077,22.674140898144337,71.21421773506266,2.634473932997773,4.564453697289482,"(1.0, 20.0)",2025-07-16T06:35:31.659999847+00:00,0.53,,
62144132,PARA,fail_incidence,343.3845725809475,0.9687031228519694,21.15616298249825,72.60172088563422,2.5485261865959052,6.136177462045772,"(1.0, 8.0)",2025-07-16T06:51:55.090000153+00:00,0.7,,
62144152,PARA,fail_incidence,348.1942088838712,0.9017936951641825,41.29142968137643,73.3781946545749,2.452526394589116,9.740616136432987,"(5.0, 10.0)",2025-07-16T07:39:48.340000153+00:00,0.56,,
62144157,PARA,fail_incidence,352.4779582919801,0.9386561566106502,25.769007729029326,63.03788079937532,2.6087713264002543,3.8198052655833177,"(10.0, 45.0)",2025-07-16T07:40:17.440000296+00:00,0.62,,
62144187,PARA,fail_incidence,344.82506685159905,0.9367112670597534,22.355684940245002,66.84929234106221,2.498962403226124,7.292103654717556,"(1.0, 5.0)",2025-07-16T08:46:48.479999542+00:00,0.59,,
62144197,PARA,fail_incidence,342.1113552655408,0.9251560066467206,23.038885722674248,70.2110699685773,2.537794230356399,5.253724355602542,"(2.0, 8.0)",2025-07-16T10:37:09.829999924+00:00,0.22,,
62144212,PARA,fail_incidence,351.78153301837506,0.6856799306780712,15.672698702508205,71.44986255662928,2.864500893244927,5.801590865697345,"(10.0, 45.0)",2025-07-16T11:27:16.529998779+00:00,0.3,,
62144222,PARA,fail_incidence,351.49089268860547,0.7476684811463467,56.68726070118106,73.04439709380198,2.804881996884632,9.117156590438615,"(5.0, 15.0)",2025-07-16T11:43:36.159999847+00:00,0.58,,
62144232,PARA,fail_incidence,351.15696109791634,0.7377821319846602,14.733979263922485,74.99449814609495,2.9141110101511565,6.145209994169249,"(2.0, 8.0)",2025-07-16T11:44:14.359999657+00:00,-0.19,,
62144237,PARA,fail_incidence,343.7485553301492,0.9590990243448938,21.97849754236712,63.17330025546995,2.462920078688408,6.873901948561402,"(2.0, 8.0)",2025-07-16T11:48:54.189998627+00:00,0.53,,
62144247,PARA,fail_incidence,343.47197676511195,0.9257777822355483,24.180926036299944,62.25980431955451,2.4563361750422965,7.5617900784838445,"(5.0, 15.0)",2025-07-16T11:58:18.930000305+00:00,0.55,,
62144252,PARA,fail_incidence,344.76615980718645,0.9417121400894534,23.120386835736024,64.48346888511118,2.4680452738013825,5.442490309428358,"(3.0, 15.0)",2025-07-16T12:02:33.259998322+00:00,0.32,,
62144257,PARA,fail_incidence,351.5099598028308,0.8865604315588171,47.74547904993373,65.5408609210902,2.8143137000173577,7.751548625922195,"(1.0, 15.0)",2025-07-16T12:23:36.659999847+00:00,1.64,,
62144262,PARA,fail_incidence,351.0273237173868,0.8205260930362144,47.98162902077799,69.32636211822688,2.7574384353590418,8.689268633226089,"(3.0, 15.0)",2025-07-16T12:31:56+00:00,0.37,,
62144272,PARA,fail_incidence,348.7871111345436,0.9216954439558034,33.90274919612957,74.2861671417153,2.380440868036766,5.401339371872438,"(1.0, 15.0)",2025-07-16T12:42:03.339999914+00:00,0.82,,
62144277,PARA,fail_incidence,352.4830376374668,0.8379571433276404,40.079757244546954,71.70456543571936,2.8664829532208795,10.31970312891459,"(10.0, 45.0)",2025-07-16T12:40:10.149999619+00:00,0.39,,
62144287,PARA,fail_incidence,350.70903383447785,0.7538527730466051,39.315374495803084,73.32924628696634,2.8039648540963804,8.29615191746736,"(3.0, 15.0)",2025-07-16T12:47:01.369999886+00:00,0.26,,
62144297,PARA,fail_incidence,352.479927962638,0.8730749400304433,46.2633679658881,73.53531873572338,2.8952481487837054,11.990778944994691,"(10.0, 45.0)",2025-07-16T12:51:30.269998550+00:00,0.43,,
62144302,PARA,fail_incidence,343.6190279290304,0.8549689695226458,33.35379060046822,64.98366527658142,2.564887497089753,5.488687512318787,"(5.0, 15.0)",2025-07-16T12:52:17.479999542+00:00,0.19,,
62144312,PARA,fail_incidence,345.08599574540335,0.9743635239030354,42.12426599483049,66.90546469210616,2.5945865015904808,10.744700027079032,"(1.0, 5.0)",2025-07-16T13:14:19.989999771+00:00,0.64,,
62144322,PARA,fail_incidence,352.5396781829891,0.9543748916929568,49.67862068243008,66.60976514097601,2.8196614122026507,1.8258200342532822,"(2.0, 8.0)",2025-07-16T13:30:51.469997406+00:00,0.4,,
62144332,PARA,fail_incidence,351.8043201234288,0.91317954711407,26.69248875214423,72.49223581966871,2.7894764831371455,6.19399229807685,"(5.0, 30.0)",2025-07-16T14:16:25.739999771+00:00,0.62,,
62144337,PARA,fail_incidence,344.08656003641545,0.9620303966303929,21.440653982591662,67.06135996828336,2.5051493785369776,9.231406851918615,"(1.0, 5.0)",2025-07-16T14:24:30.079999924+00:00,0.77,,
62144342,PARA,fail_incidence,349.1813456945538,0.8895029084048555,22.16770678480488,74.48084837099002,2.4736565918912996,6.62907356356977,"(1.0, 5.0)",2025-07-16T14:25:41.189998627+00:00,0.5,,
62144362,PARA,fail_incidence,351.5972806215671,0.8877849624501308,30.616522764361598,73.21550347574467,2.8094280349852685,9.852489027745595,"(1.0, 5.0)",2025-07-16T14:39:13.109999657+00:00,0.99,,
62144372,PARA,fail_incidence,343.21880309897625,0.9405241425466273,26.66751813601942,73.91783152582781,2.4756836533723616,7.143245708803964,"(1.0, 20.0)",2025-07-16T14:49:18.939998627+00:00,0.33,,
62144397,PARA,fail_incidence,342.84044984795537,0.9202321594378948,27.26478752395529,64.77329786358194,2.489042787185381,5.83477662405625,"(1.0, 20.0)",2025-07-16T15:09:22.709999084+00:00,0.18,,
62144452,PARA,fail_incidence,349.0931865826449,0.9783447818726532,24.216116725137322,70.60604306077012,2.5008782210506766,9.099075253967984,"(1.0, 5.0)",2025-07-16T16:39:02.950000048+00:00,0.84,,
62144477,PARA,fail_incidence,343.1401929306402,0.93540443152202,23.190068931752496,68.25308648350594,2.524231195363387,4.941037768562561,"(5.0, 15.0)",2025-07-16T17:28:12.159999847+00:00,0.39,,
62144497,PARA,fail_incidence,342.9981938599927,0.9700297123721535,22.749989908601354,68.6357771008714,2.510207434171192,5.738821807749046,"(1.0, 8.0)",2025-07-16T17:44:58.809997559+00:00,0.71,,
62144512,PARA,fail_incidence,348.89403690065956,0.9040671386389919,26.410287030253063,70.55147788253917,2.50062305846002,9.328124787070665,"(1.0, 5.0)",2025-07-16T18:02:57.069999695+00:00,0.77,,
62144522,PARA,fail_incidence,352.58805289336334,0.9038692962225108,34.709602691736926,70.1542413686739,2.5209509069028835,5.673263643814863,"(3.0, 15.0)",2025-07-16T18:28:19.789999008+00:00,0.85,,
62144562,PARA,fail_incidence,355.3399642147507,0.8714668024711242,29.417241416291496,79.57023459902382,2.658486929207752,8.673856454721165,"(5.0, 15.0)",2025-07-16T19:18:48.189998627+00:00,0.57,,
62144592,PARA,fail_incidence,343.7588123366237,0.9413186159325813,21.922999687834633,69.44289780563348,2.5225702004674178,8.676664596723324,"(2.0, 8.0)",2025-07-16T20:05:11.429999352+00:00,0.72,,
62144602,PARA,fail_incidence,344.06190118014626,0.9892504802989176,21.167790262856222,69.00398266249799,2.6226457802222805,7.506588700956343,"(1.0, 8.0)",2025-07-16T20:23:22.409999847+00:00,1.87,,
62144627,PARA,fail_incidence,342.16871132967054,0.917419752584046,21.30001951604023,69.21083725294207,2.5130523537942873,5.605848364797736,"(2.0, 8.0)",2025-07-16T22:28:30.969999313+00:00,0.65,,
62144672,PARA,fail_incidence,357.08990240618255,0.9011319545091855,37.03497743700231,82.00778712748624,3.267098310679914,3.99029620953124,"(3.0, 5.0)",2025-07-17T01:49:02.339999914+00:00,0.96,,
62144717,PARA,fail_incidence,348.2773020720351,0.8086187783458967,1.66309491815681,79.8056504435709,2.5838287792399033,4.515086289604383,"(5.0, 10.0)",2025-07-17T03:38:54.199996948+00:00,0.54,,
62144732,PARA,fail_incidence,355.83340237901155,0.9398866647321691,25.431109715040957,81.62451841311564,3.2496776382177455,7.393023870084514,"(5.0, 15.0)",2025-07-17T04:34:12.250000+00:00,1.7,,
62144757,PARA,fail_incidence,343.28923240120025,0.9738032922818592,21.526226641655015,73.15329145255792,2.6489021085480355,4.830498861644423,"(1.0, 8.0)",2025-07-17T05:30:18.119998932+00:00,0.25,,
62144767,PARA,fail_incidence,350.04879265919516,0.9223642741721004,31.15758255821084,82.37839449000141,2.627317833338908,7.388005910907168,"(1.0, 5.0)",2025-07-17T05:52:07.619999886+00:00,1.15,,
62144777,PARA,fail_incidence,343.11774766810186,0.9924871341272035,27.766847594429972,73.04219972127042,2.5402320260763913,6.173023669447864,"(1.0, 8.0)",2025-07-17T06:39:19.579999924+00:00,0.94,,
62144822,PARA,fail_incidence,349.96340747282665,0.8955000179381166,30.158586377187945,66.88221850792831,2.4763593614934325,4.828854850862076,"(10.0, 45.0)",2025-07-17T10:27:52.509998321+00:00,0.53,,
62144832,PARA,fail_incidence,344.385484737104,0.9204987233476511,26.37347902755379,66.97533045150877,2.4973670616247596,6.672277662828449,"(1.0, 8.0)",2025-07-17T10:47:43.739998102+00:00,1.1,,
62144842,PARA,fail_incidence,349.80866494692685,0.9406774788878844,22.668229055818962,65.21852511672033,2.460486998491431,11.635612496873208,"(2.0, 8.0)",2025-07-17T12:26:32.829998016+00:00,0.9,,
62144852,PARA,fail_incidence,351.61889490776315,0.9160095514435015,38.51807048934725,64.50691157857071,2.536228980039035,8.61797736187702,"(10.0, 20.0)",2025-07-17T13:12:39.319999695+00:00,0.4,,
62144857,PARA,fail_incidence,344.7568735607397,0.9793600664404193,19.330498794006182,69.7301153714871,2.69360347429962,6.366028853207716,"(1.0, 8.0)",2025-07-17T13:13:28.949998856+00:00,0.03,,
62144957,PARA,fail_incidence,343.7485553301492,0.9853229316421657,22.115094263323446,63.43478228152451,2.4645219724448455,8.358826844360003,"(2.0, 8.0)",2025-07-17T17:32:49.919998169+00:00,0.85,,
62144962,PARA,fail_incidence,343.56670550351765,0.9796718174234144,28.822195864285963,64.54804738729847,2.6864541180861066,4.101420163727623,"(5.0, 30.0)",2025-07-17T17:35:56.729999542+00:00,0.29,,
62145102,PARA,fail_incidence,344.72375809503677,0.8622538056754947,32.654633455166596,71.31215961142067,2.542369067514786,5.886610287115119,"(5.0, 30.0)",2025-07-17T21:11:40.189998627+00:00,0.42,,
62145137,PARA,fail_incidence,342.8208244119739,0.9604880544570671,22.907031581808052,65.6888745920939,2.4837050497095046,6.981902885435938,"(1.0, 5.0)",2025-07-17T22:20:33.250000+00:00,0.74,,
62145192,PARA,fail_incidence,341.85039855363954,0.926427946487248,22.248961299642872,63.22608488119167,2.471351770670509,8.251523942277174,"(1.0, 5.0)",2025-07-18T00:53:24.989999771+00:00,0.43,,
62145207,PARA,fail_incidence,344.8288721420227,0.9567708810184893,23.700728396600756,69.89457688926306,2.7083951545338745,5.205336930809365,"(1.0, 5.0)",2025-07-18T01:18:07.039999962+00:00,0.09,,
62145242,PARA,fail_incidence,342.97140933419126,0.9938321558743721,21.751782965051277,72.74980805705721,2.645467651960517,3.7889727811190905,"(1.0, 20.0)",2025-07-18T05:02:45.059997559+00:00,0.53,,
62145257,PARA,fail_incidence,343.37982080175397,0.9509287610681193,24.768941929683397,69.33284317526854,2.5050623831470804,5.041337822920291,"(2.0, 8.0)",2025-07-18T06:36:18.149999619+00:00,0.26,,
62145267,PARA,fail_incidence,348.8504485565659,0.8794229196991842,37.76936332185611,75.05981044487258,2.475029853335579,7.246337009270688,"(5.0, 15.0)",2025-07-18T07:13:58.629997253+00:00,0.29,,
62145292,PARA,fail_incidence,344.52366826038934,0.9775033134028689,20.621160433885567,64.83809448764825,2.47191459482288,7.637601277391955,"(2.0, 8.0)",2025-07-18T09:10:53.759998322+00:00,0.58,,
62145312,PARA,fail_incidence,353.05814175395363,0.936631465865776,31.586341135033212,82.38632107487409,3.297284469472574,2.8842409776730467,"(1.0, 5.0)",2025-07-18T09:55:43.719997406+00:00,0.77,,
62145317,PARA,fail_incidence,350.2208895793528,0.9447351751447648,24.66371909921006,68.94113719803454,2.5962937135226616,3.148111613864242,"(1.0, 15.0)",2025-07-18T10:27:16.219999313+00:00,-0.38,,
62145322,PARA,fail_incidence,344.27491570798145,0.9850822441126412,21.029948364232702,62.544521248244,2.455533320779764,8.781839254818586,"(1.0, 8.0)",2025-07-18T11:27:38.939998627+00:00,1.28,,
62145327,PARA,fail_incidence,343.7637752032584,0.979039286087017,22.432806414819744,62.97782162235468,2.4617030636343697,8.972849147817072,"(1.0, 5.0)",2025-07-18T11:36:36.149997711+00:00,1.0,,
62145382,PARA,fail_incidence,350.7243356439339,0.98184972615479,26.247195101782918,67.14456854897827,2.4710094351852168,7.81531744760649,"(1.0, 20.0)",2025-07-18T14:08:00.920000076+00:00,0.53,,
62145442,PARA,fail_incidence,347.50201804835,0.954173408621675,24.348640745289426,66.32505618998626,2.562145365231555,7.0640564157474355,"(2.0, 8.0)",2025-07-18T15:03:08.449999809+00:00,1.03,,
62145447,PARA,fail_incidence,348.3776285853415,0.8905997895987603,28.829357305468477,65.03085570599728,2.5516829590615697,5.150990617826071,"(1.0, 15.0)",2025-07-18T15:14:29.149999619+00:00,0.42,,
62145507,PARA,fail_incidence,342.58551412793764,0.9526894067688005,21.676885337202645,65.49969392608723,2.4861964675671726,6.894289487236639,"(1.0, 5.0)",2025-07-18T17:22:19.869998932+00:00,0.68,,
62145512,PARA,fail_incidence,343.87693017220255,0.9355982519975409,22.30176605099013,65.18630011101246,2.480357959888112,5.441163747451787,"(1.0, 8.0)",2025-07-18T17:23:08.630000114+00:00,0.54,,
62145712,PARA,fail_incidence,344.7809311236168,0.9254531984380789,38.885137883477604,66.02817131018938,2.5853904956368425,9.074928142035052,"(5.0, 30.0)",2025-07-18T21:12:14.779999495+00:00,0.73,,
62145832,PARA,fail_incidence,344.0773135542619,0.8624217642893514,52.51061074358434,66.61392323477914,2.6870981243977923,2.8033338734626607,"(1.0, 8.0)",2025-07-18T22:30:26.359998703+00:00,0.07,,
62145982,PARA,fail_incidence,340.22442434855327,0.9465687001587445,24.082431949949775,74.86225274158063,2.397313677439582,8.609462065612878,"(10.0, 20.0)",2025-07-18T23:43:11.590000153+00:00,0.6,,
62146017,PARA,fail_incidence,352.20985745990276,0.904910279606067,34.167914906042945,78.4323136490167,2.847598296876064,5.861058764583197,"(2.0, 8.0)",2025-07-19T00:05:19.920000076+00:00,0.41,,
62146142,PARA,fail_incidence,342.9438755567753,0.9470722629860026,21.998462976590183,69.1039337852793,2.517585876439614,7.147236926230963,"(5.0, 10.0)",2025-07-19T02:49:17.770000458+00:00,0.21,,
62146182,PARA,fail_incidence,342.54445317519094,0.9202852353465686,22.483233447294815,71.0135515131599,2.5279508447724863,6.634358509063474,"(2.0, 8.0)",2025-07-19T03:34:51.189998627+00:00,0.22,,
62146202,PARA,fail_incidence,351.3976141647158,0.9344778753115663,33.956586758892264,72.77585991856175,2.623360827245912,5.583974090502958,"(1.0, 15.0)",2025-07-19T04:30:02.640000105+00:00,0.86,,
62146307,PARA,fail_incidence,348.59582348968195,0.8965300607425952,34.0201386685942,71.3614868890018,2.508891934556445,13.798079884098572,"(3.0, 5.0)",2025-07-19T09:59:20.069999695+00:00,0.54,,
62146497,PARA,fail_incidence,342.5563013647716,0.9745575925734189,21.202889684802773,71.08157111148334,2.4366874790962854,5.577614417290065,"(1.0, 20.0)",2025-07-19T17:25:21.119998932+00:00,1.54,,
62146507,PARA,fail_incidence,341.95089826712774,0.9544474955071168,26.608426535624105,71.44025138504315,2.447566271957657,5.722563823107757,"(5.0, 15.0)",2025-07-19T17:26:29.219999313+00:00,1.48,,
62146512,PARA,fail_incidence,342.50758740447463,0.9601800450532574,20.64168459123905,69.51992044359505,2.5152111451623895,6.468201963505042,"(1.0, 5.0)",2025-07-19T17:30:47.789997101+00:00,0.94,,
62146572,PARA,fail_incidence,350.9205507655566,0.8859728936010952,28.826619431536745,68.7570456257383,2.4956895955738503,6.066869631764028,"(5.0, 15.0)",2025-07-19T18:25:01.109999895+00:00,1.93,,
62146737,PARA,fail_incidence,345.0143129108058,0.9753632665203757,22.008668545966497,68.0271771489757,2.6731896001349784,7.587473425585755,"(2.0, 8.0)",2025-07-19T19:46:28.289999008+00:00,0.96,,
62147082,PARA,fail_incidence,350.54336113472135,0.919753921779938,35.36436191623574,70.03231611346317,2.4882452964538153,9.986743337782103,"(5.0, 10.0)",2025-07-20T00:51:07.799999714+00:00,0.67,,
62147292,PARA,fail_incidence,350.3441057430573,0.9189880448546923,30.67563735727918,67.81293608275746,2.4742950905951564,9.155362995059619,"(10.0, 20.0)",2025-07-20T10:19:46.819999695+00:00,0.39,,
62147297,PARA,fail_incidence,345.1968250473978,0.9021368004848658,29.154679350650564,68.06005993550491,2.6057795995429553,8.345480647080329,"(2.0, 8.0)",2025-07-20T11:56:12.729999542+00:00,1.07,,
62147312,PARA,fail_incidence,353.6406211700694,0.8981356940585721,27.89252228183275,72.57988554953951,2.6207056165183547,9.588885873828929,"(5.0, 10.0)",2025-07-20T12:39:17.739999771+00:00,0.41,,
62147327,PARA,fail_incidence,343.2695926022662,0.7706968249550672,12.200335535174059,63.13400012494778,2.5618026007826384,3.083008643042639,"(1.0, 8.0)",2025-07-20T13:26:16.969999313+00:00,-0.05,,
62147342,PARA,fail_incidence,349.95447078659026,0.8419985411668442,27.6044008328804,68.52127380504372,2.574351833079842,8.261374040242519,"(1.0, 8.0)",2025-07-20T14:15:24.519998549+00:00,0.17,,
62147372,PARA,fail_incidence,344.72308599333155,0.9929238724304005,19.273184091475365,66.25367808964018,2.5926138826495997,5.326089490800695,"(2.0, 8.0)",2025-07-20T15:12:17.809999704+00:00,0.86,,
62147532,PARA,fail_incidence,345.0438293029396,0.980068402079349,22.57223560267107,69.1571582900307,2.607104563903124,3.4627789823363293,"(1.0, 5.0)",2025-07-20T21:54:03.449999809+00:00,0.93,,
62147617,PARA,fail_incidence,342.3300597143669,0.9326190782129119,31.677183957036874,66.24358145853444,2.5872365341894468,5.676840075703322,"(2.0, 8.0)",2025-07-21T04:59:58.759998322+00:00,-0.12,,
62147672,PARA,fail_incidence,350.8383997576646,0.9006429213431604,6.596865931219653,65.51445569601978,2.8366255453150138,6.168175394390491,"(2.0, 8.0)",2025-07-21T08:15:46.479999542+00:00,0.01,,
62147707,PARA,fail_incidence,351.58235377080837,0.9814133747861973,22.777782830275758,79.41722927003235,3.273636975106669,5.491217656748935,"(1.0, 20.0)",2025-07-21T10:56:43.669998169+00:00,2.19,,
62147712,PARA,fail_incidence,350.9305718339228,0.923147946202067,25.8419749064687,77.83169134996965,3.240579370196215,5.994070205787745,"(5.0, 15.0)",2025-07-21T11:00:39.379997253+00:00,1.16,,
62147717,PARA,fail_incidence,352.3832764000751,0.8972117326473403,27.206191964718293,72.58448481543928,3.0650607185143275,5.49981037315309,"(5.0, 30.0)",2025-07-21T11:03:57.409999847+00:00,1.17,,
62147742,PARA,fail_incidence,351.07957098891086,0.9350406361004715,25.545840458846598,69.43696624951731,2.6095589889211976,5.067366381122685,"(1.0, 15.0)",2025-07-21T12:19:18.579999924+00:00,0.37,,
62147772,PARA,fail_incidence,344.0072041257682,0.9728994334016834,20.39768341947845,62.82963944792035,2.6324857740938135,4.980344601915389,"(1.0, 8.0)",2025-07-21T13:05:08.769999504+00:00,0.1,,
62147842,PARA,fail_incidence,354.04958900931865,0.92096993339538,30.37423267128084,79.78616966129785,2.3535067630193223,8.859527994450739,"(1.0, 8.0)",2025-07-21T15:21:18.090000153+00:00,0.3,,
62148967,PARA,fail_incidence,348.44612991358406,0.9715287389405356,21.38359078845009,72.19047527204441,2.538155672247506,8.2456208546294,"(2.0, 8.0)",2025-07-23T12:22:31.420000076+00:00,0.62,,
62149242,PARA,fail_incidence,345.2980068592404,0.959313914167645,13.144138235471388,65.43570077599176,2.6506500513875606,2.298683473128204,"(2.0, 8.0)",2025-07-23T18:45:53.389999390+00:00,0.16,,
62149557,PARA,fail_incidence,348.03903273145306,0.9235559482822597,25.94488034095434,70.48233679038789,2.503236286806593,5.087071790082298,"(10.0, 45.0)",2025-07-24T03:52:39.309997559+00:00,0.22,,
62149602,PARA,fail_incidence,347.9270138751554,0.9171804176629477,34.55940928139396,73.46653352320516,2.5400694242923847,6.959455803958974,"(1.0, 8.0)",2025-07-24T07:18:25.019998550+00:00,0.06,,
62149637,PARA,fail_incidence,343.4184231995787,0.9916911734480824,25.919754236717516,66.10197142802191,2.493559035515712,13.077240245095634,"(1.0, 5.0)",2025-07-24T11:37:08.489999771+00:00,0.58,,
62149642,PARA,fail_incidence,349.4651733437571,0.9337815388665117,31.02067690564558,69.16510508388731,2.4974684115908343,6.864569482099794,"(1.0, 8.0)",2025-07-24T12:14:54.639999390+00:00,0.32,,
62149787,PARA,fail_incidence,354.04764093055223,0.643387906887427,70.00732851161953,73.12162262344538,3.158866197401681,7.425827194044644,"(5.0, 15.0)",2025-07-24T16:51:07.769999981+00:00,0.82,,
62150322,PARA,fail_incidence,346.2274778793149,0.9442317601994551,26.359138756343985,70.51426026492366,2.600362017550011,9.153569475239795,"(3.0, 5.0)",2025-07-25T06:21:26.789999008+00:00,0.51,,
62150422,PARA,fail_incidence,350.62290505081774,0.8015460213573053,43.841915602112685,67.19220774088495,2.48322419831966,11.394784791595225,"(1.0, 15.0)",2025-07-25T14:43:22.549999237+00:00,0.8,,
62150647,PARA,fail_incidence,345.138578749507,0.9182297359618682,24.04740775429105,61.31445612275154,2.6155739967669853,3.6451912227584273,"(3.0, 5.0)",2025-07-25T20:47:58.520000458+00:00,0.57,,
62150852,PARA,fail_incidence,350.6252999181151,0.9298513212434306,17.254747550948043,64.61754210236315,2.631686422086571,3.965380629439524,"(1.0, 5.0)",2025-07-25T23:49:40.059997559+00:00,0.29,,
62151122,PARA,fail_incidence,346.038999405447,0.8981213959956312,20.40861493010696,65.12251133022534,2.557129081929303,8.618764016130873,"(1.0, 20.0)",2025-07-26T06:28:39.239998102+00:00,0.67,,
62151172,PARA,fail_incidence,349.87895995605766,0.9380661136333343,24.585543739093588,66.73886370100162,2.574531077274951,7.367129186511177,"(2.0, 8.0)",2025-07-26T09:15:57.129997253+00:00,0.4,,
62151812,PARA,fail_incidence,349.92942456389994,0.8771398242890341,27.045105034365292,67.95234156510459,2.5671549390083253,5.763632088780861,"(5.0, 15.0)",2025-07-27T07:28:28.159999847+00:00,0.2,,
62152227,PARA,fail_incidence,353.07621741595915,0.980363696070819,24.076802218865772,66.7313308970154,2.275601612429792,6.497349113251074,"(1.0, 15.0)",2025-07-27T22:50:14.899999619+00:00,0.7,,
62152357,PARA,fail_incidence,347.4732175368953,0.9416814816566581,28.036321846938602,77.23885394889284,2.5505664241538275,4.871609965711826,"(1.0, 5.0)",2025-07-28T02:16:12.579999924+00:00,1.21,,
62153112,PARA,fail_incidence,342.63507486650184,0.9639007813199154,21.07310786231103,68.65348687178148,2.6183031209893177,6.09087281928663,"(2.0, 8.0)",2025-07-29T12:57:24.369998932+00:00,0.95,,
62153657,PARA,fail_incidence,351.5972806215671,0.9536709555153959,43.812663477183115,66.71604341653342,2.8203333006527203,2.41019711433291,"(5.0, 30.0)",2025-07-30T12:14:21.799999237+00:00,0.18,,
62153737,PARA,fail_incidence,351.6052455653805,0.9372351490831065,21.860854315469798,67.09568158464542,2.565182308889861,4.785096284906216,"(3.0, 30.0)",2025-07-30T14:38:14.259999274+00:00,0.72,,
62153847,PARA,fail_incidence,345.2048033509916,0.9241147026946919,14.3144534874723,58.19239366502363,2.684918829065,4.331769974907727,"(3.0, 30.0)",2025-07-30T16:24:25.209999084+00:00,0.22,,
62154312,PARA,fail_incidence,343.9710634678775,0.8817518936243542,37.4479096750277,75.66550454358855,2.5008539047756972,7.904692925263372,"(5.0, 10.0)",2025-07-31T05:31:59.109996796+00:00,0.2,,
62154502,PARA,fail_incidence,349.93711412562254,0.8562543688737088,34.84174986714817,66.01918284973314,2.4653344852014842,2.4791461491658997,"(3.0, 30.0)",2025-07-31T12:59:12.489999771+00:00,1.05,,
62154512,PARA,fail_incidence,344.1492307962051,0.9272891252831933,30.43082136306906,67.25987234463278,2.5955712442043852,7.536919818766032,"(5.0, 10.0)",2025-07-31T13:01:22.809999704+00:00,1.07,,
62154552,PARA,fail_incidence,344.22299388173894,0.8905184548268203,24.037475707689417,66.74438430476684,2.673857469469974,5.462518512034668,"(5.0, 15.0)",2025-07-31T14:17:53.629997253+00:00,0.11,,
62154572,PARA,fail_incidence,351.62544247329606,0.7894221913922366,27.355657311085107,68.37060547971214,2.487046288009504,9.537847233511197,"(5.0, 15.0)",2025-07-31T14:47:05.299999714+00:00,0.64,,
62155277,PARA,fail_incidence,351.02108483355966,0.8803236189446204,25.96829028093604,68.94969246958047,2.4891438906597925,8.093320369871629,"(5.0, 15.0)",2025-08-01T01:31:25.750000+00:00,0.56,,
62155302,PARA,fail_incidence,349.1879739629479,0.9358922743539893,28.135850606874996,71.83185502908569,2.5451237185318627,9.020231931939152,"(1.0, 5.0)",2025-08-01T01:44:01.069999933+00:00,0.84,,
62155447,PARA,fail_incidence,352.43589463064444,0.8249155933137192,38.85830376147935,75.01314958161855,2.8264915936723214,10.048022809559054,"(10.0, 45.0)",2025-08-01T03:52:57.199996948+00:00,0.55,,
62155552,PARA,fail_incidence,353.19076088975424,0.8819250416356423,20.358462472165265,72.22976053987588,2.79729460495469,11.025936723458884,"(5.0, 15.0)",2025-08-01T13:47:50.939998627+00:00,0.41,,
62155572,PARA,fail_incidence,354.2334905976015,0.7581901470020213,18.159037436301,71.24323424363966,2.780022210959134,10.012573332543777,"(5.0, 15.0)",2025-08-01T14:27:11.710000038+00:00,0.44,,
62155592,PARA,fail_incidence,353.85257998611996,0.7745726895864596,39.79878816783568,71.07555472350356,2.77216054222989,10.042227197414945,"(5.0, 15.0)",2025-08-01T14:53:04.819999695+00:00,0.42,,
62156071,PARA,fail_incidence,349.7866953673045,0.8789901706142462,23.18412211614296,68.207854868209,2.5942345705924867,3.6881481329987205,"(1.0, 5.0)",2025-07-21T17:51:07.629999638+00:00,0.4,,
62156401,PARA,fail_incidence,352.66911851824415,0.8889823883167822,33.192666556111455,70.32300681253106,2.6000688765501674,6.268538427513224,"(10.0, 45.0)",2025-07-22T02:52:50.989998102+00:00,0.53,,
62156406,PARA,fail_incidence,352.8523238680634,0.9138660948523663,32.737675235963906,65.48940486789475,2.6262327868957076,6.434902867213055,"(2.0, 8.0)",2025-07-22T02:57:47.399997711+00:00,0.45,,
62156411,PARA,fail_incidence,352.8874306272929,0.8635370515665275,28.060745305565714,69.87447574144213,2.755766627731972,5.328516168683145,"(5.0, 30.0)",2025-07-22T03:14:45.629997253+00:00,0.29,,
62156461,PARA,fail_incidence,349.79228954743763,0.8800099775794419,34.285428099000015,69.40653054464197,2.497662857597923,4.52706084762173,"(5.0, 10.0)",2025-07-22T11:33:25.139999390+00:00,0.15,,
62156476,PARA,fail_incidence,352.0377511201361,0.8851413270795427,24.5469581903446,68.94577356200881,2.5983892429912427,3.7980813700388323,"(2.0, 8.0)",2025-07-22T12:21:20.889999390+00:00,0.14,,
62156551,PARA,fail_incidence,351.27940708885797,0.9741772712064904,22.3438026834735,64.36160324177024,2.535275813999368,4.43021712176909,"(1.0, 5.0)",2025-07-22T13:49:48.700000763+00:00,0.81,,
62156556,PARA,fail_incidence,350.8558071865584,0.9301958047746088,23.20521973436143,65.04962408817258,2.488673847330186,4.303289386849019,"(1.0, 5.0)",2025-07-22T13:54:28.599998474+00:00,0.61,,
62156746,PARA,fail_incidence,357.2938121556256,0.6475544329469405,25.95747702216123,71.4345767642765,3.114819866868642,7.764855897405855,"(5.0, 15.0)",2025-07-22T18:58:19.670000076+00:00,0.25,,
62156821,PARA,fail_incidence,356.83858753502693,0.9422064485703424,13.890681712423397,72.02713535234442,2.489573094590985,4.10868352771675,"(5.0, 10.0)",2025-07-22T20:32:26.309999704+00:00,0.44,,
62161892,PARA,fail_incidence,352.03367760833896,0.9036932288999744,29.77715758947201,64.93521430686238,2.5369748578685667,4.57029111533234,"(5.0, 15.0)",2025-08-13T04:33:22.149999619+00:00,0.56,,
62164351,PARA,fail_incidence,352.36375494953353,0.9170985885339418,27.07965054345854,69.97929064942414,2.599993242800355,3.8801726990418928,"(5.0, 10.0)",2025-08-02T11:34:16.029998779+00:00,0.47,,
62166401,PARA,fail_incidence,346.13137432276443,0.9074798658787782,37.794728376423855,63.41903495530455,3.002524635132782,7.24910573359549,"(5.0, 15.0)",2025-08-05T19:11:04.819999695+00:00,0.33,,
62166406,PARA,fail_incidence,344.69996021084273,0.9467724012269685,16.672644745485464,67.28466718548025,2.938505104449193,2.2778294346845644,"(2.0, 8.0)",2025-08-05T19:17:18.590000153+00:00,0.43,,
62168366,PARA,fail_exception,44.040241377414354,0.9454915370905449,21.28170055596089,41.30200596939076,2.4544930845516073,3.701200039211563,"(3.0, 5.0)",2025-08-09T06:40:34.680000305+00:00,0.46,unsupported operand type(s) for /: 'NoneType' and 'float',"Traceback (most recent call last):
  File ""/Users/mhemmett/Seismology/mt-rainier/scripts/run_sws_generic.py"", line 187, in process_event
    splitting_obj.perform_sws_analysis(coord_system='LQT', sws_method='EV_and_XC',
    ~~~~~~~~~~~~~~~~~~~~~~~~~~~~~~~~~~^^^^^^^^^^^^^^^^^^^^^^^^^^^^^^^^^^^^^^^^^^^^
                                        cluster_eps=CLUSTER_EPS, cluster_min_samples=CLUSTER_MIN_SAMPLES)
                                        ^^^^^^^^^^^^^^^^^^^^^^^^^^^^^^^^^^^^^^^^^^^^^^^^^^^^^^^^^^^^^^^^^
  File ""/Users/mhemmett/Seismology/mt-rainier/swspy/splitting/split_windowcheck.py"", line 1695, in perform_sws_analysis
    Q_w = self._calc_Q_w(opt_phi, opt_lag, grid_search_results_all_win_XC, tr_T, method=""dbscan"")
  File ""/Users/mhemmett/Seismology/mt-rainier/swspy/splitting/split_windowcheck.py"", line 1385, in _calc_Q_w
    dt_diff = opt_lag_XC / opt_lag_EV
              ~~~~~~~~~~~^~~~~~~~~~~~
TypeError: unsupported operand type(s) for /: 'NoneType' and 'float'
"
62168386,PARA,fail_incidence,352.23215850737904,0.8845925574340847,37.97787962772624,65.63547408501165,2.455109184984129,9.295307425984047,"(5.0, 30.0)",2025-08-09T07:36:33.500000+00:00,0.31,,
62169751,PARA,fail_incidence,351.7009201554254,0.9796744856817965,33.051480263053755,83.51635558213005,2.7365380622564923,3.731278561540363,"(5.0, 30.0)",2025-08-12T11:22:03.409999847+00:00,0.41,,
62169766,PARA,fail_incidence,353.2909865946614,0.8131580138663917,22.323089035059404,77.24506566913837,2.8224184762013778,8.491815807292927,"(5.0, 15.0)",2025-08-12T12:15:38.939998627+00:00,0.48,,
62175226,PARA,fail_incidence,352.95191036888576,0.9026422369561744,34.09868865008641,71.67706527851996,2.774245722471778,6.718167141076734,"(10.0, 45.0)",2025-08-22T23:43:32.020000458+00:00,0.4,,
62177106,PARA,fail_incidence,344.62213039730227,0.9181167204471327,16.233703905637014,75.00723496803595,3.2441603429664454,3.7628889123072327,"(2.0, 8.0)",2025-08-27T16:35:08.260000229+00:00,0.29,,
62178006,PARA,fail_incidence,345.7441507343772,0.9694105777191789,21.222584113336726,62.60594968242574,2.633064417523613,4.2142927914191075,"(3.0, 30.0)",2025-08-29T04:32:50.329998016+00:00,0.32,,
