evid,station,stage,back_azimuth,rectilinearity,incidence_angle_jurkevics,incidence_angle,travel_time_s,snr_horizontal,filter_band,phi,dt,phi_error,dt_error,quality,dominant_period,success,pct_anisotropy,datetime,magnitude,error,traceback
61504363,STAR,ok,80.28784101803105,0.6446080065333479,36.95206831946555,25.207141733744876,1.8226542885817223,2.5395480871429257,"(5.0, 15.0)",2.2878410180310453,0.02,2.0,0.01,0.053922979670755544,0.09154533844189017,True,1.09730079507084,2025-07-08T15:24:37.709999084+00:00,-0.44,,
61504373,STAR,fail_snr,85.53021351916244,0.6991924062267943,36.69796649960712,25.04444173571477,1.6506167326286343,1.7261277918120106,"(10.0, 45.0)",,,,,,,,,2025-07-08T15:38:45.819999695+00:00,0.31,,
61504388,STAR,ok,87.11956277537418,0.7294712135869621,38.11686132980879,26.03924556648085,1.7663102094958805,2.5510905004462954,"(3.0, 5.0)",5.1195627753741775,0.04,31.0,0.03,0.0,0.21482517482517482,True,2.2646078692720875,2025-07-08T15:47:51.469997406+00:00,0.36,,
61504393,STAR,ok,82.0725846007515,0.6725356966613086,35.411008525691585,27.201484667394286,1.7312152616514516,2.10954783363632,"(3.0, 30.0)",4.072584600751497,0.02,6.0,0.01,1.0,0.05509157509157509,True,1.155257837833608,2025-07-08T15:50:27.059999704+00:00,-0.53,,
61504398,STAR,ok,92.34174849168798,0.6779390132507742,37.36241029818474,31.940081702416194,1.6957247692305126,5.699069922511157,"(10.0, 45.0)",12.34174849168798,0.02,7.0,0.01,0.0,0.06637037037037037,True,1.1794366847089,2025-07-08T15:50:56.389999390+00:00,-0.08,,
61504403,STAR,fail_no_result,83.84866954774046,0.5638708886717667,75.87295877945826,22.341030640372427,1.7788633609439044,3.793548101725566,"(10.0, 20.0)",,,,,,,,,2025-07-08T16:05:51.539997101+00:00,-0.7,,
61504408,STAR,ok,77.90251201262086,0.6257960867837392,34.79466253757079,25.600709414071126,1.762573749333599,2.475064024531612,"(5.0, 10.0)",-0.09748798737913944,0.02,4.0,0.01,0.0,0.10453333333333333,True,1.1347042929444333,2025-07-08T16:06:07.259999751+00:00,-0.64,,
61504413,STAR,ok,92.55534610908732,0.6347057542397395,38.9272068809335,27.285080066274006,1.7377735543901593,3.5542575346946625,"(10.0, 20.0)",12.555346109087324,0.02,6.0,0.01,0.9685730319472645,0.06723404255319149,True,1.1508979377361193,2025-07-08T16:19:23.010000229+00:00,0.29,,
61504418,STAR,ok,94.96488806450986,0.9484011124226184,37.97515640555281,31.126799800852904,1.7649456705100095,9.05562787737827,"(3.0, 5.0)",-59.035111935490136,0.16,17.0,0.01,0.8742921277890582,0.2346666666666667,True,9.065434855780316,2025-07-08T14:32:42.149997711+00:00,0.4,,
61504423,STAR,ok,87.46955343026117,0.6502346005434576,78.80911390744743,30.107863392718876,1.795929711573935,3.718108856482263,"(5.0, 10.0)",83.46955343026117,0.02,17.0,0.01,0.0,0.11428571428571428,True,1.1136293292053283,2025-07-08T14:32:58.090000153+00:00,-0.6,,
61504428,STAR,ok,87.14487951411247,0.7273521109418868,81.55306676699091,32.46918754387663,1.7807636890675094,7.490290386852051,"(10.0, 20.0)",7.144879514112475,0.02,5.0,0.01,0.0,0.0787878787878788,True,1.1231136462846978,2025-07-08T10:18:43.809997559+00:00,-0.41,,
61504433,STAR,ok,86.11865771706252,0.8001579305075353,41.11935924804066,27.040093307777177,1.592074716479901,3.513503821589599,"(1.0, 8.0)",12.118657717062518,0.12,54.0,0.09,-0.41860109102439425,0.1527017543859649,True,7.537334696534949,2025-07-08T12:04:11.739999771+00:00,-0.21,,
61504463,STAR,missing_channel,,,,,,,,,,,,,,,,2025-07-08T22:01:30.859998703+00:00,0.83,,
61504473,STAR,ok,67.48933043161897,0.6794086204884691,36.159771532663086,30.65518154992923,1.8587256025160865,6.933543452169478,"(1.0, 5.0)",-52.51066956838103,0.1,17.0,0.02,0.33704738265883116,0.18365217391304348,True,5.380030267223618,2025-07-08T19:33:34.899997711+00:00,0.55,,
61504478,STAR,missing_channel,,,,,,,,,,,,,,,,2025-07-08T22:01:30.939998627+00:00,0.94,,
61504483,STAR,ok,99.94201887217831,0.7186496255244508,55.939373542319444,18.163766714862295,1.8557770521373538,4.778421566527151,"(1.0, 5.0)",-84.05798112782169,0.06,49.0,0.08,0.0,0.18666666666666668,True,3.2331469952652023,2025-07-09T10:02:12.189999580+00:00,0.01,,
61504493,STAR,ok,60.4713162497474,0.8321458702149516,45.4011986657888,26.095875881645085,2.0205062300681256,4.58594071403841,"(5.0, 10.0)",-75.5286837502526,0.08,91.0,0.1,-0.9528595479208969,0.11913419913419913,True,3.959403777601945,2025-07-09T18:00:49.329998016+00:00,-0.28,,
61504498,STAR,ok,87.25215398825995,0.6955366227947459,77.46461277576947,27.87113293920392,1.9448616934165015,6.708169244962056,"(10.0, 45.0)",9.252153988259948,0.02,5.0,0.01,0.9685730319472645,0.07176651305683564,True,1.0283507597327592,2025-07-09T20:17:04.929999828+00:00,0.78,,
61504508,STAR,ok,83.70128544388055,0.8077563931976444,58.490167585549806,24.409475263985936,1.8263344771932775,5.951625180044238,"(10.0, 20.0)",11.70128544388055,0.02,5.0,0.01,0.0,0.07049275362318841,True,1.0950896590823893,2025-07-08T08:40:21.079999924+00:00,0.02,,
61504523,STAR,fail_no_result,79.47949667289936,0.7023632432674914,49.84230870189464,32.3822211316437,1.7833374128983654,2.572271051558266,"(2.0, 8.0)",,,,,,,,,2025-07-08T11:06:34.119998932+00:00,-0.33,,
61504533,STAR,ok,78.13733427877537,0.6264466929490136,72.27816448817703,31.34986923866365,1.9170400705810509,5.472247692384248,"(2.0, 8.0)",-11.86266572122463,0.1,14.0,0.01,0.0,0.16672268907563023,True,5.216375053114576,2025-07-11T05:20:55.139999390+00:00,-0.08,,
61504538,STAR,ok,70.78734020779551,0.6091857864011474,45.59003587758188,28.336428259476488,1.9926519740769393,5.224331653235889,"(1.0, 15.0)",86.78734020779551,0.06,8.0,0.01,-0.7642977396044841,0.0974712643678161,True,3.011062683326522,2025-07-11T16:43:16.500000+00:00,0.39,,
61504543,STAR,ok,66.64738374769622,0.8374569322674217,58.98165718344185,23.89946907323536,2.022450865576846,4.199417476827252,"(10.0, 45.0)",-1.3526162523037755,0.02,55.0,0.07,0.0,0.06179800221975582,True,0.9888991787345882,2025-07-11T19:43:57.899997711+00:00,-0.7,,
61504548,STAR,fail_no_result,71.04465360511576,0.6694995783775047,49.34890035002718,20.972667740129435,1.9958689774453422,8.189371715514989,"(5.0, 10.0)",,,,,,,,,2025-07-11T19:51:03.599999905+00:00,-0.55,,
61504558,STAR,ok,68.0111250259553,0.6397916335927595,57.46764434684224,27.32056483035056,1.9839881808792057,2.716964025859975,"(5.0, 45.0)",28.011125025955295,0.06,12.0,0.01,0.52442367646594,0.10389610389610389,True,3.0242115642750935,2025-07-12T02:24:31.059999704+00:00,1.1,,
61504568,STAR,ok,93.67140804497517,0.8925437357395096,60.47109628798835,23.199932246084042,1.8297021020778006,5.770796578724761,"(1.0, 5.0)",-32.32859195502482,0.08,25.0,0.03,0.717785433174694,0.1767619047619048,True,4.372296447009182,2025-07-08T11:29:00.690000057+00:00,0.31,,
61504593,STAR,ok,92.78740549695682,0.845426978044953,44.086255917090526,32.923031545213625,1.685837454995038,4.55877605195352,"(5.0, 10.0)",84.78740549695682,0.02,43.0,0.01,1.0,0.10666666666666667,True,1.1863539952052418,2025-07-08T10:56:26.250000+00:00,0.2,,
61504618,STAR,ok,90.9675603840191,0.8386163470330176,44.99334930214612,27.50868506717368,1.81283090833303,8.184277911038585,"(5.0, 10.0)",-83.0324396159809,0.08,5.0,0.01,-0.8900056118154259,0.12218181818181818,True,4.412987423827806,2025-07-08T11:42:18.859998703+00:00,-0.69,,
61504633,STAR,ok,96.55965984254675,0.613317781912643,82.79635986074413,23.17075680429133,1.9001991234528768,4.990622688481471,"(10.0, 20.0)",2.5596598425467505,0.02,6.0,0.01,0.0,0.07282051282051281,True,1.0525212728052278,2025-07-08T11:56:16.899999619+00:00,-0.41,,
61504643,STAR,ok,97.50956018826362,0.7401155308422084,40.56641234836079,31.320484419368746,1.7864412150684774,3.969856647184487,"(1.0, 8.0)",-80.49043981173638,0.08,5.0,0.01,0.0,0.17142857142857143,True,4.478177021734995,2025-07-08T12:01:59.849998474+00:00,0.64,,
61504653,STAR,ok,90.82512448586019,0.8791373348992114,30.647087978887026,32.533028788407826,1.8405161874209919,5.896777478120977,"(5.0, 45.0)",12.825124485860186,0.02,5.0,0.01,0.0,0.06728205128205128,True,1.0866516761270562,2025-07-10T18:00:35.369998932+00:00,0.34,,
61504658,STAR,ok,87.25215398825995,0.7954547283079885,83.34448294564483,30.49616892541134,1.8723307150784412,4.440555209341527,"(10.0, 20.0)",9.252153988259948,0.02,5.0,0.01,0.9685730319472645,0.0787878787878788,True,1.068187358084445,2025-07-16T12:40:30.829999924+00:00,0.18,,
61504663,STAR,ok,66.9861938855429,0.6960684593716455,27.97346158587669,36.40030520062264,1.8445633153329908,4.713607305000027,"(5.0, 30.0)",-65.0138061144571,0.18,54.0,0.06,-0.8585786437626906,0.06723404255319149,True,9.75840723404528,2025-07-16T12:51:46.479999542+00:00,0.07,,
61504668,STAR,ok,89.21744561085185,0.8340673786333545,45.687377507731135,29.026402239111114,1.892483729251948,8.504563468661296,"(5.0, 10.0)",-88.78255438914815,0.02,4.0,0.01,1.0,0.10741258741258741,True,1.056812256341327,2025-07-18T14:10:04.069999695+00:00,0.4,,
61504683,STAR,ok,87.82748763288681,0.6602781869384708,38.32904214416168,27.3350598344501,1.601338446974134,5.844635544092853,"(10.0, 45.0)",11.827487632886815,0.02,9.0,0.01,0.0,0.06637037037037037,True,1.248955212297045,2025-07-08T12:34:49.229999542+00:00,0.38,,
61504703,STAR,ok,87.51902499566542,0.5563469151118807,65.55356113985908,21.694790890414286,1.8948238165059628,4.874695921546003,"(10.0, 20.0)",1.5190249956654185,0.02,7.0,0.01,0.11375392877292145,0.07282051282051281,True,1.0555071044483604,2025-07-08T13:37:37.959999084+00:00,0.33,,
61504723,STAR,ok,64.73868829857805,0.7772356510774501,34.84901960816272,28.550192775684902,2.0508389337585635,3.1272899311431965,"(1.0, 15.0)",22.738688298578055,0.06,31.0,0.07,0.21291285562556284,0.09336870026525199,True,2.925631994416951,2025-07-09T08:11:57.430000305+00:00,0.39,,
61504733,STAR,fail_no_result,69.68758958517668,0.6624075389871052,57.4892009985384,28.71878702225361,1.9142293451835235,4.065837337681765,"(1.0, 5.0)",,,,,,,,,2025-07-10T10:38:12.189999580+00:00,-0.36,,
61504743,STAR,ok,66.50476539138059,0.7651843842990496,33.179377556083026,27.830792409185474,2.0412171150432643,5.400609098477165,"(5.0, 10.0)",4.504765391380587,0.1,91.0,0.1,0.0,0.10938181818181818,True,4.899037895725289,2025-07-13T10:32:49.169998169+00:00,0.46,,
62134077,STAR,ok,93.56572332909226,0.8157819848341687,38.60616894481064,41.715950467939884,1.5652248999681082,8.593254621929121,"(1.0, 5.0)",49.565723329092265,0.06,21.0,0.04,0.6553763906828705,0.22303030303030305,True,3.833314944147803,2025-07-08T05:14:01.960000038+00:00,0.34,,
62134102,STAR,fail_no_result,88.6821420648493,0.909281997932627,41.073358964711176,33.47432210420545,1.6756292614269326,6.98801190255255,"(1.0, 5.0)",,,,,,,,,2025-07-08T08:39:50.009998322+00:00,0.28,,
62134107,STAR,ok,91.68221827866361,0.6862748617600396,47.52083920865491,34.63822731954128,1.746662146618988,2.9207905151937688,"(2.0, 8.0)",71.68221827866361,0.06,62.0,0.05,0.7171572875253809,0.11856842105263159,True,3.435123393275679,2025-07-08T08:45:38.549999237+00:00,1.46,,
62134112,STAR,ok,88.2960913403268,0.9489677047978105,39.50757327706322,29.303693789494638,1.8015251864348472,2.995371957693468,"(1.0, 5.0)",-11.703908659673203,0.12,19.0,0.02,0.7485842555781164,0.21942857142857142,True,6.661022610373582,2025-07-08T08:55:07.489999771+00:00,1.38,,
62134122,STAR,ok,91.81916739743349,0.8110935310660619,38.18760714113795,35.604732741967005,1.6482555536690884,5.047127309378201,"(1.0, 5.0)",83.81916739743349,0.1,10.0,0.02,-0.8585786437626906,0.17375565610859728,True,6.06702035842656,2025-07-08T09:15:15.029999495+00:00,0.34,,
62134127,STAR,ok,92.27817121740416,0.8103033172692677,37.64350756671375,34.190847496762686,1.6796676330023914,6.482333661958818,"(1.0, 5.0)",-33.72182878259582,0.16,91.0,0.1,0.5055243455542971,0.1898901098901099,True,9.525694063295212,2025-07-08T09:16:17.299999237+00:00,0.3,,
62134132,STAR,fail_no_result,92.30318951711614,0.7813042320597886,47.10855668792746,34.43837384206089,1.6548902240063943,3.7482661881284574,"(5.0, 10.0)",,,,,,,,,2025-07-08T09:22:55.520000458+00:00,0.29,,
62134142,STAR,ok,91.79005833179917,0.857497163020789,37.0113874111019,36.250385043038676,1.652647778634933,5.037280548772959,"(1.0, 5.0)",-46.20994166820083,0.16,67.0,0.08,-0.7957247076572196,0.1980952380952381,True,9.681433761533754,2025-07-08T09:31:55.639999390+00:00,0.3,,
62134157,STAR,ok,90.47264986069968,0.6882623011945483,35.83338770637308,38.319844996136794,1.602071828617128,5.882365050735053,"(1.0, 20.0)",-87.52735013930032,0.02,49.0,0.03,0.0,0.10898550724637682,True,1.2483834771168496,2025-07-08T09:44:22.689998627+00:00,0.37,,
62134182,STAR,ok,92.6833345592339,0.8543376302459218,36.586978779818146,34.170848604193836,1.6967534089975014,4.3428995570184385,"(5.0, 10.0)",88.6833345592339,0.02,46.0,0.01,0.9685730319472645,0.10453333333333333,True,1.1787216630268431,2025-07-08T09:53:55.379997253+00:00,0.3,,
62134192,STAR,ok,88.76068624852479,0.661048653517269,49.38889801805228,32.74732323237549,1.7607758125132054,3.542243780425185,"(1.0, 5.0)",44.76068624852479,0.04,18.0,0.01,0.9685730319472645,0.18666666666666668,True,2.271725890129469,2025-07-08T09:55:59.479999542+00:00,1.62,,
62134222,STAR,fail_no_result,93.4201169023429,0.5962063904783692,39.174386502027154,38.135200285981185,1.6660544665003016,2.7356548291401213,"(10.0, 45.0)",,,,,,,,,2025-07-08T10:12:29.609998703+00:00,0.77,,
62134227,STAR,ok,92.92217465226403,0.8026567161410143,35.625013552560496,35.32816720040254,1.7413681047411742,7.192400094300524,"(1.0, 5.0)",20.922174652264033,0.06,30.0,0.01,0.8742921277890582,0.1898901098901099,True,3.44556672633659,2025-07-08T10:15:59.739998102+00:00,0.02,,
62134232,STAR,ok,92.6833345592339,0.8576281924047046,36.28639726388135,34.42132222825702,1.6925449030169715,5.941812201404525,"(5.0, 10.0)",-89.3166654407661,0.02,45.0,0.01,0.9685730319472645,0.11151515151515153,True,1.1816525496221624,2025-07-08T10:18:13.369999886+00:00,0.22,,
62134242,STAR,ok,88.42477240682864,0.7026893640837467,35.6837600092425,32.572669613500445,1.8121052163617117,9.12713238544692,"(1.0, 5.0)",-53.57522759317136,0.16,25.0,0.01,-0.6583841501205061,0.19200000000000003,True,8.829509377013052,2025-07-08T10:20:16.979999542+00:00,1.47,,
62134252,STAR,ok,85.32083752522634,0.758403779591639,35.19423192690287,33.4766686208554,1.7094122447857234,5.249704876204902,"(5.0, 10.0)",-88.67916247477366,0.02,46.0,0.01,0.9685730319472645,0.10453333333333333,True,1.169992789100854,2025-07-08T10:30:08.779999495+00:00,0.31,,
62134257,STAR,fail_exception,77.19678690959971,0.7166433460011441,31.978468178388447,40.52015380487383,1.7593362150490908,5.790003419415612,"(1.0, 5.0)",,,,,,,,,2025-07-08T10:32:07.179999828+00:00,0.21,unsupported operand type(s) for /: 'NoneType' and 'float',"Traceback (most recent call last):
  File ""/Users/mhemmett/Seismology/mt-rainier/scripts/run_sws_generic.py"", line 187, in process_event
    splitting_obj.perform_sws_analysis(coord_system='LQT', sws_method='EV_and_XC',
    ~~~~~~~~~~~~~~~~~~~~~~~~~~~~~~~~~~^^^^^^^^^^^^^^^^^^^^^^^^^^^^^^^^^^^^^^^^^^^^
                                        cluster_eps=CLUSTER_EPS, cluster_min_samples=CLUSTER_MIN_SAMPLES)
                                        ^^^^^^^^^^^^^^^^^^^^^^^^^^^^^^^^^^^^^^^^^^^^^^^^^^^^^^^^^^^^^^^^^
  File ""/Users/mhemmett/Seismology/mt-rainier/swspy/splitting/split_windowcheck.py"", line 1695, in perform_sws_analysis
    Q_w = self._calc_Q_w(opt_phi, opt_lag, grid_search_results_all_win_XC, tr_T, method=""dbscan"")
  File ""/Users/mhemmett/Seismology/mt-rainier/swspy/splitting/split_windowcheck.py"", line 1385, in _calc_Q_w
    dt_diff = opt_lag_XC / opt_lag_EV
              ~~~~~~~~~~~^~~~~~~~~~~~
TypeError: unsupported operand type(s) for /: 'NoneType' and 'float'
"
62134267,STAR,ok,88.3867456021863,0.8562459948472873,37.11478160403334,35.01169493262795,1.735727542599145,7.6189487501335424,"(3.0, 5.0)",34.386745602186295,0.04,91.0,0.09,0.1986123146552461,0.21333333333333335,True,2.3045091477953084,2025-07-08T10:35:21.430000305+00:00,0.53,,
62134272,STAR,ok,92.1386231278972,0.6999183505724175,36.570297501468815,39.075416351869706,1.6491832120500984,7.949384107077378,"(1.0, 5.0)",42.138623127897205,0.06,22.0,0.01,0.9371460638945291,0.19200000000000003,True,3.6381646115239095,2025-07-08T10:35:52.289997101+00:00,0.43,,
62134277,STAR,ok,90.03306040894321,0.7441110090175533,35.52492725926079,32.289790485402435,1.6698318738241607,5.142519120144511,"(1.0, 8.0)",-87.96693959105679,0.02,53.0,0.04,0.9371460638945291,0.13333333333333333,True,1.1977253706504631,2025-07-08T10:40:43.669998169+00:00,0.34,,
62134287,STAR,fail_exception,90.940632885525,0.772266176605461,36.670470888281315,34.465737427433,1.6476054164059295,9.401951250891978,"(1.0, 5.0)",,,,,,,,,2025-07-08T10:42:05.369999886+00:00,0.37,unsupported operand type(s) for /: 'NoneType' and 'float',"Traceback (most recent call last):
  File ""/Users/mhemmett/Seismology/mt-rainier/scripts/run_sws_generic.py"", line 187, in process_event
    splitting_obj.perform_sws_analysis(coord_system='LQT', sws_method='EV_and_XC',
    ~~~~~~~~~~~~~~~~~~~~~~~~~~~~~~~~~~^^^^^^^^^^^^^^^^^^^^^^^^^^^^^^^^^^^^^^^^^^^^
                                        cluster_eps=CLUSTER_EPS, cluster_min_samples=CLUSTER_MIN_SAMPLES)
                                        ^^^^^^^^^^^^^^^^^^^^^^^^^^^^^^^^^^^^^^^^^^^^^^^^^^^^^^^^^^^^^^^^^
  File ""/Users/mhemmett/Seismology/mt-rainier/swspy/splitting/split_windowcheck.py"", line 1695, in perform_sws_analysis
    Q_w = self._calc_Q_w(opt_phi, opt_lag, grid_search_results_all_win_XC, tr_T, method=""dbscan"")
  File ""/Users/mhemmett/Seismology/mt-rainier/swspy/splitting/split_windowcheck.py"", line 1385, in _calc_Q_w
    dt_diff = opt_lag_XC / opt_lag_EV
              ~~~~~~~~~~~^~~~~~~~~~~~
TypeError: unsupported operand type(s) for /: 'NoneType' and 'float'
"
62134292,STAR,ok,91.73449802275049,0.8930493549493559,40.41971682600283,31.456490587153272,1.7889485411021162,7.327950850782073,"(1.0, 5.0)",-74.26550197724951,0.14,65.0,0.08,0.0,0.1898901098901099,True,7.825825996859044,2025-07-08T10:46:54.489998102+00:00,0.68,,
62134302,STAR,fail_exception,92.58666170995777,0.69475736545175,38.31285169365732,37.504055208922466,1.6665021185330466,9.354653052523364,"(1.0, 5.0)",,,,,,,,,2025-07-08T10:50:47.559997559+00:00,0.51,unsupported operand type(s) for /: 'NoneType' and 'float',"Traceback (most recent call last):
  File ""/Users/mhemmett/Seismology/mt-rainier/scripts/run_sws_generic.py"", line 187, in process_event
    splitting_obj.perform_sws_analysis(coord_system='LQT', sws_method='EV_and_XC',
    ~~~~~~~~~~~~~~~~~~~~~~~~~~~~~~~~~~^^^^^^^^^^^^^^^^^^^^^^^^^^^^^^^^^^^^^^^^^^^^
                                        cluster_eps=CLUSTER_EPS, cluster_min_samples=CLUSTER_MIN_SAMPLES)
                                        ^^^^^^^^^^^^^^^^^^^^^^^^^^^^^^^^^^^^^^^^^^^^^^^^^^^^^^^^^^^^^^^^^
  File ""/Users/mhemmett/Seismology/mt-rainier/swspy/splitting/split_windowcheck.py"", line 1695, in perform_sws_analysis
    Q_w = self._calc_Q_w(opt_phi, opt_lag, grid_search_results_all_win_XC, tr_T, method=""dbscan"")
  File ""/Users/mhemmett/Seismology/mt-rainier/swspy/splitting/split_windowcheck.py"", line 1385, in _calc_Q_w
    dt_diff = opt_lag_XC / opt_lag_EV
              ~~~~~~~~~~~^~~~~~~~~~~~
TypeError: unsupported operand type(s) for /: 'NoneType' and 'float'
"
62134307,STAR,ok,96.13628033702406,0.8387637187497278,38.740892909691304,35.575814125503555,1.6964919911183112,5.109055754636962,"(5.0, 10.0)",88.13628033702406,0.02,44.0,0.01,1.0,0.10685217391304348,True,1.1789032960194639,2025-07-08T10:51:49.860000610+00:00,0.15,,
62134312,STAR,ok,90.52160879336657,0.774269602300642,37.73609468213099,32.027828669344686,1.6264475402595455,5.434505913065332,"(1.0, 5.0)",-25.478391206633432,0.1,91.0,0.1,0.0,0.1767619047619048,True,6.148369223396052,2025-07-08T10:53:32.369998932+00:00,-0.12,,
62134322,STAR,ok,90.87695361725116,0.8181779421341651,51.985619297126014,34.148009625216154,1.726224344748637,4.570218939986958,"(5.0, 10.0)",88.87695361725116,0.02,46.0,0.01,-0.8585786437626906,0.1048829431438127,True,1.1585979574927316,2025-07-08T10:55:37.250000+00:00,0.14,,
62134327,STAR,ok,87.30601079551694,0.7876222066345796,43.0602753140534,33.06546585092898,1.667327434584378,6.704607267340608,"(5.0, 30.0)",9.30601079551694,0.02,3.0,0.01,0.0,0.08533333333333333,True,1.1995244356418502,2025-07-08T11:01:13.949999809+00:00,0.37,,
62134337,STAR,fail_no_result,93.80412576108269,0.6850158467322065,38.55238184508567,36.400875324027325,1.713204899223992,7.087833855865834,"(5.0, 10.0)",,,,,,,,,2025-07-08T11:06:29.549999237+00:00,0.3,,
62134342,STAR,ok,92.07497342633258,0.6001950839631567,38.876016826633204,37.89876039484379,1.699438767025112,3.86359174633693,"(1.0, 5.0)",88.07497342633258,0.08,8.0,0.01,-0.7957247076572196,0.1695726495726496,True,4.707436452096533,2025-07-08T11:08:23.639999390+00:00,0.5,,
62134347,STAR,ok,90.88620399248346,0.9318388576804307,36.849552951226265,31.99080104081585,1.7707215595463093,8.153578208898802,"(3.0, 5.0)",-73.11379600751654,0.14,30.0,0.03,0.9057190958417937,0.25846153846153846,True,7.906381398319369,2025-07-08T11:10:08.979999542+00:00,0.58,,
62134357,STAR,ok,94.35400263700846,0.781543421442864,38.35950946623459,35.66300765743367,1.6966321761899186,4.045903155352905,"(1.0, 5.0)",54.35400263700846,0.06,22.0,0.01,0.9057190958417937,0.17403508771929826,True,3.5364176656569364,2025-07-08T11:10:52.579998016+00:00,1.15,,
62134362,STAR,fail_no_result,89.61083307438179,0.8143913408246324,45.218263244604636,39.0100768193705,1.651443609289582,3.1932673010147656,"(10.0, 45.0)",,,,,,,,,2025-07-08T11:12:27.149999619+00:00,0.32,,
62134367,STAR,ok,91.33587415243264,0.7682585260920685,37.41420100991982,35.303352395036384,1.6832837431382974,8.966547888669167,"(1.0, 5.0)",-40.66412584756736,0.16,18.0,0.06,0.9685730319472645,0.1898901098901099,True,9.505230514595098,2025-07-08T11:13:30.679998398+00:00,0.63,,
62134372,STAR,ok,96.13628033702406,0.5941428909174418,36.962232574502515,35.177420540650616,1.7068122431108452,6.664375912163562,"(1.0, 5.0)",20.13628033702406,0.06,32.0,0.02,0.0,0.19200000000000003,True,3.5153251473427254,2025-07-08T11:15:11.359999657+00:00,0.61,,
62134392,STAR,ok,88.86197247745068,0.7365009887464078,41.085093628050814,33.65961183494044,1.8413971196487124,3.096198212854738,"(1.0, 5.0)",-83.13802752254932,0.1,8.0,0.04,0.0,0.20040404040404042,True,5.430659086676384,2025-07-08T11:26:44.270000458+00:00,-0.04,,
62134407,STAR,ok,96.55629855576261,0.8146173782099159,51.78966222928104,34.767053076928775,1.7878679406607472,5.732569620383932,"(5.0, 10.0)",-85.44370144423739,0.02,5.0,0.01,1.0,0.10685217391304348,True,1.1186508547498506,2025-07-08T11:36:36.329998016+00:00,0.47,,
62134417,STAR,ok,99.69798797408305,0.7663664587718614,39.54872726036013,32.9639785641695,1.8059900358166432,6.6349113221361495,"(5.0, 10.0)",-82.30201202591695,0.02,9.0,0.01,1.0,0.11323076923076923,True,1.1074258220342996,2025-07-08T11:40:32.750000+00:00,0.46,,
62134422,STAR,ok,92.22970692683307,0.7941556189138017,39.00863284154798,36.7531644705927,1.646681436748663,4.868931563132431,"(1.0, 5.0)",28.229706926833074,0.06,36.0,0.03,0.8742921277890582,0.20512820512820515,True,3.6436920135851354,2025-07-08T11:40:43.610000610+00:00,0.69,,
62134432,STAR,ok,86.2604199141186,0.7432283660362958,73.46552840570264,31.78952702387059,1.8929910064121724,3.3809146044272866,"(1.0, 5.0)",62.2604199141186,0.06,29.0,0.02,0.0,0.1695726495726496,True,3.1695871663816995,2025-07-08T11:45:43.059997559+00:00,1.35,,
62134437,STAR,fail_no_result,96.40178117646867,0.7630277602787762,43.65961937823566,27.65988078584312,1.92887265677235,5.331526723681309,"(5.0, 10.0)",,,,,,,,,2025-07-08T11:46:45.329998016+00:00,0.58,,
62134442,STAR,fail_exception,93.11471235415756,0.7381105012984664,37.3772703358698,24.97479593977702,1.7695374014524297,5.45141273419559,"(1.0, 5.0)",,,,,,,,,2025-07-08T11:46:59.590000153+00:00,0.72,unsupported operand type(s) for /: 'NoneType' and 'float',"Traceback (most recent call last):
  File ""/Users/mhemmett/Seismology/mt-rainier/scripts/run_sws_generic.py"", line 187, in process_event
    splitting_obj.perform_sws_analysis(coord_system='LQT', sws_method='EV_and_XC',
    ~~~~~~~~~~~~~~~~~~~~~~~~~~~~~~~~~~^^^^^^^^^^^^^^^^^^^^^^^^^^^^^^^^^^^^^^^^^^^^
                                        cluster_eps=CLUSTER_EPS, cluster_min_samples=CLUSTER_MIN_SAMPLES)
                                        ^^^^^^^^^^^^^^^^^^^^^^^^^^^^^^^^^^^^^^^^^^^^^^^^^^^^^^^^^^^^^^^^^
  File ""/Users/mhemmett/Seismology/mt-rainier/swspy/splitting/split_windowcheck.py"", line 1695, in perform_sws_analysis
    Q_w = self._calc_Q_w(opt_phi, opt_lag, grid_search_results_all_win_XC, tr_T, method=""dbscan"")
  File ""/Users/mhemmett/Seismology/mt-rainier/swspy/splitting/split_windowcheck.py"", line 1385, in _calc_Q_w
    dt_diff = opt_lag_XC / opt_lag_EV
              ~~~~~~~~~~~^~~~~~~~~~~~
TypeError: unsupported operand type(s) for /: 'NoneType' and 'float'
"
62134457,STAR,fail_exception,96.46755918516166,0.9090441347857593,37.45394667321507,30.175325675146087,1.825704236631552,8.02310003286836,"(3.0, 5.0)",,,,,,,,,2025-07-08T11:51:38.909999847+00:00,1.08,unsupported operand type(s) for /: 'NoneType' and 'float',"Traceback (most recent call last):
  File ""/Users/mhemmett/Seismology/mt-rainier/scripts/run_sws_generic.py"", line 187, in process_event
    splitting_obj.perform_sws_analysis(coord_system='LQT', sws_method='EV_and_XC',
    ~~~~~~~~~~~~~~~~~~~~~~~~~~~~~~~~~~^^^^^^^^^^^^^^^^^^^^^^^^^^^^^^^^^^^^^^^^^^^^
                                        cluster_eps=CLUSTER_EPS, cluster_min_samples=CLUSTER_MIN_SAMPLES)
                                        ^^^^^^^^^^^^^^^^^^^^^^^^^^^^^^^^^^^^^^^^^^^^^^^^^^^^^^^^^^^^^^^^^
  File ""/Users/mhemmett/Seismology/mt-rainier/swspy/splitting/split_windowcheck.py"", line 1695, in perform_sws_analysis
    Q_w = self._calc_Q_w(opt_phi, opt_lag, grid_search_results_all_win_XC, tr_T, method=""dbscan"")
  File ""/Users/mhemmett/Seismology/mt-rainier/swspy/splitting/split_windowcheck.py"", line 1385, in _calc_Q_w
    dt_diff = opt_lag_XC / opt_lag_EV
              ~~~~~~~~~~~^~~~~~~~~~~~
TypeError: unsupported operand type(s) for /: 'NoneType' and 'float'
"
62134482,STAR,ok,96.72038029008682,0.7409011239101013,39.309149746808,34.16533792256328,1.766273933951398,8.432858870229607,"(1.0, 5.0)",-85.27961970991318,0.08,6.0,0.02,-0.9842865159736323,0.17846153846153848,True,4.529308759090895,2025-07-08T11:57:56.369998932+00:00,0.68,,
62134502,STAR,ok,95.80272113358859,0.819144265930464,46.6027777893659,36.755370807659936,1.7335642209575004,6.054657095271542,"(5.0, 10.0)",-78.19727886641141,0.02,5.0,0.01,-0.7957247076572196,0.11733333333333335,True,1.1536924769336432,2025-07-08T12:03:42.619998932+00:00,0.56,,
62134507,STAR,ok,94.460259318333,0.5954603043200872,47.478916376396086,39.25986895679119,1.6964488297084133,3.8381340861713524,"(5.0, 10.0)",18.460259318333,0.02,11.0,0.01,1.0,0.10685217391304348,True,1.1789332899264409,2025-07-08T12:03:50.149997711+00:00,0.4,,
62134512,STAR,ok,91.65721858458836,0.7331204095084078,48.375831374161706,36.45782912109595,1.7304472349583118,3.498986066707256,"(5.0, 10.0)",23.657218584588364,0.02,10.0,0.01,0.9685730319472645,0.11151515151515153,True,1.1557705774531646,2025-07-08T12:04:05.519999981+00:00,0.65,,
62134517,STAR,ok,88.5846288615978,0.7432189612984118,37.51654688371787,33.623562391381505,1.5952019118302188,7.975613267417162,"(1.0, 5.0)",-75.4153711384022,0.1,6.0,0.02,0.0,0.18285714285714286,True,6.268798906169017,2025-07-08T12:04:24.489999771+00:00,0.49,,
62134552,STAR,ok,87.43058180233119,0.7145724630247077,39.2418446302752,35.256007588482355,1.6709745493648533,5.710179312393611,"(2.0, 8.0)",79.43058180233119,0.12,11.0,0.01,-0.45002805907712984,0.1767619047619048,True,7.181437924689677,2025-07-08T12:17:06.289999962+00:00,0.17,,
62134577,STAR,ok,82.91877411097433,0.8509871019708208,64.53866908541043,36.077231110737245,1.6981865443000121,3.5671549261316065,"(1.0, 8.0)",38.918774110974326,0.06,39.0,0.02,-0.7328707715517487,0.1351111111111111,True,3.5331807451537562,2025-07-08T12:30:22.459999084+00:00,1.5,,
62134582,STAR,ok,91.28142917574552,0.9001110621044512,37.4279849397113,36.75039692869934,1.6975804552030482,3.759999085636612,"(5.0, 45.0)",9.281429175745515,0.02,47.0,0.03,0.0,0.09312169312169312,True,1.178147400242529,2025-07-08T12:30:53.189998627+00:00,0.43,,
62134587,STAR,ok,83.01339717855319,0.6804445036066405,42.674050657261446,19.697350217003567,1.8936759768292841,5.9096626655599085,"(1.0, 8.0)",-84.98660282144681,0.1,7.0,0.04,0.0,0.1767619047619048,True,5.280734466909016,2025-07-08T12:31:44.779998779+00:00,0.43,,
62134597,STAR,fail_no_result,92.44789147852133,0.8134323731585746,40.04252490187032,32.87920422201528,1.8158368770349007,4.509415049447138,"(1.0, 5.0)",,,,,,,,,2025-07-08T12:34:11.469999313+00:00,0.88,,
62134602,STAR,fail_incidence,94.15937489397054,0.6165308085195631,45.243470818763186,53.37236028170353,1.4735041892224612,4.847621776610554,"(5.0, 10.0)",,,,,,,,,2025-07-08T12:34:33.989998102+00:00,0.48,,
62134607,STAR,ok,90.02874714793751,0.9587771602935768,59.52776685092403,38.48770038180598,1.6270556704003258,2.356103076198818,"(10.0, 45.0)",16.02874714793751,0.02,23.0,0.03,0.053922979670755544,0.07243410852713178,True,1.2292142404125077,2025-07-08T12:36:33.180000305+00:00,0.37,,
62134612,STAR,ok,93.09177056655994,0.8238822447442802,33.80404310349372,34.49370933936449,1.7025917950838216,5.437867518282668,"(1.0, 8.0)",-88.90822943344006,0.02,66.0,0.04,0.0,0.1435151515151515,True,1.1746796887985336,2025-07-08T12:47:37.110000610+00:00,0.28,,
62134617,STAR,fail_no_result,98.69633649971455,0.8737237850722661,36.49655494224243,44.45270252809682,1.5205896998915207,7.8937929735591625,"(3.0, 5.0)",,,,,,,,,2025-07-08T12:53:23.519998549+00:00,0.45,,
62134622,STAR,ok,92.52171153034965,0.8390738885690407,55.47457176168618,30.622891758644666,1.8503693377560104,5.6912514067270505,"(3.0, 15.0)",88.52171153034965,0.02,44.0,0.01,0.9371460638945291,0.09481481481481481,True,1.0808652949391448,2025-07-08T12:53:43.340000153+00:00,0.6,,
62134627,STAR,ok,94.43719915756007,0.7040120800769045,38.342825365351395,26.221544595461395,1.6766894224226445,2.2835613018323446,"(5.0, 45.0)",-75.56280084243993,0.06,9.0,0.01,-0.890005611815426,0.06490372272143774,True,3.5784802598269003,2025-07-08T12:52:27.149999619+00:00,0.16,,
62134632,STAR,fail_snr,92.48426167099349,0.7953611994738731,35.5978570240719,42.44218971443424,1.616421435854809,1.5031831728786336,"(5.0, 15.0)",,,,,,,,,2025-07-08T12:56:12.069999695+00:00,0.32,,
62134637,STAR,fail_incidence,87.92016618461486,0.595407439825993,46.1140476528016,69.07785014483002,1.4232716251630624,5.248466847463186,"(10.0, 45.0)",,,,,,,,,2025-07-08T12:57:39.029998779+00:00,0.48,,
62134647,STAR,ok,91.19943695530434,0.7220428657937001,35.76157828532914,38.453549701120835,1.357289690672223,6.9579625768397335,"(1.0, 15.0)",15.199436955304336,0.06,53.0,0.09,0.0,0.0883809523809524,True,4.420574355816693,2025-07-08T13:01:16.010000229+00:00,0.7,,
62134662,STAR,ok,92.56029007326678,0.8678640097442436,36.17710193555669,33.49230351750103,1.7634395022481018,5.326349454241936,"(1.0, 5.0)",26.560290073266785,0.06,29.0,0.02,1.0,0.19200000000000003,True,3.4024416444969985,2025-07-08T13:02:43.360000610+00:00,0.2,,
62134697,STAR,ok,94.04931970621625,0.5208179831434692,53.230961887326295,36.860108308582156,1.6394652947033495,7.534146809424082,"(1.0, 20.0)",-73.95068029378375,0.08,6.0,0.01,0.0,0.09979010494752623,True,4.87963973732518,2025-07-08T13:13:33.209999084+00:00,0.55,,
62134702,STAR,ok,92.10342809439261,0.7005787385548867,42.8651981024293,26.710401169347225,1.7017454292645113,2.6286376510885376,"(5.0, 45.0)",-77.89657190560739,0.06,8.0,0.01,-0.890005611815426,0.06812324929971987,True,3.5257917528787956,2025-07-08T13:13:57.049999237+00:00,0.28,,
62134722,STAR,ok,92.77418597231686,0.5891129379386026,45.03512151529092,20.561333920866705,1.8900336041385701,4.256253599797933,"(1.0, 5.0)",-75.22581402768314,0.08,4.0,0.02,0.0,0.19692307692307692,True,4.232728975020632,2025-07-08T13:21:27.269998550+00:00,0.71,,
62134742,STAR,fail_incidence,96.11463189142879,0.7136412216899937,41.484464320709066,48.016711572951664,1.2786249321846146,4.9623158001745535,"(1.0, 8.0)",,,,,,,,,2025-07-08T13:43:05.839999676+00:00,0.57,,
62134747,STAR,ok,88.65363524503394,0.6631755292598137,36.66472867421901,33.48332744324521,1.6558271144864716,2.7828763882674323,"(5.0, 45.0)",4.653635245033939,0.02,6.0,0.01,0.0,0.07081232492997198,True,1.2078555680737648,2025-07-08T13:47:00.220000029+00:00,0.39,,
62134782,STAR,ok,95.91977572836873,0.6356467891260833,40.366109254463275,33.55712248878101,1.7795126720007268,6.014150639685915,"(1.0, 8.0)",-80.08022427163127,0.08,7.0,0.01,0.0,0.26285714285714284,True,4.495612830340515,2025-07-08T14:09:43.629997253+00:00,0.65,,
62134827,STAR,fail_no_result,65.55857555224563,0.6742211430461926,45.20886849016115,30.12858997213595,1.6842206267105586,2.9932989481912076,"(1.0, 5.0)",,,,,,,,,2025-07-08T14:28:44.009998322+00:00,1.13,,
62134862,STAR,ok,90.77161533490963,0.7828780338042459,44.04358068349031,38.08851914156483,1.7879309218613326,3.924441328572052,"(1.0, 5.0)",22.771615334909626,0.06,30.0,0.01,0.9371460638945291,0.17846153846153848,True,3.3558343483168107,2025-07-08T14:43:25.369998932+00:00,0.48,,
62134882,STAR,ok,99.19851086597596,0.6988400061912632,75.74788145958443,22.237943940483717,1.8146737792804937,4.858622383740745,"(1.0, 8.0)",-86.80148913402404,0.08,9.0,0.02,-0.7957247076572196,0.16672268907563023,True,4.408505865540168,2025-07-08T14:53:31.459999084+00:00,0.7,,
62134887,STAR,ok,97.70189858548315,0.6139318270890113,63.500166355612116,21.01077134306831,1.8544042768289215,5.0902688901063255,"(1.0, 15.0)",-84.29810141451685,0.02,4.0,0.01,0.9685730319472645,0.0861952861952862,True,1.0785134746453728,2025-07-08T14:54:14.979999542+00:00,0.62,,
62134892,STAR,fail_snr,84.19839464340205,0.6732967703247217,60.60181236034355,26.620610667479514,1.6592501335497871,1.7616221013918185,"(10.0, 45.0)",,,,,,,,,2025-07-08T14:56:30.629999161+00:00,0.45,,
62134897,STAR,ok,96.82279012522419,0.806352333304357,37.47484871166363,32.9054858687745,1.787423113684739,12.694613467169768,"(1.0, 5.0)",-23.177209874775826,0.08,10.0,0.02,0.7634807449176889,0.1898901098901099,True,4.475716990986064,2025-07-08T15:01:58.649997711+00:00,0.62,,
62134902,STAR,ok,86.49284011142744,0.670493200921652,36.514358494556106,26.26190387339386,1.7012454456965924,2.1288307025492994,"(1.0, 15.0)",6.492840111427441,0.02,5.0,0.01,1.0,0.09249032258064517,True,1.1756093190780474,2025-07-08T15:06:08.420000076+00:00,0.26,,
62134907,STAR,ok,87.74763636844689,0.7352151217583185,34.53345305770052,33.80110607491331,1.6495068617099884,8.483928567696635,"(1.0, 15.0)",-88.25236363155311,0.02,47.0,0.01,0.0,0.09904761904761905,True,1.212483589141707,2025-07-08T15:08:10.300000191+00:00,0.36,,
62134917,STAR,ok,84.41023127390822,0.6342087743556655,37.03712336133357,27.859140827531462,1.6618727427587883,2.0642309666855905,"(5.0, 45.0)",4.410231273908224,0.02,6.0,0.01,0.0,0.059259259259259255,True,1.203461581949954,2025-07-08T15:12:49.819999695+00:00,0.41,,
62134922,STAR,ok,82.93217043346682,0.6267324716692994,36.722473673278046,27.11685602814651,1.716558677160782,2.404523162428228,"(5.0, 45.0)",6.932170433466823,0.02,6.0,0.01,0.0,0.06415094339622641,True,1.165121837435837,2025-07-08T15:16:39.680000305+00:00,0.21,,
62134927,STAR,fail_no_result,71.34644122347476,0.7006318163536838,33.622195718250325,26.436514599829,1.9602290455938598,4.421265831994704,"(5.0, 10.0)",,,,,,,,,2025-07-08T15:17:00.599999905+00:00,0.74,,
62134932,STAR,ok,72.31506791058726,0.7035829303788936,34.43162406303108,26.43479436811088,1.9629418264257175,4.591704574535422,"(5.0, 10.0)",-69.68493208941274,0.12,55.0,0.07,-0.5750817072006013,0.12218181818181818,True,6.113273372879606,2025-07-08T15:17:49.419998169+00:00,1.02,,
62134937,STAR,ok,72.15922521393595,0.7222422779601947,35.384913332742705,23.16702980269278,1.868375263904621,3.7319013818019946,"(5.0, 15.0)",8.159225213935954,0.08,55.0,0.07,0.0,0.09533793103448275,True,4.281795073266606,2025-07-08T15:18:06.059999943+00:00,-0.19,,
62134947,STAR,ok,83.35122547921458,0.7070166165901629,45.46971972928851,33.45855363762495,1.6815369620604135,5.9918686116783935,"(5.0, 15.0)",89.35122547921458,0.02,3.0,0.01,-0.8900056118154259,0.0969142857142857,True,1.1893880688470677,2025-07-08T15:24:30.639999390+00:00,0.76,,
62134952,STAR,fail_snr,89.53867128580382,0.6085354538168947,41.230060488323964,29.349214003479453,1.6687769001596493,1.6482778171503596,"(1.0, 15.0)",,,,,,,,,2025-07-08T15:27:21.129999161+00:00,0.86,,
62134957,STAR,ok,92.96657840642642,0.8470331523233973,39.40161077281282,33.415108929031724,1.7727976073274494,7.238819285194124,"(5.0, 10.0)",-85.03342159357358,0.02,4.0,0.01,1.0,0.10741258741258741,True,1.1281603673952751,2025-07-08T15:31:15.119999886+00:00,0.63,,
62134972,STAR,ok,73.15699714907936,0.5867370341599006,36.723790218914765,28.056912355646993,1.673568747910186,2.8623047362448117,"(5.0, 45.0)",5.156997149079359,0.02,6.0,0.01,0.0,0.06590570719602978,True,1.1950509965589609,2025-07-08T15:35:14.380000114+00:00,0.31,,
62134977,STAR,ok,83.24516993705923,0.6637344501358411,38.37910304444837,25.648527461784322,1.6108984667563777,2.51863206796131,"(5.0, 45.0)",9.24516993705923,0.02,7.0,0.01,1.0,0.06415094339622641,True,1.241543176850306,2025-07-08T15:38:27.949998856+00:00,0.3,,
62134982,STAR,ok,80.17450768610819,0.6697317895571957,36.583841218114316,26.057303144004226,1.7662452944497495,2.725823233979663,"(5.0, 30.0)",6.174507686108186,0.02,5.0,0.01,0.0,0.06461538461538462,True,1.132345550351812,2025-07-08T15:40:41.479999542+00:00,0.25,,
62134992,STAR,ok,85.7721965491782,0.7035718539584239,37.93499431434879,35.90956594762893,1.7772295850451105,3.964378524734859,"(5.0, 30.0)",7.772196549178204,0.02,4.0,0.01,0.0,0.08571428571428572,True,1.1253470102171605,2025-07-08T15:47:43.790000916+00:00,0.39,,
62134997,STAR,ok,88.24211235871842,0.7727122008556575,37.432655542621944,31.300263180315724,1.7359208755191298,7.341084334769633,"(1.0, 15.0)",-87.75788764128158,0.02,7.0,0.01,0.0,0.09533793103448275,True,1.1521262450409193,2025-07-08T15:49:38.770000458+00:00,-0.2,,
62135002,STAR,fail_no_result,92.65194796867642,0.5681902374976892,46.9970815080329,24.731459029707285,1.7597618652874103,4.042409553924399,"(1.0, 20.0)",,,,,,,,,2025-07-08T15:50:10.889999390+00:00,0.3,,
62135012,STAR,ok,83.87854064904933,0.7427104126781217,34.802754297393776,31.9959426959974,1.6509375110813866,7.4065592544724215,"(1.0, 15.0)",-88.12145935095067,0.02,10.0,0.02,0.0,0.0969142857142857,True,1.2114328898432822,2025-07-08T15:57:14.460000038+00:00,0.66,,
62135017,STAR,ok,83.93911815544641,0.5940718817376329,41.043451046487974,26.37901857740327,1.6977547836716953,2.406671295566223,"(1.0, 15.0)",89.93911815544641,0.02,48.0,0.01,0.9685730319472645,0.09663817663817664,True,1.1780264259804623,2025-07-08T15:57:39.169998169+00:00,0.87,,
62135022,STAR,ok,93.3190774204652,0.8882922088303162,37.46011649066905,30.223007184551722,1.7164994509354181,5.367202254723235,"(1.0, 5.0)",-78.6809225795348,0.08,8.0,0.02,0.0,0.18285714285714286,True,4.660648155547236,2025-07-08T15:57:25.299999237+00:00,0.97,,
62135027,STAR,ok,96.84225098840056,0.6269068167814477,88.79965741229672,19.949028416402403,1.8550779357048892,4.29595453694375,"(1.0, 8.0)",-87.15774901159944,0.08,8.0,0.01,-0.8271516757099551,0.17846153846153848,True,4.31248727938763,2025-07-08T15:58:55.459999084+00:00,0.26,,
62135032,STAR,ok,99.25678621437375,0.8932617446419565,42.371921419353534,21.417561143073286,1.855447941838713,5.173829572526624,"(1.0, 5.0)",7.256786214373733,0.16,53.0,0.04,0.0,0.1695726495726496,True,8.623254600258043,2025-07-08T15:59:35.930000305+00:00,0.66,,
62135037,STAR,fail_no_result,94.9191494809361,0.66974551418372,85.71702179584074,20.29717947662823,1.8667654534452442,4.727087029522501,"(2.0, 8.0)",,,,,,,,,2025-07-08T16:02:35+00:00,0.21,,
62135042,STAR,ok,87.05147636456837,0.6875160055516384,38.76670072266352,24.83092243343963,1.772616683220704,4.104233206489576,"(5.0, 15.0)",7.051476364568373,0.02,3.0,0.01,0.0327587914302061,0.09154533844189017,True,1.1282755143464849,2025-07-08T16:05:45.209999084+00:00,0.16,,
62135047,STAR,ok,89.39520819627992,0.819838052929601,25.609361403792718,20.51401321190734,1.7091136270293055,4.19442023416703,"(2.0, 8.0)",-84.60479180372008,0.08,3.0,0.01,1.0,0.20779220779220778,True,4.6807888448617625,2025-07-08T16:08:03.189999819+00:00,0.16,,
62135052,STAR,ok,82.51477956954325,0.7510439843448965,36.272265970033004,30.121552282552052,1.6967637142534167,8.665823501365736,"(1.0, 15.0)",-87.48522043045675,0.02,17.0,0.04,0.0,0.09904761904761905,True,1.1787145040875704,2025-07-08T16:12:16.680000305+00:00,0.45,,
62135072,STAR,ok,97.80482513271446,0.8021006155906886,39.18494458154088,33.32871085156379,1.8171264918176437,6.960751423943362,"(3.0, 5.0)",-84.19517486728554,0.16,47.0,0.05,0.0,0.19692307692307692,True,8.805110746030369,2025-07-08T16:18:43.299999237+00:00,0.63,,
62135087,STAR,ok,88.90627361987508,0.567522567510569,38.217307297739936,24.8508773155193,1.6621993320890611,3.7845038780616846,"(5.0, 15.0)",6.90627361987508,0.02,5.0,0.01,1.0,0.09312169312169312,True,1.2032251255247401,2025-07-08T16:27:52.020000458+00:00,0.32,,
62135092,STAR,ok,80.49201427873282,0.583628095122704,55.597052636411824,29.110617161504685,1.6669305251607205,2.86789387918827,"(5.0, 15.0)",4.4920142787328246,0.02,4.0,0.01,0.0,0.09494505494505495,True,1.1998100519559243,2025-07-08T16:28:44.419998169+00:00,0.57,,
62135097,STAR,fail_no_result,95.61497022279599,0.6224884284686718,69.12258057875073,32.71799262098588,1.7600613522940396,6.81393246336912,"(1.0, 5.0)",,,,,,,,,2025-07-08T16:29:45.979999542+00:00,0.85,,
62135107,STAR,ok,86.70004227360627,0.6599922835726466,37.02795477697472,27.485915048160116,1.6182495885725428,2.1340403888305666,"(5.0, 45.0)",6.700042273606272,0.02,6.0,0.01,0.0,0.0637037037037037,True,1.2359032958347291,2025-07-08T16:35:13.219999313+00:00,0.27,,
62135112,STAR,ok,96.15330213399564,0.5222154387374467,39.758614299940604,32.32115499745716,1.6886724644234197,4.331467226612352,"(1.0, 15.0)",10.153302133995638,0.02,9.0,0.01,0.0,0.09904761904761905,True,1.1843622976838675,2025-07-08T16:40:05.900000095+00:00,-0.22,,
62135142,STAR,fail_incidence,107.64454031264962,0.751309126636215,41.8533334856281,48.7588656407139,1.3978182652764906,2.8638771197361548,"(1.0, 15.0)",,,,,,,,,2025-07-08T16:59:29.989999771+00:00,0.9,,
62135147,STAR,ok,82.65154609141932,0.6537315598900861,36.71370799555037,27.643109670017928,1.7035725409484153,2.749874707337723,"(5.0, 45.0)",4.65154609141932,0.02,4.0,0.01,1.0,0.06741450068399452,True,1.1740034262858905,2025-07-08T17:00:23.350000381+00:00,0.71,,
62135152,STAR,ok,101.30136212263635,0.532072070847097,67.32757018562758,20.91475204199366,1.877104070191965,6.131382513620678,"(1.0, 5.0)",-88.69863787736365,0.08,52.0,0.09,0.0,0.16253968253968254,True,4.261884104903074,2025-07-08T17:00:34.049999237+00:00,-0.13,,
62135167,STAR,ok,96.13556661681076,0.6139566148352306,51.82517381026294,33.90444321177174,1.5692659604494257,3.9666896589883733,"(1.0, 5.0)",-61.86443338318924,0.1,91.0,0.1,-0.8900056118154259,0.1898901098901099,True,6.372406113451971,2025-07-08T17:03:32.009998322+00:00,0.54,,
62135172,STAR,fail_no_result,78.46304616033514,0.8018257623972701,32.33577659093242,31.59767909114867,1.6079452316988174,4.142735567273975,"(1.0, 5.0)",,,,,,,,,2025-07-08T17:04:05.819999695+00:00,1.28,,
62135177,STAR,ok,76.01397188010642,0.587436559723238,45.70072634103361,25.42528404617898,1.731286900481333,3.379462224226886,"(5.0, 15.0)",4.013971880106425,0.02,3.0,0.01,0.0,0.09312169312169312,True,1.1552100344801082,2025-07-08T17:04:54.750000+00:00,0.19,,
62135187,STAR,ok,81.54828631265673,0.9442357256061886,29.348757317466053,41.724014182680584,1.5263861958033924,6.617834156539002,"(1.0, 8.0)",-78.45171368734327,0.08,5.0,0.02,0.0,0.10305958132045089,True,5.241137545658496,2025-07-08T17:07:54.419998169+00:00,0.34,,
62135202,STAR,ok,96.61820293771461,0.9871869465157019,49.24236495604396,24.363296997537432,1.751678618774253,4.789180385233816,"(1.0, 8.0)",-87.38179706228539,0.08,6.0,0.01,0.9371460638945291,0.17846153846153848,True,4.567047810173104,2025-07-08T17:24:36.349998474+00:00,0.75,,
62135212,STAR,fail_incidence,108.9983962237992,0.591112533959758,45.32090080878682,55.39672856280576,1.2623249775942822,2.6895690089817035,"(2.0, 8.0)",,,,,,,,,2025-07-08T17:26:42.629997253+00:00,0.83,,
62135277,STAR,ok,78.58286504294672,0.629254068222328,38.73850193973875,28.536454380776213,1.7276533854560796,2.5940226885705617,"(5.0, 15.0)",4.582865042946722,0.06,4.0,0.01,0.0,0.0861952861952862,True,3.4729188450124635,2025-07-08T17:57:19.139999390+00:00,0.37,,
62135292,STAR,ok,99.13633556684763,0.530487942350722,81.74626569042705,25.141001453083604,1.6918198940410376,2.853683989306596,"(5.0, 30.0)",11.136335566847634,0.02,14.0,0.01,0.9371460638945291,0.0687891156462585,True,1.182158932546213,2025-07-08T18:06:08.260000229+00:00,0.26,,
62135297,STAR,fail_snr,86.7656590374686,0.7018226942663195,37.53454618580572,38.51437863064368,1.6605817958130253,1.6988496156470845,"(5.0, 10.0)",,,,,,,,,2025-07-08T18:07:59.689998627+00:00,0.79,,
62135317,STAR,ok,98.96758809086978,0.802091115967755,64.94644395683837,20.445945056265465,1.8903011317168357,5.331633510684247,"(1.0, 5.0)",-79.03241190913022,0.06,6.0,0.02,-0.9842865159736323,0.18379487179487178,True,3.1740974489871863,2025-07-08T18:27:39.719997406+00:00,-0.03,,
62135332,STAR,ok,95.94977370024701,0.8308003267347425,40.14542173841963,33.261751737390654,1.7811869619228664,7.406335324308989,"(1.0, 5.0)",-86.05022629975299,0.08,5.0,0.03,-0.9842865159736324,0.17846153846153848,True,4.4913870194534,2025-07-08T18:41:05.159999847+00:00,0.67,,
62135367,STAR,ok,88.99989922082335,0.6596094133314925,36.25346725770287,24.300821054249273,1.7588597183426506,3.2859186219831455,"(5.0, 15.0)",4.999899220823352,0.02,5.0,0.01,0.9685730319472645,0.09154533844189017,True,1.1371003492447782,2025-07-08T18:59:33.809997559+00:00,0.64,,
62135372,STAR,ok,95.52951669219361,0.8134687818220578,41.160520737818956,30.857506176102547,1.8225269283562835,5.5638677731693,"(1.0, 5.0)",25.52951669219361,0.06,28.0,0.01,0.8428651597363228,0.17846153846153848,True,3.2921324270425636,2025-07-08T19:02:07+00:00,0.56,,
62135392,STAR,ok,98.8774392917438,0.804476781420295,42.59234134754216,18.148560202876965,1.8761266384196604,5.010397426947611,"(1.0, 5.0)",-83.1225607082562,0.16,52.0,0.08,0.0,0.16582995951417004,True,8.528208955807731,2025-07-08T19:15:04.849999905+00:00,0.53,,
62135397,STAR,ok,93.05950466037726,0.9253355029320072,42.261172066987506,34.19468995284682,1.7164854135592065,4.173425270397631,"(2.0, 8.0)",19.059504660377257,0.02,6.0,0.01,0.07450380342405338,0.11733333333333335,True,1.1651715675537921,2025-07-08T19:17:35.930000305+00:00,0.78,,
62135407,STAR,fail_exception,92.38954939575538,0.9454128088085588,55.728127256875,34.95128702376035,1.8010976891630115,2.251843734144212,"(1.0, 5.0)",,,,,,,,,2025-07-08T19:20:07.809999943+00:00,1.06,unsupported operand type(s) for /: 'NoneType' and 'float',"Traceback (most recent call last):
  File ""/Users/mhemmett/Seismology/mt-rainier/scripts/run_sws_generic.py"", line 187, in process_event
    splitting_obj.perform_sws_analysis(coord_system='LQT', sws_method='EV_and_XC',
    ~~~~~~~~~~~~~~~~~~~~~~~~~~~~~~~~~~^^^^^^^^^^^^^^^^^^^^^^^^^^^^^^^^^^^^^^^^^^^^
                                        cluster_eps=CLUSTER_EPS, cluster_min_samples=CLUSTER_MIN_SAMPLES)
                                        ^^^^^^^^^^^^^^^^^^^^^^^^^^^^^^^^^^^^^^^^^^^^^^^^^^^^^^^^^^^^^^^^^
  File ""/Users/mhemmett/Seismology/mt-rainier/swspy/splitting/split_windowcheck.py"", line 1695, in perform_sws_analysis
    Q_w = self._calc_Q_w(opt_phi, opt_lag, grid_search_results_all_win_XC, tr_T, method=""dbscan"")
  File ""/Users/mhemmett/Seismology/mt-rainier/swspy/splitting/split_windowcheck.py"", line 1385, in _calc_Q_w
    dt_diff = opt_lag_XC / opt_lag_EV
              ~~~~~~~~~~~^~~~~~~~~~~~
TypeError: unsupported operand type(s) for /: 'NoneType' and 'float'
"
62135412,STAR,fail_exception,91.29463127404142,0.5622916179154616,57.427023468913426,36.87356672686332,1.6794639734739543,4.521534453848376,"(1.0, 5.0)",,,,,,,,,2025-07-08T19:22:53.569999695+00:00,0.35,unsupported operand type(s) for /: 'NoneType' and 'float',"Traceback (most recent call last):
  File ""/Users/mhemmett/Seismology/mt-rainier/scripts/run_sws_generic.py"", line 187, in process_event
    splitting_obj.perform_sws_analysis(coord_system='LQT', sws_method='EV_and_XC',
    ~~~~~~~~~~~~~~~~~~~~~~~~~~~~~~~~~~^^^^^^^^^^^^^^^^^^^^^^^^^^^^^^^^^^^^^^^^^^^^
                                        cluster_eps=CLUSTER_EPS, cluster_min_samples=CLUSTER_MIN_SAMPLES)
                                        ^^^^^^^^^^^^^^^^^^^^^^^^^^^^^^^^^^^^^^^^^^^^^^^^^^^^^^^^^^^^^^^^^
  File ""/Users/mhemmett/Seismology/mt-rainier/swspy/splitting/split_windowcheck.py"", line 1695, in perform_sws_analysis
    Q_w = self._calc_Q_w(opt_phi, opt_lag, grid_search_results_all_win_XC, tr_T, method=""dbscan"")
  File ""/Users/mhemmett/Seismology/mt-rainier/swspy/splitting/split_windowcheck.py"", line 1385, in _calc_Q_w
    dt_diff = opt_lag_XC / opt_lag_EV
              ~~~~~~~~~~~^~~~~~~~~~~~
TypeError: unsupported operand type(s) for /: 'NoneType' and 'float'
"
62135417,STAR,ok,94.0195100238507,0.7238945955004086,39.88307441148507,36.511641852765415,1.761706582009791,4.001999086774099,"(1.0, 5.0)",18.0195100238507,0.06,91.0,0.1,0.15147186257614298,0.1527017543859649,True,3.405788490132719,2025-07-08T19:29:40.520000458+00:00,0.54,,
62135427,STAR,ok,78.25397883864704,0.5882016557889764,37.39479274710099,24.805882701867194,1.7670700327384252,3.5414077997535833,"(5.0, 15.0)",4.253978838647043,0.02,4.0,0.01,0.09446148618625827,0.09312169312169312,True,1.1318170547550985,2025-07-08T19:32:53.079998016+00:00,0.4,,
62135447,STAR,ok,72.78255668740928,0.73515632306506,37.42144152440778,32.48736675162559,1.6952052201512386,5.126916813961345,"(1.0, 5.0)",-43.21744331259072,0.1,21.0,0.02,0.0,0.17142857142857143,True,5.898990801307139,2025-07-08T19:36:37.319999695+00:00,0.6,,
62135452,STAR,ok,72.32926513836954,0.8092448367109724,35.47147153745039,29.856110646194878,1.80777867258702,7.66784527238143,"(3.0, 5.0)",2.3292651383695357,0.02,63.0,0.09,0.0,0.15238095238095237,True,1.106330122336216,2025-07-08T19:38:36.619998932+00:00,0.49,,
62135457,STAR,fail_incidence,94.86023783984463,0.8089637407386154,30.810684921126832,67.21247174766597,1.2519544730544891,4.025295916694717,"(3.0, 5.0)",,,,,,,,,2025-07-08T19:42:40.319999695+00:00,0.17,,
62135462,STAR,ok,70.28578073845794,0.9234468037243935,40.72209192741925,29.430367889008487,1.80885445786309,5.929204304447319,"(3.0, 5.0)",26.285780738457944,0.12,57.0,0.05,-0.9528595479208969,0.1767619047619048,True,6.634032908416707,2025-07-08T19:44:12.300000191+00:00,0.72,,
62135477,STAR,ok,83.67931849579854,0.6011176426051871,39.16415185326744,26.139805130882817,1.587237541217555,2.6064673117115804,"(1.0, 5.0)",29.67931849579854,0.06,25.0,0.03,0.46574154310349747,0.17403508771929826,True,3.780152525498771,2025-07-08T19:57:26.430000305+00:00,0.41,,
62135487,STAR,ok,91.57145398745888,0.8263328692270397,46.83357329547293,33.851487735941134,1.8373387092803721,2.3798572940325475,"(1.0, 15.0)",-80.42854601254112,0.02,91.0,0.1,-0.7957247076572196,0.13128205128205128,True,1.0885309224140483,2025-07-08T20:08:03.230000019+00:00,1.0,,
62135492,STAR,ok,94.35400263700846,0.7670880513693326,42.12607560912206,32.37607335282264,1.7547336142406016,5.581921752033382,"(2.0, 8.0)",-83.64599736299154,0.08,5.0,0.01,0.0,0.17375565610859728,True,4.559096568889843,2025-07-08T20:12:58.369998932+00:00,0.89,,
62135497,STAR,ok,98.46218584215522,0.676246985871999,67.75704094913853,22.47100516263329,1.7783862075048393,4.560141167330695,"(2.0, 8.0)",-87.53781415784478,0.08,8.0,0.01,-0.9528595479208969,0.18379487179487178,True,4.49846043915533,2025-07-08T20:14:08.779999495+00:00,1.02,,
62135502,STAR,ok,71.51206589732391,0.7277920104769219,33.75890582498625,38.22908203493432,1.5628463483058006,2.22426938717145,"(2.0, 8.0)",-84.48793410267609,0.12,51.0,0.03,0.0,0.1527017543859649,True,7.678298006076265,2025-07-08T20:14:45.539997101+00:00,0.45,,
62135507,STAR,ok,72.18837830897128,0.7356829934315122,33.12067256366931,29.787027928639418,1.8243033913229523,7.331998184554811,"(5.0, 10.0)",-79.81162169102872,0.02,91.0,0.1,-0.8271516757099551,0.10898550724637682,True,1.0963088757674433,2025-07-08T20:15:42.219997406+00:00,0.54,,
62135512,STAR,ok,62.557160682968814,0.6212897270928044,33.30705307392705,31.767361911513053,1.9007410836988852,5.169520554880007,"(1.0, 5.0)",-67.44283931703119,0.16,64.0,0.09,-0.5766781497620411,0.17142857142857143,True,8.417769330720015,2025-07-08T20:22:07.489999771+00:00,0.33,,
62135522,STAR,fail_incidence,70.18886124376787,0.7707396944966437,31.813106659815425,46.23981458124218,1.4598007283219585,5.963353250862548,"(5.0, 10.0)",,,,,,,,,2025-07-08T20:28:13.719999313+00:00,0.32,,
62135552,STAR,ok,85.96873928419316,0.66486769127494,35.388756267786846,44.76516991478704,1.4535764700022429,3.5743520825154196,"(1.0, 5.0)",35.96873928419316,0.06,52.0,0.08,0.41605851806795946,0.1898901098901099,True,4.127749811463818,2025-07-08T20:38:45.739998102+00:00,0.57,,
62135557,STAR,fail_incidence,105.11109263294178,0.6900091200600706,40.25342285641548,56.94308786442002,1.3365072006629615,4.60389496756021,"(1.0, 5.0)",,,,,,,,,2025-07-08T20:40:49.979999542+00:00,0.62,,
62135567,STAR,ok,94.4940868826165,0.7751417499853311,41.32613222048578,34.85137376091338,1.679714335692852,6.156449199718962,"(1.0, 8.0)",-81.5059131173835,0.08,7.0,0.01,0.0,0.17375565610859728,True,4.762714605695226,2025-07-08T20:49:07.710000038+00:00,1.1,,
62135572,STAR,ok,88.13089472734084,0.761178905206848,40.12138763123984,39.310258651939215,1.7423472599696537,3.705474023391008,"(10.0, 20.0)",8.130894727340845,0.06,5.0,0.01,0.0110486911085943,0.06723232323232324,True,3.4436304047130664,2025-07-08T20:52:13.909999847+00:00,0.51,,
62135582,STAR,fail_exception,87.93720800374447,0.6512009534831651,36.69294513443713,31.189793523865678,1.795111768548286,3.988825266785554,"(1.0, 5.0)",,,,,,,,,2025-07-08T20:54:36.149997711+00:00,0.19,unsupported operand type(s) for /: 'NoneType' and 'float',"Traceback (most recent call last):
  File ""/Users/mhemmett/Seismology/mt-rainier/scripts/run_sws_generic.py"", line 187, in process_event
    splitting_obj.perform_sws_analysis(coord_system='LQT', sws_method='EV_and_XC',
    ~~~~~~~~~~~~~~~~~~~~~~~~~~~~~~~~~~^^^^^^^^^^^^^^^^^^^^^^^^^^^^^^^^^^^^^^^^^^^^
                                        cluster_eps=CLUSTER_EPS, cluster_min_samples=CLUSTER_MIN_SAMPLES)
                                        ^^^^^^^^^^^^^^^^^^^^^^^^^^^^^^^^^^^^^^^^^^^^^^^^^^^^^^^^^^^^^^^^^
  File ""/Users/mhemmett/Seismology/mt-rainier/swspy/splitting/split_windowcheck.py"", line 1695, in perform_sws_analysis
    Q_w = self._calc_Q_w(opt_phi, opt_lag, grid_search_results_all_win_XC, tr_T, method=""dbscan"")
  File ""/Users/mhemmett/Seismology/mt-rainier/swspy/splitting/split_windowcheck.py"", line 1385, in _calc_Q_w
    dt_diff = opt_lag_XC / opt_lag_EV
              ~~~~~~~~~~~^~~~~~~~~~~~
TypeError: unsupported operand type(s) for /: 'NoneType' and 'float'
"
62135587,STAR,fail_incidence,105.34677315028732,0.7465499196362348,41.71210641140378,54.59489684560988,1.3108732852221294,3.4731228282409545,"(5.0, 10.0)",,,,,,,,,2025-07-08T20:56:31.340000153+00:00,0.48,,
62135592,STAR,ok,86.38394991011846,0.540430681639025,65.20168685489404,30.972696828096222,1.5685292523129537,2.2629674515306215,"(1.0, 8.0)",-89.61605008988154,0.08,12.0,0.05,0.0,0.13866666666666666,True,5.10031928840549,2025-07-08T21:02:50.559997559+00:00,0.3,,
62135602,STAR,fail_exception,91.11344048079889,0.6226635086741462,43.77933734940813,24.56079682483152,1.7117317364231397,2.959735096029012,"(1.0, 15.0)",,,,,,,,,2025-07-08T21:26:02.909999847+00:00,0.24,unsupported operand type(s) for /: 'NoneType' and 'float',"Traceback (most recent call last):
  File ""/Users/mhemmett/Seismology/mt-rainier/scripts/run_sws_generic.py"", line 187, in process_event
    splitting_obj.perform_sws_analysis(coord_system='LQT', sws_method='EV_and_XC',
    ~~~~~~~~~~~~~~~~~~~~~~~~~~~~~~~~~~^^^^^^^^^^^^^^^^^^^^^^^^^^^^^^^^^^^^^^^^^^^^
                                        cluster_eps=CLUSTER_EPS, cluster_min_samples=CLUSTER_MIN_SAMPLES)
                                        ^^^^^^^^^^^^^^^^^^^^^^^^^^^^^^^^^^^^^^^^^^^^^^^^^^^^^^^^^^^^^^^^^
  File ""/Users/mhemmett/Seismology/mt-rainier/swspy/splitting/split_windowcheck.py"", line 1695, in perform_sws_analysis
    Q_w = self._calc_Q_w(opt_phi, opt_lag, grid_search_results_all_win_XC, tr_T, method=""dbscan"")
  File ""/Users/mhemmett/Seismology/mt-rainier/swspy/splitting/split_windowcheck.py"", line 1385, in _calc_Q_w
    dt_diff = opt_lag_XC / opt_lag_EV
              ~~~~~~~~~~~^~~~~~~~~~~~
TypeError: unsupported operand type(s) for /: 'NoneType' and 'float'
"
62135612,STAR,fail_incidence,87.39037439898263,0.8222182494494916,31.14358838744844,54.96623831588623,1.3519962209969953,5.020612572703062,"(1.0, 5.0)",,,,,,,,,2025-07-08T21:30:04.150000095+00:00,0.27,,
62135627,STAR,fail_incidence,95.3880436884756,0.7599696114899288,29.337726120223632,58.86034048959851,1.1716722860100868,5.477550838784561,"(1.0, 5.0)",,,,,,,,,2025-07-08T21:36:34.450000763+00:00,0.52,,
62135637,STAR,ok,94.21482650627995,0.692494890026112,45.776650151516684,26.6944502175903,1.7312878267864098,5.872480579067667,"(3.0, 5.0)",0.21482650627996236,0.08,17.0,0.03,0.6228763833671747,0.1898901098901099,True,4.620837665594564,2025-07-08T21:49:09.429999352+00:00,0.57,,
62135652,STAR,fail_incidence,87.45823050904127,0.8075662137081185,51.19293331890754,53.42739578523399,1.1967325854854973,2.2944717403604167,"(1.0, 5.0)",,,,,,,,,2025-07-08T21:55:55.579998016+00:00,1.05,,
62135657,STAR,fail_incidence,86.63464141422278,0.8343216303988298,63.44672650496068,54.738345725330205,1.2582395189837408,1.0116353653238102,"(5.0, 15.0)",,,,,,,,,2025-07-08T21:56:28.760000229+00:00,2.3,,
62135662,STAR,ok,95.3533109683155,0.800891475443712,39.38415502976928,32.7521165188224,1.7290712036197788,7.67614555525581,"(1.0, 5.0)",-88.6466890316845,0.14,49.0,0.03,-0.9528595479208969,0.16253968253968254,True,8.096832548417474,2025-07-08T22:01:00.960000038+00:00,0.37,,
62135667,STAR,fail_snr,77.29776115023857,0.5635193960562455,88.37865101943261,23.906772688184617,1.7637492572245501,1.29628385961405,"(5.0, 10.0)",,,,,,,,,2025-07-08T22:01:57.539997101+00:00,1.63,,
62135682,STAR,ok,88.87721582526657,0.6331760883192149,39.46900174610082,41.44184387671802,1.6914687122770922,4.443641306603758,"(10.0, 45.0)",8.877215825266575,0.02,5.0,0.01,0.0,0.06723232323232324,True,1.182404371705792,2025-07-08T22:44:30.209999084+00:00,0.44,,
62135722,STAR,ok,96.45555575122428,0.8027327569770393,78.59930256079043,22.591570832977816,1.7502359108219876,4.901100994959042,"(1.0, 8.0)",-89.54444424877572,0.08,6.0,0.01,0.0,0.19636363636363638,True,4.570812397651497,2025-07-08T23:01:23.309999704+00:00,0.47,,
62135742,STAR,fail_exception,93.19173231928292,0.9003140299954722,36.99638346576081,36.130975491703765,1.7745536188899265,3.627502737257653,"(1.0, 5.0)",,,,,,,,,2025-07-08T23:15:12.989999771+00:00,0.69,unsupported operand type(s) for /: 'NoneType' and 'float',"Traceback (most recent call last):
  File ""/Users/mhemmett/Seismology/mt-rainier/scripts/run_sws_generic.py"", line 187, in process_event
    splitting_obj.perform_sws_analysis(coord_system='LQT', sws_method='EV_and_XC',
    ~~~~~~~~~~~~~~~~~~~~~~~~~~~~~~~~~~^^^^^^^^^^^^^^^^^^^^^^^^^^^^^^^^^^^^^^^^^^^^
                                        cluster_eps=CLUSTER_EPS, cluster_min_samples=CLUSTER_MIN_SAMPLES)
                                        ^^^^^^^^^^^^^^^^^^^^^^^^^^^^^^^^^^^^^^^^^^^^^^^^^^^^^^^^^^^^^^^^^
  File ""/Users/mhemmett/Seismology/mt-rainier/swspy/splitting/split_windowcheck.py"", line 1695, in perform_sws_analysis
    Q_w = self._calc_Q_w(opt_phi, opt_lag, grid_search_results_all_win_XC, tr_T, method=""dbscan"")
  File ""/Users/mhemmett/Seismology/mt-rainier/swspy/splitting/split_windowcheck.py"", line 1385, in _calc_Q_w
    dt_diff = opt_lag_XC / opt_lag_EV
              ~~~~~~~~~~~^~~~~~~~~~~~
TypeError: unsupported operand type(s) for /: 'NoneType' and 'float'
"
62135747,STAR,ok,103.80137762626428,0.581061076259892,41.35953092197584,25.910104174026948,1.7360132485218052,4.39914147662866,"(1.0, 8.0)",-86.19862237373572,0.08,8.0,0.01,0.0,0.17846153846153848,True,4.608259762309939,2025-07-08T23:19:52.209999084+00:00,0.21,,
62135752,STAR,ok,96.30078207069509,0.901600408053904,43.33913374533176,34.91549600320508,1.6782127466831602,7.743854338266314,"(5.0, 10.0)",-77.69921792930491,0.02,8.0,0.01,0.9685730319472645,0.10813793103448276,True,1.19174401693279,2025-07-08T23:17:29.459999084+00:00,0.58,,
62135792,STAR,ok,81.56731862434606,0.8119848992206838,66.62719931971206,26.891156462360676,1.6253465143166694,6.1640356708546555,"(1.0, 20.0)",-88.43268137565394,0.02,47.0,0.01,0.0,0.09565217391304348,True,1.2305068380085356,2025-07-08T23:38:32.599998474+00:00,0.27,,
62135837,STAR,ok,82.33113776112052,0.5875445733697278,38.891737822481446,27.548137584233736,1.5981966237769194,3.218542901033227,"(10.0, 45.0)",8.331137761120516,0.02,12.0,0.01,0.9057190958417937,0.06568421052631579,True,1.2514104774377033,2025-07-09T00:02:36.200000763+00:00,1.05,,
62135887,STAR,ok,96.0349104174435,0.6065626566026003,74.05299843334726,24.72394002661114,1.7468116851072861,6.506866855975737,"(1.0, 5.0)",88.0349104174435,0.1,91.0,0.1,0.0,0.18666666666666668,True,5.724715540465267,2025-07-09T00:25:26.129999161+00:00,0.81,,
62135897,STAR,ok,105.64660957207808,0.8350723599044055,42.305653368604084,23.22441471585731,1.712655668150248,5.025052445420364,"(1.0, 5.0)",89.64660957207808,0.08,54.0,0.09,0.0,0.17403508771929826,True,4.671108237793293,2025-07-09T00:31:56.319999695+00:00,0.49,,
62135902,STAR,ok,102.05162696313715,0.9031405203873848,39.408020794740864,28.181949753501556,1.6721768859969046,5.280556889046385,"(3.0, 5.0)",-63.94837303686285,0.04,91.0,0.1,-0.9842865159736323,0.18379487179487178,True,2.3920914309345407,2025-07-09T00:39:46.649997711+00:00,0.73,,
62135907,STAR,ok,99.33503345782297,0.843721792026036,42.43474037461724,21.35776550028997,1.7145579986270165,3.6281890684836933,"(1.0, 5.0)",-82.66496654217703,0.14,51.0,0.02,0.0,0.16253968253968254,True,8.165369740312617,2025-07-09T00:39:27.049999237+00:00,0.31,,
62135917,STAR,ok,89.48553052986676,0.6996979385482109,40.5705715626114,28.706773267404706,1.5784114658411421,2.6257424886107064,"(1.0, 8.0)",-86.51446947013324,0.08,9.0,0.01,-0.8585786437626906,0.1527017543859649,True,5.068386902357407,2025-07-09T00:49:47.649997711+00:00,0.73,,
62135932,STAR,ok,93.43551599504,0.8644012437968056,38.31921227551787,37.74621477729225,1.536357896863974,7.987128440577056,"(1.0, 5.0)",-0.5644840049599793,0.02,91.0,0.1,-0.7642977396044842,0.1898901098901099,True,1.3017800110784188,2025-07-09T01:11:16.079999924+00:00,0.3,,
62135942,STAR,ok,85.56872027749644,0.7903510373605969,50.73396476726658,42.23337614528739,1.6045395581934476,3.126382959256496,"(5.0, 30.0)",9.568720277496439,0.02,7.0,0.01,0.0,0.09600000000000002,True,1.2464635039922616,2025-07-09T01:15:45.200000763+00:00,0.5,,
62135947,STAR,ok,79.99949491225748,0.6062452248197665,58.30301329491342,24.167988036498862,1.8221504017830128,3.0227644452304254,"(10.0, 45.0)",-76.00050508774252,0.1,8.0,0.01,-0.8900056118154259,0.06812324929971987,True,5.488021181025885,2025-07-09T01:23:33.549999237+00:00,0.66,,
62135952,STAR,ok,86.43800049708352,0.6327719533058977,36.040790473092194,38.41243329890084,1.5508204556302385,3.261270201318321,"(1.0, 8.0)",16.43800049708352,0.02,48.0,0.02,0.0,0.13929411764705882,True,1.289639940419292,2025-07-09T01:25:42.500000+00:00,0.66,,
62135967,STAR,fail_snr,81.83134929665759,0.7618541519932651,53.517436245831995,30.504636436769342,1.5990270958470134,1.7964982423295934,"(5.0, 15.0)",,,,,,,,,2025-07-09T01:36:27.010000229+00:00,1.38,,
62135972,STAR,ok,77.21795005967648,0.8843087291778869,38.53647519548981,27.601767158080836,1.6357504051182044,5.45768137753479,"(1.0, 5.0)",-82.78204994032352,0.1,5.0,0.01,-0.12426397798942079,0.1898901098901099,True,6.113402123398752,2025-07-09T01:40:02.650000095+00:00,0.34,,
62135977,STAR,fail_incidence,87.29219313376343,0.9442610154704059,51.117781284019685,49.560112642272486,1.1920611481986905,2.1564824857524694,"(1.0, 15.0)",,,,,,,,,2025-07-09T01:50:10.889999390+00:00,0.3,,
62135982,STAR,ok,84.13274374098118,0.596994491859261,42.834619574980586,27.623285660754625,1.5205319050542454,4.582947608487005,"(1.0, 5.0)",-79.86725625901882,0.16,4.0,0.01,0.0,0.2016969696969697,True,10.52263352502899,2025-07-09T01:53:22.250000+00:00,0.64,,
62135992,STAR,fail_incidence,87.72297979018319,0.7364990459329894,34.969092306923464,52.41122256940293,1.3286383943058213,5.76952002547838,"(1.0, 15.0)",,,,,,,,,2025-07-09T02:09:17.729999542+00:00,0.35,,
62135997,STAR,ok,99.39015825085959,0.6938621995333141,48.99943186966919,24.651208675349576,1.6857395170289053,6.734243596224171,"(1.0, 5.0)",-88.60984174914041,0.08,51.0,0.07,0.0,0.16672268907563023,True,4.745691679637373,2025-07-09T02:23:13.549999237+00:00,0.28,,
62136002,STAR,ok,102.50002885458107,0.7164475612743986,59.82107675885505,27.60776332486246,1.663472687555935,4.667582858899865,"(1.0, 5.0)",86.50002885458107,0.08,16.0,0.02,0.0,0.19200000000000003,True,4.80921632188265,2025-07-09T02:28:06.629999638+00:00,0.19,,
62136012,STAR,ok,89.51067686560218,0.5626494729711269,42.25008538329419,31.52687023265077,1.546542300214368,4.621544790840445,"(5.0, 10.0)",-82.48932313439782,0.1,91.0,0.1,-0.9842865159736324,0.18747474747474746,True,6.466037171187551,2025-07-09T02:39:52.319999695+00:00,0.36,,
62136022,STAR,ok,82.7333240195128,0.5695312459949157,60.37309768088362,25.44589185474493,1.6495110473656664,4.165419411720329,"(10.0, 45.0)",88.7333240195128,0.1,53.0,0.03,0.0,0.06031042128603104,True,6.062402562244364,2025-07-09T02:51:08+00:00,0.75,,
62136027,STAR,fail_no_result,96.04589891874204,0.7304856862381408,45.09295695346847,27.84037903854026,1.550028249763041,4.426776494740547,"(1.0, 8.0)",,,,,,,,,2025-07-09T03:06:08+00:00,0.28,,
62136032,STAR,fail_incidence,94.09325801105632,0.9417283223364462,37.938036684981704,46.89621386183024,1.4657893254827414,7.346006175278166,"(1.0, 8.0)",,,,,,,,,2025-07-09T03:10:50.189998627+00:00,0.56,,
62136037,STAR,ok,85.72541231356222,0.6979955981695607,38.23172140404557,38.21920371172907,1.612513755560494,6.638685910235433,"(1.0, 5.0)",-80.27458768643778,0.1,9.0,0.03,-0.9842865159736323,0.18285714285714286,True,6.201497485225543,2025-07-09T03:11:17.340000153+00:00,0.91,,
62136042,STAR,ok,98.57685413556105,0.7846888362173462,60.16688760890445,29.898163904322914,1.5811342009677083,5.16065252503328,"(2.0, 8.0)",-85.42314586443895,0.08,7.0,0.01,-0.7642977396044842,0.17846153846153848,True,5.059659069485516,2025-07-09T03:17:23.100000381+00:00,0.59,,
62136047,STAR,fail_incidence,94.0711714908262,0.5728605197495492,51.672197912302465,48.8382327226746,1.4120771431279173,6.822881649599255,"(1.0, 8.0)",,,,,,,,,2025-07-09T03:54:32.130001068+00:00,0.63,,
62136057,STAR,ok,75.55755085882952,0.5575405657325851,43.1270659607577,22.568003479218415,1.8050639553818557,2.6489679811395144,"(10.0, 45.0)",-50.44244914117047,0.06,21.0,0.01,0.9057190958417937,0.06787878787878789,True,3.3239819465181877,2025-07-09T04:12:37.549999237+00:00,0.68,,
62136067,STAR,ok,95.70308019382352,0.85962087341367,37.95982171685831,39.26981421574923,1.6237687115152022,6.686553428853177,"(2.0, 8.0)",-80.29691980617648,0.08,9.0,0.02,0.0,0.15644444444444444,True,4.92681004583152,2025-07-09T04:24:16.920000076+00:00,0.97,,
62136077,STAR,ok,96.31780035525405,0.8525864164773704,39.53487826530683,23.414065590785725,1.6286421962576798,5.47742206145988,"(3.0, 5.0)",-63.68219964474595,0.16,91.0,0.1,0.0327587914302061,0.1898901098901099,True,9.82413450711584,2025-07-09T04:32:55.379997253+00:00,0.42,,
62136082,STAR,ok,83.6312238905219,0.6349800542822011,87.9683797168098,24.759527297765864,1.693114414550828,4.128863078594512,"(10.0, 20.0)",-8.36877610947812,0.16,6.0,0.01,0.0,0.06416040100250626,True,9.45004062483556,2025-07-09T04:33:33.669998169+00:00,-0.48,,
62136097,STAR,ok,84.72636092713984,0.6673264673309677,51.58423113169083,23.6284364886717,1.7820960409914612,2.401832181785035,"(1.0, 5.0)",-79.27363907286016,0.14,6.0,0.02,0.0,0.1898901098901099,True,7.855917794537697,2025-07-09T04:46:02.289999962+00:00,0.8,,
62136102,STAR,ok,81.62756176970815,0.5501748599155761,47.56035586186993,23.1173793158648,1.8067467077644477,3.3807317514896016,"(1.0, 5.0)",-82.37243823029185,0.12,5.0,0.02,0.0,0.1898901098901099,True,6.6417721689655265,2025-07-09T04:53:39.869998932+00:00,0.81,,
62136107,STAR,fail_no_result,93.34568656456578,0.6481301413844491,40.56028983370763,24.96123879567053,1.5358781379966588,4.040663120497783,"(1.0, 5.0)",,,,,,,,,2025-07-09T05:02:05.710000038+00:00,0.02,,
62136112,STAR,ok,75.64119337794617,0.6848537366037217,35.16799726175104,30.023947725692427,1.6764517794358518,4.053185481804701,"(10.0, 20.0)",3.6411933779461663,0.02,5.0,0.01,0.09446148618625827,0.06650472334682861,True,1.1929958406993528,2025-07-09T05:15:24.090000153+00:00,0.16,,
62136122,STAR,ok,79.54995961499687,0.6877929569009363,38.852336591933614,22.95794604961772,1.6168130379220933,4.5356264226756675,"(1.0, 5.0)",-80.45004038500313,0.08,91.0,0.1,0.0,0.1767619047619048,True,4.948005621157963,2025-07-09T05:31:49.779998779+00:00,0.13,,
62136132,STAR,ok,79.2817857674266,0.7220704889104086,39.75388608158939,25.413339027785746,1.6569232264374196,3.749541155388303,"(5.0, 10.0)",89.2817857674266,0.02,3.0,0.01,0.9685730319472645,0.10256410256410257,True,1.2070565298913916,2025-07-09T05:39:03.699999809+00:00,0.26,,
62136137,STAR,ok,85.17360377397057,0.5806645463413025,75.7977316698858,25.917695002871845,1.5581038783704442,5.749206529018714,"(1.0, 5.0)",-78.82639622602943,0.08,4.0,0.01,0.0,0.18285714285714286,True,5.134445855026602,2025-07-09T05:43:04.099999905+00:00,0.57,,
62136142,STAR,fail_incidence,76.83073034407379,0.861553412079749,33.238240648721856,67.03755464523773,1.2791785145783687,1.4556687563362585,"(10.0, 45.0)",,,,,,,,,2025-07-09T05:43:34.279998779+00:00,0.48,,
62136152,STAR,fail_incidence,87.8069712911643,0.702828537772157,45.69446310941432,49.06312061657571,1.3767244437210575,4.917244926063562,"(2.0, 8.0)",,,,,,,,,2025-07-09T05:51:55.419998169+00:00,0.17,,
62136157,STAR,ok,86.46568913808336,0.6039646580830456,42.81873736840617,23.728171906594223,1.6480062640085031,3.5501253232138126,"(1.0, 5.0)",-79.53431086191664,0.08,51.0,0.07,0.7996530786638115,0.23272727272727273,True,4.854350480769,2025-07-09T06:21:40.360000610+00:00,0.55,,
62136162,STAR,fail_incidence,64.76634999578377,0.8038839117667794,28.035965529915675,60.82849000395139,1.239301077380681,2.5554062931004093,"(5.0, 10.0)",,,,,,,,,2025-07-09T06:23:58.009998322+00:00,0.09,,
62136167,STAR,ok,84.93470680036351,0.6362948351638988,37.46854742584034,34.82261042836075,1.4049345596713803,3.865798819231699,"(10.0, 45.0)",8.934706800363514,0.02,6.0,0.01,0.0327587914302061,0.06482051282051282,True,1.4235538489905237,2025-07-09T06:32:48.610000610+00:00,0.31,,
62136172,STAR,ok,78.01966814838487,0.6780389846660658,57.069878513158876,26.391895836362192,1.6380047536282165,3.8259621063993805,"(10.0, 45.0)",4.019668148384866,0.02,5.0,0.01,0.0,0.06482051282051282,True,1.2209976775524956,2025-07-09T06:36:22.680000305+00:00,0.0,,
62136177,STAR,ok,97.62392845286242,0.6398662667117132,38.88650879801484,36.23718838905161,1.7270718830718366,2.701775989508621,"(1.0, 15.0)",-78.37607154713758,0.02,4.0,0.01,-0.9214325798681613,0.08571428571428572,True,1.1580293904401495,2025-07-09T06:44:32.389999390+00:00,0.73,,
62136182,STAR,ok,88.8016286485934,0.68090040782872,49.237481410635404,29.99069568133712,1.440618395812386,4.040442522950075,"(1.0, 5.0)",-77.1983713514066,0.16,4.0,0.01,0.0,0.21333333333333335,True,11.10634158671656,2025-07-09T06:45:44.819999695+00:00,0.08,,
62136187,STAR,ok,101.83514982768219,0.649222119949227,55.82520267974264,22.384510228534996,1.6999767581832015,5.66591451393922,"(1.0, 5.0)",-88.16485017231781,0.08,91.0,0.1,0.0,0.17777777777777778,True,4.705946691029916,2025-07-09T06:52:20.209999084+00:00,0.22,,
62136192,STAR,ok,93.62919090669956,0.6321242700365599,43.94543806575713,33.31019342687659,1.4346134646616562,3.0930544248167373,"(3.0, 15.0)",-88.37080909330044,0.02,7.0,0.01,-0.8900056118154259,0.09846153846153846,True,1.3941037424123761,2025-07-09T06:49:58.779998779+00:00,0.45,,
62136197,STAR,fail_incidence,93.98967993602169,0.9219707962795284,36.731639305840275,56.97065184676501,1.2431782791644483,6.026488239485788,"(1.0, 5.0)",,,,,,,,,2025-07-09T06:54:20.689998627+00:00,0.17,,
62136207,STAR,ok,95.52951669219361,0.9304146299597983,37.048832685455125,36.680825873211,1.702854386292572,4.977170711520161,"(1.0, 8.0)",-76.47048330780639,0.08,7.0,0.01,0.0,0.1292929292929293,True,4.6979941822374345,2025-07-09T07:01:00.980000019+00:00,0.63,,
62136212,STAR,ok,93.07426513266277,0.809891869867028,49.21121245081946,31.76678311712815,1.926045689783392,3.4302181358805455,"(1.0, 15.0)",-68.92573486733723,0.08,13.0,0.04,-0.4817973845904636,0.11377777777777777,True,4.153587862653301,2025-07-09T07:18:01.130000114+00:00,1.39,,
62136237,STAR,ok,99.69406185437842,0.6936164325797562,72.8491082150643,19.63636557761176,1.8680650597935664,5.631525936880404,"(1.0, 5.0)",-84.30593814562158,0.06,52.0,0.05,0.1370449849356623,0.18285714285714286,True,3.211879569474438,2025-07-09T07:43:15.139999390+00:00,0.67,,
62136242,STAR,ok,77.2144133284765,0.5464007640423989,47.37338251769791,20.061663146294624,2.2059411458880995,7.103918468832525,"(1.0, 5.0)",-76.7855866715235,0.08,5.0,0.01,-0.9528595479208969,0.1898901098901099,True,3.6265700084120986,2025-07-09T07:45:33.869998932+00:00,0.65,,
62136247,STAR,ok,76.21423415930992,0.5782690751836498,42.896564421694144,25.9651562719257,1.915079244457559,6.3192416748065305,"(10.0, 45.0)",0.21423415930992462,0.02,6.0,0.01,1.0,0.06909090909090909,True,1.0443432070961087,2025-07-09T07:46:11.219999313+00:00,0.6,,
62136252,STAR,ok,72.36611318544183,0.6769087310321719,35.563906612892204,22.68360131752696,2.050276118102532,4.458747664194718,"(1.0, 5.0)",24.366113185441833,0.12,91.0,0.1,0.0,0.1898901098901099,True,5.852870203212255,2025-07-09T07:47:50.639999390+00:00,0.24,,
62136267,STAR,ok,73.67023500513405,0.7187065689316487,58.69255927994818,28.314330195327464,1.932725395938396,5.97814419390666,"(1.0, 5.0)",-78.32976499486595,0.12,91.0,0.1,0.0,0.18666666666666668,True,6.208848926607931,2025-07-09T07:51:10.859999657+00:00,0.69,,
62136272,STAR,ok,72.09182396544065,0.6496303681228441,34.17972496098662,26.979828513091633,2.031570822736076,12.84371421949653,"(1.0, 5.0)",-77.90817603455935,0.12,91.0,0.1,0.0,0.18379487179487178,True,5.906759373438263,2025-07-09T07:52:24.029998779+00:00,0.8,,
62136277,STAR,ok,77.4506943541893,0.6692501862430289,37.68753685070937,25.728480177166038,2.0778942012148507,14.664199443840923,"(3.0, 5.0)",15.450694354189295,0.16,51.0,0.01,0.0,0.1767619047619048,True,7.700103302009084,2025-07-09T08:07:06.750000+00:00,0.71,,
62136282,STAR,ok,88.74609491043823,0.9469687666937352,51.15953089086323,15.836348503906194,1.8506948697203731,5.944185484079827,"(1.0, 5.0)",-79.25390508956177,0.08,5.0,0.01,0.2013804348273559,0.1898901098901099,True,4.322700695230621,2025-07-09T08:11:54.129997253+00:00,-0.1,,
62136287,STAR,ok,87.3611711155567,0.7131294253100364,39.810046530285426,22.29704234730593,1.7727683169788913,4.2564112960087375,"(5.0, 10.0)",89.3611711155567,0.02,4.0,0.01,0.9685730319472645,0.1048829431438127,True,1.1281790072875126,2025-07-09T08:21:09.139999390+00:00,0.18,,
62136297,STAR,ok,93.67420987415021,0.7208444292232249,37.46771155872288,37.9512604108358,1.720841809726479,4.055274612895422,"(2.0, 8.0)",13.674209874150208,0.02,6.0,0.01,0.0,0.10741258741258741,True,1.1622218780922646,2025-07-09T08:39:02.130000114+00:00,0.3,,
62136302,STAR,ok,93.76533971833938,0.8320416803846651,60.30539340763153,19.9815797744752,1.8777174361244995,6.080851026670155,"(1.0, 20.0)",-84.23466028166062,0.02,8.0,0.01,0.0,0.13456410256410256,True,1.0651229847063064,2025-07-09T08:46:47.739998102+00:00,0.45,,
62136317,STAR,ok,94.65177220569124,0.702916139083104,55.337197868120164,21.712686356696917,1.8074038717953194,3.894893218243788,"(1.0, 5.0)",0.6517722056912589,0.04,11.0,0.03,1.0,0.21482517482517482,True,2.213119083355036,2025-07-09T09:32:46.469997406+00:00,0.69,,
62136322,STAR,fail_incidence,94.27172580452034,0.7340228327722578,33.32603586238346,52.569333778421694,0.9930316486489332,3.407134782520154,"(1.0, 8.0)",,,,,,,,,2025-07-09T09:33:05.029999495+00:00,0.49,,
62136327,STAR,ok,88.89140687192554,0.6263101160451002,42.762319983757685,23.206855329145153,1.687066482040308,3.7453227854420597,"(1.0, 5.0)",2.8914068719255397,0.04,51.0,0.08,0.0,0.19200000000000003,True,2.3709794738868095,2025-07-09T09:35:19.500000+00:00,0.46,,
62136337,STAR,ok,85.11491385799597,0.8210225994401382,36.34123086946746,35.448220527568616,1.81458358964978,4.152258866570696,"(5.0, 45.0)",7.1149138579959725,0.02,6.0,0.01,0.0,0.06723404255319149,True,1.1021812450017836,2025-07-09T10:02:16.529998779+00:00,0.66,,
62136347,STAR,ok,92.27817121740416,0.7667234010711889,61.29539990429131,26.727723533335414,1.8593400493986827,7.187084750271884,"(1.0, 8.0)",-81.72182878259584,0.14,57.0,0.09,0.0,0.1527017543859649,True,7.529553297433492,2025-07-09T10:24:21.010000229+00:00,0.26,,
62136352,STAR,ok,99.56501735465693,0.8490879092809981,40.21142559080307,20.914749019851826,1.8483348905017185,5.547503356703885,"(1.0, 5.0)",-88.43498264534307,0.02,53.0,0.05,-0.8900056118154259,0.1653333333333333,True,1.0820549946211928,2025-07-09T10:33:20.189998627+00:00,0.29,,
62136357,STAR,ok,86.69193651395423,0.7348973343617093,32.465766897921604,37.458485567358075,1.522208156066197,6.240682198488408,"(1.0, 5.0)",-75.30806348604577,0.1,5.0,0.02,-0.9528595479208969,0.17846153846153848,True,6.569403770534735,2025-07-09T10:37:33.819999695+00:00,0.46,,
62136382,STAR,ok,84.3058110965329,0.6005116410400555,72.82715262528149,16.12293392472962,1.8433536796649452,4.050395313630627,"(1.0, 5.0)",6.305811096532906,0.06,12.0,0.02,0.7461408964712031,0.21333333333333335,True,3.254936947906048,2025-07-09T11:21:46.829998016+00:00,-0.05,,
62136392,STAR,ok,96.88887697878569,0.5932784816986918,41.47997526377878,26.092925171935683,1.6660267709262375,5.429749583374877,"(1.0, 5.0)",24.88887697878569,0.06,55.0,0.09,0.7800112236308518,0.17375565610859728,True,3.6013827056718086,2025-07-09T11:56:33.250000+00:00,0.17,,
62136397,STAR,fail_exception,78.18261533186254,0.6094091914600165,36.283171836838655,24.37102902059439,1.8070871913675572,4.047161846094079,"(1.0, 5.0)",,,,,,,,,2025-07-09T12:07:17.920000076+00:00,0.06,unsupported operand type(s) for /: 'NoneType' and 'float',"Traceback (most recent call last):
  File ""/Users/mhemmett/Seismology/mt-rainier/scripts/run_sws_generic.py"", line 187, in process_event
    splitting_obj.perform_sws_analysis(coord_system='LQT', sws_method='EV_and_XC',
    ~~~~~~~~~~~~~~~~~~~~~~~~~~~~~~~~~~^^^^^^^^^^^^^^^^^^^^^^^^^^^^^^^^^^^^^^^^^^^^
                                        cluster_eps=CLUSTER_EPS, cluster_min_samples=CLUSTER_MIN_SAMPLES)
                                        ^^^^^^^^^^^^^^^^^^^^^^^^^^^^^^^^^^^^^^^^^^^^^^^^^^^^^^^^^^^^^^^^^
  File ""/Users/mhemmett/Seismology/mt-rainier/swspy/splitting/split_windowcheck.py"", line 1695, in perform_sws_analysis
    Q_w = self._calc_Q_w(opt_phi, opt_lag, grid_search_results_all_win_XC, tr_T, method=""dbscan"")
  File ""/Users/mhemmett/Seismology/mt-rainier/swspy/splitting/split_windowcheck.py"", line 1385, in _calc_Q_w
    dt_diff = opt_lag_XC / opt_lag_EV
              ~~~~~~~~~~~^~~~~~~~~~~~
TypeError: unsupported operand type(s) for /: 'NoneType' and 'float'
"
62136402,STAR,ok,92.70300621087702,0.9479100820295903,47.852384694366556,22.8294366895245,1.8195162908193123,5.32083748141847,"(1.0, 5.0)",-75.29699378912298,0.06,13.0,0.03,0.08375430541829765,0.1980952380952381,True,3.297579708559934,2025-07-09T12:07:33.919998169+00:00,0.22,,
62136407,STAR,ok,95.60336087262868,0.7559368563462354,40.832311115181085,20.538496240851654,1.8495296419036007,5.165387420324883,"(5.0, 10.0)",-86.39663912737132,0.02,5.0,0.01,0.9685730319472645,0.10666666666666666,True,1.0813560132734774,2025-07-09T12:09:24.449998856+00:00,0.39,,
62136412,STAR,ok,86.96165700340045,0.7205324093378587,39.208089171350146,23.406106543656723,1.7766396303091143,6.2704151361084115,"(1.0, 5.0)",-87.03834299659955,0.08,2.0,0.01,0.0,0.1898901098901099,True,4.502882781359602,2025-07-09T12:12:01.220000029+00:00,0.11,,
62136437,STAR,ok,93.52796327087407,0.8165075278551504,59.70520441741758,21.816085335093998,1.758120033973097,3.600436751053017,"(1.0, 5.0)",9.527963270874068,0.08,8.0,0.04,0.0,0.2016969696969697,True,4.55031502139314,2025-07-09T12:28:54.479999542+00:00,0.99,,
62136457,STAR,ok,94.16445449625843,0.6285604970645369,42.5445404445317,19.903203440232357,1.828379817434288,4.736114741781267,"(1.0, 5.0)",-75.83554550374157,0.08,3.0,0.01,-0.9842865159736323,0.19692307692307692,True,4.3754584926594555,2025-07-09T12:48:20.149999619+00:00,0.68,,
62136472,STAR,ok,90.04374529631512,0.7807811372981217,42.77417970468501,18.88561587130138,1.8609218372561844,3.3567884705925044,"(1.0, 20.0)",12.043745296315123,0.02,8.0,0.01,0.0,0.09189743589743589,True,1.0747361656784455,2025-07-09T13:02:23.449998856+00:00,0.07,,
62136482,STAR,ok,99.19851086597596,0.8415830398766324,42.922192668050954,19.982187589781123,1.8547572324169619,5.17788442344517,"(1.0, 5.0)",-86.80148913402404,0.02,56.0,0.04,-0.6700168354462779,0.1767619047619048,True,1.0783082362718543,2025-07-09T13:12:12.029999495+00:00,0.56,,
62136492,STAR,fail_snr,73.19168724759416,0.6114105095231158,37.082103275515856,19.22970347322229,2.0691930745470755,1.9616096413386115,"(1.0, 5.0)",,,,,,,,,2025-07-09T13:18:32.889999390+00:00,0.36,,
62136497,STAR,fail_no_result,101.80510199869869,0.7553095584449303,35.19773432481105,36.932848515604974,1.7323350432887665,2.56785259762781,"(5.0, 15.0)",,,,,,,,,2025-07-09T13:22:05.170000076+00:00,0.46,,
62136507,STAR,ok,102.99828039555986,0.714061461902088,42.82122739643656,19.443998469800096,1.9221033504982448,3.615133677316342,"(1.0, 5.0)",-73.00171960444014,0.08,56.0,0.09,0.9685730319472645,0.1767619047619048,True,4.162107098937344,2025-07-09T13:24:28.599998474+00:00,0.58,,
62136512,STAR,ok,93.5778673043744,0.6262982494865343,40.568459979625,22.108528667665965,1.710832835927148,3.750355154945885,"(1.0, 20.0)",87.5778673043744,0.02,3.0,0.01,1.0,0.11199999999999999,True,1.169021284838822,2025-07-09T13:25:29.659999847+00:00,0.3,,
62136527,STAR,ok,90.04094677238183,0.667176105402819,55.404994890750324,22.302149227963003,1.8166793803757142,4.6311700877792035,"(1.0, 15.0)",-83.95905322761817,0.02,6.0,0.01,0.9057190958417937,0.09312169312169312,True,1.1009097266169074,2025-07-09T13:36:43.719997406+00:00,0.95,,
62136537,STAR,fail_no_result,88.48051074628376,0.6983148980034544,42.07569608295726,22.836280648283633,1.8183629131265362,3.189848797002626,"(5.0, 10.0)",,,,,,,,,2025-07-09T13:44:32.360000610+00:00,0.56,,
62136547,STAR,ok,95.64091726841849,0.7678513923252236,40.21481898371956,19.610658776773093,1.9044468838876303,4.6579254141751765,"(1.0, 5.0)",-78.35908273158151,0.08,9.0,0.02,0.22531368355386006,0.18379487179487178,True,4.2006947359273425,2025-07-09T14:01:13.889999390+00:00,0.24,,
62136552,STAR,ok,80.70921648368436,0.6736455807010353,64.99272458906401,18.805694407272934,1.9869254442784097,3.21381311382915,"(1.0, 5.0)",-83.29078351631564,0.16,20.0,0.03,-0.9214325798681613,0.17846153846153848,True,8.052642360625015,2025-07-09T14:10:37.290000916+00:00,0.34,,
62136562,STAR,ok,92.81118446569751,0.5723794894307412,56.63721667021593,19.308224042297393,1.9078086727514585,4.410732903366231,"(1.0, 5.0)",-79.18881553430249,0.08,6.0,0.01,-0.9214325798681613,0.18285714285714286,True,4.193292605417465,2025-07-09T14:22:35.200000763+00:00,0.26,,
62136572,STAR,ok,86.44513560781728,0.679519298695257,44.327812010817404,35.095153162142296,1.7595866263163975,5.365890241022481,"(5.0, 10.0)",-85.55486439218272,0.02,5.0,0.01,0.9685730319472645,0.11856842105263159,True,1.1366305983962242,2025-07-09T14:27:09.039999962+00:00,0.92,,
62136577,STAR,ok,72.00886497080238,0.7518198005713111,32.77261726640441,27.376104854965842,1.9903222554797453,6.4202755945315975,"(5.0, 10.0)",-89.99113502919762,0.02,7.0,0.01,-0.8900056118154259,0.11383399209486166,True,1.004862400796459,2025-07-09T14:28:36.349998474+00:00,0.5,,
62136592,STAR,ok,93.29780646011609,0.7786328689435607,85.4357863457216,22.980153042124595,1.773262540135546,3.932072729239253,"(1.0, 5.0)",89.29780646011609,0.08,13.0,0.04,0.7996530786638115,0.20512820512820515,True,4.5114582973080175,2025-07-09T14:45:16.489999771+00:00,-0.02,,
62136602,STAR,ok,72.21915636090472,0.9177585452619405,33.35410309513367,27.931632758628137,1.970546311786707,4.701288951355359,"(10.0, 45.0)",-79.78084363909528,0.12,14.0,0.01,0.878030564443888,0.08395698924731182,True,6.089681794445887,2025-07-09T14:52:42.430000305+00:00,0.27,,
62136612,STAR,fail_no_result,73.91075012443709,0.81061685923758,36.62225788535858,26.382332685397746,1.9280538381174852,4.5037053276380945,"(5.0, 45.0)",,,,,,,,,2025-07-09T14:59:16.879999161+00:00,0.62,,
62136622,STAR,ok,102.05162696313715,0.8269684058017122,44.263354322730514,20.391698820816295,1.9175084845884647,5.247450458368405,"(1.0, 5.0)",-75.94837303686285,0.18,12.0,0.01,0.0,0.19200000000000003,True,9.387181409975955,2025-07-09T15:10:50.909999847+00:00,0.4,,
62136627,STAR,ok,85.65448622291048,0.7270593905253293,40.145881137592234,17.904577270043834,1.859854773173766,3.991288913289586,"(5.0, 15.0)",-86.34551377708952,0.02,5.0,0.01,0.9685730319472645,0.10074074074074074,True,1.0753527796082067,2025-07-09T15:19:12.599999428+00:00,0.05,,
62136677,STAR,fail_snr,72.46190557603576,0.9307525169352934,48.55051415121277,21.386720373842746,1.9493434362173334,1.3147836956027783,"(1.0, 5.0)",,,,,,,,,2025-07-09T16:03:26.559999704+00:00,2.26,,
62136692,STAR,ok,91.35054354438441,0.6629362912714114,39.78656000641245,17.661408443964554,1.7788529666501116,6.797771190864818,"(1.0, 5.0)",-76.64945645561559,0.08,5.0,0.01,0.9371460638945291,0.18285714285714286,True,4.497280073161632,2025-07-09T16:08:40.930000305+00:00,0.48,,
62136697,STAR,ok,73.01777125662103,0.6171193339447189,37.991958293485126,20.709957551893492,2.0042141709919323,4.339347165340515,"(10.0, 45.0)",13.017771256621032,0.04,19.0,0.02,0.8428651597363228,0.05948717948717949,True,1.9957946899558678,2025-07-09T16:10:11.719999313+00:00,0.18,,
62136702,STAR,ok,71.7426357159337,0.7644208061522455,32.588857076049344,24.63562376653076,1.991287324319608,5.2012470165120135,"(5.0, 10.0)",-70.2573642840663,0.12,65.0,0.09,-0.9214325798681613,0.1292929292929293,True,6.026252391326908,2025-07-09T16:11:46.389999390+00:00,0.73,,
62136722,STAR,ok,97.6082350102833,0.600097774286587,42.82078538532852,19.212967824200245,1.899553148572191,4.9406015034843875,"(1.0, 5.0)",-84.3917649897167,0.08,7.0,0.02,0.9685730319472645,0.1898901098901099,True,4.211516801208348,2025-07-09T16:26:46.649997711+00:00,0.51,,
62136767,STAR,ok,87.86948676341252,0.8982321752355007,55.391662801274016,22.64864142410321,1.7613333831947715,4.296341939265717,"(5.0, 15.0)",-88.13051323658748,0.02,4.0,0.01,1.0,0.11018315018315018,True,1.1355033743653493,2025-07-09T16:45:36.899997711+00:00,0.91,,
62136777,STAR,ok,103.43563661078036,0.8334188006189385,43.12945806552435,18.4576865224583,1.8649525052459393,5.395795833552667,"(1.0, 5.0)",-86.56436338921964,0.06,53.0,0.09,-0.9214325798681613,0.18666666666666668,True,3.2172401083258437,2025-07-09T16:46:00.359999895+00:00,0.58,,
62136782,STAR,ok,84.11054972094102,0.644484672268028,35.972975064675545,26.705166223949465,1.8303354766368722,5.632997758031263,"(1.0, 5.0)",-79.88945027905898,0.08,8.0,0.01,-0.03707621162304742,0.1898901098901099,True,4.370783444955951,2025-07-09T16:46:27.930000305+00:00,0.88,,
62136787,STAR,ok,88.18452831865919,0.6948850354689697,40.03683992698251,22.996861768859873,1.9662189132598473,2.9585492119322696,"(1.0, 8.0)",-81.81547168134081,0.08,11.0,0.01,0.45497479954060616,0.10666666666666667,True,4.068722941300867,2025-07-09T16:47:14.039999962+00:00,0.39,,
62136812,STAR,ok,85.53021351916244,0.5632825512851469,51.65834489182965,19.45116640053175,1.8334401488868457,2.465794157601473,"(2.0, 8.0)",-80.46978648083756,0.08,5.0,0.01,0.0,0.20800000000000002,True,4.363382139775393,2025-07-09T17:28:39.619998932+00:00,0.54,,
62136832,STAR,ok,78.53110897908417,0.7226956764270085,71.6797592561512,21.67383376356507,1.913071172051198,2.685280204850537,"(2.0, 8.0)",8.531108979084166,0.06,9.0,0.01,0.9371460638945291,0.1980952380952381,True,3.1363182340815845,2025-07-09T17:40:13.659999847+00:00,0.12,,
62136852,STAR,fail_no_result,62.67262614730955,0.6174881735824685,34.99582337758494,23.649748308173365,1.9943638509361943,3.642958691167495,"(10.0, 45.0)",,,,,,,,,2025-07-09T17:52:18.539999008+00:00,0.47,,
62136867,STAR,ok,69.01085452107768,0.8388033611071074,34.3535231816412,25.895770121467496,1.8703336912912785,2.404085047176031,"(1.0, 8.0)",-82.98914547892232,0.06,14.0,0.01,-0.0414774743915689,0.11851851851851851,True,3.207983702553954,2025-07-09T18:00:44.549999237+00:00,0.77,,
62136907,STAR,ok,100.38539334295338,0.9481082617353187,43.7357145141239,20.90201232475137,1.9064396112160529,5.588422719828962,"(5.0, 15.0)",-83.61460665704662,0.02,6.0,0.01,0.9371460638945291,0.09533793103448275,True,1.0490759781917605,2025-07-09T18:28:30.029998779+00:00,0.67,,
62136912,STAR,ok,93.07771132465788,0.7382740105328995,62.6220340339541,22.41375739194275,1.7246402753423387,3.81423046742623,"(1.0, 5.0)",9.077711324657884,0.08,17.0,0.05,0.053922979670755544,0.2016969696969697,True,4.638648484775767,2025-07-09T18:30:51.270000458+00:00,1.15,,
62136922,STAR,ok,90.04251911673178,0.6410878577243302,44.083162037011526,19.908501018230627,1.890361305167435,4.4210904954382695,"(1.0, 5.0)",-85.95748088326822,0.08,4.0,0.02,0.31092072523287984,0.1980952380952381,True,4.231995216010526,2025-07-09T18:38:19.510000229+00:00,0.31,,
62136927,STAR,ok,99.9977365761225,0.7922321003510864,43.7053414547834,22.61767744845558,1.8529002757537136,4.95474479061619,"(1.0, 5.0)",-78.0022634238775,0.18,53.0,0.06,-0.9842865159736324,0.21333333333333335,True,9.714500146360034,2025-07-09T18:42:21.609998703+00:00,0.59,,
62136942,STAR,ok,93.78717639552887,0.8620231077289395,39.22790726169962,32.58475751350766,1.6773942403415871,7.043274117568452,"(3.0, 5.0)",-74.21282360447113,0.08,68.0,0.09,0.0,0.21942857142857142,True,4.769302175719208,2025-07-09T18:49:29.879999161+00:00,0.72,,
62136952,STAR,ok,87.82748763288681,0.5709391796899952,45.81805055055059,20.163310486510102,1.875949878960832,5.588754052245415,"(1.0, 5.0)",-86.17251236711319,0.08,3.0,0.01,0.0,0.1980952380952381,True,4.264506258787436,2025-07-09T19:02:38.090000153+00:00,0.25,,
62136997,STAR,ok,96.93004596867972,0.7776592593133351,36.84276495966984,30.03433841082326,1.7719726044081672,14.615739270555208,"(3.0, 5.0)",-11.069954031320265,0.08,91.0,0.1,0.0,0.19692307692307692,True,4.514742485351218,2025-07-09T19:25:14.139999390+00:00,0.53,,
62137007,STAR,fail_snr,91.28008087075911,0.6769641153363435,81.12087911796908,22.009584549172533,1.7189044873758852,1.301996828907008,"(1.0, 15.0)",,,,,,,,,2025-07-09T19:31:17.520000458+00:00,0.38,,
62137012,STAR,ok,91.88729481545478,0.7178793802373828,39.95458102343276,31.665205291549263,1.9450100211853212,5.560229732388528,"(10.0, 45.0)",9.88729481545478,0.02,3.0,0.01,0.0,0.0667750677506775,True,1.0282723370140618,2025-07-09T19:31:56.099998474+00:00,0.47,,
62137027,STAR,fail_exception,71.51206589732391,0.654427206301752,65.65772813548105,21.537502881429205,2.0067105963736265,3.610636215750831,"(1.0, 5.0)",,,,,,,,,2025-07-09T19:33:29.369998932+00:00,0.73,unsupported operand type(s) for /: 'NoneType' and 'float',"Traceback (most recent call last):
  File ""/Users/mhemmett/Seismology/mt-rainier/scripts/run_sws_generic.py"", line 187, in process_event
    splitting_obj.perform_sws_analysis(coord_system='LQT', sws_method='EV_and_XC',
    ~~~~~~~~~~~~~~~~~~~~~~~~~~~~~~~~~~^^^^^^^^^^^^^^^^^^^^^^^^^^^^^^^^^^^^^^^^^^^^
                                        cluster_eps=CLUSTER_EPS, cluster_min_samples=CLUSTER_MIN_SAMPLES)
                                        ^^^^^^^^^^^^^^^^^^^^^^^^^^^^^^^^^^^^^^^^^^^^^^^^^^^^^^^^^^^^^^^^^
  File ""/Users/mhemmett/Seismology/mt-rainier/swspy/splitting/split_windowcheck.py"", line 1695, in perform_sws_analysis
    Q_w = self._calc_Q_w(opt_phi, opt_lag, grid_search_results_all_win_XC, tr_T, method=""dbscan"")
  File ""/Users/mhemmett/Seismology/mt-rainier/swspy/splitting/split_windowcheck.py"", line 1385, in _calc_Q_w
    dt_diff = opt_lag_XC / opt_lag_EV
              ~~~~~~~~~~~^~~~~~~~~~~~
TypeError: unsupported operand type(s) for /: 'NoneType' and 'float'
"
62137057,STAR,ok,92.83005227742555,0.7288118827551922,59.73923649665649,23.47112744120979,1.7464569942917318,3.7170632727316226,"(1.0, 8.0)",-81.16994772257445,0.08,8.0,0.02,0.0,0.26819047619047615,True,4.580702545867363,2025-07-09T19:50:06.500000+00:00,0.88,,
62137062,STAR,fail_incidence,112.27408300316519,0.7625250403008099,31.46119516302008,62.495851745050146,1.2232967009687523,4.4729595727315585,"(1.0, 5.0)",,,,,,,,,2025-07-09T19:52:25.529998779+00:00,0.5,,
62137087,STAR,ok,71.27531736602043,0.7527369366525806,61.876845781883446,21.50781871101959,1.9779904734506255,3.068961197191969,"(10.0, 45.0)",9.275317366020431,0.04,18.0,0.01,0.5269614898353778,0.056434108527131786,True,2.0222544312976174,2025-07-09T20:01:46.950000763+00:00,1.47,,
62137092,STAR,ok,101.91362482108285,0.6993586475507281,43.35243968520515,15.662975105581907,2.0248035452737274,2.6857648087989343,"(1.0, 15.0)",7.913624821082863,0.12,55.0,0.03,0.0,0.07200000000000001,True,5.92650088351053,2025-07-09T20:01:07.519999981+00:00,0.42,,
62137112,STAR,ok,98.1883670487462,0.9037561620297996,56.32449351271346,20.05658269025183,1.916675619646503,7.323857412176364,"(1.0, 5.0)",88.1883670487462,0.08,59.0,0.09,0.0,0.16672268907563023,True,4.173893546720993,2025-07-09T20:12:29.599998474+00:00,1.04,,
62137127,STAR,ok,90.42721366683669,0.7523626352142618,37.61901478580232,32.253019676159205,1.8226503401245562,5.43483781259355,"(10.0, 20.0)",10.427213666836693,0.02,4.0,0.01,0.0,0.0745945945945946,True,1.0973031721834943,2025-07-09T20:17:01.390000105+00:00,0.55,,
62137177,STAR,ok,97.41151611559215,0.6530825975036347,43.661484660045225,28.302250305743748,1.6552201469212493,3.394615919827295,"(1.0, 5.0)",31.41151611559215,0.06,51.0,0.03,0.17973205220925548,0.16253968253968254,True,3.6248954624918923,2025-07-09T21:23:07.699999809+00:00,0.84,,
62137197,STAR,ok,96.19646963612814,0.762424130725861,62.52019851921624,20.274107364237754,1.894582094730614,3.8990424863429256,"(3.0, 5.0)",-89.80353036387186,0.06,4.0,0.02,0.47979111507912775,0.18379487179487178,True,3.166925316505287,2025-07-09T21:33:02.669999838+00:00,0.41,,
62137212,STAR,ok,95.52971695362035,0.6194519043842446,88.74461123338911,22.202832472973306,1.7896755866036465,4.482008551974011,"(1.0, 5.0)",-86.47028304637965,0.08,5.0,0.02,1.0,0.22646153846153846,True,4.470083885528095,2025-07-09T21:41:57.159999847+00:00,0.42,,
62137247,STAR,ok,96.5008397588217,0.6873261498288427,73.6367360021896,19.749632405784357,1.800750472416422,4.683604221131375,"(5.0, 15.0)",-87.4991602411783,0.02,5.0,0.01,-0.8271516757099551,0.1013664596273292,True,1.1106480495969027,2025-07-09T21:58:26.829999924+00:00,0.68,,
62137252,STAR,ok,91.70474186735527,0.7723205587991139,42.23427235456854,20.06804419680629,1.8896312179264132,5.0150174207532725,"(1.0, 5.0)",-82.29525813264473,0.08,8.0,0.01,0.9685730319472645,0.18285714285714286,True,4.233630310563349,2025-07-09T21:59:34.450000763+00:00,0.21,,
62137257,STAR,ok,90.02304794967672,0.6517252097645962,36.255996923085625,39.67529192409117,1.7267794654658153,4.037316000335911,"(1.0, 5.0)",44.02304794967672,0.06,16.0,0.01,0.7461408964712031,0.18379487179487178,True,3.4746764830107835,2025-07-09T22:00:05.359999657+00:00,0.3,,
62137262,STAR,ok,96.60321391113918,0.8718209252570919,41.99053620126558,32.69131659925762,1.7456419898139974,8.38688434232009,"(1.0, 5.0)",-87.39678608886082,0.16,49.0,0.03,0.0,0.19165775401069518,True,9.165682364059563,2025-07-09T22:00:55.959999084+00:00,0.42,,
62137297,STAR,ok,93.50970698384245,0.6734284547047897,44.400179409209095,32.319142005437925,1.7629656156692857,5.890653342593819,"(5.0, 10.0)",-80.49029301615755,0.02,4.0,0.01,-0.8585786437626906,0.13847953216374267,True,1.134452074518043,2025-07-09T22:36:37.959999084+00:00,0.68,,
62137327,STAR,ok,58.76359959125427,0.9215425272194634,38.51322742569951,29.509198013362177,1.8781108105762578,6.422083875481317,"(1.0, 15.0)",-77.23640040874574,0.12,9.0,0.01,1.0,0.09600000000000002,True,6.38939935408713,2025-07-09T22:52:28.500000+00:00,0.41,,
62137407,STAR,ok,89.45749049152096,0.9665452300968616,50.23826778089556,19.39665371760272,1.8241836810593446,2.770872763030226,"(1.0, 5.0)",-76.54250950847904,0.06,50.0,0.08,-0.043024311105134605,0.21482517482517482,True,3.289142459884119,2025-07-09T23:44:28.119998932+00:00,1.37,,
62137427,STAR,ok,93.36366630714512,0.877550646002881,51.908761006294725,23.051417947498273,1.760157253417959,4.323006123303011,"(1.0, 5.0)",-80.63633369285488,0.08,10.0,0.02,1.0,0.22646153846153846,True,4.545048452043254,2025-07-09T23:53:27.049999237+00:00,0.09,,
62137437,STAR,ok,63.11559074669089,0.6420369680313214,30.704863886713554,27.74724872769883,1.9451087333015085,5.740616230266134,"(1.0, 5.0)",-54.884409253309116,0.12,91.0,0.1,-0.06544392264113186,0.17375565610859728,True,6.169320919983704,2025-07-09T23:57:29.529998779+00:00,0.79,,
62137462,STAR,ok,74.51453417305218,0.6304447167074037,38.53179535040005,20.393026634327434,1.9898175603711725,2.8236915470297674,"(1.0, 5.0)",-69.48546582694782,0.08,15.0,0.02,0.0,0.1898901098901099,True,4.02046909190394,2025-07-10T00:10:05.069999695+00:00,0.75,,
62137497,STAR,ok,93.07672573000949,0.9811473199674903,58.82426244000969,21.588807753799305,1.9117051405005807,4.714361559331336,"(10.0, 45.0)",7.0767257300094855,0.02,12.0,0.01,0.0,0.054044444444444444,True,1.0461864424742295,2025-07-10T00:24:22.209999084+00:00,0.97,,
62137502,STAR,ok,93.62919090669956,0.6864280178962856,61.31770263851451,21.999201397201816,1.74051851928674,3.573510419528284,"(1.0, 5.0)",31.629190906699563,0.08,49.0,0.04,0.0,0.19692307692307692,True,4.596331444538941,2025-07-10T00:29:16.680000305+00:00,0.46,,
62137532,STAR,ok,94.65177220569124,0.551097222447546,74.76521646751489,21.091089418268687,1.7811349683725777,5.301957610032918,"(5.0, 15.0)",-87.34822779430876,0.02,5.0,0.01,0.9371460638945291,0.1013664596273292,True,1.1228795321599907,2025-07-10T00:42:57.919998169+00:00,0.31,,
62137537,STAR,ok,78.12271996799998,0.590503704472016,37.88653394671635,21.262388760175142,2.0220558658437273,2.7698789637150485,"(1.0, 5.0)",-63.877280032000016,0.12,54.0,0.03,-0.6071628993408069,0.17846153846153848,True,5.9345541350771995,2025-07-10T00:43:05.219999790+00:00,0.92,,
62137612,STAR,ok,88.89889165648478,0.6224707370476392,56.142142802442564,19.08385475650171,1.8441705263047732,3.0749619659507297,"(5.0, 45.0)",-85.10110834351522,0.02,8.0,0.01,1.0,0.07535930735930736,True,1.084498408076973,2025-07-10T01:18:48.739998102+00:00,0.28,,
62137657,STAR,fail_no_result,96.5008397588217,0.7021469573017386,72.46541894901432,21.6218794373089,1.764940888554388,6.319546895004189,"(5.0, 15.0)",,,,,,,,,2025-07-10T01:33:03.900000095+00:00,0.19,,
62137732,STAR,ok,90.62696027051031,0.5693078515775087,64.77605753560458,24.07212139267993,1.7086463005296,3.6344707793865427,"(1.0, 5.0)",12.62696027051031,0.08,6.0,0.02,0.0327587914302061,0.20779220779220778,True,4.682069072762675,2025-07-10T02:11:12.259999274+00:00,0.54,,
62137797,STAR,ok,93.29780646011609,0.8307946787527621,44.49638559347215,23.57268746528091,1.7614440883857838,3.3167350120784684,"(5.0, 45.0)",13.297806460116092,0.02,8.0,0.01,0.0,0.06875331564986738,True,1.1354320089903238,2025-07-10T02:43:48.279998779+00:00,-0.07,,
62137807,STAR,ok,91.38312802949758,0.678886949488811,80.05897102899286,22.500176630005903,1.6343312908227294,3.9105227658260806,"(1.0, 5.0)",29.383128029497584,0.08,15.0,0.03,0.0,0.1898901098901099,True,4.894968385493473,2025-07-10T02:45:10.099999428+00:00,0.27,,
62137812,STAR,ok,92.90809826184724,0.8435526372792221,41.45962688852464,22.99864207976748,1.740772514249891,4.43067543014668,"(1.0, 15.0)",-85.09190173815276,0.02,6.0,0.01,0.9371460638945291,0.0861952861952862,True,1.1489151992164877,2025-07-10T02:46:42.229999542+00:00,0.15,,
62137832,STAR,fail_no_result,76.3668039335795,0.7506259091022534,85.08145894831107,17.168904781983453,1.7833987408868541,5.13861011590426,"(1.0, 5.0)",,,,,,,,,2025-07-10T03:01:02.759999990+00:00,-0.07,,
62137872,STAR,ok,89.49843717627974,0.619234867039056,46.5569736883598,22.36918495419424,1.772528093659216,3.928048171248398,"(5.0, 45.0)",7.498437176279737,0.02,50.0,0.01,0.053922979670755544,0.061767441860465115,True,1.1283319046702327,2025-07-10T03:45:04+00:00,0.17,,
62137882,STAR,ok,96.93613715386708,0.9002287563969259,52.30371173717195,21.861583338615365,1.773041135082358,5.654192348277172,"(1.0, 5.0)",-89.06386284613292,0.08,7.0,0.02,0.0,0.19200000000000003,True,4.512021656862687,2025-07-10T03:47:20.479999542+00:00,0.17,,
62137887,STAR,ok,100.64257468393578,0.6991485079442356,79.66711143819705,22.970710325635338,1.8096704666937768,5.0563812836849475,"(10.0, 45.0)",82.64257468393578,0.06,7.0,0.01,-0.9214325798681613,0.06532299741602067,True,3.3155207594020424,2025-07-10T03:53:40.189998627+00:00,0.33,,
62137892,STAR,ok,87.738250683438,0.6688615937719975,42.36642418467135,23.817106794507737,1.670414127316822,2.9636078795114704,"(1.0, 5.0)",-86.261749316562,0.08,6.0,0.02,-0.8900056118154259,0.1767619047619048,True,4.7892315259871285,2025-07-10T04:10:02.450000048+00:00,-0.06,,
62137902,STAR,ok,98.07049732022641,0.9436940960149507,42.56371025132029,22.592203074602125,1.763160056865641,5.557041367915449,"(3.0, 5.0)",2.0704973202264227,0.16,52.0,0.03,0.0,0.19692307692307692,True,9.074615737633659,2025-07-10T04:36:30.129999161+00:00,0.26,,
62137912,STAR,fail_incidence,77.15307278182155,0.7890023716083431,28.63786623147101,56.75866473974202,1.20564883820242,4.741730341179236,"(1.0, 5.0)",,,,,,,,,2025-07-10T04:53:37.829998016+00:00,0.44,,
62137922,STAR,ok,74.39111390571999,0.8692443442696152,29.980775247626593,33.63477969215256,1.7734466521469772,11.940376952069425,"(3.0, 5.0)",16.39111390571999,0.14,53.0,0.06,0.0,0.1767619047619048,True,7.894232388130347,2025-07-10T05:01:19.209999084+00:00,0.61,,
62137932,STAR,ok,67.74614578413014,0.8742021162901755,32.65959669146129,32.90509603834248,1.8477511990511852,8.806190049787514,"(1.0, 5.0)",9.746145784130135,0.08,54.0,0.06,0.0,0.1767619047619048,True,4.32958723236547,2025-07-10T05:03:34.610000610+00:00,0.33,,
62137937,STAR,ok,88.39154579018272,0.5383450411354744,40.649405143937905,23.673762070990755,1.7017863164192777,3.8840916593199584,"(5.0, 30.0)",8.391545790182718,0.02,6.0,0.01,1.0,0.0748051948051948,True,1.1752356807100157,2025-07-10T05:06:14.329999924+00:00,0.53,,
62137942,STAR,ok,72.05100379169978,0.8938745071698081,29.11587038199401,32.05865574677952,1.8437144333803834,12.644832550797728,"(1.0, 5.0)",4.0510037916997845,0.1,8.0,0.02,0.0,0.17375565610859728,True,5.423833441313015,2025-07-10T05:06:27.250000+00:00,0.71,,
62137947,STAR,ok,90.63605242424181,0.5749542342902507,43.84370884454775,23.178829024622,1.7166732053226692,3.8535331880528467,"(1.0, 8.0)",-81.36394757575819,0.08,5.0,0.01,0.0,0.1653333333333333,True,4.660176424490942,2025-07-10T05:19:37.219997406+00:00,0.43,,
62137952,STAR,ok,96.7060534134355,0.6495375204273722,70.97688379891555,22.57578376434403,1.8159188021344308,5.27553408945366,"(1.0, 5.0)",-85.2939465865645,0.08,5.0,0.02,1.0,0.19692307692307692,True,4.405483323701919,2025-07-10T05:23:03.490000010+00:00,0.32,,
62137957,STAR,ok,87.17248582019631,0.7334859735649515,58.613278339220614,33.38791112169358,1.772748912511721,2.0177604519394263,"(1.0, 8.0)",-86.82751417980369,0.08,6.0,0.01,0.9685730319472645,0.13104761904761905,True,4.512765425231705,2025-07-10T05:28:40.700000763+00:00,0.96,,
62137972,STAR,ok,70.95956283169919,0.8965207186531788,27.68463580715037,33.90928152853507,1.8624848292764271,6.8213773718961495,"(1.0, 8.0)",18.959562831699188,0.08,15.0,0.01,0.0,0.1552941176470588,True,4.295337000467268,2025-07-10T05:34:02.539999962+00:00,0.44,,
62137977,STAR,fail_exception,93.19353966068851,0.6497304854849346,85.93373847171928,22.196259892114792,1.839535554830647,4.679743228956009,"(1.0, 5.0)",,,,,,,,,2025-07-10T05:35:27.899999619+00:00,0.51,unsupported operand type(s) for /: 'NoneType' and 'float',"Traceback (most recent call last):
  File ""/Users/mhemmett/Seismology/mt-rainier/scripts/run_sws_generic.py"", line 187, in process_event
    splitting_obj.perform_sws_analysis(coord_system='LQT', sws_method='EV_and_XC',
    ~~~~~~~~~~~~~~~~~~~~~~~~~~~~~~~~~~^^^^^^^^^^^^^^^^^^^^^^^^^^^^^^^^^^^^^^^^^^^^
                                        cluster_eps=CLUSTER_EPS, cluster_min_samples=CLUSTER_MIN_SAMPLES)
                                        ^^^^^^^^^^^^^^^^^^^^^^^^^^^^^^^^^^^^^^^^^^^^^^^^^^^^^^^^^^^^^^^^^
  File ""/Users/mhemmett/Seismology/mt-rainier/swspy/splitting/split_windowcheck.py"", line 1695, in perform_sws_analysis
    Q_w = self._calc_Q_w(opt_phi, opt_lag, grid_search_results_all_win_XC, tr_T, method=""dbscan"")
  File ""/Users/mhemmett/Seismology/mt-rainier/swspy/splitting/split_windowcheck.py"", line 1385, in _calc_Q_w
    dt_diff = opt_lag_XC / opt_lag_EV
              ~~~~~~~~~~~^~~~~~~~~~~~
TypeError: unsupported operand type(s) for /: 'NoneType' and 'float'
"
62137982,STAR,fail_no_result,92.28875643297121,0.7073176806835335,43.06053416345538,20.736234426396116,1.83064296941048,5.134923041732837,"(1.0, 5.0)",,,,,,,,,2025-07-10T05:35:59.009998322+00:00,0.08,,
62137992,STAR,ok,88.89140687192554,0.7124931860925302,45.4113793301045,21.855028833469113,1.7865272365164049,3.6147973634916295,"(1.0, 5.0)",-81.10859312807446,0.08,5.0,0.02,0.9685730319472645,0.1980952380952381,True,4.477961397106603,2025-07-10T05:44:49.049999237+00:00,1.32,,
62138027,STAR,ok,97.85570517410248,0.7455220975428094,55.54148582278849,21.488765842338676,1.7993738584476522,3.4673335649844392,"(1.0, 5.0)",-88.14429482589752,0.08,91.0,0.1,0.0,0.18196078431372548,True,4.445991010951846,2025-07-10T06:18:49.520000458+00:00,0.2,,
62138042,STAR,ok,90.02590087321178,0.8915000771061494,28.894313407804514,38.075383039675344,1.6902599843640984,7.806053977399146,"(1.0, 5.0)",38.02590087321178,0.06,64.0,0.06,0.9371460638945291,0.1898901098901099,True,3.5497497754804224,2025-07-10T06:40:57.649997711+00:00,0.29,,
62138052,STAR,ok,86.53456907970164,0.6086420370442402,48.951151842910754,23.311897546188696,1.8270451575817175,4.61916207194942,"(5.0, 15.0)",-87.46543092029836,0.02,5.0,0.01,0.9685730319472645,0.08985221674876848,True,1.094663693286709,2025-07-10T07:03:38.680000305+00:00,0.28,,
62138057,STAR,fail_no_result,71.52247359914452,0.8190355921071526,32.950509810367365,20.023340599038644,1.9443223023673826,2.5781630193716882,"(1.0, 8.0)",,,,,,,,,2025-07-10T07:08:49.950000763+00:00,0.7,,
62138062,STAR,ok,102.91255079533434,0.8678616593651547,41.73678430807576,23.703390626224135,1.7379289644439806,4.391336565986785,"(1.0, 5.0)",8.91255079533434,0.14,51.0,0.09,0.0,0.16672268907563023,True,8.05556515048879,2025-07-10T07:14:18.590000153+00:00,-0.01,,
62138067,STAR,ok,70.856110395794,0.8505784047312333,36.80868935484603,32.12131917910785,1.9255344179652123,4.654993883191157,"(1.0, 15.0)",-7.143889604205995,0.1,52.0,0.03,0.09446148618625827,0.10811463046757164,True,5.193363414696785,2025-07-10T07:22:58.819999695+00:00,0.41,,
62138077,STAR,ok,89.4342536783709,0.6440724912293939,54.61167318287486,19.310211709528126,1.805606822841806,4.748080747103818,"(1.0, 5.0)",-78.5657463216291,0.08,3.0,0.01,0.9371460638945291,0.20512820512820515,True,4.43064342624103,2025-07-10T07:37:50.529998779+00:00,0.39,,
62138082,STAR,ok,87.57181605406063,0.7266382379555594,40.05804915667283,21.959192938071972,1.6667108626660834,4.641359955651882,"(1.0, 5.0)",-84.42818394593937,0.08,4.0,0.01,-0.9842865159736323,0.1980952380952381,True,4.79987271889687,2025-07-10T07:38:24.569999695+00:00,0.19,,
62138087,STAR,ok,73.36409920911666,0.8186964726278994,33.69319139954036,38.67033976201243,1.712790996803529,2.222230688095966,"(5.0, 45.0)",-14.63590079088334,0.04,10.0,0.01,0.0110486911085943,0.08612836438923395,True,2.335369585352177,2025-07-10T07:49:25.869998932+00:00,0.37,,
62138092,STAR,ok,71.32145936057117,0.8624887312995971,28.68646356676941,29.47161620436396,1.9781399786868286,11.809573319821808,"(3.0, 5.0)",17.32145936057117,0.16,57.0,0.09,0.0,0.17142857142857143,True,8.088406367794793,2025-07-10T07:54:33.200000763+00:00,0.52,,
62138097,STAR,ok,75.22672235198014,0.8582952850117035,30.362061091082676,35.51918344640925,1.8203590694518492,5.568208019986725,"(1.0, 8.0)",1.2267223519801433,0.1,19.0,0.02,-0.4927683461994077,0.1552941176470588,True,5.4934216923539285,2025-07-10T07:55:59.709999084+00:00,0.26,,
62138102,STAR,ok,73.90136909496486,0.8659757888779807,32.977457071282906,34.79191824301703,1.803799499702822,3.725666883463374,"(1.0, 5.0)",25.901369094964863,0.14,49.0,0.08,0.0,0.1767619047619048,True,7.761394768269154,2025-07-10T08:08:44.299999237+00:00,0.34,,
62138107,STAR,ok,96.45555575122428,0.5483564017543489,72.29865163509349,21.467482260467303,1.7716899798168744,3.880061251318633,"(1.0, 8.0)",-81.54444424877572,0.08,5.0,0.01,-0.7328707715517487,0.1767619047619048,True,4.515462688809076,2025-07-10T08:15:46.229999542+00:00,0.51,,
62138112,STAR,ok,62.846646761066616,0.6799408681787722,30.881585137135048,27.641098410597852,1.957389360775584,3.72021262024161,"(10.0, 45.0)",76.84664676106661,0.02,24.0,0.01,0.7485842555781164,0.06976744186046512,True,1.0217691176207948,2025-07-10T08:17:21.029998779+00:00,0.4,,
62138127,STAR,ok,72.57439718349156,0.9260489287676472,31.21970475864291,32.345794233032315,1.9059879827323467,7.9146377800503,"(1.0, 5.0)",6.5743971834915556,0.08,50.0,0.04,0.0,0.17846153846153848,True,4.197298237175413,2025-07-10T08:38:07.559999943+00:00,0.77,,
62138142,STAR,ok,62.95608373776387,0.7134853125476299,31.69784144986261,26.929271672290557,1.9593810819175022,5.053510777998762,"(10.0, 45.0)",2.956083737763869,0.04,57.0,0.09,0.11375392877292145,0.05697145621673924,True,2.0414609679121196,2025-07-10T09:16:31.819999695+00:00,0.49,,
62138147,STAR,ok,89.50463717856367,0.522408810780602,51.45600412285932,20.287495321808134,1.8551139210280845,5.927410540675089,"(1.0, 5.0)",-76.49536282143633,0.08,5.0,0.01,0.7996530786638115,0.1898901098901099,True,4.312403626170022,2025-07-10T09:19:28.909999847+00:00,0.31,,
62138152,STAR,ok,90.51846772248008,0.7992939878596961,70.4320956402158,25.502251976679524,1.8233257572265655,6.0125978389716614,"(5.0, 15.0)",-87.48153227751992,0.02,4.0,0.01,1.0,0.10389610389610389,True,1.0968966966397553,2025-07-10T09:26:54.299999237+00:00,0.7,,
62138157,STAR,ok,88.13607162885758,0.7160919006600046,52.781931645077414,17.014470778549075,1.8342752251373373,4.666368507501294,"(1.0, 5.0)",-87.86392837114242,0.08,5.0,0.02,-0.9842865159736324,0.1980952380952381,True,4.361395656641995,2025-07-10T09:40:26.819999695+00:00,0.37,,
62138162,STAR,ok,93.88252469150235,0.9292957083154441,39.12938549012613,33.02179282558596,1.764429293024676,6.900062667878609,"(2.0, 8.0)",19.882524691502354,0.02,3.0,0.01,0.0,0.13847953216374267,True,1.1335109929916753,2025-07-10T09:40:42.779998779+00:00,0.64,,
62138172,STAR,ok,91.66547067113878,0.799855461148641,48.02923228392039,34.76834843725908,1.7603115878886633,4.481272271150246,"(5.0, 45.0)",9.665470671138777,0.02,5.0,0.01,0.0,0.07047619047619047,True,1.1361624917772777,2025-07-10T09:43:35.270000458+00:00,0.34,,
62138182,STAR,ok,95.29759096958047,0.6630652979911449,46.89405994347442,22.905856655381207,1.7076052157628976,3.646540651409034,"(1.0, 15.0)",19.29759096958047,0.02,8.0,0.01,0.0,0.10389610389610389,True,1.1712309036878121,2025-07-10T10:01:23.500000+00:00,0.13,,
62138192,STAR,ok,64.96729120780732,0.6061995926868633,48.22411184770827,23.752275650251754,1.9929304459073882,3.978490784432125,"(1.0, 5.0)",-71.03270879219268,0.1,91.0,0.1,0.24313838373660435,0.1695726495726496,True,5.017736580087704,2025-07-10T10:40:10.300000191+00:00,0.25,,
62138202,STAR,fail_no_result,95.756643571108,0.584259454150555,43.02334546632545,19.661354618149016,1.853907309389545,4.111493189623772,"(1.0, 5.0)",,,,,,,,,2025-07-10T10:40:53.069999695+00:00,0.62,,
62138217,STAR,ok,100.91006127058817,0.8289623033345879,40.17230481878976,19.88198303497416,1.8343935509929468,3.7375885440009746,"(5.0, 10.0)",-87.08993872941183,0.02,11.0,0.01,1.0,0.1048829431438127,True,1.0902785822144934,2025-07-10T11:03:18.989999771+00:00,-0.02,,
62138232,STAR,ok,89.6329719758907,0.7253903333283277,62.34576393042257,30.898882123979497,1.8881714304769062,7.370462652323213,"(1.0, 5.0)",31.632971975890698,0.06,51.0,0.07,0.8742921277890582,0.20512820512820515,True,3.17767756844226,2025-07-10T11:29:20.100000381+00:00,0.62,,
62138242,STAR,ok,93.69921803045422,0.6437514737133214,44.83386932425368,30.951298488578168,1.979404376696494,5.485865863988417,"(10.0, 20.0)",9.699218030454219,0.02,3.0,0.01,1.0,0.07133126934984518,True,1.0104049599697658,2025-07-10T11:32:56.639999390+00:00,0.28,,
62138247,STAR,fail_no_result,92.66733792079819,0.7244513963730861,40.03327488987813,19.936830906202555,1.6948784043563807,3.628027351416703,"(1.0, 5.0)",,,,,,,,,2025-07-10T11:33:55.409999847+00:00,0.13,,
62138252,STAR,ok,72.98088322935087,0.8558903351594369,32.901526956018095,32.10901296915518,1.8465912880620607,10.013040977682662,"(3.0, 5.0)",-59.019116770649134,0.16,91.0,0.1,0.3741394812828589,0.15542857142857142,True,8.664613606398792,2025-07-10T12:14:26.019998550+00:00,0.43,,
62138257,STAR,ok,95.01693457854049,0.6294933640827639,84.46044628144533,22.10501092462057,1.8210123171233543,4.2601311625813,"(1.0, 8.0)",-78.98306542145951,0.08,5.0,0.01,-0.8585786437626906,0.1980952380952381,True,4.393160839591446,2025-07-10T12:25:27.840000153+00:00,0.63,,
62138272,STAR,ok,92.27336441376886,0.7548400525462156,76.31799940130593,19.36824992841915,1.9017086808479173,3.1166536600154044,"(10.0, 45.0)",14.27336441376886,0.06,10.0,0.05,0.52442367646594,0.07822222222222222,True,3.155057375730531,2025-07-10T12:48:08.179999352+00:00,0.86,,
62138277,STAR,ok,94.47171224424159,0.6889887732036455,44.346209008293286,31.412469935230575,1.9660646483094337,5.7520350972829295,"(10.0, 45.0)",12.471712244241587,0.02,4.0,0.01,0.0,0.06661396574440052,True,1.0172605472153453,2025-07-10T12:54:23.699998856+00:00,0.49,,
62138282,STAR,ok,94.88598849842066,0.7325558486730424,60.80963548744313,25.692997539186084,1.903703044223526,7.67431874366944,"(3.0, 5.0)",10.885988498420659,0.16,49.0,0.01,0.0,0.18379487179487178,True,8.404672172243128,2025-07-10T12:59:36.770000458+00:00,0.17,,
62138287,STAR,ok,105.36396135445962,0.6645754916745079,42.191144701979184,37.90325109817047,1.6560488967085536,4.229691759519046,"(1.0, 5.0)",-40.636038645540395,0.04,26.0,0.09,-0.8585786437626906,0.19692307692307692,True,2.415387618052896,2025-07-10T13:03:40.529998779+00:00,0.39,,
62138292,STAR,ok,93.96825273795584,0.6444459072810402,44.56788849159274,18.805696678315325,1.8748244320416236,3.863635014003982,"(1.0, 5.0)",-84.03174726204416,0.08,5.0,0.01,1.0,0.1898901098901099,True,4.267066218722282,2025-07-10T13:05:33.669998169+00:00,0.49,,
62138297,STAR,ok,93.04621949314523,0.8184253665447526,54.03492093233501,36.81226953442198,1.8156751079316094,4.451386330306043,"(3.0, 30.0)",13.04621949314523,0.02,4.0,0.01,0.0,0.08007820136852395,True,1.1015186534546761,2025-07-10T13:15:25.609998703+00:00,0.82,,
62138307,STAR,ok,97.55579104624422,0.7343713969316095,40.92236610865587,23.470422418133083,1.709154712177784,5.7319188968609565,"(1.0, 8.0)",-86.44420895375578,0.08,10.0,0.01,0.9685730319472645,0.14400000000000002,True,4.680676326724395,2025-07-10T13:30:24.699998856+00:00,0.66,,
62138312,STAR,ok,91.09203878490099,0.733504007595349,41.24502011001462,22.985299228280983,1.7840848125210247,4.463960224893123,"(1.0, 8.0)",-76.90796121509901,0.08,6.0,0.02,0.0,0.22755555555555554,True,4.484091756095101,2025-07-10T13:34:50.849998474+00:00,0.22,,
62138317,STAR,fail_no_result,95.9603538289545,0.5427993567023677,65.8457433111221,17.815794086643262,1.873346851972185,5.66541597065005,"(5.0, 10.0)",,,,,,,,,2025-07-10T13:47:55.559997559+00:00,0.24,,
62138322,STAR,ok,94.80953478282355,0.9440567155971293,38.786267720456806,29.429019640168924,1.822735729496797,5.923704744239205,"(1.0, 5.0)",-77.19046521717645,0.1,54.0,0.08,-0.9214325798681613,0.1767619047619048,True,5.486258835097671,2025-07-10T14:03:41.799999237+00:00,1.14,,
62138332,STAR,ok,68.60762280481156,0.7049051347533173,31.99201692450718,25.437987921047444,2.0688900877192036,7.0942635098321425,"(10.0, 45.0)",-1.3923771951884447,0.02,7.0,0.01,0.0,0.055677655677655674,True,0.9667019103005372,2025-07-10T14:12:42.009998322+00:00,0.4,,
62138337,STAR,ok,93.50970698384245,0.7880179780671306,52.72151064398127,33.200533270997354,1.7306531984656774,5.702883519380613,"(2.0, 8.0)",-80.49029301615755,0.08,9.0,0.04,0.0,0.1527017543859649,True,4.622532120873469,2025-07-10T14:19:23.539999008+00:00,0.38,,
62138357,STAR,ok,86.8262152279097,0.7584292604974668,42.17482973892503,21.656971651443794,1.818669959816886,4.618789488660255,"(10.0, 45.0)",8.8262152279097,0.02,7.0,0.01,0.9685730319472645,0.05171717171717171,True,1.0997047535779232,2025-07-10T14:50:31.789999008+00:00,0.13,,
62138367,STAR,ok,88.25500260930556,0.7940745337158492,37.146155844674496,21.581013586694798,1.7307216957898433,3.4648511381888474,"(2.0, 8.0)",-85.74499739069444,0.08,8.0,0.01,-0.8900056118154259,0.16672268907563023,True,4.622349173446438,2025-07-10T15:15:03.019999981+00:00,0.09,,
62138387,STAR,ok,100.80386330762742,0.7205918932580073,46.84387546117919,18.99080076322294,1.8838253352450434,5.402679362725331,"(1.0, 5.0)",-83.19613669237258,0.14,91.0,0.1,0.0,0.17142857142857143,True,7.431686865055839,2025-07-10T15:32:27.389999390+00:00,0.17,,
62138507,STAR,ok,95.49691543347069,0.7060842550047883,42.67924412063756,23.449107393557,1.8986000783969714,3.8232765284339507,"(1.0, 5.0)",-76.50308456652931,0.08,3.0,0.01,0.0,0.18285714285714286,True,4.213630922608289,2025-07-10T17:01:46.450000763+00:00,0.08,,
62138537,STAR,ok,71.31267249580424,0.5840497632620021,57.88641984766752,20.921926219799353,2.103773565638538,3.8828775297141176,"(3.0, 30.0)",9.312672495804236,0.02,8.0,0.01,0.0,0.10741258741258741,True,0.9506726544465157,2025-07-10T17:15:33.709999084+00:00,0.8,,
62138572,STAR,fail_no_result,65.86756352240624,0.625802266663652,60.974301370955054,22.359049360086978,1.9622825440774005,3.465989542815096,"(1.0, 8.0)",,,,,,,,,2025-07-10T17:54:49.629997253+00:00,0.61,,
62138582,STAR,ok,90.79371492226146,0.9249406340078081,38.3213156646564,34.18684158741722,1.8398637078459723,7.610597115865614,"(1.0, 5.0)",-71.20628507773854,0.08,7.0,0.02,0.052089692736024706,0.1898901098901099,True,4.34814816221688,2025-07-10T18:00:29.699998856+00:00,0.39,,
62138607,STAR,ok,75.96393807617751,0.9086681235466251,52.65571134806707,30.192593422901336,1.900351883007161,2.1273252910806937,"(1.0, 15.0)",87.96393807617751,0.02,9.0,0.01,0.0,0.09663817663817664,True,1.0524366660111144,2025-07-10T18:19:41.169998169+00:00,1.61,,
62138632,STAR,ok,69.61816865845769,0.7077305061368495,53.98513061506148,25.192834137482247,2.0973477791882087,3.400254887595916,"(1.0, 5.0)",-64.38183134154231,0.14,21.0,0.02,-0.4814550271298651,0.19200000000000003,True,6.675097062547628,2025-07-10T18:30:31.599998474+00:00,0.41,,
62138642,STAR,ok,78.18925370864349,0.6645378307174019,34.597185192921,22.845214848828526,2.1564905152984823,3.7933653730626675,"(1.0, 15.0)",0.18925370864349134,0.12,12.0,0.01,0.0,0.08869772998805256,True,5.564596697676208,2025-07-10T18:37:37.700000763+00:00,0.62,,
62138667,STAR,ok,81.12212402306885,0.6503400402321169,35.82146663918524,21.91254408911388,2.130750802251798,2.9150396508333714,"(1.0, 15.0)",83.12212402306885,0.02,11.0,0.01,0.9371460638945291,0.0883809523809524,True,0.9386362768871803,2025-07-10T19:00:19.829999924+00:00,0.78,,
62138672,STAR,ok,80.81224216115835,0.6132058549363142,35.79552952611267,22.78779804223471,2.120403052286012,3.576938402672393,"(1.0, 15.0)",82.81224216115835,0.02,13.0,0.01,-0.7642977396044841,0.08985221674876848,True,0.943216902958046,2025-07-10T19:04:21.029998779+00:00,0.6,,
62138687,STAR,ok,80.35497136977241,0.633652071134656,36.18131754012993,23.06465364962412,2.079811510531176,3.089642904449875,"(1.0, 15.0)",84.35497136977241,0.02,13.0,0.04,0.0,0.0883809523809524,True,0.9616256039900499,2025-07-10T19:08:22.139999390+00:00,0.67,,
62138692,STAR,ok,81.02506390035617,0.5755871766357834,51.84750991818823,26.025343157108285,2.036268167146711,2.4386896331641905,"(1.0, 5.0)",-56.97493609964383,0.14,17.0,0.02,-0.6549015060572678,0.1767619047619048,True,6.875322330269143,2025-07-10T19:08:31+00:00,1.16,,
62138697,STAR,ok,101.59569754644804,0.7215979638681662,44.61751220537167,20.381332679740144,1.8742664578677268,3.300805176028943,"(1.0, 5.0)",-84.40430245355196,0.08,91.0,0.1,0.0,0.19165775401069518,True,4.268336535831335,2025-07-10T19:09:19.119998932+00:00,0.89,,
62138707,STAR,ok,78.52053570919072,0.6449197581640878,34.954415899987204,21.766802500591442,2.155036751022095,3.495699849448937,"(1.0, 15.0)",80.52053570919072,0.02,15.0,0.04,0.0,0.09007407407407406,True,0.9280584189812244,2025-07-10T19:15:02.429999828+00:00,0.6,,
62138722,STAR,fail_no_result,74.31380921386985,0.6826069229985449,34.219844762712164,24.92470438156646,2.0145934814360844,2.382394048432402,"(1.0, 5.0)",,,,,,,,,2025-07-10T19:31:42.500000+00:00,0.22,,
62138747,STAR,ok,62.588518396235706,0.6813806167498074,32.13071425497064,24.39853935685477,2.003193380200415,4.395079541899635,"(10.0, 45.0)",4.588518396235706,0.02,5.0,0.01,0.0,0.06126495726495726,True,0.9984058552549252,2025-07-10T19:35:34.219997406+00:00,0.25,,
62138772,STAR,fail_exception,96.62096997514861,0.8800692591558892,35.397878972721266,41.540325479785,1.6520649285240294,3.5141533546432218,"(1.0, 5.0)",,,,,,,,,2025-07-10T19:50:26.139999390+00:00,0.769,unsupported operand type(s) for /: 'NoneType' and 'float',"Traceback (most recent call last):
  File ""/Users/mhemmett/Seismology/mt-rainier/scripts/run_sws_generic.py"", line 187, in process_event
    splitting_obj.perform_sws_analysis(coord_system='LQT', sws_method='EV_and_XC',
    ~~~~~~~~~~~~~~~~~~~~~~~~~~~~~~~~~~^^^^^^^^^^^^^^^^^^^^^^^^^^^^^^^^^^^^^^^^^^^^
                                        cluster_eps=CLUSTER_EPS, cluster_min_samples=CLUSTER_MIN_SAMPLES)
                                        ^^^^^^^^^^^^^^^^^^^^^^^^^^^^^^^^^^^^^^^^^^^^^^^^^^^^^^^^^^^^^^^^^
  File ""/Users/mhemmett/Seismology/mt-rainier/swspy/splitting/split_windowcheck.py"", line 1695, in perform_sws_analysis
    Q_w = self._calc_Q_w(opt_phi, opt_lag, grid_search_results_all_win_XC, tr_T, method=""dbscan"")
  File ""/Users/mhemmett/Seismology/mt-rainier/swspy/splitting/split_windowcheck.py"", line 1385, in _calc_Q_w
    dt_diff = opt_lag_XC / opt_lag_EV
              ~~~~~~~~~~~^~~~~~~~~~~~
TypeError: unsupported operand type(s) for /: 'NoneType' and 'float'
"
62138797,STAR,fail_no_result,92.30435569041238,0.7892953402422977,43.053179951648104,24.56416950496022,1.7186979569103886,3.5199455829120767,"(3.0, 15.0)",,,,,,,,,2025-07-10T20:00:20.959999084+00:00,0.31,,
62138827,STAR,ok,66.94350683931904,0.7068557614199048,35.30140105663021,26.804585203924784,1.958524486981072,4.754403204264445,"(1.0, 5.0)",-65.05649316068096,0.16,15.0,0.02,-0.723440170114724,0.158796992481203,True,8.169415346275745,2025-07-10T20:16:01.409999847+00:00,0.32,,
62138842,STAR,ok,92.22970692683307,0.8926898512708817,35.17572799659278,32.41134527502794,1.728715461037485,6.32396371832307,"(5.0, 10.0)",-85.77029307316693,0.02,5.0,0.01,1.0,0.12070175438596492,True,1.1569283928308849,2025-07-10T20:34:03.480000019+00:00,0.21,,
62138852,STAR,ok,70.14085586393627,0.5949424691380772,42.027993315023394,25.348473696123726,2.161729831231659,4.372009389556332,"(1.0, 15.0)",88.14085586393627,0.08,9.0,0.04,0.0,0.09142857142857143,True,3.700739974264939,2025-07-10T20:44:03.230000019+00:00,0.68,,
62138897,STAR,ok,84.65882439364874,0.8966674676832108,42.4430923258796,20.501520897282685,1.8361264924759382,5.86998433916685,"(1.0, 5.0)",-83.34117560635126,0.08,3.0,0.01,0.22459687903645886,0.1898901098901099,True,4.356998296567434,2025-07-10T21:18:15.989999771+00:00,0.47,,
62139007,STAR,ok,81.45272854190921,0.615837613028017,36.99134633597973,23.4118288159792,1.7160493609948178,3.963566874150468,"(1.0, 5.0)",-78.54727145809079,0.14,5.0,0.01,0.0,0.19200000000000003,True,8.158273484559912,2025-07-10T22:31:19.680000305+00:00,0.16,,
62139022,STAR,ok,93.91551922018037,0.5374710711415728,80.67551898373837,22.570802882067152,1.771807481135878,3.635968243897567,"(5.0, 15.0)",-84.08448077981963,0.02,5.0,0.01,0.0,0.1013664596273292,True,1.1287908089866692,2025-07-10T22:35:03.740000010+00:00,0.07,,
62139152,STAR,ok,95.4397222786291,0.5169286908658833,51.17310261196934,18.264017196563792,1.7621356614388894,3.9035155132048143,"(1.0, 15.0)",-88.5602777213709,0.06,6.0,0.03,-0.6385898673935424,0.10768253968253969,True,3.4049591818036533,2025-07-11T00:04:27.539999008+00:00,0.46,,
62139162,STAR,ok,96.47914483173571,0.7321423991625693,57.278593772978695,20.021063693643896,2.4380685390111454,4.8009918556174265,"(1.0, 5.0)",-69.52085516826429,0.1,50.0,0.03,0.19446360176036193,0.1898901098901099,True,4.101607415866945,2025-07-11T00:11:33.369998932+00:00,1.22,,
62139262,STAR,ok,94.39972638932204,0.5409342070074479,40.3133977401038,38.46603544131733,1.6348472340210762,6.741480716204815,"(1.0, 5.0)",88.39972638932204,0.1,12.0,0.04,0.0,0.18196078431372548,True,6.116779471439643,2025-07-11T01:58:15.079999924+00:00,0.53,,
62139277,STAR,ok,90.84173538667073,0.6322644542142812,40.385813275615696,34.07727230447563,1.777569333366834,4.190886422742333,"(10.0, 45.0)",8.841735386670734,0.02,3.0,0.01,0.0,0.064,True,1.125131921696617,2025-07-11T03:12:29.859998703+00:00,0.41,,
62139312,STAR,ok,86.47839069862165,0.716506184401926,56.1630528587543,36.61000812255991,1.7298597715967736,2.6339312610127346,"(1.0, 8.0)",-87.52160930137835,0.08,6.0,0.01,0.4371451736410571,0.14065934065934066,True,4.624652316537471,2025-07-11T04:30:49.239998102+00:00,1.22,,
62139317,STAR,ok,95.87717739457314,0.7702647492226404,69.4879246130396,22.464924580495104,1.7504390779938737,4.615884135064302,"(1.0, 8.0)",-80.12282260542686,0.08,5.0,0.01,0.0,0.1767619047619048,True,4.570281879886139,2025-07-11T04:37:48.860000610+00:00,0.53,,
62139322,STAR,ok,88.88381712091241,0.7368466517320471,40.62511105593341,23.811627021199058,1.6704111784740772,4.830739387261558,"(1.0, 5.0)",-83.11618287908759,0.08,6.0,0.01,0.9685730319472645,0.1898901098901099,True,4.789239980606458,2025-07-11T04:45:02.089999914+00:00,0.34,,
62139342,STAR,ok,91.70796662973567,0.6746617128252144,56.691735436886304,35.831977450254335,1.7115921623061552,3.5108965147329503,"(1.0, 5.0)",67.70796662973567,0.04,91.0,0.1,0.5472307430931291,0.22303030303030305,True,2.3370053264385735,2025-07-11T05:18:05.259999751+00:00,0.48,,
62139347,STAR,ok,86.06716852700623,0.7597944343982912,63.8099044657914,28.81575890987299,1.9245328976022948,2.2335857562391315,"(10.0, 20.0)",22.06716852700623,0.04,6.0,0.01,0.9371460638945291,0.06741510741510742,True,2.0784264093294813,2025-07-11T05:20:17.559999704+00:00,0.16,,
62139357,STAR,ok,96.85467818123362,0.7886580326696031,37.47837069219982,30.730315976021608,1.7482872167713672,4.609879285973322,"(1.0, 5.0)",-89.14532181876638,0.08,9.0,0.02,0.37726955279467567,0.2311111111111111,True,4.5759071640264715,2025-07-11T06:05:17.569999695+00:00,0.07,,
62139377,STAR,ok,90.04133341536739,0.5949295166115232,60.64675814735031,25.43662267164891,1.7194592886322349,4.3244423558103895,"(1.0, 5.0)",-83.95866658463261,0.08,4.0,0.01,0.0,0.1767619047619048,True,4.6526254229396145,2025-07-11T07:10:51.139999390+00:00,0.46,,
62139382,STAR,ok,101.31430752762256,0.6147448207664166,41.83949728206679,21.59824002611495,1.7459419383664199,4.453112597835649,"(1.0, 8.0)",-76.68569247237744,0.08,5.0,0.01,0.0,0.17142857142857143,True,4.582053861129627,2025-07-11T07:14:08.960000038+00:00,0.1,,
62139387,STAR,ok,88.72265402550619,0.7144693238388251,73.73005533169658,21.338279788921614,2.041260085919647,3.116305196929928,"(5.0, 45.0)",-83.27734597449381,0.02,7.0,0.01,0.0,0.0576,True,0.9797869530667583,2025-07-11T07:27:03.509999989+00:00,0.54,,
62139392,STAR,ok,97.43145679841867,0.6779856260849229,48.160603069481176,33.03098997115244,1.7488902183356325,12.345519140927601,"(1.0, 5.0)",-88.56854320158133,0.14,48.0,0.03,0.0,0.17846153846153848,True,8.005076506931001,2025-07-11T07:30:47.139999390+00:00,0.56,,
62139407,STAR,ok,99.02398958515845,0.8049046797966741,68.61436968171341,25.81404466471158,1.754337107347792,3.370775308847376,"(1.0, 20.0)",-82.97601041484155,0.08,7.0,0.01,0.7996530786638115,0.1767619047619048,True,4.560126994118254,2025-07-11T07:53:07.089999676+00:00,1.11,,
62139412,STAR,fail_exception,66.66465656854209,0.6496837704087731,33.131452907068464,25.49040587901998,1.8515708578362506,3.6221077034916096,"(5.0, 15.0)",,,,,,,,,2025-07-11T08:10:37.659999847+00:00,0.59,unsupported operand type(s) for /: 'NoneType' and 'float',"Traceback (most recent call last):
  File ""/Users/mhemmett/Seismology/mt-rainier/scripts/run_sws_generic.py"", line 187, in process_event
    splitting_obj.perform_sws_analysis(coord_system='LQT', sws_method='EV_and_XC',
    ~~~~~~~~~~~~~~~~~~~~~~~~~~~~~~~~~~^^^^^^^^^^^^^^^^^^^^^^^^^^^^^^^^^^^^^^^^^^^^
                                        cluster_eps=CLUSTER_EPS, cluster_min_samples=CLUSTER_MIN_SAMPLES)
                                        ^^^^^^^^^^^^^^^^^^^^^^^^^^^^^^^^^^^^^^^^^^^^^^^^^^^^^^^^^^^^^^^^^
  File ""/Users/mhemmett/Seismology/mt-rainier/swspy/splitting/split_windowcheck.py"", line 1695, in perform_sws_analysis
    Q_w = self._calc_Q_w(opt_phi, opt_lag, grid_search_results_all_win_XC, tr_T, method=""dbscan"")
  File ""/Users/mhemmett/Seismology/mt-rainier/swspy/splitting/split_windowcheck.py"", line 1385, in _calc_Q_w
    dt_diff = opt_lag_XC / opt_lag_EV
              ~~~~~~~~~~~^~~~~~~~~~~~
TypeError: unsupported operand type(s) for /: 'NoneType' and 'float'
"
62139417,STAR,fail_no_result,65.16493806231425,0.6378701397029285,34.95221928310117,29.51954687136275,1.7561218187677465,4.100399350581236,"(1.0, 15.0)",,,,,,,,,2025-07-11T08:12:41.129997253+00:00,0.74,,
62139422,STAR,fail_no_result,72.57760804034848,0.5530583207348094,46.75656352539611,25.834809108363988,2.158740847343723,3.7655744332832315,"(1.0, 20.0)",,,,,,,,,2025-07-11T08:17:04.480000019+00:00,0.47,,
62139427,STAR,ok,70.06505135419361,0.6391413649990526,32.494683335289054,25.209931533465326,2.103483970596407,4.688524650429663,"(10.0, 20.0)",66.06505135419361,0.06,20.0,0.01,0.0,0.08395698924731182,True,2.852410612047023,2025-07-11T08:18:12.359999657+00:00,0.44,,
62139437,STAR,ok,75.4671959604607,0.6296780220998088,34.897779914696194,26.260576612284506,2.044150372983194,4.211996256242143,"(3.0, 30.0)",65.4671959604607,0.06,14.0,0.01,0.6857303194726456,0.09663817663817664,True,2.9352048065053626,2025-07-11T08:24:00.849999905+00:00,0.51,,
62139442,STAR,ok,62.76180509952544,0.6462262883271845,32.87099273827932,26.93344862905893,1.856002344627767,5.3867995753544875,"(5.0, 15.0)",-65.23819490047455,0.12,18.0,0.01,0.0,0.09533793103448275,True,6.465509073700376,2025-07-11T08:28:01.159999847+00:00,0.37,,
62139467,STAR,fail_no_result,66.33056691365603,0.6422231141199166,33.58236523815494,25.49717941916598,1.8576272038551038,4.051345694210394,"(5.0, 15.0)",,,,,,,,,2025-07-11T10:00:41.579998016+00:00,0.35,,
62139482,STAR,ok,72.17404453397474,0.7271357497833764,31.70369772677384,29.38003470387081,1.9388664496017314,4.528885391828505,"(5.0, 10.0)",-79.82595546602526,0.08,52.0,0.09,-0.9214325798681613,0.10898550724637682,True,4.126122251299622,2025-07-11T10:17:37.700000763+00:00,0.65,,
62139487,STAR,ok,86.17395943790325,0.8826164367762145,41.04283098182646,29.941728980688943,1.7890423577128394,10.96498838473465,"(5.0, 10.0)",-89.82604056209675,0.02,5.0,0.01,0.9685730319472645,0.11018315018315018,True,1.117916516273463,2025-07-11T10:25:46.969997406+00:00,0.21,,
62139492,STAR,fail_snr,75.79968643095532,0.6474136319849404,54.8712101597427,21.463091601533918,2.067371628432672,,None,,,,,,,,,2025-07-11T10:47:22.039999008+00:00,0.23,,
62139502,STAR,ok,94.99663346380642,0.6823255687263999,43.158620919174226,18.561028372160923,1.8802842832544246,5.257022794642176,"(1.0, 5.0)",-81.00336653619358,0.08,4.0,0.02,0.9685730319472645,0.19692307692307692,True,4.254675780278011,2025-07-11T11:50:39.989998102+00:00,0.16,,
62139507,STAR,ok,107.34186842703987,0.6790523856159335,48.65428848981278,22.522422481232834,1.8555929655497816,3.4139348515914483,"(3.0, 5.0)",-80.65813157296013,0.08,7.0,0.03,0.0,0.19692307692307692,True,4.311290325262541,2025-07-11T12:15:29.789999008+00:00,0.27,,
62139517,STAR,ok,93.07771132465788,0.6664568451542301,57.56665068002881,18.40209844348998,1.8434314988674296,5.255848796445019,"(1.0, 5.0)",-76.92228867534212,0.08,5.0,0.01,0.9371460638945291,0.18285714285714286,True,4.339732723952614,2025-07-11T12:24:43.520000458+00:00,0.41,,
62139532,STAR,fail_no_result,91.31493797984078,0.8939331670387975,44.86335873110861,31.731156399036674,1.7774153185898878,7.2503757354582845,"(5.0, 10.0)",,,,,,,,,2025-07-11T13:06:19.959999084+00:00,0.63,,
62139537,STAR,ok,90.04769277858162,0.6061066817240318,40.393903584109,21.29717151228317,1.7420776427482185,4.734099837568884,"(1.0, 5.0)",8.04769277858162,0.06,8.0,0.04,0.0,0.2016969696969697,True,3.444163367216335,2025-07-11T13:07:50.319999695+00:00,0.19,,
62139557,STAR,ok,86.30827488520819,0.5326876687972293,64.11927438160421,22.45286004466424,1.6899101322206245,6.598727720131786,"(1.0, 5.0)",-83.69172511479181,0.08,4.0,0.03,0.0,0.18285714285714286,True,4.733979545697858,2025-07-11T13:43:19.689998627+00:00,0.29,,
62139562,STAR,ok,86.76436766984912,0.5834086378103474,43.04719411108975,20.42060900068989,1.8346602435631367,5.242176303904543,"(10.0, 20.0)",84.76436766984912,0.02,7.0,0.01,0.9685730319472645,0.06650472334682861,True,1.0901200955419152,2025-07-11T13:43:36.479999542+00:00,0.18,,
62139567,STAR,ok,94.26832123484745,0.6377688027608732,75.19937184754927,21.75020377634087,1.8487730003796445,4.172580928815871,"(1.0, 20.0)",-83.73167876515255,0.02,6.0,0.01,1.0,0.09336870026525199,True,1.081798576455466,2025-07-11T13:55:36.610000610+00:00,0.33,,
62139572,STAR,fail_no_result,96.7962465466101,0.8433366799791513,70.13224383021517,20.065542425805415,1.897103595837415,4.521854770425181,"(1.0, 15.0)",,,,,,,,,2025-07-11T14:08:23.689998627+00:00,0.23,,
62139597,STAR,ok,91.6992985818572,0.930473341611568,38.31356203496288,29.962235123699934,1.8545135213551112,6.045315533178396,"(3.0, 5.0)",-80.3007014181428,0.1,91.0,0.1,0.0,0.18379487179487178,True,5.392249711230416,2025-07-11T15:00:44.090000153+00:00,0.78,,
62139627,STAR,ok,106.91624922524106,0.5981760115301968,78.22585588259001,22.643559013055437,1.8655174784313435,3.6361833773841576,"(1.0, 15.0)",-83.08375077475894,0.02,4.0,0.01,0.9371460638945291,0.08580219780219782,True,1.0720885883533715,2025-07-11T15:45:43.169998169+00:00,0.07,,
62139647,STAR,ok,68.08669816019831,0.6884969758176198,33.700904568273,26.277876756652955,2.0644897206077286,3.670588588756117,"(1.0, 20.0)",76.08669816019831,0.06,21.0,0.03,-0.4814550271298651,0.09154533844189017,True,2.90628717600675,2025-07-11T16:42:57.709999084+00:00,0.34,,
62139652,STAR,ok,84.58953125573389,0.9591561370669954,51.958398959447706,22.662897794304236,1.786370821138375,4.6480886436352975,"(1.0, 5.0)",-83.41046874426611,0.08,5.0,0.01,1.0,0.1898901098901099,True,4.478353489283907,2025-07-11T16:46:39.349998474+00:00,0.23,,
62139657,STAR,fail_exception,64.79311336613634,0.720002677589445,30.177425436054335,28.44418920430074,1.9608168565304989,3.4766151251428576,"(1.0, 5.0)",,,,,,,,,2025-07-11T16:45:00.019999981+00:00,0.4,unsupported operand type(s) for /: 'NoneType' and 'float',"Traceback (most recent call last):
  File ""/Users/mhemmett/Seismology/mt-rainier/scripts/run_sws_generic.py"", line 187, in process_event
    splitting_obj.perform_sws_analysis(coord_system='LQT', sws_method='EV_and_XC',
    ~~~~~~~~~~~~~~~~~~~~~~~~~~~~~~~~~~^^^^^^^^^^^^^^^^^^^^^^^^^^^^^^^^^^^^^^^^^^^^
                                        cluster_eps=CLUSTER_EPS, cluster_min_samples=CLUSTER_MIN_SAMPLES)
                                        ^^^^^^^^^^^^^^^^^^^^^^^^^^^^^^^^^^^^^^^^^^^^^^^^^^^^^^^^^^^^^^^^^
  File ""/Users/mhemmett/Seismology/mt-rainier/swspy/splitting/split_windowcheck.py"", line 1695, in perform_sws_analysis
    Q_w = self._calc_Q_w(opt_phi, opt_lag, grid_search_results_all_win_XC, tr_T, method=""dbscan"")
  File ""/Users/mhemmett/Seismology/mt-rainier/swspy/splitting/split_windowcheck.py"", line 1385, in _calc_Q_w
    dt_diff = opt_lag_XC / opt_lag_EV
              ~~~~~~~~~~~^~~~~~~~~~~~
TypeError: unsupported operand type(s) for /: 'NoneType' and 'float'
"
62139662,STAR,ok,85.37490122898181,0.5754300504458687,88.79767464866325,19.782309579914106,1.7676716480602723,3.7144431660697412,"(1.0, 5.0)",-84.62509877101819,0.08,51.0,0.05,0.0,0.21482517482517482,True,4.525727393307846,2025-07-11T17:10:57.049999237+00:00,0.41,,
62139677,STAR,ok,91.72789849978408,0.9734626483905803,45.34931629351812,20.090408336855585,1.883629031463463,4.271248989867116,"(1.0, 5.0)",-74.27210150021592,0.08,4.0,0.01,0.025882799152148084,0.20512820512820515,True,4.247120779288741,2025-07-11T17:43:38.899997711+00:00,0.28,,
62139722,STAR,fail_no_result,90.02768410550159,0.9426275731362809,37.712075520248916,33.831513046070576,1.7326628301138554,6.746481581066941,"(5.0, 10.0)",,,,,,,,,2025-07-11T19:16:52.529998779+00:00,0.46,,
62139727,STAR,fail_incidence,109.25316185448371,0.7724962178678814,46.07716932270386,65.91678978854046,1.3370660811912023,1.4216168105475258,"(3.0, 5.0)",,,,,,,,,2025-07-11T19:23:04.980000019+00:00,2.42,,
62139732,STAR,fail_no_result,98.72334251712881,0.6647229520573483,74.41493211666649,23.908293604125472,1.7718430893235595,3.4224126675700464,"(1.0, 5.0)",,,,,,,,,2025-07-11T19:28:26.529998779+00:00,0.41,,
62139737,STAR,ok,86.46568913808336,0.5774886214424919,80.23491799591574,19.661608028212008,1.7635837678749728,4.878164972458254,"(1.0, 5.0)",2.4656891380833628,0.04,9.0,0.03,0.0,0.1898901098901099,True,2.2681088774250813,2025-07-11T19:31:05.029999495+00:00,0.51,,
62139747,STAR,ok,85.4383083997226,0.6477424385034796,83.015377669369,20.471322944000104,1.761758525253864,3.471947768602154,"(1.0, 5.0)",-86.5616916002774,0.1,6.0,0.03,0.0,0.21942857142857142,True,5.676146791206264,2025-07-11T19:38:27.260000229+00:00,0.42,,
62139752,STAR,ok,96.02562262857293,0.5437219732513419,79.25007542730773,25.62369914562095,1.8202374326804027,4.247649796843821,"(1.0, 15.0)",-81.97437737142707,0.02,4.0,0.01,0.0,0.09052109181141439,True,1.0987577576925702,2025-07-11T19:42:43.159999847+00:00,-0.51,,
62139767,STAR,ok,67.32749427805629,0.7077742210578399,32.05337152262401,21.506312159179956,2.0864629752649404,4.157824821338311,"(10.0, 45.0)",9.327494278056292,0.02,55.0,0.08,0.8742921277890582,0.067412771560237,True,0.9585600241701097,2025-07-11T19:50:54.479999542+00:00,0.51,,
62139777,STAR,ok,88.94171224601173,0.6280618706027352,78.53118401405004,20.60053260909411,1.8336537270813527,3.0467653331374325,"(5.0, 45.0)",16.941712246011733,0.02,9.0,0.01,0.9371460638945291,0.07258237547892721,True,1.0907184767013904,2025-07-11T19:52:04.099999905+00:00,0.35,,
62139782,STAR,ok,94.39972638932204,0.8967530442490624,34.57803518094031,32.352016892051665,1.7604195371073283,9.092769922543072,"(3.0, 5.0)",-1.6002736106779594,0.18,10.0,0.09,0.0,0.18285714285714286,True,10.224835398939671,2025-07-11T19:53:00.799999952+00:00,0.38,,
62139787,STAR,ok,70.06736865754988,0.7632679149090978,33.3071932370925,28.139173205019517,1.9412958698881961,6.928356075490289,"(1.0, 5.0)",16.067368657549878,0.08,10.0,0.06,0.0,0.18666666666666668,True,4.120958646278241,2025-07-11T19:57:44.799999237+00:00,0.58,,
62139792,STAR,ok,73.99696428554908,0.7675226989549342,32.594002603101,25.66549122322035,1.9520661417738903,6.237627827685956,"(1.0, 5.0)",9.996964285549083,0.1,8.0,0.01,0.0,0.17846153846153848,True,5.122777238947833,2025-07-11T20:00:10.800000191+00:00,0.64,,
62139797,STAR,ok,71.09760721035602,0.7613167880719258,34.43840115952774,23.929703357915933,1.872751109650436,5.7224856789300205,"(1.0, 5.0)",29.097607210356017,0.04,31.0,0.09,0.30606685489411645,0.21482517482517482,True,2.1358951434537565,2025-07-11T20:01:17.049999237+00:00,0.85,,
62139812,STAR,ok,62.2817539685775,0.7907855443017868,36.55369707679064,28.03962300773497,1.9405421096340407,8.410950012741427,"(1.0, 5.0)",26.281753968577497,0.08,91.0,0.1,0.0,0.1552941176470588,True,4.122559340651819,2025-07-11T20:17:12.799999237+00:00,0.18,,
62139862,STAR,ok,92.20622819828667,0.8428490200716745,46.224477495759594,28.947102234301976,1.8430151811662892,4.615191963700461,"(5.0, 10.0)",-89.79377180171333,0.08,7.0,0.01,-0.7957247076572196,0.10453333333333333,True,4.340713023827331,2025-07-11T21:47:30.969999313+00:00,0.61,,
62139867,STAR,ok,69.30728385426362,0.8900328773511323,34.054192973500975,29.87571060573365,1.8967139858268436,7.887212047958643,"(3.0, 5.0)",-70.69271614573638,0.18,91.0,0.1,0.0,0.17777777777777778,True,9.490097154607723,2025-07-11T21:48:35.409999847+00:00,0.88,,
62139872,STAR,ok,63.18512179570311,0.7296935267248623,31.664218799226656,31.482890633473726,1.9509320379794868,5.81857521805764,"(2.0, 8.0)",-0.814878204296889,0.02,65.0,0.09,0.7485842555781164,0.14933333333333335,True,1.0251510360511231,2025-07-11T21:50:19.479999542+00:00,0.39,,
62139892,STAR,fail_no_result,62.866135715246365,0.5964156940001681,37.86252012548301,28.955855545331534,1.9164467162593966,3.380474156476186,"(1.0, 5.0)",,,,,,,,,2025-07-11T22:15:31.199998856+00:00,0.89,,
62139907,STAR,ok,95.64091726841849,0.8699667094330638,70.12813821851475,21.04014213489482,1.8358207127673318,4.31223937887939,"(5.0, 15.0)",-88.35908273158151,0.02,11.0,0.01,0.7800112236308518,0.10835978835978835,True,1.089431002761257,2025-07-11T22:23:03.650000095+00:00,1.34,,
62139947,STAR,ok,96.82729501069477,0.7836993953919372,37.91492752845875,31.79922364319512,1.8790581968756128,3.7740699496532724,"(5.0, 10.0)",4.827295010694769,0.02,8.0,0.01,0.0,0.10898550724637682,True,1.0643629895686477,2025-07-11T23:35:13.899999619+00:00,0.72,,
62139957,STAR,ok,86.35796604216164,0.6436502323782831,60.2798569604511,33.7443224844677,1.8825666314640184,7.597739977571297,"(10.0, 45.0)",10.357966042161635,0.02,4.0,0.01,0.9685730319472645,0.06795698924731183,True,1.0623793955407874,2025-07-11T23:50:22.920000076+00:00,0.87,,
62139962,STAR,ok,90.76450667838216,0.899351469069518,60.72442257127026,32.45673093571947,1.9117190525359828,4.088327249870759,"(10.0, 20.0)",20.764506678382162,0.02,14.0,0.01,0.46574154310349747,0.08413793103448276,True,1.0461788291260206,2025-07-11T23:52:04.269999981+00:00,1.61,,
62140012,STAR,ok,90.66997219099561,0.7256395039561189,43.54703567248362,27.59418963136818,1.5418829740501034,4.051879008406004,"(5.0, 15.0)",-83.33002780900439,0.02,3.0,0.01,0.9685730319472645,0.10305958132045089,True,1.2971153023024495,2025-07-12T01:25:25.909999847+00:00,0.27,,
62140017,STAR,ok,92.06472531675152,0.6214467229270773,59.15805390804631,40.73559135470656,1.659612228749412,5.310301378705538,"(1.0, 5.0)",54.06472531675152,0.06,12.0,0.03,0.7328707715517487,0.1898901098901099,True,3.615302355611861,2025-07-12T01:37:05.829999924+00:00,0.51,,
62140022,STAR,ok,76.87514464152281,0.5861508818694092,33.215425313674494,32.6254746976545,1.964900843640527,4.478801740518457,"(1.0, 5.0)",-59.12485535847719,0.16,22.0,0.01,-0.7014438034990133,0.1767619047619048,True,8.14290453983191,2025-07-12T01:37:31.869998932+00:00,0.74,,
62140027,STAR,ok,76.84710130440155,0.8375450208654781,31.81029018409018,29.290713800490156,1.9697226741030454,3.746092590900702,"(5.0, 10.0)",28.847101304401548,0.06,48.0,0.04,0.13233675531757172,0.10231974921630094,True,3.0461140945804597,2025-07-12T01:38:17.359998703+00:00,0.48,,
62140057,STAR,fail_snr,77.57665483897586,0.7262413701237039,57.20472893242194,29.245352596019472,1.9139921994993299,1.8578521575242508,"(1.0, 5.0)",,,,,,,,,2025-07-12T02:24:22.989999771+00:00,1.77,,
62140082,STAR,ok,76.01165509430928,0.7744694187196536,36.386424102556006,33.44749023181226,1.7538317262845196,3.025654465726497,"(1.0, 15.0)",4.011655094309276,0.02,5.0,0.01,0.0,0.1055892255892256,True,1.1403602580716146,2025-07-12T02:57:21+00:00,0.43,,
62140087,STAR,ok,80.82992007407987,0.7277699632319501,45.34898182127451,20.847183115454918,1.6908225596150284,4.16028585625088,"(5.0, 10.0)",-89.17007992592013,0.02,4.0,0.01,0.9685730319472645,0.11851851851851851,True,1.1828562309077342,2025-07-12T03:13:27.029998779+00:00,0.23,,
62140102,STAR,ok,90.62250716197158,0.6996788778610568,76.04587032904958,23.162237364363065,1.6937942887758701,5.469335037547589,"(1.0, 15.0)",-87.37749283802842,0.02,5.0,0.01,-0.9528595479208969,0.13333333333333333,True,1.180780932639364,2025-07-12T03:50:11.170000076+00:00,0.1,,
62140117,STAR,ok,97.28585207170053,0.8208987683621884,53.78794342622885,25.244710942744348,1.6201193547063717,3.926494559208823,"(1.0, 5.0)",-80.71414792829947,0.08,7.0,0.01,0.9685730319472645,0.18285714285714286,True,4.937907800903909,2025-07-12T04:24:17.449998856+00:00,0.44,,
62140122,STAR,fail_snr,52.45586697653469,0.8752580010393256,29.7166966923828,29.93858258182286,1.760718130465951,1.8735744438184638,"(1.0, 5.0)",,,,,,,,,2025-07-12T05:02:06.519999981+00:00,0.58,,
62140137,STAR,fail_no_result,89.45375744580639,0.6126765918328145,82.58259602259696,25.049580601310808,1.607906267836111,4.753386562881575,"(1.0, 20.0)",,,,,,,,,2025-07-12T05:26:35.479999542+00:00,0.1,,
62140142,STAR,fail_incidence,56.41860594954296,0.8097389513695543,28.153628061150517,61.929193821683306,1.4345343997425475,13.221562258576864,"(1.0, 5.0)",,,,,,,,,2025-07-12T05:31:33.259998322+00:00,0.3,,
62140182,STAR,ok,86.88618026716647,0.8285451708300043,40.37165731726384,31.561735050155317,1.7012581664867064,7.264018370835703,"(1.0, 5.0)",-81.11381973283353,0.1,5.0,0.02,-0.9528595479208969,0.18285714285714286,True,5.878002643567702,2025-07-12T08:36:56.500000+00:00,0.48,,
62140187,STAR,ok,89.29016407416515,0.7525394658610247,41.30894059001038,36.282579738387746,1.8437724127410375,5.512416368344395,"(1.0, 8.0)",-80.70983592583485,0.08,4.0,0.01,0.0,0.17142857142857143,True,4.338930306537579,2025-07-12T09:15:13.979999542+00:00,0.61,,
62140192,STAR,ok,92.49471771308238,0.7091071116001912,41.76333867139403,22.439384873455523,1.8774409397682812,4.237413010067234,"(10.0, 45.0)",6.49471771308238,0.02,8.0,0.01,1.0,0.05073783359497645,True,1.0652798485617585,2025-07-12T09:29:13.119999886+00:00,0.04,,
62140202,STAR,ok,94.56310934875607,0.7071838792979255,38.36323728540423,29.83888506352693,1.6730345391719434,5.128558242827815,"(5.0, 30.0)",12.563109348756072,0.02,7.0,0.01,0.0,0.05969263381028087,True,1.1954325826350758,2025-07-12T09:51:50.399997711+00:00,0.25,,
62140212,STAR,ok,100.31812381067685,0.7784840151067256,59.401772268927964,23.878219304782316,1.811035106841844,3.24797808977448,"(5.0, 15.0)",4.318123810676866,0.02,13.0,0.01,0.0,0.09312169312169312,True,1.1043408227948053,2025-07-12T10:01:36.250000+00:00,0.38,,
62140272,STAR,ok,99.89420680340733,0.5953678397173254,66.5133239282962,20.922889136737698,1.831812523107809,7.43187350003832,"(1.0, 5.0)",-76.10579319659267,0.08,6.0,0.01,0.9685730319472645,0.1898901098901099,True,4.367259148565811,2025-07-12T12:39:06.730000019+00:00,0.57,,
62140297,STAR,ok,93.7089735373547,0.5107995394446326,69.52970424277459,17.996570498537274,1.8920775475081941,3.692675053312323,"(1.0, 5.0)",-78.2910264626453,0.08,6.0,0.01,0.0,0.18285714285714286,True,4.228156510041433,2025-07-12T13:38:10.050000191+00:00,0.79,,
62140302,STAR,ok,90.0458857653281,0.7395817567090621,76.42889279466509,16.862424448802866,1.9308691572173218,3.6059776342163468,"(1.0, 5.0)",-75.9541142346719,0.08,15.0,0.04,0.0,0.23272727272727273,True,4.143211863992496,2025-07-12T13:40:36.130001068+00:00,0.44,,
62140307,STAR,ok,88.96186690241299,0.7558435735798226,63.74548721688598,21.501324191104327,1.8679743031645486,4.002051991953699,"(10.0, 45.0)",16.961866902412993,0.02,10.0,0.01,0.9371460638945291,0.06852436513383665,True,1.0706785401768033,2025-07-12T13:45:42.360000610+00:00,0.26,,
62140362,STAR,ok,89.48219335024005,0.5817111132349202,38.56091925527116,21.285234146556657,1.8107812294848433,4.029026766105237,"(1.0, 5.0)",-82.51780664975995,0.08,6.0,0.02,-0.9528595479208969,0.19692307692307692,True,4.4179826197314584,2025-07-12T15:31:17.600000381+00:00,0.51,,
62140392,STAR,ok,84.93311609815504,0.9124645508417224,40.759049555608954,27.2228902329236,1.9706041295558325,4.487659278227557,"(1.0, 5.0)",4.93311609815504,0.06,50.0,0.08,0.0,0.1980952380952381,True,3.0447515612140625,2025-07-12T16:31:25.619998932+00:00,0.48,,
62140407,STAR,ok,93.84996688897338,0.629491237263754,73.93345957952059,16.644000826050963,1.9060759631045194,5.316487731395519,"(10.0, 45.0)",9.849966888973384,0.02,11.0,0.01,0.9371460638945291,0.06206060606060606,True,1.0492761247261637,2025-07-12T17:17:39.639999390+00:00,0.21,,
62140422,STAR,ok,103.45929118135616,0.7040006683632651,43.02649884928317,22.49599345140395,1.8512399110987734,2.495214779568985,"(1.0, 5.0)",-88.54070881864384,0.08,53.0,0.09,0.5661683776587858,0.1767619047619048,True,4.321428007270938,2025-07-12T17:46:25.100000381+00:00,0.86,,
62140432,STAR,fail_no_result,94.52670601604237,0.771214052730185,42.062487530096746,31.122683788113445,1.534051453899007,2.5349324831404476,"(1.0, 8.0)",,,,,,,,,2025-07-12T18:02:35.979999542+00:00,0.2,,
62140442,STAR,fail_no_result,108.0205767543044,0.6443501488385337,77.10198474450392,18.914352307461808,1.943040035111876,3.6604970974540683,"(1.0, 5.0)",,,,,,,,,2025-07-12T18:19:46.689998627+00:00,0.23,,
62140502,STAR,ok,92.07497342633258,0.7178150909266972,40.98942569161466,34.76337866175655,1.762607950619646,4.832554823974999,"(10.0, 45.0)",10.074973426332576,0.02,6.0,0.01,0.0,0.08007820136852395,True,1.1346822753732042,2025-07-12T19:59:41.860000610+00:00,0.52,,
62140542,STAR,ok,97.88208697031162,0.752612856397199,40.67001996338516,24.078578940750155,1.8233769997329692,4.76520901889046,"(1.0, 5.0)",-74.11791302968838,0.08,6.0,0.01,-0.9528595479208969,0.19692307692307692,True,4.387463481864469,2025-07-12T19:49:08.149999619+00:00,0.54,,
62140547,STAR,ok,102.45304649444887,0.6669203185336787,43.841545429593495,19.98732545626461,1.910821842431229,3.3199959828201187,"(1.0, 5.0)",16.45304649444887,0.1,11.0,0.06,0.0,0.18285714285714286,True,5.233350267378421,2025-07-12T20:57:41.469997406+00:00,0.89,,
62140557,STAR,ok,61.570013854278685,0.8479425611608992,43.83905622481558,24.118454421101575,2.1045479453017797,5.453961281913521,"(10.0, 20.0)",-4.429986145721315,0.02,4.0,0.01,0.9685730319472645,0.07247208931419458,True,0.9503228493628887,2025-07-12T21:06:38.219997406+00:00,0.14,,
62140602,STAR,ok,98.85685080592195,0.6779741990248471,41.95615089040019,24.55545970313586,1.8227919684928369,3.852853170871351,"(1.0, 5.0)",-75.14314919407805,0.06,9.0,0.02,0.16319242738832307,0.1980952380952381,True,3.291653739818186,2025-07-12T22:48:43.989998102+00:00,0.24,,
62140622,STAR,fail_no_result,93.49141970507097,0.898717724260369,46.983601778723326,33.32021618292526,1.7333835339456702,4.224272121705213,"(2.0, 8.0)",,,,,,,,,2025-07-12T23:22:12.649999619+00:00,0.47,,
62140627,STAR,ok,92.32875494271802,0.7974857788549732,36.678289581195095,36.692836268741225,1.6042519223748395,6.188029903950949,"(1.0, 5.0)",-7.671245057281965,0.18,91.0,0.1,0.0,0.21333333333333335,True,11.220182908276568,2025-07-12T23:23:40.229999542+00:00,0.54,,
62140637,STAR,ok,90.57724585783774,0.6587309888948344,45.27399607631765,25.08378485704847,1.7308679490222636,4.09882018627685,"(5.0, 10.0)",-87.42275414216226,0.08,6.0,0.04,0.9685730319472645,0.12070175438596492,True,4.621958598585789,2025-07-12T23:42:21.559999704+00:00,0.07,,
62140647,STAR,ok,92.32305167541465,0.7392870975201695,47.536718595134595,34.39609341610818,1.8406408014376738,5.7386004679533436,"(1.0, 20.0)",12.323051675414646,0.02,5.0,0.01,0.0,0.09494505494505495,True,1.086578108253308,2025-07-12T23:54:12.159999847+00:00,0.41,,
62140687,STAR,ok,89.59368464039139,0.8616194169317587,49.80415019846526,29.252106636911076,1.8032182136963422,4.098240580456024,"(2.0, 8.0)",-78.40631535960861,0.1,50.0,0.06,-0.8585786437626906,0.1767619047619048,True,5.545640524283201,2025-07-13T01:02:00.859999895+00:00,0.59,,
62140692,STAR,ok,99.9812045799175,0.7554020628501498,40.784869457572434,26.00470250680451,1.6955298603240123,3.9461311052084374,"(1.0, 5.0)",-78.0187954200825,0.06,7.0,0.02,0.1105557290582444,0.18379487179487178,True,3.538716799038509,2025-07-13T01:08:58.059997559+00:00,0.37,,
62140712,STAR,ok,95.99581785072118,0.7374669567742828,41.05578889495255,25.44278601836626,1.7066418990811294,4.631223810030617,"(1.0, 5.0)",-80.00418214927882,0.16,9.0,0.02,0.0,0.21942857142857142,True,9.375136054385244,2025-07-13T02:25:57.329998016+00:00,0.25,,
62140717,STAR,ok,98.74878531377108,0.8596835488008887,52.82793973178704,32.51098182232141,1.60898864518782,2.6196189076501506,"(1.0, 5.0)",-85.25121468622892,0.14,91.0,0.1,0.2861588685164377,0.1695726495726496,True,8.701117961193416,2025-07-13T02:31:30.539999008+00:00,0.12,,
62140722,STAR,ok,95.4397222786291,0.7473096626194692,46.34990299347821,22.994966428150946,1.5946937510346826,3.165527043152119,"(1.0, 20.0)",-88.5602777213709,0.02,6.0,0.01,0.9371460638945291,0.08178498985801216,True,1.2541593009330747,2025-07-13T02:31:39.610000610+00:00,0.31,,
62140727,STAR,fail_no_result,74.57835835306739,0.6795127038915629,33.958476362429685,22.307972522007283,1.9340122896024268,2.432019862110317,"(5.0, 45.0)",,,,,,,,,2025-07-13T02:29:48.360000610+00:00,0.46,,
62140747,STAR,ok,94.48194630134363,0.5575288737699865,47.89770102944716,38.397947596885224,1.5041189790433769,4.4804719496528405,"(1.0, 5.0)",82.48194630134363,0.1,14.0,0.03,-0.7014438034990133,0.17142857142857143,True,6.648410225074099,2025-07-13T03:16:22.909999847+00:00,0.34,,
62140757,STAR,fail_snr,98.09520356505983,0.7667618858572028,42.512018764402846,23.95902510823795,1.8169496453085592,1.6371509940073645,"(10.0, 45.0)",,,,,,,,,2025-07-13T03:45:46.789997101+00:00,1.0,,
62140772,STAR,ok,100.01553690254404,0.6160475381178157,55.164559255762484,24.44366438187083,1.6571624229637336,2.7877575892346753,"(1.0, 5.0)",60.01553690254404,0.04,16.0,0.01,1.0,0.1898901098901099,True,2.4137646042240357,2025-07-13T04:49:54.779998779+00:00,0.33,,
62140782,STAR,ok,78.98736357070491,0.5285316291937097,64.54891582198135,16.354844996038633,1.7385343597602767,3.6961245066154724,"(5.0, 45.0)",8.987363570704915,0.02,9.0,0.01,-0.5443089632353362,0.06380547112462005,True,1.1503942897486228,2025-07-13T05:09:18.989999771+00:00,0.05,,
62140792,STAR,ok,88.95523685543698,0.6791652706566895,40.12914929827618,24.17656560741554,1.734494760650553,4.659350204597872,"(5.0, 10.0)",-83.04476314456302,0.08,9.0,0.04,-0.9528595479208969,0.12676328502415457,True,4.6122941282333185,2025-07-13T05:14:24.359998703+00:00,0.07,,
62140797,STAR,ok,88.43215860348728,0.8782940805076203,38.791276112992826,38.770405257606306,1.6970918264544939,4.083204151726304,"(5.0, 45.0)",12.43215860348728,0.02,5.0,0.01,0.0,0.06044444444444444,True,1.1784866138789505,2025-07-13T05:14:51.699996948+00:00,0.25,,
62140812,STAR,ok,92.79649958161777,0.9608440147446267,32.493237284770046,39.17376257368242,1.7183081400127702,4.242895888235668,"(1.0, 5.0)",18.796499581617766,0.06,60.0,0.06,0.16718534660251072,0.18196078431372548,True,3.491806772186628,2025-07-13T05:30:27.069999695+00:00,0.44,,
62140817,STAR,ok,89.46479820948156,0.8779411305570078,67.9647720684187,23.201163721492794,1.7187657325195893,5.092300842815575,"(1.0, 15.0)",-80.53520179051844,0.08,7.0,0.01,0.0,0.1309462915601023,True,4.654502849712139,2025-07-13T05:31:57.919998169+00:00,0.53,,
62140822,STAR,fail_no_result,91.26848632852105,0.8271829721372742,36.433564362439526,44.41657859518896,1.582037448503099,3.6228219997331874,"(1.0, 5.0)",,,,,,,,,2025-07-13T05:40:00.220000029+00:00,0.76,,
62140842,STAR,ok,98.63534897502382,0.7862144262667234,41.723546982205484,26.286337705435685,1.6661499907686925,3.7075422580446045,"(1.0, 5.0)",-77.36465102497618,0.06,8.0,0.02,-0.8900056118154259,0.1898901098901099,True,3.6011163660192733,2025-07-13T05:59:34.049999237+00:00,0.11,,
62140852,STAR,ok,76.83073034407379,0.6610189992488607,40.43687696866067,23.891256472661862,1.9913909780739032,6.710755823763641,"(10.0, 45.0)",2.8307303440737854,0.02,11.0,0.01,0.0,0.06482051282051282,True,1.0043231198799665,2025-07-13T06:17:33.959999084+00:00,0.47,,
62140862,STAR,ok,82.21317223156629,0.6025508298260778,42.78834708841234,27.136980659171012,1.5475176239610624,3.88696674497429,"(1.0, 5.0)",-81.78682776843371,0.16,4.0,0.06,0.0,0.1898901098901099,True,10.339139116907777,2025-07-13T06:48:19.840000153+00:00,0.11,,
62140877,STAR,ok,92.24428893774149,0.5934993972312981,44.10183481563248,16.19153258822511,1.8070624702557259,5.184220458726477,"(1.0, 5.0)",-79.75571106225851,0.08,6.0,0.01,-0.9528595479208969,0.18285714285714286,True,4.427074399297266,2025-07-13T07:29:21.859998703+00:00,0.27,,
62140892,STAR,ok,97.70154078742078,0.7825857086942709,38.887916296649415,35.111640313999395,1.7356768953777113,9.723377225404205,"(1.0, 5.0)",89.70154078742078,0.1,8.0,0.03,0.0,0.17846153846153848,True,5.761440983993648,2025-07-13T07:51:33.939998627+00:00,0.44,,
62140902,STAR,ok,102.74437762508772,0.7297719113586851,39.544013609590515,21.32704556089344,1.8556145258911274,2.994829661758189,"(5.0, 10.0)",-79.25562237491228,0.08,14.0,0.01,0.8742921277890582,0.12832080200501253,True,4.311240232482086,2025-07-13T08:02:43.770000458+00:00,0.52,,
62140907,STAR,ok,91.61791574079578,0.7418888580661294,63.56530122059766,20.310396944883653,1.8710707645454758,3.8248679480987686,"(5.0, 45.0)",-82.38208425920422,0.02,5.0,0.01,1.0,0.08336134453781512,True,1.0689066591694858,2025-07-13T08:09:24.279998779+00:00,0.95,,
62140912,STAR,ok,98.7547388924834,0.8987999499957845,47.53125320887045,22.17961404188662,1.7660794128498694,3.977712470144175,"(5.0, 15.0)",-83.2452611075166,0.08,13.0,0.01,-0.7053721745056052,0.1152,True,4.529807630275606,2025-07-13T08:25:30.539999008+00:00,1.24,,
62140922,STAR,fail_no_result,99.3091932458327,0.7640795787564426,43.9824044454492,24.58617060381522,1.792955850413966,4.433386962825993,"(1.0, 5.0)",,,,,,,,,2025-07-13T08:35:30.389999390+00:00,0.48,,
62140937,STAR,ok,98.08368940732605,0.7903653000641,40.773705535355624,21.12855297664433,1.8644263056357426,4.87018893153753,"(1.0, 5.0)",-77.91631059267395,0.06,7.0,0.02,-0.9842865159736323,0.1898901098901099,True,3.218148114443218,2025-07-13T08:58:16.399999619+00:00,0.33,,
62140967,STAR,ok,91.2079022231225,0.7100089125705147,56.92927706417336,19.22939226323003,1.8412374548037131,3.9316641728556276,"(1.0, 5.0)",-80.7920977768775,0.08,7.0,0.01,1.0,0.18285714285714286,True,4.344904009598722,2025-07-13T10:30:50.299999237+00:00,1.0,,
62140972,STAR,fail_exception,87.06153668968298,0.5562301156717291,40.62951054295104,20.02168181178415,1.7976027115567008,4.398927266484717,"(1.0, 5.0)",,,,,,,,,2025-07-13T10:32:30.959999084+00:00,-0.02,unsupported operand type(s) for /: 'NoneType' and 'float',"Traceback (most recent call last):
  File ""/Users/mhemmett/Seismology/mt-rainier/scripts/run_sws_generic.py"", line 187, in process_event
    splitting_obj.perform_sws_analysis(coord_system='LQT', sws_method='EV_and_XC',
    ~~~~~~~~~~~~~~~~~~~~~~~~~~~~~~~~~~^^^^^^^^^^^^^^^^^^^^^^^^^^^^^^^^^^^^^^^^^^^^
                                        cluster_eps=CLUSTER_EPS, cluster_min_samples=CLUSTER_MIN_SAMPLES)
                                        ^^^^^^^^^^^^^^^^^^^^^^^^^^^^^^^^^^^^^^^^^^^^^^^^^^^^^^^^^^^^^^^^^
  File ""/Users/mhemmett/Seismology/mt-rainier/swspy/splitting/split_windowcheck.py"", line 1695, in perform_sws_analysis
    Q_w = self._calc_Q_w(opt_phi, opt_lag, grid_search_results_all_win_XC, tr_T, method=""dbscan"")
  File ""/Users/mhemmett/Seismology/mt-rainier/swspy/splitting/split_windowcheck.py"", line 1385, in _calc_Q_w
    dt_diff = opt_lag_XC / opt_lag_EV
              ~~~~~~~~~~~^~~~~~~~~~~~
TypeError: unsupported operand type(s) for /: 'NoneType' and 'float'
"
62141002,STAR,fail_no_result,92.83005227742555,0.5953714020164509,86.69110118120626,20.57888375730848,1.8393409313538658,2.383244739887312,"(5.0, 45.0)",,,,,,,,,2025-07-13T11:36:52.889999390+00:00,0.22,,
62141017,STAR,ok,88.98124812957614,0.8039272818006753,54.132567225274066,18.164940191389135,1.9890625085483316,2.8476678097205923,"(3.0, 5.0)",28.981248129576144,0.06,91.0,0.1,0.0,0.18285714285714286,True,3.0164964520793025,2025-07-13T11:52:22.420000076+00:00,0.04,,
62141022,STAR,ok,105.81884303933005,0.7509965974918951,42.88934699999273,18.336862327167143,1.984390790921053,3.567762567212423,"(5.0, 10.0)",-78.18115696066995,0.08,11.0,0.01,0.9685730319472645,0.12218181818181818,True,4.031463982095386,2025-07-13T12:00:49.529998779+00:00,0.67,,
62141052,STAR,fail_no_result,102.8815977286541,0.9191140829712066,40.68625573199833,21.886274222818503,1.779673045756123,3.6076087060594206,"(1.0, 8.0)",,,,,,,,,2025-07-13T13:15:01.259999990+00:00,0.32,,
62141067,STAR,ok,103.63150222100317,0.7015420275791212,83.43536187661223,20.669079776614325,1.8796556642590063,5.573077534610054,"(1.0, 5.0)",-80.36849777899683,0.06,10.0,0.02,0.9685730319472645,0.1898901098901099,True,3.192074013388674,2025-07-13T13:34:26.099998474+00:00,0.28,,
62141077,STAR,ok,102.65849960031328,0.7172281535404326,43.27383836845176,24.726952224531104,1.8132066165887673,3.301028193248549,"(2.0, 8.0)",-87.34150039968672,0.08,53.0,0.05,0.4696699141100894,0.09904761904761905,True,4.412073024005729,2025-07-13T14:22:22.789999008+00:00,0.82,,
62141082,STAR,ok,99.9812045799175,0.8606241320053394,43.130672865774926,21.959909654790525,1.8028432719558372,4.297389753629411,"(3.0, 5.0)",15.981204579917502,0.1,8.0,0.02,0.0,0.18285714285714286,True,5.546793864755296,2025-07-13T14:43:13.289999962+00:00,0.77,,
62141087,STAR,ok,94.0711714908262,0.7902536132909626,40.05912387658785,31.945506750169596,1.727142257559554,6.432024537478546,"(5.0, 10.0)",-83.9288285091738,0.02,5.0,0.01,-0.9214325798681613,0.1292929292929293,True,1.157982205140411,2025-07-13T14:56:52.439998627+00:00,0.36,,
62141097,STAR,ok,100.06035014917097,0.8004494571021322,40.88509240739912,20.630736252107752,1.887864041816836,5.591194847599512,"(1.0, 5.0)",-75.93964985082903,0.06,7.0,0.07,0.2636425988541826,0.19692307692307692,True,3.1781949690750726,2025-07-13T15:43:17.940000296+00:00,0.6,,
62141102,STAR,ok,103.44422731433606,0.5525415739447652,57.96691867013705,19.767709804909394,1.8592358332457108,3.8775338857986843,"(10.0, 20.0)",13.44422731433606,0.02,8.0,0.01,0.0327587914302061,0.07588491717523976,True,1.0757107647331399,2025-07-13T15:50:57.169998169+00:00,0.05,,
62141157,STAR,ok,107.26767859879438,0.7993143617678289,40.43299812562513,20.848944576782582,1.8343409204754955,3.548597273587858,"(1.0, 5.0)",-76.73232140120562,0.06,9.0,0.03,0.0,0.2016969696969697,True,3.2709295927633164,2025-07-13T18:18:09.649999619+00:00,0.56,,
62141197,STAR,ok,96.58295832425125,0.7655724189793103,34.85417217109625,29.353103000245213,1.7483698416658515,10.494251223501061,"(1.0, 5.0)",84.58295832425125,0.08,47.0,0.03,0.0,0.19692307692307692,True,4.575690914673739,2025-07-13T19:11:49.090000153+00:00,0.47,,
62141202,STAR,fail_exception,91.19108698906116,0.8281142576043474,66.1906403427299,19.936858147439366,1.832912658708847,2.6684427277201435,"(1.0, 5.0)",,,,,,,,,2025-07-13T20:12:20.529998779+00:00,1.29,unsupported operand type(s) for /: 'NoneType' and 'float',"Traceback (most recent call last):
  File ""/Users/mhemmett/Seismology/mt-rainier/scripts/run_sws_generic.py"", line 187, in process_event
    splitting_obj.perform_sws_analysis(coord_system='LQT', sws_method='EV_and_XC',
    ~~~~~~~~~~~~~~~~~~~~~~~~~~~~~~~~~~^^^^^^^^^^^^^^^^^^^^^^^^^^^^^^^^^^^^^^^^^^^^
                                        cluster_eps=CLUSTER_EPS, cluster_min_samples=CLUSTER_MIN_SAMPLES)
                                        ^^^^^^^^^^^^^^^^^^^^^^^^^^^^^^^^^^^^^^^^^^^^^^^^^^^^^^^^^^^^^^^^^
  File ""/Users/mhemmett/Seismology/mt-rainier/swspy/splitting/split_windowcheck.py"", line 1695, in perform_sws_analysis
    Q_w = self._calc_Q_w(opt_phi, opt_lag, grid_search_results_all_win_XC, tr_T, method=""dbscan"")
  File ""/Users/mhemmett/Seismology/mt-rainier/swspy/splitting/split_windowcheck.py"", line 1385, in _calc_Q_w
    dt_diff = opt_lag_XC / opt_lag_EV
              ~~~~~~~~~~~^~~~~~~~~~~~
TypeError: unsupported operand type(s) for /: 'NoneType' and 'float'
"
62141207,STAR,fail_snr,81.46794677849877,0.572770304494385,42.633443867343175,23.76273950565481,1.7481790664857617,1.9870052662306377,"(10.0, 45.0)",,,,,,,,,2025-07-13T20:19:28.649999619+00:00,0.27,,
62141217,STAR,ok,102.26471280226947,0.8546290465495773,78.63004747691352,24.17786709970285,1.7888746994461089,3.0290166726832015,"(5.0, 45.0)",-85.73528719773053,0.02,52.0,0.03,-0.9842865159736324,0.08395698924731182,True,1.1180212904901958,2025-07-13T20:50:35.229999542+00:00,0.61,,
62141222,STAR,ok,85.14199246518956,0.8581596157965073,45.7720971715448,35.93231917425181,1.7182322273310144,6.1770852715737,"(5.0, 10.0)",87.14199246518956,0.02,5.0,0.01,1.0,0.11659919028340081,True,1.1639870142039326,2025-07-13T21:06:41.189998627+00:00,0.69,,
62141227,STAR,ok,97.50405855572593,0.6901164028614597,53.0708542789682,27.17935874813905,1.617223162112371,4.259616747249108,"(1.0, 5.0)",-78.49594144427407,0.08,4.0,0.01,0.9371460638945291,0.1898901098901099,True,4.946750817958004,2025-07-13T21:05:11.840000153+00:00,0.64,,
62141282,STAR,ok,90.65501827511831,0.8817206146926851,58.864310838616625,20.87470240514678,1.745139771407765,2.08587075000044,"(1.0, 5.0)",-75.34498172488169,0.08,7.0,0.01,0.0,0.18285714285714286,True,4.5841600375347475,2025-07-13T22:25:10.130000114+00:00,0.54,,
62141292,STAR,ok,100.54675469164158,0.6817033244504447,44.993876114477935,24.061363404379193,1.6687914551515382,3.914113506285788,"(1.0, 5.0)",58.54675469164158,0.06,62.0,0.09,0.0,0.27636363636363637,True,3.595416300507817,2025-07-13T22:27:03.349999905+00:00,0.81,,
62141297,STAR,ok,98.81566679549651,0.63180668870811,41.674346507889574,23.951099077890547,1.7332507475475456,3.6703151840335795,"(3.0, 15.0)",-89.18433320450349,0.02,10.0,0.01,1.0,0.09312169312169312,True,1.1539011322106105,2025-07-13T22:33:57.189998627+00:00,0.62,,
62141302,STAR,fail_exception,93.08847977934046,0.7156244076717031,57.5218702880831,34.139551288928295,1.8599099284484597,3.3507708364202475,"(1.0, 8.0)",,,,,,,,,2025-07-13T22:38:27.959999084+00:00,1.39,unsupported operand type(s) for /: 'NoneType' and 'float',"Traceback (most recent call last):
  File ""/Users/mhemmett/Seismology/mt-rainier/scripts/run_sws_generic.py"", line 187, in process_event
    splitting_obj.perform_sws_analysis(coord_system='LQT', sws_method='EV_and_XC',
    ~~~~~~~~~~~~~~~~~~~~~~~~~~~~~~~~~~^^^^^^^^^^^^^^^^^^^^^^^^^^^^^^^^^^^^^^^^^^^^
                                        cluster_eps=CLUSTER_EPS, cluster_min_samples=CLUSTER_MIN_SAMPLES)
                                        ^^^^^^^^^^^^^^^^^^^^^^^^^^^^^^^^^^^^^^^^^^^^^^^^^^^^^^^^^^^^^^^^^
  File ""/Users/mhemmett/Seismology/mt-rainier/swspy/splitting/split_windowcheck.py"", line 1695, in perform_sws_analysis
    Q_w = self._calc_Q_w(opt_phi, opt_lag, grid_search_results_all_win_XC, tr_T, method=""dbscan"")
  File ""/Users/mhemmett/Seismology/mt-rainier/swspy/splitting/split_windowcheck.py"", line 1385, in _calc_Q_w
    dt_diff = opt_lag_XC / opt_lag_EV
              ~~~~~~~~~~~^~~~~~~~~~~~
TypeError: unsupported operand type(s) for /: 'NoneType' and 'float'
"
62141332,STAR,ok,95.3726899607773,0.6131021400108305,88.8226685857818,20.524144469608725,1.7802251310983583,4.492251696754271,"(10.0, 45.0)",11.372689960777294,0.02,12.0,0.01,0.9685730319472645,0.06509803921568627,True,1.1234534133141045,2025-07-13T23:15:33.419998169+00:00,0.49,,
62141362,STAR,fail_no_result,93.78957144467033,0.6842656097686111,37.26512654466266,29.269046026886492,1.611546379711147,3.2633650518041253,"(10.0, 45.0)",,,,,,,,,2025-07-14T00:45:17.840000153+00:00,0.45,,
62141372,STAR,ok,94.80953478282355,0.6791467208124604,40.93982779357078,36.590641996209875,1.6734365058667293,5.605587980841371,"(10.0, 45.0)",10.809534782823548,0.02,5.0,0.01,0.0,0.06666666666666667,True,1.1951454345524346,2025-07-14T01:05:01.839999914+00:00,0.36,,
62141382,STAR,fail_incidence,89.12709052662908,0.7258962573863055,38.20077627649434,54.97812274607236,1.316774173512349,4.0983775408555605,"(5.0, 10.0)",,,,,,,,,2025-07-14T01:13:56.719997406+00:00,1.05,,
62141392,STAR,fail_snr,97.82542591048568,0.5892314233457683,43.51162526053662,21.87588478666579,1.7537598763436602,1.7126521184069778,"(10.0, 20.0)",,,,,,,,,2025-07-14T01:32:10.719999313+00:00,0.53,,
62141407,STAR,fail_no_result,101.58841507095684,0.740807191131581,85.57538326059174,28.766775486687223,1.6002787380144083,5.102396875931044,"(1.0, 5.0)",,,,,,,,,2025-07-14T02:10:25.239999771+00:00,0.34,,
62141417,STAR,ok,99.19960249034001,0.7483455797428764,36.85443453175975,23.83103645394436,1.6755624329332102,6.009037586192649,"(3.0, 5.0)",-74.80039750965999,0.06,23.0,0.09,-0.9214325798681613,0.21482517482517482,True,3.580887158884617,2025-07-14T02:29:50.149997711+00:00,0.26,,
62141422,STAR,ok,90.74946310049245,0.7590647124291144,49.6660488678529,23.966490797203043,1.5170986437938954,3.940893669151292,"(1.0, 8.0)",-81.25053689950755,0.08,5.0,0.01,0.0,0.17066666666666666,True,5.273223354807004,2025-07-14T02:30:29.439998627+00:00,0.39,,
62141452,STAR,fail_no_result,95.73854280650738,0.7095261637424197,40.20253243592519,26.881691400445455,1.5335434226325948,2.5131953804414997,"(1.0, 5.0)",,,,,,,,,2025-07-14T03:09:49.219997406+00:00,0.3,,
62141477,STAR,ok,102.19256303137419,0.7878892691094989,58.66519102334559,23.217116725516988,1.638865068472141,4.162774410994875,"(1.0, 5.0)",-81.80743696862581,0.06,8.0,0.02,0.1370449849356623,0.23365079365079364,True,3.661070160945952,2025-07-14T04:01:32.290000916+00:00,0.4,,
62141492,STAR,ok,99.37769235933649,0.9671623276494656,60.72140798791341,28.871646296598044,1.6223092970253963,3.6059497612569715,"(5.0, 15.0)",-78.62230764066351,0.08,17.0,0.07,0.9057190958417937,0.14476190476190476,True,4.931242158735385,2025-07-14T04:12:17.090000153+00:00,1.41,,
62141497,STAR,ok,96.93863412559065,0.8688222351072106,53.64508890848092,26.481334651666202,1.5762151368888693,2.954823889520677,"(1.0, 5.0)",-89.06136587440935,0.08,91.0,0.1,0.0,0.16582995951417004,True,5.075449291643263,2025-07-14T04:17:38.610000610+00:00,0.13,,
62141562,STAR,ok,93.03349739812226,0.6187933345287633,62.57502168727114,27.02883283937308,1.5796656498443604,4.394224651046468,"(5.0, 15.0)",-88.96650260187774,0.02,57.0,0.08,0.1501634144012025,0.09249032258064517,True,1.2660907073576322,2025-07-14T05:51:11.210000038+00:00,0.29,,
62141587,STAR,ok,99.75988225766645,0.8428113459606552,33.909813741062614,30.661084464667912,1.5475502287883713,6.026546174115242,"(1.0, 5.0)",-88.24011774233355,0.16,91.0,0.1,-0.9842865159736323,0.17846153846153848,True,10.33892128498274,2025-07-14T06:14:08.949999809+00:00,0.52,,
62141592,STAR,ok,95.21749436504126,0.9446353303632637,38.22889055909038,37.604865456348165,1.5747586417885424,7.156639922781871,"(5.0, 10.0)",-86.78250563495874,0.02,7.0,0.01,1.0,0.10938181818181818,True,1.2700358943440926,2025-07-14T06:17:58.079998016+00:00,0.73,,
62141597,STAR,ok,104.66136073974863,0.9324593625161903,50.13809538732201,22.259809877461066,1.7420725293618013,3.955703487825824,"(3.0, 5.0)",-69.33863926025137,0.04,53.0,0.09,0.4597097259371463,0.19692307692307692,True,2.2961156510890954,2025-07-14T06:23:41.750000+00:00,0.22,,
62141632,STAR,ok,104.60250960274738,0.6537240686900097,51.38257970285846,18.36053285690418,1.8713560563214042,4.4655157139872586,"(1.0, 5.0)",-73.39749039725262,0.14,7.0,0.01,0.19205257748975868,0.20512820512820515,True,7.48120591627033,2025-07-14T07:39:38.439998627+00:00,0.33,,
62141642,STAR,ok,100.06035014917097,0.7910425075698467,67.60092889882618,24.23453489346536,1.8233284064277042,2.7756505640896236,"(1.0, 5.0)",-83.93964985082903,0.08,5.0,0.01,0.0,0.20800000000000002,True,4.387580411624111,2025-07-14T08:11:32.069999695+00:00,0.31,,
62141647,STAR,fail_no_result,105.45834342628454,0.8681571624148003,47.963504037610804,20.380976008797433,1.8246796791957494,4.275765653251295,"(10.0, 45.0)",,,,,,,,,2025-07-14T08:12:00.369999886+00:00,0.32,,
62141657,STAR,ok,109.16535544854034,0.7265363707478023,34.225724514132565,19.753925924167735,1.8736700514798534,4.227499286260533,"(3.0, 5.0)",-74.83464455145966,0.06,24.0,0.04,0.056667321031505624,0.22646153846153846,True,3.202271389917935,2025-07-14T08:32:23.180000305+00:00,0.33,,
62141672,STAR,ok,102.66189301209957,0.8231445349896384,35.519791848578954,18.696703430202174,1.9500732308525437,4.769957311259636,"(3.0, 5.0)",-79.33810698790043,0.06,5.0,0.02,0.43344227626746834,0.1980952380952381,True,3.076807529621278,2025-07-14T08:58:43.340000153+00:00,0.12,,
62141682,STAR,ok,106.1075924811451,0.5824141309991053,80.88340517605413,21.158240146125205,1.8109343510859592,3.97125317728667,"(1.0, 5.0)",-81.8924075188549,0.08,10.0,0.02,0.4468803402294479,0.17066666666666666,True,4.417609061975469,2025-07-14T09:01:03.449999809+00:00,0.42,,
62141687,STAR,ok,89.48882262243191,0.5910720839052926,62.049418137922736,22.890051032793473,1.7497834627382427,2.0878850950651695,"(1.0, 5.0)",-82.51117737756809,0.06,14.0,0.09,0.0,0.1898901098901099,True,3.428995717338977,2025-07-14T09:03:24.729999542+00:00,0.38,,
62141692,STAR,ok,86.51243463932637,0.5641765728549561,37.226229151502565,30.918458570955913,1.7485789626285615,3.5453396766414684,"(5.0, 45.0)",4.512434639326372,0.02,48.0,0.01,0.0,0.07212698412698412,True,1.1437859214510326,2025-07-14T09:10:41.299999237+00:00,0.32,,
62141742,STAR,ok,91.86720710897829,0.6995686903455585,43.18071828895524,21.801774072611188,1.6959329393864782,4.063545663130119,"(5.0, 10.0)",85.86720710897829,0.02,7.0,0.01,0.9685730319472645,0.1048829431438127,True,1.179291912758957,2025-07-14T10:51:24.329999924+00:00,0.22,,
62141747,STAR,ok,102.289367730852,0.628529070361466,52.07555074363565,19.57321030505959,1.923721529492563,4.173572077196256,"(3.0, 5.0)",-73.710632269148,0.06,6.0,0.03,-0.9842865159736323,0.22646153846153846,True,3.118954540984252,2025-07-14T10:58:18.590000153+00:00,0.26,,
62141762,STAR,fail_no_result,101.81927385031315,0.7357385112136419,41.27640138120326,21.37149388136674,1.9313047425173737,5.066450521597133,"(1.0, 5.0)",,,,,,,,,2025-07-14T12:03:53.279998779+00:00,1.0,,
62141777,STAR,ok,98.07049732022641,0.8217348661714461,44.422484628362476,19.23135659680457,1.8672380163768245,3.6853327534427622,"(10.0, 45.0)",84.07049732022641,0.06,53.0,0.07,-0.9842865159736324,0.06779094076655053,True,3.213302186103921,2025-07-14T12:16:03.409999847+00:00,0.22,,
62141787,STAR,ok,94.21482650627995,0.7889510063366362,40.65489272111201,25.322561121055116,1.754637506910003,4.4914272354314475,"(3.0, 5.0)",16.214826506279948,0.1,91.0,0.1,0.0,0.1767619047619048,True,5.699182857210467,2025-07-14T12:34:13.750000+00:00,0.5,,
62141797,STAR,ok,88.95523685543698,0.5415428740120872,59.924990468208556,26.169199205165985,1.665083469869068,3.793296878827727,"(1.0, 20.0)",-85.04476314456302,0.02,7.0,0.01,0.0,0.12893772893772895,True,1.20114098553706,2025-07-14T12:41:03.809999943+00:00,0.8,,
62141807,STAR,ok,104.56150124783468,0.7607830510985489,56.50645891991882,21.17700486807632,1.8376143385813548,5.588555572545816,"(1.0, 5.0)",-85.43849875216532,0.06,12.0,0.03,0.18896499596023741,0.18379487179487178,True,3.2651029511622243,2025-07-14T12:59:17.489999771+00:00,0.43,,
62141812,STAR,ok,89.58342065367701,0.8067300633462967,37.329609273711604,37.92759531851085,1.5932081356612011,5.970330017668348,"(10.0, 20.0)",11.58342065367701,0.02,4.0,0.01,0.0,0.07015015015015015,True,1.255328764166758,2025-07-14T13:11:13.319999695+00:00,0.27,,
62141817,STAR,ok,89.663369642615,0.6209716294133135,42.08390089118152,33.73570485049551,1.9413613888088623,3.66047867381307,"(10.0, 45.0)",7.663369642614995,0.02,6.0,0.01,0.0,0.06017094017094017,True,1.0302048920562472,2025-07-14T13:25:30.760000229+00:00,1.09,,
62141847,STAR,ok,98.69572465642808,0.8539358852407501,41.95188254298299,22.89843377824221,1.8622353357777708,3.6274865280220734,"(1.0, 5.0)",-67.30427534357192,0.08,49.0,0.03,-0.9528595479208969,0.1898901098901099,True,4.295912469440263,2025-07-14T14:12:09.159999847+00:00,0.3,,
62141852,STAR,ok,102.5835348687066,0.7313343249666722,39.58838561147189,23.019178897977785,1.9173106449240884,4.638407359610076,"(1.0, 5.0)",-79.4164651312934,0.18,9.0,0.02,0.13304847986083734,0.20512820512820515,True,9.38815003591276,2025-07-14T14:20:17.600000381+00:00,0.59,,
62141857,STAR,fail_no_result,103.30411794030827,0.6866999379461671,44.80683880929578,20.833932957371204,1.910041555881218,3.5396280517583887,"(1.0, 5.0)",,,,,,,,,2025-07-14T14:40:57.409999847+00:00,0.72,,
62141867,STAR,ok,102.8407902111575,0.8288471930898508,51.18362332691783,21.530485251387088,1.9963725717195073,4.234643007203569,"(1.0, 5.0)",-69.1592097888425,0.18,56.0,0.09,0.23276993326079698,0.21482517482517482,True,9.016353087087504,2025-07-14T15:27:50+00:00,0.88,,
62141872,STAR,fail_exception,101.32061480244106,0.7273831272026828,41.32968198131483,20.67135703121681,1.94301081410192,5.4381510537520406,"(3.0, 5.0)",,,,,,,,,2025-07-14T15:34:22.229999542+00:00,1.18,unsupported operand type(s) for /: 'NoneType' and 'float',"Traceback (most recent call last):
  File ""/Users/mhemmett/Seismology/mt-rainier/scripts/run_sws_generic.py"", line 187, in process_event
    splitting_obj.perform_sws_analysis(coord_system='LQT', sws_method='EV_and_XC',
    ~~~~~~~~~~~~~~~~~~~~~~~~~~~~~~~~~~^^^^^^^^^^^^^^^^^^^^^^^^^^^^^^^^^^^^^^^^^^^^
                                        cluster_eps=CLUSTER_EPS, cluster_min_samples=CLUSTER_MIN_SAMPLES)
                                        ^^^^^^^^^^^^^^^^^^^^^^^^^^^^^^^^^^^^^^^^^^^^^^^^^^^^^^^^^^^^^^^^^
  File ""/Users/mhemmett/Seismology/mt-rainier/swspy/splitting/split_windowcheck.py"", line 1695, in perform_sws_analysis
    Q_w = self._calc_Q_w(opt_phi, opt_lag, grid_search_results_all_win_XC, tr_T, method=""dbscan"")
  File ""/Users/mhemmett/Seismology/mt-rainier/swspy/splitting/split_windowcheck.py"", line 1385, in _calc_Q_w
    dt_diff = opt_lag_XC / opt_lag_EV
              ~~~~~~~~~~~^~~~~~~~~~~~
TypeError: unsupported operand type(s) for /: 'NoneType' and 'float'
"
62141882,STAR,ok,97.55579104624422,0.8034188509840512,47.536732602994405,21.590756388222857,1.8159260042745606,3.608723889257618,"(5.0, 45.0)",89.55579104624422,0.02,8.0,0.01,-0.7642977396044841,0.08292580982236154,True,1.1013664627810509,2025-07-14T15:45:24.389999390+00:00,0.55,,
62141932,STAR,fail_exception,105.05583624151805,0.6701245157918727,40.469508586997556,22.840103411264906,1.832398778289023,4.272724973655474,"(3.0, 5.0)",,,,,,,,,2025-07-14T17:40:17.969999313+00:00,0.48,unsupported operand type(s) for /: 'NoneType' and 'float',"Traceback (most recent call last):
  File ""/Users/mhemmett/Seismology/mt-rainier/scripts/run_sws_generic.py"", line 187, in process_event
    splitting_obj.perform_sws_analysis(coord_system='LQT', sws_method='EV_and_XC',
    ~~~~~~~~~~~~~~~~~~~~~~~~~~~~~~~~~~^^^^^^^^^^^^^^^^^^^^^^^^^^^^^^^^^^^^^^^^^^^^
                                        cluster_eps=CLUSTER_EPS, cluster_min_samples=CLUSTER_MIN_SAMPLES)
                                        ^^^^^^^^^^^^^^^^^^^^^^^^^^^^^^^^^^^^^^^^^^^^^^^^^^^^^^^^^^^^^^^^^
  File ""/Users/mhemmett/Seismology/mt-rainier/swspy/splitting/split_windowcheck.py"", line 1695, in perform_sws_analysis
    Q_w = self._calc_Q_w(opt_phi, opt_lag, grid_search_results_all_win_XC, tr_T, method=""dbscan"")
  File ""/Users/mhemmett/Seismology/mt-rainier/swspy/splitting/split_windowcheck.py"", line 1385, in _calc_Q_w
    dt_diff = opt_lag_XC / opt_lag_EV
              ~~~~~~~~~~~^~~~~~~~~~~~
TypeError: unsupported operand type(s) for /: 'NoneType' and 'float'
"
62141967,STAR,fail_no_result,86.26803092301027,0.5382617664790423,76.31054182057383,21.47854743942347,1.8171244535303086,4.980052252147203,"(5.0, 30.0)",,,,,,,,,2025-07-14T18:28:12.989999771+00:00,0.54,,
62142022,STAR,ok,97.85570517410248,0.6335653468698735,76.27648623480376,19.900521573303728,1.8675644343160855,4.385401331427214,"(3.0, 5.0)",-72.14429482589752,0.06,54.0,0.09,0.0327587914302061,0.22646153846153846,True,3.2127405564977147,2025-07-14T19:30:34.139999390+00:00,0.27,,
62142027,STAR,fail_incidence,64.56197987234907,0.6461146384148628,46.275065788487616,62.057977952951404,1.6445468450746394,3.5991331104990336,"(5.0, 15.0)",,,,,,,,,2025-07-14T19:35:45.799999237+00:00,1.64,,
62142047,STAR,ok,92.95162993635083,0.8696458849918793,69.26045744349095,32.18240614900668,1.7995771760149886,5.52719197259689,"(1.0, 5.0)",-79.04837006364917,0.16,14.0,0.04,0.0,0.1898901098901099,True,8.890977399163646,2025-07-14T19:42:47.349998474+00:00,0.78,,
62142127,STAR,ok,101.58841507095684,0.8342043922722369,43.67529436737482,23.368003295075468,1.7557975908127668,3.8966731500460083,"(5.0, 15.0)",-88.41158492904316,0.02,56.0,0.04,1.0,0.08869772998805256,True,1.139083462960096,2025-07-14T20:44:20.689998627+00:00,0.51,,
62142142,STAR,ok,100.2499360663528,0.8608806930825026,49.24365928611425,21.96372974587847,1.8254981331906792,5.260226348636415,"(1.0, 5.0)",-71.7500639336472,0.04,11.0,0.03,0.5472307430931291,0.20512820512820515,True,2.1911827392606744,2025-07-14T20:55:16.879999161+00:00,0.62,,
62142157,STAR,ok,99.58009946306872,0.6417760077397325,65.7140620980088,23.409814984053735,1.864352582751828,4.8038235017618245,"(3.0, 5.0)",-78.41990053693128,0.06,49.0,0.09,-0.9528595479208969,0.20512820512820515,True,3.218275371037307,2025-07-14T21:00:14.750000+00:00,0.62,,
62142337,STAR,fail_no_result,101.99775091540279,0.6258663413121701,42.00577808059586,20.922256060223265,1.7835858746756026,4.784395149726064,"(3.0, 5.0)",,,,,,,,,2025-07-14T23:16:42.259998322+00:00,0.78,,
62142397,STAR,ok,90.02742350201541,0.9232636242945365,46.58425176156193,36.916936141097594,1.6792374568941222,7.774498541910587,"(5.0, 10.0)",-85.97257649798459,0.02,5.0,0.01,1.0,0.10938181818181818,True,1.191016786690283,2025-07-14T23:38:59.149997711+00:00,0.47,,
62142407,STAR,fail_snr,106.44524870557962,0.7848247952923578,40.245658001259365,25.283975474196534,1.6731363872256488,1.9579630371999355,"(2.0, 8.0)",,,,,,,,,2025-07-14T23:46:10.979999542+00:00,0.31,,
62142547,STAR,ok,104.15358370942005,0.6457059172964994,46.748732213214964,22.774268644517637,1.8426051384762827,3.999030370334311,"(1.0, 5.0)",-71.84641629057995,0.18,53.0,0.09,0.0,0.21482517482517482,True,9.768777707243807,2025-07-15T01:04:33.739998102+00:00,0.86,,
62142622,STAR,ok,93.86262682561356,0.7107272272270412,36.90823334358744,42.81846684450512,1.5914494610270544,4.747626599204859,"(1.0, 8.0)",89.86262682561356,0.02,46.0,0.04,0.9685730319472645,0.12862745098039216,True,1.2567159994570511,2025-07-15T01:41:26.189998627+00:00,0.53,,
62142737,STAR,ok,92.56639070828727,0.6385799418518818,58.83628197377256,21.898705969876456,1.6756688976654492,4.836670416371723,"(1.0, 5.0)",-77.43360929171273,0.08,3.0,0.01,0.9685730319472645,0.19692307692307692,True,4.7742128597992375,2025-07-15T02:55:49.110000610+00:00,0.21,,
62142747,STAR,fail_no_result,102.97080337489484,0.7092788115959081,41.30615980044903,25.29830123571313,1.681242788694267,3.532057410202935,"(1.0, 5.0)",,,,,,,,,2025-07-15T03:05:44.149997711+00:00,0.65,,
62142762,STAR,fail_no_result,103.45208328254827,0.7751980571884611,60.36810393812574,23.48830356543537,1.7749951689004224,3.025538505837022,"(10.0, 20.0)",,,,,,,,,2025-07-15T03:17:24.529998779+00:00,0.2,,
62142802,STAR,ok,101.83065107981065,0.9344462887840246,46.48514395687373,26.197933844901154,1.6624249060710885,3.5108523563999947,"(1.0, 5.0)",-76.16934892018935,0.06,10.0,0.02,0.23923365472783598,0.1980952380952381,True,3.609185580707023,2025-07-15T03:27:57.199996948+00:00,1.37,,
62142817,STAR,fail_no_result,99.54573359770065,0.6866047953644415,51.2545017968919,26.926518678601937,1.5721621369016565,2.99103219304037,"(1.0, 5.0)",,,,,,,,,2025-07-15T03:31:37.399997711+00:00,0.42,,
62142827,STAR,fail_no_result,101.7485941215879,0.6805247218646782,51.71542326389276,32.209590342513785,1.5471088076574926,5.323169813884738,"(1.0, 5.0)",,,,,,,,,2025-07-15T03:41:03.529999970+00:00,0.6,,
62142842,STAR,ok,103.08513356636745,0.7160643890740243,65.44769486614291,27.49288358925784,1.6368941913217174,3.9046791127339486,"(3.0, 5.0)",-62.914866433632554,0.14,88.0,0.09,0.7579274006397086,0.18379487179487178,True,8.552782503733878,2025-07-15T03:42:43.169998169+00:00,0.21,,
62142867,STAR,ok,103.06122900773725,0.6108968203276159,57.38012278039996,23.241380962523863,1.714459850256363,6.277259989971025,"(3.0, 5.0)",-72.93877099226275,0.06,10.0,0.03,0.0,0.20779220779220778,True,3.4996445085038417,2025-07-15T03:57:25.829999924+00:00,0.44,,
62142872,STAR,ok,108.94256426703048,0.7999215307710253,54.585022962792294,34.13637183467682,1.5430689175081491,5.583009413873304,"(1.0, 5.0)",-57.05743573296952,0.04,56.0,0.09,0.599306157327623,0.19200000000000003,True,2.5922367786783416,2025-07-15T04:01:32.919998169+00:00,0.75,,
62142912,STAR,ok,99.56501735465693,0.7630391505575452,45.1114562166216,24.56674253804629,1.7124050390822556,3.286437837811212,"(3.0, 5.0)",-84.43498264534307,0.08,4.0,0.02,0.0,0.1767619047619048,True,4.671791905195228,2025-07-15T05:04:16.590000153+00:00,0.65,,
62142922,STAR,ok,99.13333371701326,0.5929923585681433,40.60894725734891,25.26253396557211,1.622779420444907,4.706861913647149,"(1.0, 5.0)",-76.86666628298674,0.06,6.0,0.02,-0.9528595479208969,0.20779220779220778,True,3.6973601737906057,2025-07-15T05:15:44.549999237+00:00,0.63,,
62142947,STAR,ok,82.1700335409951,0.584335791040027,55.04703626500443,28.012302136206056,1.894370571598163,2.982121442356024,"(10.0, 45.0)",-75.8299664590049,0.04,10.0,0.05,0.0,0.05391838525669153,True,2.1115192877101383,2025-07-15T06:07:29.599998474+00:00,0.25,,
62142952,STAR,ok,95.91912044016605,0.6417955686323151,43.27565423673917,25.309075216744912,1.7178654207169362,4.067362046917038,"(3.0, 5.0)",-78.08087955983395,0.06,52.0,0.04,0.0110486911085943,0.20779220779220778,True,3.4927066623740246,2025-07-15T06:22:04.980000019+00:00,0.54,,
62142957,STAR,ok,88.8968940877606,0.7136535311790806,53.43641094316629,40.786654938103126,1.732953649719562,6.5406497495267555,"(10.0, 20.0)",6.8968940877606,0.02,6.0,0.01,0.0,0.07893738140417456,True,1.1540989571900284,2025-07-15T06:22:35.520000458+00:00,0.49,,
62142967,STAR,ok,100.75622564879014,0.5927021554747312,41.58132638837997,24.92624361208276,1.6745432326966132,3.4290709873622114,"(1.0, 8.0)",-69.24377435120986,0.04,52.0,0.07,0.4107443490112104,0.18379487179487178,True,2.3887110955974364,2025-07-15T06:39:58.049999237+00:00,0.35,,
62142992,STAR,ok,91.23113845621582,0.6409130110144017,39.61879078631202,30.701571843101455,1.8727162924430354,6.2705296020914965,"(10.0, 45.0)",11.231138456215817,0.02,5.0,0.01,0.0,0.06826666666666666,True,1.067967426817715,2025-07-15T07:57:43.319999695+00:00,0.5,,
62143002,STAR,ok,101.43227682871805,0.7212663872417355,43.66931453763628,20.31012337084916,1.8558831762508412,4.509699299289534,"(1.0, 5.0)",-74.56772317128195,0.18,49.0,0.09,0.0,0.22303030303030305,True,9.698886347125935,2025-07-15T08:21:16.159999847+00:00,0.69,,
62143007,STAR,ok,87.07639787569403,0.8207934624418285,44.41729175175418,33.18496620509181,1.8893805319463484,6.299633581408715,"(1.0, 5.0)",-78.92360212430597,0.08,6.0,0.01,0.9685730319472645,0.1767619047619048,True,4.234192035290418,2025-07-15T08:22:16.479999542+00:00,0.34,,
62143012,STAR,ok,91.22512043667882,0.9270123383932426,56.34688787087231,32.4286064303375,1.8448615193318079,4.1530897327283665,"(10.0, 45.0)",15.225120436678822,0.02,9.0,0.01,0.0,0.05128205128205129,True,1.084092209113008,2025-07-15T08:39:02.009999990+00:00,0.85,,
62143017,STAR,ok,102.82792346393198,0.6056735693984592,41.747190929991405,21.771389789877546,1.8444377916434662,6.103496649223837,"(3.0, 5.0)",-3.1720765360680048,0.02,51.0,0.07,-0.2885417513963501,0.1980952380952381,True,1.0843412605517706,2025-07-15T08:39:26.569999695+00:00,1.07,,
62143022,STAR,ok,105.73864130621767,0.7179695459752695,44.69903572218559,20.026092127965747,1.7834488523734768,3.9399846414583024,"(1.0, 5.0)",67.73864130621767,0.06,91.0,0.1,-0.9842865159736324,0.1767619047619048,True,3.364268054009504,2025-07-15T09:25:53.889999390+00:00,0.39,,
62143027,STAR,ok,93.65540413112043,0.6617646705906144,40.597661663248644,22.993715252702454,1.682927711641261,4.926425857825192,"(1.0, 5.0)",3.6554041311204344,0.04,9.0,0.04,0.0,0.2016969696969697,True,2.376810348020851,2025-07-15T09:31:24.309999704+00:00,0.3,,
62143042,STAR,ok,94.5883938090632,0.7315596206173391,81.59284291666444,22.291585833280834,1.7636259841041024,5.3153923637641185,"(1.0, 5.0)",12.588393809063206,0.06,19.0,0.04,0.0,0.20512820512820515,True,3.402081877948695,2025-07-15T09:56:24.189998627+00:00,1.06,,
62143047,STAR,ok,90.55869020749603,0.8096774385400424,71.85238909406573,22.522940079811377,1.8737758552117538,3.3682974788210824,"(1.0, 5.0)",-83.44130979250397,0.06,6.0,0.02,0.43344227626746834,0.20779220779220778,True,3.202090571992105,2025-07-15T09:56:50.829998016+00:00,0.1,,
62143057,STAR,ok,102.14875926240622,0.9602808979738569,44.3236664709215,21.92113248444249,1.7838093838038445,3.932458432731014,"(1.0, 5.0)",-73.85124073759378,0.06,19.0,0.04,0.33333333333333337,0.18285714285714286,True,3.3635880910130846,2025-07-15T10:31:33.709999084+00:00,0.33,,
62143072,STAR,ok,96.24956043811272,0.6345381399564634,41.11753794549736,21.856247418107237,1.8655972414559732,5.210186625126754,"(1.0, 5.0)",-75.75043956188728,0.06,49.0,0.04,-0.9214325798681613,0.1980952380952381,True,3.2161282546266006,2025-07-15T11:45:27.010000229+00:00,0.69,,
62143082,STAR,ok,108.25834850403463,0.9067643228648433,47.84644656324009,23.270700940108828,1.7802807608643851,2.524031766436127,"(10.0, 45.0)",-85.74165149596537,0.02,9.0,0.01,0.9685730319472645,0.07923809523809525,True,1.1234183079240456,2025-07-15T12:01:31.829999924+00:00,0.57,,
62143087,STAR,ok,92.88819006127974,0.595866562618423,83.66148852223232,18.583278490577314,1.9102505502085834,2.811164791909169,"(1.0, 5.0)",-77.11180993872026,0.1,10.0,0.03,0.0,0.18285714285714286,True,5.234915387883587,2025-07-15T12:13:39.540000916+00:00,0.82,,
62143092,STAR,ok,103.63133066308788,0.8231926380010731,47.69134571672696,21.285943279787364,1.8454617247208773,2.85906646032811,"(1.0, 5.0)",-82.36866933691212,0.06,19.0,0.08,0.31075278136574125,0.21333333333333335,True,3.2512188790626304,2025-07-15T12:23:32.090000153+00:00,0.75,,
62143132,STAR,ok,100.52128477601748,0.6783491785070482,67.46979793568018,19.923953720089397,1.8795150763270925,4.0885778478201455,"(1.0, 5.0)",18.52128477601748,0.14,9.0,0.07,0.0,0.1980952380952381,True,7.448729822033935,2025-07-15T13:26:02.609999895+00:00,0.46,,
62143142,STAR,ok,77.05742275065808,0.7175357020553569,33.543071236405545,32.0556079265571,2.061408214245056,7.477845426405447,"(3.0, 15.0)",-84.94257724934192,0.02,51.0,0.09,0.0,0.09386666666666667,True,0.9702105513014339,2025-07-15T14:02:44.489998102+00:00,0.99,,
62143147,STAR,ok,79.86584084863219,0.7061313733964321,34.43151897336963,31.457752149094798,1.9275657133785897,5.936330141137949,"(3.0, 15.0)",-84.13415915136781,0.02,52.0,0.04,0.0,0.09386666666666667,True,1.0375781152977914,2025-07-15T14:04:29.649999619+00:00,0.83,,
62143172,STAR,ok,77.80471376800439,0.6824890177301344,31.741778471371568,31.84515520760062,2.0208941220621446,5.093640562458297,"(3.0, 15.0)",-78.19528623199561,0.08,53.0,0.08,0.0,0.0969142857142857,True,3.958643806552668,2025-07-15T14:47:17.690000296+00:00,1.3,,
62143177,STAR,ok,68.98761716314748,0.7188159213636418,32.81386883680054,35.99909646231651,2.03940240098246,5.530734616120224,"(5.0, 15.0)",2.987617163147476,0.02,4.0,0.01,0.0,0.09386666666666667,True,0.9806794377786952,2025-07-15T14:51:26.109998703+00:00,0.38,,
62143182,STAR,ok,78.09474659998271,0.7359476622106127,31.89516706273688,34.146677745679,1.972937442152756,6.8015636606629375,"(3.0, 15.0)",-83.90525340001729,0.02,49.0,0.04,0.0,0.09533793103448275,True,1.013716885933147,2025-07-15T15:02:39.809997559+00:00,0.8,,
62143187,STAR,ok,77.85458344935165,0.7192775734930681,29.963827958993495,32.55647034245923,2.0274290713958334,6.004906947919842,"(1.0, 20.0)",7.854583449351651,0.02,50.0,0.04,0.0,0.09189743589743589,True,0.9864710081438512,2025-07-15T15:18:33.899997711+00:00,1.08,,
62143197,STAR,ok,81.43358420316858,0.8121056554384729,32.758172459153535,29.250919654788778,2.0500343214855308,8.303221932897685,"(1.0, 15.0)",-84.56641579683142,0.02,6.0,0.01,-0.7328707715517487,0.09533793103448275,True,0.9755934225290073,2025-07-15T15:28:00.859999895+00:00,0.62,,
62143207,STAR,fail_no_result,93.91551922018037,0.8087714168017107,61.4455972859365,19.407071072371025,1.9586779638769536,3.130408331509559,"(3.0, 5.0)",,,,,,,,,2025-07-15T15:31:22.309999704+00:00,1.25,,
62143212,STAR,ok,72.49294307987817,0.6651654276839984,34.82554987194428,34.06503051945894,2.0722047776087433,5.037681629764855,"(5.0, 15.0)",6.492943079878174,0.02,47.0,0.01,0.0,0.09386666666666667,True,0.9651555780640246,2025-07-15T15:30:55.250000+00:00,0.44,,
62143227,STAR,fail_no_result,79.59398038572822,0.9377499719625869,28.807441604821083,38.08516003976997,1.8894588140436839,5.763948445174175,"(1.0, 5.0)",,,,,,,,,2025-07-15T15:41:58.520000458+00:00,0.84,,
62143232,STAR,ok,75.64853001231579,0.7378206122124462,35.102436784395444,36.49636531772402,1.9895509742382305,6.967309662009598,"(3.0, 15.0)",-82.35146998768421,0.02,49.0,0.04,0.0,0.09336870026525199,True,1.0052519517705598,2025-07-15T15:43:03.539999962+00:00,0.51,,
62143242,STAR,ok,96.55629855576261,0.756368646271092,40.39128430946933,30.94692891377362,1.87521887288865,7.933121603281894,"(1.0, 5.0)",56.55629855576261,0.18,25.0,0.09,-0.9214325798681613,0.21333333333333335,True,9.598879501608362,2025-07-15T15:49:26.869998932+00:00,0.38,,
62143252,STAR,ok,103.44422731433606,0.5018750796998923,83.06056137623001,17.229974625452957,1.9988158427083234,3.4452282895253745,"(1.0, 5.0)",3.4442273143360467,0.16,63.0,0.09,0.0,0.1980952380952381,True,8.004739435285133,2025-07-15T15:57:28.139999390+00:00,0.0,,
62143287,STAR,ok,81.64120217421542,0.6564172513614946,34.81859194205921,21.680211811586705,2.182431800808631,3.75837263684518,"(1.0, 15.0)",87.64120217421542,0.02,9.0,0.01,-0.7957247076572196,0.0974712643678161,True,0.9164089339510921,2025-07-15T16:24:42.520000458+00:00,0.78,,
62143312,STAR,fail_exception,103.98919292106055,0.7749854080630696,50.05174755721136,18.182369864657478,1.9560355211493667,4.561042529273527,"(3.0, 5.0)",,,,,,,,,2025-07-15T16:42:59.349998474+00:00,0.63,unsupported operand type(s) for /: 'NoneType' and 'float',"Traceback (most recent call last):
  File ""/Users/mhemmett/Seismology/mt-rainier/scripts/run_sws_generic.py"", line 187, in process_event
    splitting_obj.perform_sws_analysis(coord_system='LQT', sws_method='EV_and_XC',
    ~~~~~~~~~~~~~~~~~~~~~~~~~~~~~~~~~~^^^^^^^^^^^^^^^^^^^^^^^^^^^^^^^^^^^^^^^^^^^^
                                        cluster_eps=CLUSTER_EPS, cluster_min_samples=CLUSTER_MIN_SAMPLES)
                                        ^^^^^^^^^^^^^^^^^^^^^^^^^^^^^^^^^^^^^^^^^^^^^^^^^^^^^^^^^^^^^^^^^
  File ""/Users/mhemmett/Seismology/mt-rainier/swspy/splitting/split_windowcheck.py"", line 1695, in perform_sws_analysis
    Q_w = self._calc_Q_w(opt_phi, opt_lag, grid_search_results_all_win_XC, tr_T, method=""dbscan"")
  File ""/Users/mhemmett/Seismology/mt-rainier/swspy/splitting/split_windowcheck.py"", line 1385, in _calc_Q_w
    dt_diff = opt_lag_XC / opt_lag_EV
              ~~~~~~~~~~~^~~~~~~~~~~~
TypeError: unsupported operand type(s) for /: 'NoneType' and 'float'
"
62143337,STAR,fail_exception,101.38976377074174,0.6142255499862153,42.29629858333629,21.069041612634454,1.8950637078265533,4.781589496315885,"(3.0, 5.0)",,,,,,,,,2025-07-15T17:06:04.449999809+00:00,0.82,unsupported operand type(s) for /: 'NoneType' and 'float',"Traceback (most recent call last):
  File ""/Users/mhemmett/Seismology/mt-rainier/scripts/run_sws_generic.py"", line 187, in process_event
    splitting_obj.perform_sws_analysis(coord_system='LQT', sws_method='EV_and_XC',
    ~~~~~~~~~~~~~~~~~~~~~~~~~~~~~~~~~~^^^^^^^^^^^^^^^^^^^^^^^^^^^^^^^^^^^^^^^^^^^^
                                        cluster_eps=CLUSTER_EPS, cluster_min_samples=CLUSTER_MIN_SAMPLES)
                                        ^^^^^^^^^^^^^^^^^^^^^^^^^^^^^^^^^^^^^^^^^^^^^^^^^^^^^^^^^^^^^^^^^
  File ""/Users/mhemmett/Seismology/mt-rainier/swspy/splitting/split_windowcheck.py"", line 1695, in perform_sws_analysis
    Q_w = self._calc_Q_w(opt_phi, opt_lag, grid_search_results_all_win_XC, tr_T, method=""dbscan"")
  File ""/Users/mhemmett/Seismology/mt-rainier/swspy/splitting/split_windowcheck.py"", line 1385, in _calc_Q_w
    dt_diff = opt_lag_XC / opt_lag_EV
              ~~~~~~~~~~~^~~~~~~~~~~~
TypeError: unsupported operand type(s) for /: 'NoneType' and 'float'
"
62143357,STAR,fail_no_result,94.42940917372282,0.5664187130420604,59.51396956484294,24.980593977767416,1.8398117700464975,3.5712918603856543,"(5.0, 15.0)",,,,,,,,,2025-07-15T17:41:37.599998474+00:00,1.05,,
62143377,STAR,fail_no_result,100.04707490641992,0.7223936260011974,38.850105772824755,19.464819828059586,1.8826530948526567,5.895108544014107,"(1.0, 5.0)",,,,,,,,,2025-07-15T18:13:26.199998856+00:00,0.57,,
62143387,STAR,ok,85.40682442114375,0.5277147557327533,82.0449537684878,17.46052241153972,1.9055600738504757,2.4912704325684407,"(1.0, 8.0)",-82.59317557885625,0.08,8.0,0.01,0.4468803402294479,0.17066666666666666,True,4.198240774343459,2025-07-15T18:41:34.630001068+00:00,-0.07,,
62143432,STAR,ok,94.22409614666878,0.5792204363646143,80.99084332756536,17.771283334808285,1.8655835477075762,6.350877881708037,"(1.0, 5.0)",-75.77590385333122,0.08,5.0,0.01,0.0,0.18285714285714286,True,4.2882024821833244,2025-07-15T19:22:38.689998627+00:00,0.57,,
62143487,STAR,ok,67.84573338487603,0.7542690692291982,29.94623817822785,38.615919985146824,1.9801534533594447,4.475991826583465,"(5.0, 15.0)",-80.15426661512397,0.12,52.0,0.03,0.0,0.09860740740740742,True,6.060136389753686,2025-07-15T20:22:12.929999352+00:00,0.45,,
62143537,STAR,ok,102.34217848524342,0.7510240963791781,45.53742632443968,19.871965982305404,1.8995825688137817,4.381934275981653,"(1.0, 5.0)",-5.657821514756563,0.02,45.0,0.02,0.9057190958417937,0.1980952380952381,True,1.0528628935824176,2025-07-15T20:59:20.299999237+00:00,0.33,,
62143587,STAR,ok,93.65636338390406,0.897732019581239,52.951098498841404,32.254975188800564,1.833292229297695,5.091328421198267,"(3.0, 5.0)",9.656363383904065,0.06,5.0,0.03,0.0,0.1898901098901099,True,3.272800650171579,2025-07-15T21:39:26.629999161+00:00,0.72,,
62143592,STAR,ok,100.04707490641992,0.659134264587972,44.27251136637997,21.736455226635712,1.8032162210263358,4.087585040543361,"(1.0, 5.0)",6.047074906419937,0.04,5.0,0.01,-0.5916761149997121,0.1898901098901099,True,2.2182586610291923,2025-07-15T21:40:22.689998627+00:00,0.54,,
62143597,STAR,ok,105.38539746014102,0.7671321417339145,40.25578283521489,20.840157866098416,1.8751533245093475,4.430435948272169,"(1.0, 5.0)",11.385397460141007,0.04,10.0,0.02,-0.6433177573494551,0.20779220779220778,True,2.133158898377891,2025-07-15T21:41:17.319999695+00:00,1.39,,
62143617,STAR,fail_no_result,94.54967008687478,0.6316750725197838,79.98251986718917,18.194208102274324,1.8229400689800583,2.330900946669235,"(10.0, 45.0)",,,,,,,,,2025-07-15T22:04:35.759998322+00:00,0.24,,
62143622,STAR,ok,106.2155042792839,0.7944604267410869,38.27722759689995,21.89135260795962,1.773617598754892,7.0890947636699035,"(3.0, 5.0)",-75.7844957207161,0.06,14.0,0.04,-0.9528595479208969,0.18379487179487178,True,3.3829163649549345,2025-07-15T22:12:20.100000381+00:00,1.12,,
62143637,STAR,ok,97.37993848517688,0.7026741815983801,44.04932996063374,18.74951202499692,1.804669484841337,3.911742797476891,"(1.0, 5.0)",-80.62006151482312,0.08,6.0,0.01,-0.9214325798681613,0.20512820512820515,True,4.4329446844408436,2025-07-15T22:19:23.359998703+00:00,0.33,,
62143757,STAR,fail_no_result,106.2155042792839,0.7034136382831256,63.34614168830699,22.62914868345734,1.7266755274704588,4.24890418091421,"(3.0, 5.0)",,,,,,,,,2025-07-15T23:44:39.079998016+00:00,0.06,,
62143787,STAR,ok,91.29946521729636,0.8030365155287362,74.84123003992731,21.673422930066536,1.680577918766857,5.215228551773295,"(5.0, 10.0)",-84.70053478270364,0.02,8.0,0.02,0.0,0.14400000000000002,True,1.1900668083676373,2025-07-16T00:18:22.619998932+00:00,0.15,,
62143797,STAR,ok,103.17313215130676,0.7757022626089847,68.72322039048245,23.15015784730505,1.7691019743538625,3.8256477219282328,"(1.0, 5.0)",9.17313215130676,0.04,10.0,0.03,-0.6192113447068046,0.20779220779220778,True,2.2610341619571925,2025-07-16T00:30:14.819999695+00:00,0.34,,
62143807,STAR,fail_incidence,61.524897341425,0.8416104710455741,42.15390439297146,61.270302344993866,1.6824209938527404,7.585761587283754,"(3.0, 15.0)",,,,,,,,,2025-07-16T00:36:49.789997101+00:00,0.63,,
62143872,STAR,ok,89.45749049152096,0.5708658790852433,74.44402530001513,19.62025163775831,1.865542441524874,3.731193198375963,"(1.0, 5.0)",85.45749049152096,0.06,50.0,0.09,0.0,0.18379487179487178,True,3.2162227277422137,2025-07-16T01:21:00.500000+00:00,0.05,,
62143902,STAR,ok,96.2382085541309,0.7126213502701745,42.798428718455725,21.586898982071148,1.7886609343488582,4.757634159443433,"(1.0, 5.0)",-75.7617914458691,0.06,46.0,0.04,0.0110486911085943,0.20512820512820515,True,3.3544647198236217,2025-07-16T01:34:32.459999084+00:00,0.63,,
62143927,STAR,ok,98.96758809086978,0.7244812347790879,44.519520548393636,24.45908373195873,1.7817887263149554,3.757407723606402,"(1.0, 5.0)",4.967588090869782,0.04,16.0,0.02,0.5269614898353778,0.21482517482517482,True,2.2449350705415485,2025-07-16T01:46:27.479999542+00:00,0.27,,
62143932,STAR,fail_no_result,100.84707991380284,0.744586282810469,79.68378126304601,25.800197038209717,1.7481849739758826,4.462979687931329,"(1.0, 5.0)",,,,,,,,,2025-07-16T01:47:28.889999390+00:00,0.41,,
62143937,STAR,ok,88.8190420396334,0.5524236664426894,41.46314431653496,26.67800052137468,1.5535419268705528,5.514740131490673,"(1.0, 5.0)",-85.1809579603666,0.08,4.0,0.01,0.0,0.19200000000000003,True,5.149523074742604,2025-07-16T01:50:08.519999503+00:00,0.7,,
62143942,STAR,ok,93.40903979897287,0.6143829378816286,74.46882553924603,23.761183779424705,1.7394776947673467,4.7881442708124204,"(1.0, 20.0)",-88.59096020102713,0.02,6.0,0.01,0.9685730319472645,0.08228571428571428,True,1.1497704201763266,2025-07-16T01:52:54.579998016+00:00,1.03,,
62143947,STAR,fail_incidence,60.656533953858805,0.8726276414750711,27.317818521852914,45.79612822128811,1.7482327500648944,10.564588268484407,"(5.0, 10.0)",,,,,,,,,2025-07-16T01:54:36.329998016+00:00,0.51,,
62143972,STAR,ok,102.34626515680002,0.778562087107596,42.18306092443681,24.238672514449718,1.6424123083469404,3.1294482835233968,"(1.0, 5.0)",-73.65373484319998,0.14,45.0,0.08,0.053922979670755544,0.18379487179487178,True,8.524047176735273,2025-07-16T02:18:49.099998474+00:00,0.24,,
62143982,STAR,ok,93.12322095670751,0.6039605395498415,83.94943509035264,22.270474359388476,1.7206072156154937,4.531758463824952,"(1.0, 5.0)",-74.87677904329249,0.08,4.0,0.01,0.9371460638945291,0.18285714285714286,True,4.649521359317472,2025-07-16T02:28:39.899997711+00:00,0.74,,
62143987,STAR,ok,109.22630690649504,0.7987144242074322,56.648493773186075,20.603351568652208,1.7343049467884797,6.697027670239048,"(3.0, 5.0)",-72.77369309350496,0.06,5.0,0.02,-0.9842865159736323,0.1898901098901099,True,3.4595991962720127,2025-07-16T02:33:38.709999084+00:00,0.33,,
62143992,STAR,ok,97.82542591048568,0.8527321635698277,43.22337681483358,22.708310542386005,1.7394184575806693,3.0515767828373654,"(1.0, 15.0)",-86.17457408951432,0.02,9.0,0.01,1.0,0.08869772998805256,True,1.1498095764614167,2025-07-16T02:44:29.429998398+00:00,0.32,,
62144012,STAR,ok,62.758546084438855,0.7499974012277146,27.343375264999153,43.187917933194804,1.8367699096143475,3.700255434294325,"(2.0, 8.0)",-51.24145391556115,0.02,40.0,0.01,0.0,0.13929411764705882,True,1.0888680120091496,2025-07-16T02:53:13.009999275+00:00,0.32,,
62144062,STAR,ok,80.21167408781983,0.7636757505041291,36.54010622793907,31.507433717029855,1.8835683130320446,2.6925958575865474,"(1.0, 5.0)",-89.78832591218017,0.04,22.0,0.04,0.0,0.19692307692307692,True,2.123628844425113,2025-07-16T03:53:17.469999313+00:00,0.46,,
62144087,STAR,fail_exception,99.82659125747426,0.7508780665179637,42.1053215565422,24.321196407269664,1.7016877151402214,4.55636839028568,"(3.0, 5.0)",,,,,,,,,2025-07-16T04:21:34.270000458+00:00,0.6,unsupported operand type(s) for /: 'NoneType' and 'float',"Traceback (most recent call last):
  File ""/Users/mhemmett/Seismology/mt-rainier/scripts/run_sws_generic.py"", line 187, in process_event
    splitting_obj.perform_sws_analysis(coord_system='LQT', sws_method='EV_and_XC',
    ~~~~~~~~~~~~~~~~~~~~~~~~~~~~~~~~~~^^^^^^^^^^^^^^^^^^^^^^^^^^^^^^^^^^^^^^^^^^^^
                                        cluster_eps=CLUSTER_EPS, cluster_min_samples=CLUSTER_MIN_SAMPLES)
                                        ^^^^^^^^^^^^^^^^^^^^^^^^^^^^^^^^^^^^^^^^^^^^^^^^^^^^^^^^^^^^^^^^^
  File ""/Users/mhemmett/Seismology/mt-rainier/swspy/splitting/split_windowcheck.py"", line 1695, in perform_sws_analysis
    Q_w = self._calc_Q_w(opt_phi, opt_lag, grid_search_results_all_win_XC, tr_T, method=""dbscan"")
  File ""/Users/mhemmett/Seismology/mt-rainier/swspy/splitting/split_windowcheck.py"", line 1385, in _calc_Q_w
    dt_diff = opt_lag_XC / opt_lag_EV
              ~~~~~~~~~~~^~~~~~~~~~~~
TypeError: unsupported operand type(s) for /: 'NoneType' and 'float'
"
62144102,STAR,fail_exception,98.35051232984232,0.7387597448280929,43.782072846860196,21.845486997657844,1.7987705109249226,4.726284530834819,"(3.0, 5.0)",,,,,,,,,2025-07-16T04:59:32.299999237+00:00,0.85,unsupported operand type(s) for /: 'NoneType' and 'float',"Traceback (most recent call last):
  File ""/Users/mhemmett/Seismology/mt-rainier/scripts/run_sws_generic.py"", line 187, in process_event
    splitting_obj.perform_sws_analysis(coord_system='LQT', sws_method='EV_and_XC',
    ~~~~~~~~~~~~~~~~~~~~~~~~~~~~~~~~~~^^^^^^^^^^^^^^^^^^^^^^^^^^^^^^^^^^^^^^^^^^^^
                                        cluster_eps=CLUSTER_EPS, cluster_min_samples=CLUSTER_MIN_SAMPLES)
                                        ^^^^^^^^^^^^^^^^^^^^^^^^^^^^^^^^^^^^^^^^^^^^^^^^^^^^^^^^^^^^^^^^^
  File ""/Users/mhemmett/Seismology/mt-rainier/swspy/splitting/split_windowcheck.py"", line 1695, in perform_sws_analysis
    Q_w = self._calc_Q_w(opt_phi, opt_lag, grid_search_results_all_win_XC, tr_T, method=""dbscan"")
  File ""/Users/mhemmett/Seismology/mt-rainier/swspy/splitting/split_windowcheck.py"", line 1385, in _calc_Q_w
    dt_diff = opt_lag_XC / opt_lag_EV
              ~~~~~~~~~~~^~~~~~~~~~~~
TypeError: unsupported operand type(s) for /: 'NoneType' and 'float'
"
62144107,STAR,ok,105.15453489623447,0.7319892053336376,45.45224408382581,24.53490013700603,1.728703314879772,5.538400963242571,"(1.0, 5.0)",-76.84546510376553,0.06,8.0,0.03,0.3551725276201374,0.1980952380952381,True,3.470809564807995,2025-07-16T05:00:47.809997559+00:00,1.17,,
62144132,STAR,ok,97.08185436454886,0.7889067184131773,36.711101576812325,27.10607101849343,1.60351379866694,3.5518371806861984,"(1.0, 5.0)",-80.91814563545114,0.08,8.0,0.02,-0.8585786437626906,0.16062745098039216,True,4.989043441129533,2025-07-16T06:51:55.090000153+00:00,0.7,,
62144152,STAR,ok,96.96424120472444,0.9259985077558236,33.999041063483716,34.40576675154101,1.7287594201532168,5.38249091533381,"(1.0, 5.0)",-85.03575879527556,0.16,49.0,0.07,0.0,0.17375565610859728,True,9.255191794461458,2025-07-16T07:39:48.340000153+00:00,0.56,,
62144157,STAR,ok,83.41901530298539,0.6575900382188148,36.66112376080758,30.19255634059621,2.003114765272183,3.748929584162519,"(5.0, 45.0)",-78.58098469701461,0.04,53.0,0.09,0.0,0.05347114556416882,True,1.9968900780662362,2025-07-16T07:40:17.440000296+00:00,0.62,,
62144177,STAR,fail_no_result,100.1138089028734,0.697479424311954,40.741926984736956,24.56696887353223,1.7146815596963687,4.031689673543574,"(1.0, 5.0)",,,,,,,,,2025-07-16T07:57:14.769999504+00:00,0.33,,
62144187,STAR,ok,100.38144353990013,0.7473803483258505,42.02027437745389,21.370634519668332,1.8864326471392219,4.2305756150967015,"(1.0, 5.0)",-71.61855646009987,0.06,5.0,0.03,0.0,0.21482517482517482,True,3.1806065321754313,2025-07-16T08:46:48.479999542+00:00,0.59,,
62144197,STAR,ok,101.92255675789214,0.8858441761580924,42.53969210940497,21.580207224138036,1.7122601599455005,2.9137356422860696,"(1.0, 5.0)",-84.07744324210786,0.06,12.0,0.03,0.2875013536941602,0.18379487179487178,True,3.5041403989630724,2025-07-16T10:37:09.829999924+00:00,0.22,,
62144212,STAR,ok,66.03590107726193,0.8396154086136146,29.59795985614166,36.562653081834114,1.8696142386214962,6.687032234590758,"(5.0, 10.0)",8.035901077261926,0.02,73.0,0.07,0.9057190958417937,0.13136842105263158,True,1.0697393925896925,2025-07-16T11:27:16.529998779+00:00,0.3,,
62144217,STAR,ok,64.0713181287682,0.738735416055628,29.522009477664238,36.46875676104229,1.8710825164717542,8.728212045522982,"(5.0, 10.0)",-75.9286818712318,0.04,55.0,0.09,0.0,0.11428571428571428,True,2.137799891125424,2025-07-16T11:32:30.969999313+00:00,0.4,,
62144227,STAR,ok,68.7058641199215,0.8215165278382757,33.5472492271955,39.105108004333445,1.841428569783558,8.870891004391165,"(2.0, 8.0)",-81.2941358800785,0.04,9.0,0.01,0.5055243455542971,0.11215238095238096,True,2.1722265341360276,2025-07-16T11:44:04.469999790+00:00,0.34,,
62144232,STAR,ok,64.18345435035069,0.7955048081644231,31.08989285422703,44.75972463407352,1.7052896974034448,8.803727438389624,"(5.0, 10.0)",-83.81654564964931,0.04,53.0,0.05,1.0,0.11733333333333335,True,2.345642506426087,2025-07-16T11:44:14.359999657+00:00,-0.19,,
62144237,STAR,ok,105.50926862741127,0.9230650791618146,47.91566486980814,21.958754086089918,1.8687294637971195,5.7963229953869675,"(1.0, 5.0)",-76.49073137258873,0.08,7.0,0.02,-0.8900056118154259,0.19692307692307692,True,4.280983499743507,2025-07-16T11:48:54.189998627+00:00,0.53,,
62144242,STAR,ok,66.3354390913267,0.801068781439976,31.882384076980923,38.48155314042089,1.7932947251015976,7.671757512719633,"(1.0, 5.0)",80.3354390913267,0.06,31.0,0.02,1.0,0.17846153846153848,True,3.3457969379015906,2025-07-16T11:51:49.360000610+00:00,0.3,,
62144247,STAR,ok,107.62775353846875,0.6535481672155996,40.739844908712044,19.644316135790245,1.9545865342577606,3.800882874530914,"(1.0, 5.0)",-76.37224646153125,0.18,51.0,0.09,0.0,0.22646153846153846,True,9.20910877288703,2025-07-16T11:58:18.930000305+00:00,0.55,,
62144262,STAR,ok,73.0766828267657,0.8128964645140047,29.708143874981744,36.96867977172221,1.7825248127215,7.761003128684622,"(2.0, 8.0)",37.076682826765705,0.04,15.0,0.01,0.8428651597363228,0.1264941176470588,True,2.244008033690668,2025-07-16T12:31:56+00:00,0.37,,
62144267,STAR,ok,68.72807890967935,0.759771797252488,31.086389942975416,38.53397703853901,1.7896513542422634,7.337667646807193,"(2.0, 8.0)",-89.27192109032065,0.06,12.0,0.02,-0.8585786437626906,0.1048829431438127,True,3.3526083087509493,2025-07-16T12:32:10.130000114+00:00,0.68,,
62144272,STAR,fail_no_result,101.1184270633284,0.7889392050858633,33.91630972919753,35.12110986650094,1.7853788245952993,3.9395033338921017,"(1.0, 5.0)",,,,,,,,,2025-07-16T12:42:03.339999914+00:00,0.82,,
62144282,STAR,ok,68.56529620767871,0.6246844048449554,39.864588245777924,36.025812795050854,1.8487589220920153,6.788232468232438,"(5.0, 10.0)",24.565296207678713,0.06,54.0,0.09,0.11375392877292145,0.11383399209486166,True,3.2454204430345794,2025-07-16T12:46:19.770000458+00:00,0.75,,
62144287,STAR,ok,70.43372889092184,0.8445773764392428,30.88430012788458,39.355267837628304,1.7301049428451436,4.239261753687088,"(1.0, 20.0)",-61.56627110907816,0.02,22.0,0.01,0.9057190958417937,0.09309090909090909,True,1.1559992405495452,2025-07-16T12:47:01.369999886+00:00,0.26,,
62144297,STAR,fail_no_result,64.8026493734157,0.8937586567959668,25.773034840410205,39.885218739175386,1.8622645763804346,9.032617193243498,"(5.0, 15.0)",,,,,,,,,2025-07-16T12:51:30.269998550+00:00,0.43,,
62144302,STAR,fail_no_result,96.41089315402628,0.918912519147508,49.49318041987271,20.848866201651944,1.7879460516792922,5.669015358236308,"(1.0, 5.0)",,,,,,,,,2025-07-16T12:52:17.479999542+00:00,0.19,,
62144312,STAR,ok,91.64943679704807,0.6090968881324197,48.08947262800962,20.88503227043425,1.8891839979552725,3.4734545967631862,"(1.0, 15.0)",89.64943679704807,0.02,5.0,0.01,1.0,0.11084967320261438,True,1.0586581307933307,2025-07-16T13:14:19.989999771+00:00,0.64,,
62144322,STAR,fail_no_result,68.97072815011035,0.8130083040994265,26.012880668990256,36.543602568600974,1.9045544326659463,6.400076621257353,"(1.0, 5.0)",,,,,,,,,2025-07-16T13:30:51.469997406+00:00,0.4,,
62144332,STAR,fail_no_result,70.75569330306982,0.8740402912522928,27.640019364940578,36.74402178272145,1.8467320249965231,9.926921970914663,"(5.0, 15.0)",,,,,,,,,2025-07-16T14:16:25.739999771+00:00,0.62,,
62144337,STAR,ok,101.3735581902204,0.7122690165205482,41.83867548322196,21.054837098837428,1.8706112981815888,3.6270224169526153,"(1.0, 5.0)",-74.6264418097796,0.06,8.0,0.03,0.37619249566141333,0.1980952380952381,True,3.207507623755169,2025-07-16T14:24:30.079999924+00:00,0.77,,
62144342,STAR,ok,94.20112208747018,0.8725251939139649,38.61903644246719,35.052633324847164,1.7428603119511663,5.551509044682386,"(1.0, 5.0)",50.20112208747018,0.06,64.0,0.08,-0.9842865159736323,0.20512820512820515,True,3.4426166909973883,2025-07-16T14:25:41.189998627+00:00,0.5,,
62144362,STAR,ok,69.44649605431864,0.7843490616807013,29.112307295373594,35.093971279157095,1.8682992866809993,6.96908236753319,"(5.0, 10.0)",31.446496054318644,0.06,51.0,0.07,0.7800112236308518,0.0969142857142857,True,3.2114768992171987,2025-07-16T14:39:13.109999657+00:00,0.99,,
62144427,STAR,ok,92.35583932645783,0.776069790608277,55.831958877656,31.047092835748348,1.922520126416148,8.357594510471051,"(5.0, 15.0)",-83.64416067354217,0.02,5.0,0.01,1.0,0.09904761904761905,True,1.0403012028426906,2025-07-16T15:49:15.599999428+00:00,0.95,,
62144452,STAR,ok,92.56029007326678,0.8978769297922395,39.41691915826226,36.93684424039596,1.6846607064982457,6.857994641045878,"(5.0, 10.0)",-83.43970992673322,0.02,49.0,0.04,-0.9842865159736323,0.11140740740740741,True,1.1871826726208994,2025-07-16T16:39:02.950000048+00:00,0.84,,
62144482,STAR,ok,66.59346700964116,0.961765964316396,28.982095401594165,39.92632984968238,1.8564209977097719,11.987705773346544,"(2.0, 8.0)",-83.40653299035884,0.06,7.0,0.01,-0.9528595479208969,0.10971428571428571,True,3.2320254982043815,2025-07-16T17:33:09.989999771+00:00,0.64,,
62144497,STAR,ok,102.23202823525959,0.8508621920492996,36.19213178286392,22.4343893794526,1.7371944818126395,3.4998847089207867,"(1.0, 5.0)",-81.76797176474041,0.08,11.0,0.02,0.6394234726181343,0.16062745098039216,True,4.605126302066402,2025-07-16T17:44:58.809997559+00:00,0.71,,
62144522,STAR,ok,88.93417904078987,0.7512608780863367,56.94505149426901,30.87925482969739,1.9755845278657609,6.530053661514259,"(10.0, 45.0)",12.934179040789871,0.02,5.0,0.01,0.0,0.067412771560237,True,1.0123586066755723,2025-07-16T18:28:19.789999008+00:00,0.85,,
62144562,STAR,fail_incidence,79.31991070804472,0.8085106188518867,48.08851897358157,53.079874713402226,1.7075493297336177,3.421126021162447,"(1.0, 8.0)",,,,,,,,,2025-07-16T19:18:48.189998627+00:00,0.57,,
62144592,STAR,ok,99.56501735465693,0.6791742393566726,42.621246963722406,23.593485342487824,1.7616210197686129,4.879892054377997,"(1.0, 5.0)",-76.43498264534307,0.06,8.0,0.03,-0.9214325798681613,0.1980952380952381,True,3.405953909875629,2025-07-16T20:05:11.429999352+00:00,0.72,,
62144602,STAR,fail_snr,90.0458857653281,0.9228806794926498,56.13439810267575,21.307282991754317,1.7960392562285605,1.4063656147402934,"(1.0, 5.0)",,,,,,,,,2025-07-16T20:23:22.409999847+00:00,1.87,,
62144607,STAR,ok,82.59706857460246,0.6242372898343957,59.61471917851371,21.18330088285844,1.711697835764021,5.358410393426817,"(1.0, 5.0)",-81.40293142539754,0.08,3.0,0.01,0.9685730319472645,0.1898901098901099,True,4.673722097936275,2025-07-16T20:25:49.809997559+00:00,0.26,,
62144627,STAR,ok,103.53254710022429,0.8467291887052089,46.64339576308583,24.65618278928536,1.6708870289371873,2.736548802322947,"(1.0, 5.0)",-80.46745289977571,0.16,8.0,0.01,0.09536302554253528,0.2346666666666667,True,9.575752114239124,2025-07-16T22:28:30.969999313+00:00,0.65,,
62144652,STAR,ok,87.043806218941,0.5523886455062856,39.4094791657662,40.587708156191766,1.5731449931030939,5.734255788541672,"(1.0, 5.0)",41.043806218941,0.04,31.0,0.02,0.5661683776587858,0.18379487179487178,True,2.542677259589298,2025-07-17T00:58:44.129997253+00:00,0.48,,
62144662,STAR,ok,61.191624821804204,0.6847901415498905,31.16427104907888,24.053627716959262,1.6298528927579337,3.7356632940512977,"(3.0, 15.0)",83.1916248218042,0.02,10.0,0.01,0.9685730319472645,0.1024,True,1.2271046110276411,2025-07-17T01:19:49.180000305+00:00,0.52,,
62144667,STAR,ok,103.72647327619121,0.6583343941853608,87.59923874644059,28.592474750236978,1.591795891199523,3.538924351570306,"(1.0, 8.0)",-78.27352672380879,0.08,7.0,0.01,0.0,0.1496103896103896,True,5.025769977312526,2025-07-17T01:42:36.119998932+00:00,0.35,,
62144672,STAR,fail_incidence,55.87500163615655,0.8030688285218719,55.81114413391273,72.10763345398459,1.8526302647458106,3.662634357898402,"(1.0, 5.0)",,,,,,,,,2025-07-17T01:49:02.339999914+00:00,0.96,,
62144687,STAR,ok,66.51247580618463,0.7513501419936242,33.79577023056749,38.13254306988019,1.7713097213921178,4.890136686536783,"(1.0, 8.0)",14.512475806184625,0.04,12.0,0.02,0.0,0.11150635208711433,True,2.2582160260805755,2025-07-17T02:40:14.949999809+00:00,0.16,,
62144702,STAR,fail_incidence,52.748859656971476,0.8160905723411196,27.904534677156875,69.95972230387767,1.5959743418767034,3.844430979689939,"(5.0, 10.0)",,,,,,,,,2025-07-17T03:12:56.639999390+00:00,0.47,,
62144717,STAR,fail_incidence,94.39972638932204,0.8357587519506231,37.43179821321027,57.56847722737061,1.364773436375876,5.24126570642936,"(1.0, 5.0)",,,,,,,,,2025-07-17T03:38:54.199996948+00:00,0.54,,
62144727,STAR,ok,76.54099374805588,0.866904084862381,58.203506137668406,32.72838023220961,1.8470492358595028,8.218390022752565,"(10.0, 45.0)",0.5409937480558824,0.02,8.0,0.01,0.0,0.06277511961722487,True,1.0828081683861144,2025-07-17T04:25:18.079999924+00:00,0.6,,
62144732,STAR,fail_incidence,57.27093984876369,0.8143060049011942,66.77685055776129,73.87711276852127,1.7180540087578349,2.082229168780063,"(1.0, 5.0)",,,,,,,,,2025-07-17T04:34:12.250000+00:00,1.7,,
62144757,STAR,ok,87.55380087159116,0.5076582090537587,38.2297424646591,26.41294949855919,1.5199356226414127,3.486215717850058,"(1.0, 5.0)",-84.44619912840884,0.08,6.0,0.03,-0.9214325798681613,0.19692307692307692,True,5.263380817469914,2025-07-17T05:30:18.119998932+00:00,0.25,,
62144767,STAR,fail_incidence,88.39450063753766,0.5607897464628514,43.67961427122596,55.50456893378108,1.3985635751578536,2.3829759522876977,"(1.0, 8.0)",,,,,,,,,2025-07-17T05:52:07.619999886+00:00,1.15,,
62144777,STAR,ok,99.45580638418795,0.8977488636154541,47.92578772670651,32.97386354492944,1.4735561118140246,4.706484753645695,"(3.0, 5.0)",-68.54419361581205,0.14,4.0,0.01,0.0,0.1898901098901099,True,9.500825850985253,2025-07-17T06:39:19.579999924+00:00,0.94,,
62144817,STAR,ok,89.58342065367701,0.9302488538968934,44.05735016737124,29.145098152274972,1.7812420611930289,4.042466792170311,"(2.0, 8.0)",-82.41657934632299,0.14,91.0,0.1,0.3906580959268755,0.1511111111111111,True,7.859684152429665,2025-07-17T10:23:20.520000458+00:00,0.19,,
62144822,STAR,ok,94.43875210110657,0.7154699818260781,37.07991840680099,29.192191175043966,1.9391020196630797,4.439030805929086,"(5.0, 10.0)",10.438752101106573,0.02,6.0,0.01,0.0,0.10666666666666667,True,1.0314052482640916,2025-07-17T10:27:52.509998321+00:00,0.53,,
62144832,STAR,ok,101.15964406313742,0.8573383060208921,44.486321223682175,22.33907929068892,1.855534741337061,5.014361383837387,"(1.0, 5.0)",-82.84035593686258,0.06,10.0,0.08,0.2875013536941602,0.18379487179487178,True,3.2335692058648924,2025-07-17T10:47:43.739998102+00:00,1.1,,
62144842,STAR,fail_exception,95.26238961445986,0.8953927920647613,37.58793123757167,30.341698863313198,1.893573740869459,13.17248313968821,"(1.0, 5.0)",,,,,,,,,2025-07-17T12:26:32.829998016+00:00,0.9,unsupported operand type(s) for /: 'NoneType' and 'float',"Traceback (most recent call last):
  File ""/Users/mhemmett/Seismology/mt-rainier/scripts/run_sws_generic.py"", line 187, in process_event
    splitting_obj.perform_sws_analysis(coord_system='LQT', sws_method='EV_and_XC',
    ~~~~~~~~~~~~~~~~~~~~~~~~~~~~~~~~~~^^^^^^^^^^^^^^^^^^^^^^^^^^^^^^^^^^^^^^^^^^^^
                                        cluster_eps=CLUSTER_EPS, cluster_min_samples=CLUSTER_MIN_SAMPLES)
                                        ^^^^^^^^^^^^^^^^^^^^^^^^^^^^^^^^^^^^^^^^^^^^^^^^^^^^^^^^^^^^^^^^^
  File ""/Users/mhemmett/Seismology/mt-rainier/swspy/splitting/split_windowcheck.py"", line 1695, in perform_sws_analysis
    Q_w = self._calc_Q_w(opt_phi, opt_lag, grid_search_results_all_win_XC, tr_T, method=""dbscan"")
  File ""/Users/mhemmett/Seismology/mt-rainier/swspy/splitting/split_windowcheck.py"", line 1385, in _calc_Q_w
    dt_diff = opt_lag_XC / opt_lag_EV
              ~~~~~~~~~~~^~~~~~~~~~~~
TypeError: unsupported operand type(s) for /: 'NoneType' and 'float'
"
62144852,STAR,ok,88.50895617494075,0.7542396278795078,41.47592322237148,30.99266792647251,1.9297249710765005,9.842622620923354,"(1.0, 5.0)",-77.49104382505925,0.08,7.0,0.01,-0.9842865159736324,0.1767619047619048,True,4.1456684863943005,2025-07-17T13:12:39.319999695+00:00,0.4,,
62144857,STAR,ok,80.88918828527305,0.5119092477336424,48.862625756294676,23.5510085338426,1.6818126130913567,4.424952304060771,"(1.0, 20.0)",-85.11081171472695,0.02,7.0,0.01,0.0,0.11199999999999999,True,1.1891931267680174,2025-07-17T13:13:28.949998856+00:00,0.03,,
62144957,STAR,fail_no_result,105.50926862741127,0.6516389792012977,39.77749062148857,21.369295497360913,1.8801365693829943,5.102557878080721,"(1.0, 5.0)",,,,,,,,,2025-07-17T17:32:49.919998169+00:00,0.85,,
62144962,STAR,fail_no_result,87.60705452770537,0.7458929948531405,40.729967836776744,16.356014292888904,1.9599219632029055,3.4242341580333076,"(1.0, 5.0)",,,,,,,,,2025-07-17T17:35:56.729999542+00:00,0.29,,
62145102,STAR,fail_no_result,95.42278258964566,0.6582300331544764,84.55400885780263,24.36249233621315,1.727579066129067,5.451068184727864,"(5.0, 15.0)",,,,,,,,,2025-07-17T21:11:40.189998627+00:00,0.42,,
62145137,STAR,ok,104.46296162483178,0.6797858784950188,45.894388545853474,25.19923287766201,1.6971321541328095,3.123496361089087,"(1.0, 5.0)",86.46296162483178,0.12,26.0,0.07,0.9685730319472645,0.24068376068376068,True,7.07075166231335,2025-07-17T22:20:33.250000+00:00,0.74,,
62145207,STAR,ok,79.76751282900781,0.6501540110728199,47.11178277682149,22.092432995011077,1.747157846626956,5.004858288301363,"(1.0, 5.0)",-84.23248717099219,0.08,5.0,0.02,0.0,0.20779220779220778,True,4.578865049568768,2025-07-18T01:18:07.039999962+00:00,0.09,,
62145212,STAR,fail_rectilinearity,95.1086593951049,0.4701343420515124,33.99653243208688,33.69518816591745,1.763803063606324,3.913941172998177,"(1.0, 5.0)",,,,,,,,,2025-07-18T01:32:01.099999905+00:00,0.51,,
62145242,STAR,ok,88.13607162885758,0.5548657865362301,58.83179622238064,25.80349011895469,1.547043706901661,5.2164992660157825,"(1.0, 5.0)",-77.86392837114242,0.08,5.0,0.01,0.0,0.20512820512820515,True,5.171153189990984,2025-07-18T05:02:45.059997559+00:00,0.53,,
62145252,STAR,fail_no_result,94.69536475924103,0.7382265034969955,46.82428909076627,31.169695202263995,1.710534814334645,5.515113731078677,"(1.0, 5.0)",,,,,,,,,2025-07-18T06:02:36.139999390+00:00,0.59,,
62145257,STAR,ok,100.87686076222488,0.7075256599103116,49.81307532596283,26.32929475680793,1.647517711223624,3.3825294074994092,"(1.0, 5.0)",-81.12313923777512,0.08,8.0,0.02,0.717785433174694,0.17066666666666666,True,4.855789983622294,2025-07-18T06:36:18.149999619+00:00,0.26,,
62145267,STAR,ok,94.68724602836235,0.740470703994425,44.24415110043393,36.86912971781896,1.691875080996852,4.741552034273546,"(1.0, 5.0)",16.687246028362352,0.08,40.0,0.02,0.6664583983968416,0.20512820512820515,True,4.7284814877032195,2025-07-18T07:13:58.629997253+00:00,0.29,,
62145292,STAR,fail_no_result,102.96732950040825,0.5758085518446923,74.24436905115758,22.64190069947531,1.8672793217189074,5.821167318011174,"(1.0, 5.0)",,,,,,,,,2025-07-18T09:10:53.759998322+00:00,0.58,,
62145312,STAR,fail_incidence,52.39779450324347,0.7863633430151178,31.10438243532471,70.54459828165606,1.626007970016037,5.088272276770615,"(3.0, 5.0)",,,,,,,,,2025-07-18T09:55:43.719997406+00:00,0.77,,
62145317,STAR,fail_snr,85.547282506731,0.6183296923696573,48.20642800125269,28.12667770648636,1.9164089055927513,1.948538368785892,"(5.0, 10.0)",,,,,,,,,2025-07-18T10:27:16.219999313+00:00,-0.38,,
62145322,STAR,ok,105.92661866435623,0.9346628128570267,53.825694212603146,19.715172740976687,1.9721403231393209,5.563470250286089,"(3.0, 5.0)",-76.07338133564377,0.06,18.0,0.04,0.1370449849356623,0.20779220779220778,True,3.042379859892015,2025-07-18T11:27:38.939998627+00:00,1.28,,
62145382,STAR,ok,93.5195321609676,0.6825416177518377,54.53314854435094,31.172714353508777,1.9053271518233847,5.341722751892806,"(1.0, 5.0)",21.5195321609676,0.08,53.0,0.09,-0.4814550271298651,0.19200000000000003,True,4.198753999985806,2025-07-18T14:08:00.920000076+00:00,0.53,,
62145442,STAR,ok,90.03275519421896,0.7020294203110469,41.843286667745076,27.184136582993055,1.7904643481914284,4.36467319162054,"(5.0, 45.0)",10.032755194218964,0.02,55.0,0.01,0.0,0.0745945945945946,True,1.1170286646702718,2025-07-18T15:03:08.449999809+00:00,1.03,,
62145447,STAR,ok,90.03012482450335,0.5577886629385589,61.793863814695364,28.92348560906103,1.8224741223886978,4.7097251199678976,"(5.0, 30.0)",6.030124824503346,0.02,4.0,0.01,0.0,0.06650472334682861,True,1.097409272060676,2025-07-18T15:14:29.149999619+00:00,0.42,,
62145507,STAR,ok,106.21617609373781,0.720375851377069,40.67318273796427,20.11060227624681,1.8252683383621835,5.337890358272537,"(1.0, 5.0)",-75.78382390626219,0.08,7.0,0.02,0.0,0.18285714285714286,True,4.382917202836277,2025-07-18T17:22:19.869998932+00:00,0.68,,
62145512,STAR,ok,103.9753106147975,0.7629831467286874,43.888892304924944,21.04101968719983,1.8808422572771482,3.959372328915615,"(1.0, 5.0)",-88.0246893852025,0.16,8.0,0.06,0.11802821564685995,0.1898901098901099,True,8.506827161126647,2025-07-18T17:23:08.630000114+00:00,0.54,,
62145712,STAR,ok,93.29780646011609,0.6038274983948027,40.91650258612764,19.61130599296982,1.912720270782737,3.5217707926592006,"(1.0, 5.0)",-78.70219353988391,0.08,6.0,0.01,0.0,0.18285714285714286,True,4.18252481672408,2025-07-18T21:12:14.779999495+00:00,0.73,,
62145982,STAR,fail_snr,118.43543835076443,0.7390748644304024,51.53300456029134,30.45382517838843,1.5673504625738817,1.48999836255149,"(10.0, 45.0)",,,,,,,,,2025-07-18T23:43:11.590000153+00:00,0.6,,
62146017,STAR,fail_incidence,73.67596605962879,0.8366950582919221,25.811421390197562,62.05553863799327,1.5003773078795173,3.8465665367441133,"(5.0, 30.0)",,,,,,,,,2025-07-19T00:05:19.920000076+00:00,0.41,,
62146137,STAR,ok,87.67452112575646,0.7587763608184743,71.03102004513819,20.752509158602912,1.7893073127919972,4.375852203626931,"(1.0, 5.0)",-86.32547887424354,0.08,5.0,0.01,1.0,0.20512820512820515,True,4.471003914647267,2025-07-19T02:30:08.199999809+00:00,0.43,,
62146142,STAR,ok,101.7488064986666,0.7581662620805396,42.37288164149742,22.06973733069533,1.7376245077990204,3.080504085685568,"(1.0, 20.0)",89.7488064986666,0.02,8.0,0.01,-0.8900056118154259,0.1302164502164502,True,1.1509966572313832,2025-07-19T02:49:17.770000458+00:00,0.21,,
62146202,STAR,fail_no_result,81.90921886939755,0.7959466556635899,32.981235110571234,34.46510223006526,1.8223704927898554,5.865524141383355,"(1.0, 5.0)",,,,,,,,,2025-07-19T04:30:02.640000105+00:00,0.86,,
62146207,STAR,fail_no_result,95.07409938104318,0.8300033149345521,39.430589389769395,37.52143340486138,1.5960543938159129,6.7249740593666445,"(5.0, 10.0)",,,,,,,,,2025-07-19T04:43:37.270000458+00:00,0.45,,
62146282,STAR,fail_incidence,57.98337391753689,0.8374319873905722,24.674640375694114,47.01494241109565,1.7776889702962808,6.112356516061192,"(5.0, 45.0)",,,,,,,,,2025-07-19T08:48:14.960000038+00:00,0.47,,
62146307,STAR,ok,92.62723860061853,0.6770444055411563,36.96283837356399,37.38618157767692,1.6536521681307472,7.058091440141611,"(1.0, 5.0)",74.62723860061853,0.12,91.0,0.1,-0.9528595479208969,0.1898901098901099,True,7.25666511450503,2025-07-19T09:59:20.069999695+00:00,0.54,,
62146497,STAR,ok,108.66545639756815,0.7017467203308494,49.544067119896845,27.14884864597559,1.6611338244057836,3.8572453760405407,"(1.0, 8.0)",44.66545639756815,0.1,48.0,0.04,0.8742921277890582,0.1511111111111111,True,6.019984575039987,2025-07-19T17:25:21.119998932+00:00,1.54,,
62146512,STAR,ok,102.6657741236913,0.6626805288907891,70.32935798880727,29.04980522419104,1.5502110079127454,3.4619525456859646,"(1.0, 20.0)",-5.334225876308693,0.02,13.0,0.01,-0.26146625076071717,0.08884705882352942,True,1.290146947603517,2025-07-19T17:30:47.789997101+00:00,0.94,,
62146737,STAR,ok,82.78154975890244,0.8061130794719953,67.40190849108815,24.27501333792555,1.709917207217748,4.7993068777844625,"(1.0, 5.0)",-83.21845024109756,0.08,50.0,0.08,0.0,0.20779220779220778,True,4.678589095560372,2025-07-19T19:46:28.289999008+00:00,0.96,,
62146942,STAR,ok,99.26152827815767,0.5560046456748051,84.15014020840471,20.114817301363292,1.8103852511913185,5.835487945912723,"(1.0, 5.0)",-74.73847172184233,0.08,6.0,0.02,0.0,0.18285714285714286,True,4.418948947322469,2025-07-19T22:21:28.680000305+00:00,0.48,,
62147212,STAR,fail_incidence,75.60948265739768,0.8981794798695291,28.231169173065894,46.59652695669605,1.813681376438861,5.381715664416943,"(1.0, 5.0)",,,,,,,,,2025-07-20T04:42:52.379997253+00:00,0.32,,
62147292,STAR,ok,93.19173231928292,0.5984613783178274,35.27887839831032,32.754349929912486,1.841568506508667,5.279929357779657,"(1.0, 5.0)",75.19173231928292,0.18,22.0,0.02,0.0,0.1898901098901099,True,9.774276621468323,2025-07-20T10:19:46.819999695+00:00,0.39,,
62147297,STAR,ok,90.04094677238183,0.8297363545609947,67.1242162804813,20.800349380987992,1.8476046987461856,3.794869196724097,"(1.0, 20.0)",-85.95905322761817,0.06,11.0,0.01,1.0,0.11368421052631579,True,3.24744790055562,2025-07-20T11:56:12.729999542+00:00,1.07,,
62147312,STAR,fail_no_result,81.30235794132486,0.9635115020330236,43.57178835968657,35.48365935594437,1.9288287073286507,5.033460926556332,"(1.0, 5.0)",,,,,,,,,2025-07-20T12:39:17.739999771+00:00,0.41,,
62147327,STAR,ok,99.89420680340733,0.7781882019992841,75.88178551725586,16.77192417085757,1.9586725854724818,5.820826870664687,"(5.0, 45.0)",11.894206803407329,0.18,7.0,0.01,0.0,0.05982608695652174,True,9.18989734859537,2025-07-20T13:26:16.969999313+00:00,-0.05,,
62147342,STAR,ok,86.73406163247817,0.7830062481403961,67.19099751056443,30.77849068160881,1.8298682796333838,3.8541037098155755,"(1.0, 5.0)",20.734061632478173,0.06,18.0,0.02,0.7167211381337342,0.20800000000000002,True,3.2789245361431734,2025-07-20T14:15:24.519998549+00:00,0.17,,
62147372,STAR,fail_exception,92.77418597231686,0.8746193173662323,58.715340003344224,19.221252596547252,1.916114291669991,4.508958185768696,"(1.0, 5.0)",,,,,,,,,2025-07-20T15:12:17.809999704+00:00,0.86,unsupported operand type(s) for /: 'NoneType' and 'float',"Traceback (most recent call last):
  File ""/Users/mhemmett/Seismology/mt-rainier/scripts/run_sws_generic.py"", line 187, in process_event
    splitting_obj.perform_sws_analysis(coord_system='LQT', sws_method='EV_and_XC',
    ~~~~~~~~~~~~~~~~~~~~~~~~~~~~~~~~~~^^^^^^^^^^^^^^^^^^^^^^^^^^^^^^^^^^^^^^^^^^^^
                                        cluster_eps=CLUSTER_EPS, cluster_min_samples=CLUSTER_MIN_SAMPLES)
                                        ^^^^^^^^^^^^^^^^^^^^^^^^^^^^^^^^^^^^^^^^^^^^^^^^^^^^^^^^^^^^^^^^^
  File ""/Users/mhemmett/Seismology/mt-rainier/swspy/splitting/split_windowcheck.py"", line 1695, in perform_sws_analysis
    Q_w = self._calc_Q_w(opt_phi, opt_lag, grid_search_results_all_win_XC, tr_T, method=""dbscan"")
  File ""/Users/mhemmett/Seismology/mt-rainier/swspy/splitting/split_windowcheck.py"", line 1385, in _calc_Q_w
    dt_diff = opt_lag_XC / opt_lag_EV
              ~~~~~~~~~~~^~~~~~~~~~~~
TypeError: unsupported operand type(s) for /: 'NoneType' and 'float'
"
62147397,STAR,ok,94.26532116887037,0.8009627393445649,39.77087422361566,26.320331869812623,1.9473841552296896,3.689135423939486,"(3.0, 5.0)",14.265321168870372,0.06,8.0,0.02,0.7328707715517486,0.20512820512820515,True,3.08105618703276,2025-07-20T16:28:51.259998322+00:00,0.3,,
62147462,STAR,ok,85.88549259812953,0.7604053705879179,37.42702081955275,29.84840208014135,1.9512387747001028,4.424561432008792,"(5.0, 10.0)",7.885492598129531,0.02,5.0,0.01,0.0,0.10898550724637682,True,1.0249898812652447,2025-07-20T19:24:04.609999895+00:00,0.24,,
62147502,STAR,ok,101.06829481124112,0.5966488742056268,72.09040008294693,16.154562286965387,1.9492577640631894,5.244098701256867,"(1.0, 20.0)",-82.93170518875888,0.02,50.0,0.03,0.9685730319472645,0.06855532064834391,True,1.0260315679497614,2025-07-20T20:51:35.259998322+00:00,0.23,,
62147532,STAR,ok,89.49843717627974,0.5595281378479452,58.576984569188426,22.49760353255617,1.7701383261780996,4.559662616188063,"(1.0, 5.0)",19.498437176279737,0.1,11.0,0.04,0.0,0.19200000000000003,True,5.649276021038972,2025-07-20T21:54:03.449999809+00:00,0.93,,
62147567,STAR,ok,90.04172429786753,0.6942065741752126,41.302796437420454,19.040121862299245,1.9608001090546123,3.2477518144367314,"(1.0, 5.0)",-81.95827570213247,0.1,45.0,0.02,0.0,0.1898901098901099,True,5.099958916679905,2025-07-20T23:04:37.619998932+00:00,0.89,,
62147572,STAR,ok,88.45199002804854,0.5453122245526649,54.304014004568614,17.01646548313316,2.0600598892009114,3.103544419196334,"(1.0, 5.0)",-75.54800997195146,0.1,50.0,0.07,-0.8900056118154259,0.21333333333333335,True,4.854227807852207,2025-07-21T00:19:00.460000038+00:00,0.3,,
62147602,STAR,ok,86.2314834340782,0.6752231446849593,38.19396787655048,28.023384830686684,1.859953770174216,2.887851337918657,"(10.0, 45.0)",-83.7685165659218,0.18,13.0,0.01,-0.41860109102439425,0.04987012987012987,True,9.677659890607924,2025-07-21T03:02:54.069999695+00:00,0.06,,
62147617,STAR,fail_no_result,97.67234030901531,0.7586174206025336,84.08988179729617,19.114182264407912,1.8179801020551076,4.591748372258318,"(1.0, 5.0)",,,,,,,,,2025-07-21T04:59:58.759998322+00:00,-0.12,,
62147672,STAR,ok,69.79046244814076,0.7016698416259717,33.44408967219985,22.656980318017542,2.1561866028556973,5.228771969589325,"(3.0, 30.0)",-0.20953755185924194,0.02,11.0,0.01,0.0,0.054566893424036284,True,0.9275635037112092,2025-07-21T08:15:46.479999542+00:00,0.01,,
62147707,STAR,fail_incidence,48.696383533572416,0.9435762041129206,51.54977730016797,60.33678243852606,1.6954042548426358,1.3810914194078576,"(1.0, 5.0)",,,,,,,,,2025-07-21T10:56:43.669998169+00:00,2.19,,
62147712,STAR,fail_incidence,50.58541754816379,0.9062778991315626,45.671622489603685,59.37784964874008,1.603378267340984,4.877636874081981,"(3.0, 15.0)",,,,,,,,,2025-07-21T11:00:39.379997253+00:00,1.16,,
62147717,STAR,ok,55.207763971025514,0.731043301935419,34.542425707119975,37.95715445182517,1.9737029535851898,3.8284286291941543,"(5.0, 10.0)",15.207763971025514,0.06,18.0,0.01,0.9057190958417937,0.1048829431438127,True,3.0399711309653394,2025-07-21T11:03:57.409999847+00:00,1.17,,
62147772,STAR,ok,89.46117037621238,0.8289530786704341,40.59258779600331,19.378339991341267,1.828481891299832,4.100898548634425,"(1.0, 5.0)",-84.53882962378762,0.06,7.0,0.02,-0.9842865159736324,0.1898901098901099,True,3.281410676555685,2025-07-21T13:05:08.769999504+00:00,0.1,,
62147842,STAR,fail_incidence,100.55329461523485,0.6298907419451674,28.187628439105016,60.531341932904155,1.6642100641060744,4.18664202075826,"(1.0, 5.0)",,,,,,,,,2025-07-21T15:21:18.090000153+00:00,0.3,,
62147902,STAR,ok,94.8873893759749,0.599401542680813,42.886012745538835,19.123306790835947,1.9320480621128113,5.758680491832127,"(1.0, 5.0)",-77.1126106240251,0.08,3.0,0.01,0.9685730319472645,0.20512820512820515,True,4.140683742231296,2025-07-21T16:40:31.779998779+00:00,0.19,,
62148877,STAR,fail_exception,90.9151157640666,0.8129218302533695,36.92568383286698,36.65015730750927,1.636391439108292,4.312295583885129,"(3.0, 5.0)",,,,,,,,,2025-07-23T05:59:49.099998474+00:00,0.17,unsupported operand type(s) for /: 'NoneType' and 'float',"Traceback (most recent call last):
  File ""/Users/mhemmett/Seismology/mt-rainier/scripts/run_sws_generic.py"", line 187, in process_event
    splitting_obj.perform_sws_analysis(coord_system='LQT', sws_method='EV_and_XC',
    ~~~~~~~~~~~~~~~~~~~~~~~~~~~~~~~~~~^^^^^^^^^^^^^^^^^^^^^^^^^^^^^^^^^^^^^^^^^^^^
                                        cluster_eps=CLUSTER_EPS, cluster_min_samples=CLUSTER_MIN_SAMPLES)
                                        ^^^^^^^^^^^^^^^^^^^^^^^^^^^^^^^^^^^^^^^^^^^^^^^^^^^^^^^^^^^^^^^^^
  File ""/Users/mhemmett/Seismology/mt-rainier/swspy/splitting/split_windowcheck.py"", line 1695, in perform_sws_analysis
    Q_w = self._calc_Q_w(opt_phi, opt_lag, grid_search_results_all_win_XC, tr_T, method=""dbscan"")
  File ""/Users/mhemmett/Seismology/mt-rainier/swspy/splitting/split_windowcheck.py"", line 1385, in _calc_Q_w
    dt_diff = opt_lag_XC / opt_lag_EV
              ~~~~~~~~~~~^~~~~~~~~~~~
TypeError: unsupported operand type(s) for /: 'NoneType' and 'float'
"
62148967,STAR,ok,90.47003737723104,0.8658542467895801,38.16098683382155,30.871699566586056,1.7664343825807398,5.883441309232273,"(5.0, 10.0)",12.470037377231037,0.12,4.0,0.01,0.0,0.13206349206349205,True,6.7933460299092125,2025-07-23T12:22:31.420000076+00:00,0.62,,
62149007,STAR,ok,114.08433887279497,0.7900753116536303,39.63130778731514,22.5571655319437,1.8265454684885207,2.9951641920363925,"(10.0, 20.0)",2.084338872794973,0.1,50.0,0.01,0.0,0.06855532064834391,True,5.474815805310924,2025-07-23T13:51:44.899997711+00:00,0.23,,
62149187,STAR,ok,88.94171224601173,0.8191572378199627,78.12163458333342,17.62471946757677,1.9359576626268211,3.34979629170859,"(10.0, 45.0)",14.941712246011733,0.02,55.0,0.01,0.0,0.05956709956709957,True,1.0330804431364902,2025-07-23T17:13:08.229999542+00:00,0.1,,
62149242,STAR,ok,85.7033028553525,0.938412665570188,48.82768141248978,19.477636508948315,1.851829444962028,4.834828300818381,"(1.0, 5.0)",-84.2966971446475,0.08,4.0,0.01,1.0,0.21482517482517482,True,4.32005227142505,2025-07-23T18:45:53.389999390+00:00,0.16,,
62149247,STAR,ok,88.39154579018272,0.6605112979110284,82.72875944920048,22.91390431860851,1.7883456313678503,6.698454509614054,"(1.0, 5.0)",-85.60845420981728,0.08,3.0,0.01,0.0,0.18285714285714286,True,4.4734081934044525,2025-07-23T18:46:37.290000916+00:00,0.39,,
62149267,STAR,ok,88.05700877898153,0.6590815525206353,44.18241605576758,25.582659780047898,1.7981922286580792,5.055376033414533,"(2.0, 8.0)",-81.94299122101847,0.08,55.0,0.09,0.0,0.14262857142857144,True,4.448912564798531,2025-07-23T19:05:37.779998779+00:00,0.18,,
62149312,STAR,ok,94.94426807331601,0.6523911457188891,39.31248851318397,31.470857949369442,1.6644329077188513,7.022865669322828,"(1.0, 5.0)",-81.05573192668399,0.08,5.0,0.02,0.0,0.1898901098901099,True,4.806441859506496,2025-07-23T19:41:41.950000763+00:00,0.25,,
62149557,STAR,ok,93.58479047779281,0.7233976333591905,37.51540555632551,35.32482273400674,1.667202938583047,4.811587135940321,"(1.0, 8.0)",87.58479047779281,0.02,47.0,0.04,0.9685730319472645,0.1356521739130435,True,1.1996140084180733,2025-07-24T03:52:39.309997559+00:00,0.22,,
62149627,STAR,ok,90.85899850593006,0.6743412238328932,47.207338664154726,30.44122139951206,1.8461733350097072,5.099658447046642,"(5.0, 45.0)",-79.14100149406994,0.06,51.0,0.09,1.0,0.0624390243902439,True,3.2499656918555004,2025-07-24T11:20:12.960000038+00:00,0.18,,
62149632,STAR,ok,74.9168094913435,0.7694206344475012,27.59741860916921,33.643089564324555,2.0150487344761268,6.437013881773097,"(1.0, 5.0)",48.9168094913435,0.06,26.0,0.02,0.8428651597363228,0.18379487179487178,True,2.977595478136107,2025-07-24T11:34:29.429998398+00:00,0.56,,
62149637,STAR,ok,103.89805980478373,0.5662303697029276,52.35866146985207,20.767325233176933,1.8671154358118318,5.740148154250512,"(5.0, 45.0)",-88.10194019521627,0.06,6.0,0.03,-0.6071628993408069,0.0667379679144385,True,3.2135131470278737,2025-07-24T11:37:08.489999771+00:00,0.58,,
62149642,STAR,ok,92.92217465226403,0.6186773522915296,70.43160773770404,30.31119703204351,1.861625925685145,5.248167134519704,"(1.0, 5.0)",20.922174652264033,0.06,91.0,0.1,0.0,0.17846153846153848,True,3.222989064138535,2025-07-24T12:14:54.639999390+00:00,0.32,,
62149652,STAR,ok,78.83297648388606,0.854093023933855,22.75276006054522,35.18208814108412,2.020695255250928,7.547025972941698,"(2.0, 8.0)",20.832976483886057,0.06,5.0,0.01,0.0,0.11383399209486166,True,2.9692750474909815,2025-07-24T12:42:04.029999495+00:00,0.26,,
62149777,STAR,fail_incidence,56.2166388646981,0.9306530510409442,24.48359976732673,47.185878254660885,1.9280665196076305,5.167958011703794,"(1.0, 5.0)",,,,,,,,,2025-07-24T16:47:44.469997406+00:00,0.49,,
62149787,STAR,ok,52.705925082353495,0.9228300177969846,24.27036583683564,43.141262590778815,2.036234574742041,4.947573974839349,"(1.0, 5.0)",76.7059250823535,0.04,29.0,0.03,0.5472307430931291,0.1767619047619048,True,1.9644102156092393,2025-07-24T16:51:07.769999981+00:00,0.82,,
62149797,STAR,ok,49.701303397854765,0.922708740613166,21.189455340745756,43.909210931241965,2.040624867487878,5.211903085444991,"(1.0, 5.0)",75.70130339785476,0.04,32.0,0.03,0.5661683776587858,0.1767619047619048,True,1.9601838945166932,2025-07-24T16:58:16.199998856+00:00,0.69,,
62150047,STAR,ok,86.41473930074841,0.606971144859515,72.94581690811269,16.927514892738177,1.9476654707333305,4.568039493067145,"(1.0, 5.0)",-79.58526069925159,0.08,11.0,0.01,0.0,0.20779220779220778,True,4.107481556875298,2025-07-24T21:31:41.489998102+00:00,0.79,,
62150237,STAR,ok,90.54464341001025,0.795273440049123,37.976918326420844,30.36583279947392,1.6425523622826386,4.841713060283329,"(1.0, 5.0)",20.544643410010252,0.08,91.0,0.1,-0.4500280590771297,0.18196078431372548,True,4.870468779992183,2025-07-25T02:26:48.289997101+00:00,0.58,,
62150422,STAR,ok,93.53608000335039,0.9165690739014508,37.7008067068259,28.05313561576806,1.979557736886376,6.034166874449263,"(1.0, 5.0)",-80.46391999664961,0.1,10.0,0.02,-0.8900056118154259,0.17846153846153848,True,5.0516334096568904,2025-07-25T14:43:22.549999237+00:00,0.8,,
62150467,STAR,ok,93.76608929714908,0.6447968014233316,43.76367999146795,29.83734823181927,1.8699039472731023,3.8028976159420376,"(1.0, 5.0)",-80.23391070285092,0.08,6.0,0.01,-0.9214325798681613,0.18285714285714286,True,4.278294621318102,2025-07-25T17:01:02.569999933+00:00,0.63,,
62150587,STAR,ok,54.25454082388238,0.9410605456841648,22.555788479055757,41.08458631284341,2.014065243264675,5.190252663496598,"(1.0, 5.0)",72.25454082388238,0.04,27.0,0.03,0.5269614898353778,0.16253968253968254,True,1.9860329814918247,2025-07-25T19:09:47.590000153+00:00,0.45,,
62150647,STAR,ok,89.50155760534972,0.7303226285776445,56.897061792166085,21.033113583394933,1.8771139282751115,3.405617049784971,"(1.0, 20.0)",7.501557605349717,0.18,5.0,0.01,0.0,0.07613793103448276,True,9.589188875999808,2025-07-25T20:47:58.520000458+00:00,0.57,,
62150652,STAR,ok,93.47614602608974,0.8206592971320594,67.70185654401517,20.858271748380396,1.9867019526672611,3.3186234163526827,"(1.0, 5.0)",-80.52385397391026,0.08,4.0,0.01,0.0,0.18285714285714286,True,4.026774116399062,2025-07-25T20:49:11.489999771+00:00,0.35,,
62150662,STAR,ok,92.17109038363638,0.801620745045032,70.352089993292,21.71553323180842,1.8386771450960484,3.865922019512867,"(1.0, 20.0)",-83.82890961636362,0.06,8.0,0.04,-0.6385898673935424,0.07411083540115798,True,3.2632156308695364,2025-07-25T20:49:25.029998779+00:00,0.36,,
62150677,STAR,ok,91.57768380652148,0.6550182226736645,52.844541506295876,21.6970350282947,1.861374304525081,4.717894957593094,"(1.0, 20.0)",-82.42231619347852,0.06,7.0,0.01,0.0,0.1496103896103896,True,3.223424748807234,2025-07-25T21:08:53.809997559+00:00,0.48,,
62150817,STAR,ok,94.82507407147678,0.7958911186971485,60.052303522772746,23.46388685903344,1.7810108984487578,6.37330112243145,"(3.0, 15.0)",-87.17492592852322,0.02,4.0,0.01,0.0,0.08579459459459461,True,1.1229577549143464,2025-07-25T23:10:35.180000305+00:00,0.09,,
62150852,STAR,ok,83.61843382640906,0.8118801844999777,53.79659843965581,24.546861372572362,2.0381884916776687,3.190706071321944,"(1.0, 5.0)",-80.38156617359094,0.16,52.0,0.09,0.0,0.20512820512820515,True,7.850108105963311,2025-07-25T23:49:40.059997559+00:00,0.29,,
62150912,STAR,ok,88.08821799344543,0.8011150203449465,40.501778856798126,30.404051237966733,1.9195955768070767,2.9308422830182774,"(1.0, 5.0)",-81.91178200655457,0.04,91.0,0.1,0.0,0.18285714285714286,True,2.083772253035363,2025-07-26T00:56:43.059997559+00:00,0.82,,
62151112,STAR,ok,88.8515697456263,0.8520788948786,40.023046910508334,26.28763218739888,2.0208662432552353,4.871758499697655,"(1.0, 5.0)",-81.1484302543737,0.06,91.0,0.1,0.0,0.19692307692307692,True,2.9690238134390965,2025-07-26T05:38:05.509999752+00:00,0.35,,
62151122,STAR,fail_no_result,93.03964498377981,0.6408084425817224,45.57325373578337,23.23522907841049,1.8514695392185723,2.500320888402872,"(1.0, 20.0)",,,,,,,,,2025-07-26T06:28:39.239998102+00:00,0.67,,
62151172,STAR,ok,87.9673475945423,0.7671528242260655,41.909798307097546,26.445124039287716,1.976226833113125,3.8587225700745673,"(1.0, 5.0)",-76.0326524054577,0.16,91.0,0.1,0.0,0.21333333333333335,True,8.096236591826559,2025-07-26T09:15:57.129997253+00:00,0.4,,
62151827,STAR,ok,50.83425692563116,0.9150824668979719,21.366670695695454,27.663005184805183,1.674206224509676,10.944776294168843,"(1.0, 15.0)",-67.16574307436883,0.1,91.0,0.1,0.0,0.08680459770114943,True,5.972979823873667,2025-07-27T09:56:35.439998627+00:00,0.16,,
62151847,STAR,ok,95.71789546000834,0.9066269171895867,35.951025931888374,31.18760558460921,1.8713155260499816,2.5279796757696307,"(5.0, 45.0)",9.717895460008336,0.02,8.0,0.01,0.9371460638945291,0.08292580982236154,True,1.0687668499291771,2025-07-27T10:40:42.719997406+00:00,0.02,,
62152357,STAR,fail_incidence,91.88026364827232,0.7929081318547915,46.178953281586914,45.60156207755258,1.4463798214315937,2.9629701941086166,"(1.0, 5.0)",,,,,,,,,2025-07-28T02:16:12.579999924+00:00,1.21,,
62152487,STAR,ok,74.6934641713478,0.77935050928384,40.18868516466062,24.066891323028575,1.8483915308399395,2.7181957670239205,"(10.0, 45.0)",-3.3065358286522013,0.02,9.0,0.01,-0.41860109102439425,0.06918918918918919,True,1.0820218371651849,2025-07-28T10:24:37.090000153+00:00,0.12,,
62152637,STAR,ok,91.35054354438441,0.8011169603272286,25.199133655314995,19.67567348898497,1.783788841564586,6.56719333977446,"(3.0, 5.0)",7.350543544384408,0.18,49.0,0.03,0.0,0.18379487179487178,True,10.09088047899882,2025-07-28T16:28:15.789999962+00:00,-0.01,,
62153112,STAR,ok,93.24305243196581,0.5436205283812185,43.54900281856827,18.835221385106482,1.7693054205312855,3.903514402790708,"(1.0, 8.0)",-84.75694756803419,0.08,5.0,0.02,0.0,0.21482517482517482,True,4.521548347259213,2025-07-29T12:57:24.369998932+00:00,0.95,,
62153657,STAR,ok,69.44649605431864,0.7135685843058486,28.980526081991368,27.988415052256766,2.0549367261722713,5.252611647558285,"(1.0, 15.0)",-88.55350394568136,0.02,48.0,0.01,-0.9214325798681613,0.08985221674876848,True,0.9732659767706806,2025-07-30T12:14:21.799999237+00:00,0.18,,
62153742,STAR,ok,80.81224216115835,0.7538546242236274,43.47565650057259,32.29944738917799,1.8472924059918334,4.309319705088128,"(2.0, 8.0)",-1.187757838841648,0.1,12.0,0.02,0.0,0.20779220779220778,True,5.413328159399259,2025-07-30T14:39:08.479999542+00:00,0.65,,
62153847,STAR,ok,85.67539570898869,0.7577769560862363,49.58720375316721,16.833642140782835,1.9949148227695455,2.7653212191621352,"(3.0, 5.0)",-86.32460429101131,0.1,16.0,0.06,-0.7642977396044842,0.1898901098901099,True,5.012745349256052,2025-07-30T16:24:25.209999084+00:00,0.22,,
62154312,STAR,fail_no_result,100.45290350105601,0.7357395728548601,47.938353009408296,31.44690804948993,1.5670151279518498,3.3224352766272833,"(5.0, 45.0)",,,,,,,,,2025-07-31T05:31:59.109996796+00:00,0.2,,
62154502,STAR,ok,94.8381507872837,0.7654016043844838,30.570076916138536,30.11293679918883,1.9004099272574075,3.7279640196633927,"(1.0, 5.0)",-81.1618492127163,0.08,8.0,0.02,-0.9528595479208969,0.17142857142857143,True,4.209618085686001,2025-07-31T12:59:12.489999771+00:00,1.05,,
62154512,STAR,ok,92.88819006127974,0.7856238102266742,58.83464889878545,20.1050213233644,1.8384813333105736,3.3064066678244424,"(1.0, 5.0)",-79.11180993872026,0.08,8.0,0.01,1.0,0.1898901098901099,True,4.351417583116992,2025-07-31T13:01:22.809999704+00:00,1.07,,
62154552,STAR,ok,84.7575892047338,0.8326851165624398,54.314644099444806,19.07942083075372,1.8178280524529775,4.643907785865517,"(10.0, 45.0)",6.757589204733804,0.02,57.0,0.01,0.0,0.06340326340326341,True,1.100214069917779,2025-07-31T14:17:53.629997253+00:00,0.11,,
62154572,STAR,ok,91.8958843016826,0.9316340099625814,42.714434135126915,30.894454580707848,1.9551935256325073,5.527993769073005,"(1.0, 5.0)",-82.1041156983174,0.1,9.0,0.02,-0.9214325798681613,0.18666666666666668,True,5.114583220995983,2025-07-31T14:47:05.299999714+00:00,0.64,,
62155277,STAR,ok,91.94907218061152,0.6226892903120724,56.95581055125654,31.53341394867864,1.8998198666483577,3.785337783478284,"(5.0, 10.0)",89.94907218061152,0.02,7.0,0.01,0.9685730319472645,0.11130434782608695,True,1.052731385280426,2025-08-01T01:31:25.750000+00:00,0.56,,
62155302,STAR,ok,89.60341143742356,0.9203399371584348,37.98627069194247,30.317946413502025,1.8272745553369039,5.026781196890715,"(3.0, 5.0)",-78.39658856257644,0.12,91.0,0.1,0.5914494153144392,0.21942857142857142,True,6.567157609102425,2025-08-01T01:44:01.069999933+00:00,0.84,,
62155357,STAR,fail_no_result,70.67163272234909,0.7941789705758983,28.658089821307918,44.82582234883852,1.708019598524513,5.804290300466678,"(1.0, 5.0)",,,,,,,,,2025-08-01T02:40:59.779998779+00:00,0.48,,
62155372,STAR,ok,87.30278677146117,0.6319660469408075,42.32284657628039,33.93591234724778,1.8191630768732465,3.9922149341813267,"(5.0, 10.0)",89.30278677146117,0.02,3.0,0.01,1.0,0.11130434782608695,True,1.099406658713398,2025-08-01T02:56:21.969999313+00:00,0.54,,
62155447,STAR,ok,69.21628132014239,0.7613884301692795,32.57395943814774,42.46068034335823,1.7942555538782314,4.384443610007423,"(5.0, 15.0)",-82.78371867985761,0.04,91.0,0.1,0.0,0.09386666666666667,True,2.2293368363018944,2025-08-01T03:52:57.199996948+00:00,0.55,,
62155457,STAR,fail_no_result,69.48196522293767,0.8225682529727779,16.465615435770562,40.89407317319024,1.8519122613427808,7.699703522897238,"(3.0, 5.0)",,,,,,,,,2025-08-01T04:05:21.969999313+00:00,0.66,,
62155537,STAR,ok,71.15647772341802,0.8189547582621706,27.60389256976102,35.17063252336866,2.0015542828677257,6.728073284954922,"(1.0, 8.0)",17.15647772341802,0.06,4.0,0.01,0.0,0.09663817663817664,True,2.9976703861378686,2025-08-01T12:22:46.299999237+00:00,0.38,,
62155552,STAR,ok,70.62061219696236,0.7310945005602119,27.551504717050157,34.859938220227036,1.9741283982513969,6.413035424333284,"(10.0, 45.0)",10.620612196962355,0.02,4.0,0.01,0.0,0.06431372549019608,True,1.0131053287980252,2025-08-01T13:47:50.939998627+00:00,0.41,,
62155587,STAR,ok,74.89193751768636,0.7959449842901725,29.247130132809243,33.86325795196881,2.047465423618438,7.733365393227583,"(5.0, 15.0)",10.891937517686358,0.02,3.0,0.01,0.0,0.09007407407407406,True,0.9768174724364559,2025-08-01T14:41:08.069999695+00:00,0.37,,
62156071,STAR,ok,86.2872897265371,0.6802004735929161,36.499732857415886,26.106594734996108,1.9369572633241017,3.922009516674893,"(5.0, 10.0)",-87.7127102734629,0.02,6.0,0.01,0.9685730319472645,0.10898550724637682,True,1.032547303892347,2025-07-21T17:51:07.629999638+00:00,0.4,,
62156401,STAR,ok,83.47582473905823,0.7125595900812383,50.09930370782469,32.16271158926044,1.9505814804273764,5.788256047278882,"(1.0, 5.0)",17.475824739058226,0.06,51.0,0.03,0.0,0.1898901098901099,True,3.0760058270856683,2025-07-22T02:52:50.989998102+00:00,0.53,,
62156406,STAR,ok,81.71609365457638,0.7454908881761433,35.86718701315072,32.04338406487753,1.9674573387080576,4.470025169565746,"(1.0, 5.0)",-40.28390634542362,0.06,73.0,0.04,0.7485842555781164,0.22303030303030305,True,3.0496213981137372,2025-07-22T02:57:47.399997711+00:00,0.45,,
62156411,STAR,ok,73.1334208104537,0.7324169737789453,34.459613626698605,34.21940938737626,1.9483374668689892,2.9477615249321776,"(2.0, 8.0)",23.1334208104537,0.06,21.0,0.03,0.0,0.1292929292929293,True,3.0795486418695726,2025-07-22T03:14:45.629997253+00:00,0.29,,
62156451,STAR,ok,96.2121648113009,0.7657272935357425,63.3892666910866,31.062457946809875,1.8636513047307497,5.607159655252752,"(1.0, 5.0)",26.212164811300894,0.08,10.0,0.03,0.0327587914302061,0.21333333333333335,True,4.292648511925249,2025-07-22T10:11:52.739998102+00:00,0.66,,
62156461,STAR,ok,92.47202064858675,0.9003598738518,37.64688890758121,31.060208555208614,1.8584199657857368,3.5518437367258255,"(3.0, 15.0)",10.47202064858675,0.02,5.0,0.01,0.0,0.08129032258064516,True,1.0761830139692905,2025-07-22T11:33:25.139999390+00:00,0.15,,
62156476,STAR,ok,84.41451104107972,0.9471584753653318,31.786934001916887,29.58075789112636,1.9940270457071962,2.888212056097901,"(1.0, 5.0)",-81.58548895892028,0.08,13.0,0.06,0.0,0.24436363636363637,True,4.0119816916338475,2025-07-22T12:21:20.889999390+00:00,0.14,,
62156551,STAR,ok,89.2556753432835,0.8055936160822857,40.009751177816895,28.393681796157402,1.9716179936886493,4.946249388887119,"(1.0, 5.0)",-78.7443246567165,0.06,91.0,0.1,0.0,0.24436363636363637,True,3.043185860144619,2025-07-22T13:49:48.700000763+00:00,0.81,,
62156556,STAR,ok,94.6370599020574,0.9601502765506625,39.79340765795319,25.16297965598953,2.109577461192198,3.5277690345691384,"(1.0, 5.0)",8.637059902057402,0.08,3.0,0.02,0.0,0.19692307692307692,True,3.7922286084147454,2025-07-22T13:54:28.599998474+00:00,0.61,,
62156621,STAR,ok,86.293516413947,0.5625384876065433,41.83240570000834,28.135913418242655,2.0144300586534927,4.3454107620290925,"(1.0, 5.0)",-65.706483586053,0.16,17.0,0.01,-0.7957247076572196,0.1898901098901099,True,7.942693235373431,2025-07-22T15:55:20.510000229+00:00,0.53,,
62156641,STAR,ok,83.99222195301613,0.5962456168195812,70.14278543569228,28.47027708726452,2.089536055144563,3.770938834854614,"(1.0, 5.0)",-64.00777804698387,0.16,18.0,0.02,-0.6700168354462779,0.1898901098901099,True,7.657202162464266,2025-07-22T16:26:56.349998474+00:00,0.64,,
62156721,STAR,fail_no_result,91.70796662973567,0.8770226152152314,44.96121572695853,31.525808669999307,1.801259450870436,5.2441371196683555,"(1.0, 5.0)",,,,,,,,,2025-07-22T18:10:36.200000763+00:00,0.27,,
62156746,STAR,fail_incidence,57.25433619089429,0.7626643877007406,26.925956321224128,45.67563420305819,2.156906927009295,5.047411109403169,"(5.0, 10.0)",,,,,,,,,2025-07-22T18:58:19.670000076+00:00,0.25,,
62156911,STAR,ok,86.62057990026372,0.5914931638261847,38.6606136267233,29.20531881444788,1.98233693288259,5.291212857196676,"(5.0, 10.0)",-87.37942009973628,0.02,4.0,0.01,0.9685730319472645,0.11215238095238096,True,1.0089102245054404,2025-07-22T22:39:46.369998932+00:00,0.73,,
62156986,STAR,ok,80.58913011416112,0.5346838319141771,41.38460378468289,23.970856930843492,2.0408802097387304,2.917137991027867,"(1.0, 20.0)",20.589130114161122,0.02,14.0,0.01,0.07450380342405338,0.08827586206896551,True,0.9799693242436979,2025-07-23T02:59:29.209999084+00:00,1.26,,
62161827,STAR,ok,164.89814350085814,0.9117396178581657,56.26549763544592,39.29667717845488,2.67078977580211,3.3673447854144483,"(1.0, 5.0)",22.89814350085814,0.04,23.0,0.01,0.5055243455542971,0.17846153846153848,True,1.4976843315190138,2025-08-13T00:21:29.639999390+00:00,0.22,,
62161892,STAR,ok,88.1636604261958,0.7358389162226147,44.162765675585504,31.14864973476908,1.9418988375599975,4.64672731194465,"(1.0, 5.0)",-83.8363395738042,0.04,48.0,0.09,0.0,0.19200000000000003,True,2.059839535732981,2025-08-13T04:33:22.149999619+00:00,0.56,,
62163622,STAR,fail_incidence,99.52323389943281,0.9639794861998351,27.984332146305373,63.92751890556,1.2038820741139782,4.871760686857826,"(5.0, 10.0)",,,,,,,,,2025-08-15T18:57:26.010000229+00:00,0.28,,
62163702,STAR,ok,47.66111041546774,0.9350510184775936,22.7368224911188,31.468443605630814,2.0108323162689814,7.504412123471891,"(2.0, 8.0)",75.66111041546773,0.04,12.0,0.01,0.9685730319472645,0.1013664596273292,True,1.9892260372171855,2025-08-15T20:32:58.889999390+00:00,0.51,,
62164321,STAR,ok,59.18436223524594,0.8198110685133817,26.50247867947894,44.39428830172771,1.7553588634454165,5.228839313157592,"(1.0, 5.0)",55.18436223524594,0.04,37.0,0.02,0.4343145750507619,0.13714285714285712,True,2.278736321841794,2025-08-02T10:05:13.969999313+00:00,1.0,,
62164736,STAR,fail_incidence,47.73376514897373,0.9131819226805561,22.227108602916434,62.62289847101369,1.8115528707304365,3.0944648770088725,"(1.0, 15.0)",,,,,,,,,2025-08-02T23:26:55.539997101+00:00,0.3,,
62164857,STAR,fail_incidence,109.96843292240413,0.9362828984879743,38.68818665774624,51.93743670437326,1.270936240740296,4.598812873395824,"(1.0, 5.0)",,,,,,,,,2025-08-18T20:10:26.709999084+00:00,0.67,,
62164956,STAR,ok,74.8230653027257,0.7945061239887282,32.02444635819375,35.67596003820867,2.083356811589864,5.629614330995448,"(3.0, 5.0)",80.8230653027257,0.1,49.0,0.09,0.0,0.18285714285714286,True,4.7999459067065615,2025-08-03T08:51:57.849998474+00:00,0.32,,
62165036,STAR,fail_incidence,95.6689089999618,0.6630886342698074,39.165922412966,69.21987994298274,1.4710720764165057,2.263588264945414,"(1.0, 5.0)",,,,,,,,,2025-08-03T15:55:13.949999809+00:00,0.27,,
62165566,STAR,ok,56.32634905907597,0.8916613768653473,27.746412711621954,38.31576971632213,1.7107740097674153,13.689680744957414,"(1.0, 5.0)",4.326349059075973,0.06,91.0,0.1,0.0,0.1980952380952381,True,3.507184447357671,2025-08-04T12:34:39.919998169+00:00,0.43,,
62166406,STAR,ok,56.98814778083632,0.720778321802321,41.14677969930344,20.111664529095748,1.8592027168853784,3.299018065705016,"(3.0, 5.0)",20.98814778083632,0.08,15.0,0.04,0.0,0.1898901098901099,True,4.302919701732131,2025-08-05T19:17:18.590000153+00:00,0.43,,
62166416,STAR,ok,66.00247418170612,0.6802048990232517,31.78428139405878,16.82354379247319,1.9365848153922787,3.3901742706720235,"(10.0, 45.0)",-83.99752581829388,0.18,8.0,0.01,-0.8900056118154259,0.055574229691876746,True,9.294712969415638,2025-08-05T19:20:15.179999352+00:00,0.45,,
62167256,STAR,ok,75.12549073678743,0.7790059262251786,32.90301884514103,30.434502381470168,2.1477455228771865,7.194215051795279,"(1.0, 8.0)",-84.87450926321257,0.08,51.0,0.08,0.0,0.10043076923076924,True,3.724836073355167,2025-08-07T18:21:27.639999390+00:00,0.43,,
62168151,STAR,ok,48.93659784623165,0.9662740168604821,29.511705806428925,27.210877000470706,1.727337085455778,10.721206686062551,"(5.0, 45.0)",14.936597846231649,0.06,51.0,0.04,0.0,0.08395698924731182,True,3.473554785872516,2025-08-08T20:24:15.029999495+00:00,0.09,,
62168386,STAR,ok,93.65067873087348,0.9432768094326546,43.53924350821402,30.363133011877473,2.003329784035255,5.21639656000561,"(1.0, 5.0)",-80.34932126912652,0.1,9.0,0.02,-0.8900056118154259,0.17846153846153848,True,4.991689376203084,2025-08-09T07:36:33.500000+00:00,0.31,,
62172576,STAR,fail_incidence,63.05436763155546,0.8657004985396796,26.530655327258785,68.39390222509644,1.996212618158875,4.037023976673096,"(3.0, 15.0)",,,,,,,,,2025-08-17T07:43:52.699996948+00:00,0.92,,
62175226,STAR,ok,71.78752010104114,0.7971354519368355,28.724799311108786,36.830683371048934,1.9089852328769024,5.991149464518516,"(1.0, 5.0)",-88.21247989895886,0.06,49.0,0.03,0.0,0.14966153846153848,True,3.143031122853583,2025-08-22T23:43:32.020000458+00:00,0.4,,
62176191,STAR,fail_incidence,79.90141820427625,0.7452020488022162,31.066081699763494,65.48937370925397,1.4585023775131123,2.1422822876411,"(1.0, 5.0)",,,,,,,,,2025-08-25T14:24:00.160000086+00:00,0.36,,
62177106,STAR,fail_incidence,40.06675928861731,0.8413764134332163,16.624045634948516,46.055417888563746,1.393747144580242,7.488282830599655,"(1.0, 8.0)",,,,,,,,,2025-08-27T16:35:08.260000229+00:00,0.29,,
62178006,STAR,ok,88.99989922082335,0.8403370230678525,50.16735958189916,18.897596084617195,1.9822766315284808,3.89348842089161,"(1.0, 5.0)",-73.00010077917665,0.04,91.0,0.1,0.7485842555781164,0.1898901098901099,True,2.0178818316168647,2025-08-29T04:32:50.329998016+00:00,0.32,,
