evid,station,stage,back_azimuth,rectilinearity,incidence_angle_jurkevics,incidence_angle,travel_time_s,snr_horizontal,filter_band,phi,dt,phi_error,dt_error,quality,dominant_period,success,pct_anisotropy,datetime,magnitude,error,traceback
61504418,RCM,ok,304.1921187818438,0.8274063590933667,87.42396695820919,41.86548520837887,1.532031588513513,12.278642177615875,"(3.0, 5.0)",-5.807881218156183,0.06,15.0,0.01,0.5008649456618621,0.1980952380952381,True,3.916368334037832,2025-07-08T14:32:42.149997711+00:00,0.4,,
61504428,RCM,ok,312.66839006969167,0.5929388512933826,60.20535110789469,43.11310376212531,1.5604760350473896,7.250069199240105,"(3.0, 5.0)",-5.331609930308332,0.04,47.0,0.03,0.9685730319472645,0.20512820512820515,True,2.5633203651721095,2025-07-08T10:18:43.809997559+00:00,-0.41,,
61504463,RCM,missing_channel,,,,,,,,,,,,,,,,2025-07-08T22:01:30.859998703+00:00,0.83,,
61504473,RCM,fail_incidence,321.487184089783,0.6398618009426328,66.06010932248917,47.52387772254378,1.7841858942091038,11.047186562825157,"(3.0, 5.0)",,,,,,,,,2025-07-08T19:33:34.899997711+00:00,0.55,,
61504478,RCM,missing_channel,,,,,,,,,,,,,,,,2025-07-08T22:01:30.939998627+00:00,0.94,,
61504508,RCM,ok,309.0561873761535,0.5508925464909197,67.17271234104994,37.442721908148066,1.7403339394789508,5.625200608473937,"(2.0, 8.0)",55.0561873761535,0.14,13.0,0.02,0.0110486911085943,0.17066666666666666,True,8.04443312999547,2025-07-08T08:40:21.079999924+00:00,0.02,,
61504533,RCM,ok,321.15494919970075,0.6589837603566739,76.82968597211831,41.61523901488727,1.6767356109431926,17.410156325571542,"(1.0, 5.0)",-36.84505080029925,0.06,56.0,0.04,0.21432579868161383,0.18285714285714286,True,3.5783816845309904,2025-07-11T05:20:55.139999390+00:00,-0.08,,
61504538,RCM,ok,323.09520930765075,0.9078559443891143,74.57413563874643,41.85787628914056,1.81195690042471,15.788539091409172,"(3.0, 5.0)",-24.904790692349252,0.04,25.0,0.03,0.43557086634938813,0.18285714285714286,True,2.2075580269389565,2025-07-11T16:43:16.500000+00:00,0.39,,
61504658,RCM,fail_rectilinearity,314.17433829617926,0.4055059489007129,59.80309201776516,38.23372952003375,1.5988855975892422,5.947447043294279,"(1.0, 5.0)",,,,,,,,,2025-07-16T12:40:30.829999924+00:00,0.18,,
61504663,RCM,fail_incidence,325.32006170726606,0.6658286493823651,89.65455602565324,53.64410867245405,1.7282782860014982,9.085464419046772,"(1.0, 5.0)",,,,,,,,,2025-07-16T12:51:46.479999542+00:00,0.07,,
61504668,RCM,ok,311.92464858659315,0.8513922976706471,87.3891692148703,36.43882640572557,1.607605294843972,11.075406674789582,"(1.0, 5.0)",-42.07535141340685,0.06,25.0,0.04,0.1370449849356623,0.18285714285714286,True,3.7322594166886818,2025-07-18T14:10:04.069999695+00:00,0.4,,
61504703,RCM,ok,306.12665292427357,0.6689563092079911,79.13176338623555,33.69384402683972,1.7796151957352464,3.1384752995397687,"(3.0, 5.0)",28.12665292427357,0.16,5.0,0.01,-0.7186274272581672,0.19692307692307692,True,8.990707675649857,2025-07-08T13:37:37.959999084+00:00,0.33,,
61504708,RCM,fail_rectilinearity,309.1718478022576,0.45598256641200363,52.202917820388045,36.61168399567521,1.5761926942393039,8.317096456777692,"(3.0, 5.0)",,,,,,,,,2025-07-08T13:47:33.689998627+00:00,-0.27,,
62134102,RCM,fail_incidence,308.5702577043028,0.7024846991172885,64.79784688336697,47.14439344656805,1.5367347850170925,7.5385248722225615,"(2.0, 8.0)",,,,,,,,,2025-07-08T08:39:50.009998322+00:00,0.28,,
62134117,RCM,fail_incidence,306.13043163144243,0.6297437786522548,34.68480262782036,47.683989315147514,1.4237541654203747,7.890110080611841,"(1.0, 5.0)",,,,,,,,,2025-07-08T09:04:35.209999084+00:00,0.44,,
62134127,RCM,fail_incidence,306.1289315620784,0.6045666693987615,42.113179059996256,48.242624691764206,1.4998528401555056,10.339167134842166,"(3.0, 5.0)",,,,,,,,,2025-07-08T09:16:17.299999237+00:00,0.3,,
62134157,RCM,fail_incidence,307.8539909281349,0.6287064279648761,74.38852559312804,52.62241473339822,1.4540842505059666,10.122717894466703,"(3.0, 5.0)",,,,,,,,,2025-07-08T09:44:22.689998627+00:00,0.37,,
62134177,RCM,fail_incidence,306.6321638820942,0.6754491269617791,64.43955604342554,46.98193451716755,1.45048670933246,5.070751808364915,"(1.0, 5.0)",,,,,,,,,2025-07-08T09:53:31.010000229+00:00,0.38,,
62134192,RCM,ok,310.59259863197053,0.7319744202967475,12.534472310114987,43.49276664547473,1.5465051692707503,6.492147490788216,"(1.0, 5.0)",-11.407401368029468,0.06,13.0,0.01,0.9057190958417937,0.20779220779220778,True,3.8797154508247016,2025-07-08T09:55:59.479999542+00:00,1.62,,
62134222,RCM,fail_incidence,306.962960318816,0.5180583264125183,63.46740795483554,48.247479389230456,1.4252770182940557,14.67838620356817,"(3.0, 5.0)",,,,,,,,,2025-07-08T10:12:29.609998703+00:00,0.77,,
62134227,RCM,fail_incidence,308.1602542706031,0.6959455045644161,88.27932088221283,45.493214094421496,1.463408968748475,10.993497896195258,"(1.0, 5.0)",,,,,,,,,2025-07-08T10:15:59.739998102+00:00,0.02,,
62134232,RCM,fail_incidence,306.2893803578404,0.6023405421508872,61.72102204890277,47.619195723049046,1.4906839984941411,6.067215668745603,"(1.0, 5.0)",,,,,,,,,2025-07-08T10:18:13.369999886+00:00,0.22,,
62134252,RCM,fail_rectilinearity,312.37621102234505,0.4665935054238173,56.85054787052844,47.07583946083705,1.5565065981553443,6.234281749374082,"(3.0, 5.0)",,,,,,,,,2025-07-08T10:30:08.779999495+00:00,0.31,,
62134257,RCM,fail_incidence,322.4148488727207,0.7085756196591384,71.66188838839857,54.15952959874685,1.5542062931305145,5.492716359010848,"(10.0, 20.0)",,,,,,,,,2025-07-08T10:32:07.179999828+00:00,0.21,,
62134267,RCM,ok,311.970270484256,0.5053197079618625,62.10257381644268,44.76754067024878,1.5065983101397855,11.240243833236883,"(3.0, 5.0)",-18.02972951574401,0.06,14.0,0.02,0.5815962136941615,0.20512820512820515,True,3.982481567660398,2025-07-08T10:35:21.430000305+00:00,0.53,,
62134272,RCM,fail_incidence,308.11048957576537,0.6035389596183107,52.202397441438336,49.17927716491228,1.4244142531732904,4.89109354015763,"(1.0, 5.0)",,,,,,,,,2025-07-08T10:35:52.289997101+00:00,0.43,,
62134277,RCM,fail_incidence,306.5797681438759,0.5445179852694697,63.13339586084839,47.0594417343178,1.5475226404702829,5.738804189952625,"(3.0, 5.0)",,,,,,,,,2025-07-08T10:40:43.669998169+00:00,0.34,,
62134287,RCM,fail_rectilinearity,306.7468397775501,0.47875722095637985,15.823230411274048,50.25847972445968,1.5018776007387602,10.588847820459517,"(3.0, 5.0)",,,,,,,,,2025-07-08T10:42:05.369999886+00:00,0.37,,
62134292,RCM,ok,308.08650510898826,0.5661423026399626,52.468917644600474,41.554883964934035,1.5421969748564883,9.363671819763681,"(3.0, 5.0)",-1.9134948910117373,0.04,31.0,0.03,-0.5750817072006013,0.21333333333333335,True,2.593702403269353,2025-07-08T10:46:54.489998102+00:00,0.68,,
62134302,RCM,fail_incidence,307.4456812877383,0.6293224567181981,46.357019345377445,48.97623184523895,1.4408604144383474,4.951764112441089,"(1.0, 5.0)",,,,,,,,,2025-07-08T10:50:47.559997559+00:00,0.51,,
62134332,RCM,fail_incidence,304.6240132976556,0.6504762738820715,70.30381464999122,46.98464356346332,1.4374919767104606,10.620389371890768,"(3.0, 5.0)",,,,,,,,,2025-07-08T11:05:29.709999084+00:00,0.39,,
62134357,RCM,fail_incidence,305.63420761425897,0.6613611518560163,47.3197463322111,47.36207367878484,1.4553891297810688,7.73766631094864,"(3.0, 5.0)",,,,,,,,,2025-07-08T11:10:52.579998016+00:00,1.15,,
62134367,RCM,fail_incidence,307.72848242078817,0.578744511916071,43.303217899370644,48.568392937993856,1.4862793253163296,11.573675179824516,"(3.0, 5.0)",,,,,,,,,2025-07-08T11:13:30.679998398+00:00,0.63,,
62134372,RCM,fail_incidence,303.96305823993436,0.7862415084710777,85.18017351858188,46.47208535294198,1.451159824886683,16.446069419497423,"(3.0, 5.0)",,,,,,,,,2025-07-08T11:15:11.359999657+00:00,0.61,,
62134377,RCM,fail_no_result,305.96539281550514,0.5749197313844534,70.9942355287774,44.73402392974609,1.4932860725014512,5.474872659811523,"(3.0, 5.0)",,,,,,,,,2025-07-08T11:23:02.429999828+00:00,0.49,,
62134407,RCM,fail_no_result,305.42208032504794,0.6329870434020144,63.91972876529383,42.43881972941393,1.4435208789137908,14.680856840815592,"(3.0, 5.0)",,,,,,,,,2025-07-08T11:36:36.329998016+00:00,0.47,,
62134412,RCM,fail_incidence,305.1381315894571,0.6092177704911333,76.34749195208205,47.58683517431467,1.4484094283021796,10.346349856029061,"(3.0, 5.0)",,,,,,,,,2025-07-08T11:37:40.469997406+00:00,0.47,,
62134417,RCM,ok,301.6947259439528,0.6433367150444789,86.5364703834456,40.764217658383586,1.4543352896593962,4.960831985078199,"(3.0, 5.0)",47.69472594395279,0.14,52.0,0.03,0.0,0.18285714285714286,True,9.62639090142603,2025-07-08T11:40:32.750000+00:00,0.46,,
62134422,RCM,fail_rectilinearity,306.76942619814736,0.4109607590206784,16.018435322051342,50.17985177974024,1.459348947746385,6.427291159968437,"(1.0, 5.0)",,,,,,,,,2025-07-08T11:40:43.610000610+00:00,0.69,,
62134432,RCM,ok,317.2439862182634,0.7216298014703799,88.09366328995858,38.39297601323184,1.5820252356148794,6.917407168934513,"(3.0, 5.0)",-10.756013781736613,0.06,28.0,0.01,0.9685730319472645,0.1980952380952381,True,3.79260701089133,2025-07-08T11:45:43.059997559+00:00,1.35,,
62134437,RCM,ok,304.422193364234,0.7001718731662274,70.06161184457451,33.137526941093974,1.602206921784232,2.9406169426176967,"(1.0, 5.0)",44.422193364233976,0.16,45.0,0.04,0.0,0.19692307692307692,True,9.986225738047777,2025-07-08T11:46:45.329998016+00:00,0.58,,
62134447,RCM,fail_no_result,308.8125741264017,0.5171082028629388,69.0820269574478,35.33901806705125,1.6019293069796714,2.7687178580695253,"(5.0, 30.0)",,,,,,,,,2025-07-08T11:44:38.729999542+00:00,-0.01,,
62134487,RCM,fail_incidence,301.5204617669928,0.8068640683872463,20.95506855107237,46.842504629407465,1.4504609542345763,5.821511142947784,"(2.0, 8.0)",,,,,,,,,2025-07-08T11:58:03.119999886+00:00,1.25,,
62134517,RCM,fail_rectilinearity,306.56460693025343,0.43385525480193343,59.183375931793414,50.418384726241214,1.5399198692238703,3.3337087177576086,"(2.0, 8.0)",,,,,,,,,2025-07-08T12:04:24.489999771+00:00,0.49,,
62134577,RCM,fail_rectilinearity,314.7087323005571,0.3756442492779182,63.45645865495869,49.76998904430118,1.5478084863679913,18.504705734352683,"(3.0, 5.0)",,,,,,,,,2025-07-08T12:30:22.459999084+00:00,1.5,,
62134582,RCM,fail_rectilinearity,309.0977171212242,0.48668961933473975,62.75893695532029,48.208476748288504,1.460916778866631,3.4296818111343215,"(3.0, 5.0)",,,,,,,,,2025-07-08T12:30:53.189998627+00:00,0.43,,
62134597,RCM,ok,309.39448791204,0.5768584541427983,58.48615281857023,40.49124025852866,1.5051889893405053,3.706891505753302,"(1.0, 5.0)",-26.605512087959994,0.06,56.0,0.08,0.07450380342405338,0.18285714285714286,True,3.9862103978244514,2025-07-08T12:34:11.469999313+00:00,0.88,,
62134602,RCM,fail_incidence,307.1594623798434,0.6229130458014773,67.46437310414039,65.81320984823039,1.2476324311753986,6.013085667532369,"(1.0, 5.0)",,,,,,,,,2025-07-08T12:34:33.989998102+00:00,0.48,,
62134612,RCM,fail_incidence,306.29157433911973,0.6746148189937846,54.51883573129194,47.089657720404794,1.4839382046756933,4.46593457066947,"(3.0, 5.0)",,,,,,,,,2025-07-08T12:47:37.110000610+00:00,0.28,,
62134622,RCM,ok,308.31078913761155,0.6167196460913906,60.83498339200744,38.08896133716,1.5599697828451193,10.009330584607117,"(3.0, 5.0)",-53.68921086238845,0.06,20.0,0.02,0.2695342260491733,0.21942857142857142,True,3.846228347485694,2025-07-08T12:53:43.340000153+00:00,0.6,,
62134627,RCM,ok,300.4966805037866,0.7624334805903306,86.97123754254552,44.198183009990096,1.6275200368377012,7.832739664632017,"(2.0, 8.0)",-21.503319496213408,0.08,12.0,0.02,0.9371460638945291,0.20512820512820515,True,4.915454076709332,2025-07-08T12:52:27.149999619+00:00,0.16,,
62134632,RCM,fail_incidence,308.84627035336314,0.6418366481857374,87.96728842371216,54.778496860391655,1.365972228859046,6.726695692335992,"(1.0, 5.0)",,,,,,,,,2025-07-08T12:56:12.069999695+00:00,0.32,,
62134642,RCM,fail_incidence,310.662364102881,0.5637178328259977,72.9811032123215,45.58852407347572,1.5381157105987187,2.350872948611116,"(3.0, 5.0)",,,,,,,,,2025-07-08T13:00:31.689998627+00:00,0.3,,
62134647,RCM,fail_incidence,301.4083308273652,0.7679877850440666,77.44109802559406,64.70669757004822,1.5011998871988417,8.573383001364006,"(3.0, 5.0)",,,,,,,,,2025-07-08T13:01:16.010000229+00:00,0.7,,
62134662,RCM,ok,307.7876961133572,0.6520801532858459,59.33032517537023,42.34828451443487,1.502780621066673,4.473418387474512,"(3.0, 5.0)",-8.212303886642815,0.06,16.0,0.01,0.8114381916835873,0.1980952380952381,True,3.9925987305726647,2025-07-08T13:02:43.360000610+00:00,0.2,,
62134697,RCM,fail_incidence,305.00388106814086,0.7233722991532454,81.96026130015605,49.901726081392134,1.447043817066979,6.7825426438640015,"(1.0, 5.0)",,,,,,,,,2025-07-08T13:13:33.209999084+00:00,0.55,,
62134722,RCM,ok,301.51103418347964,0.8600143242449048,8.786452588734676,33.347773203674215,1.7823397522430517,5.2363433973578974,"(1.0, 8.0)",37.51103418347964,0.16,8.0,0.01,0.0,0.1980952380952381,True,8.976964116894216,2025-07-08T13:21:27.269998550+00:00,0.71,,
62134727,RCM,ok,303.6194877049778,0.6530251197707649,76.16526810482904,33.689325732424884,1.6092761051020605,4.252823382226229,"(1.0, 5.0)",-14.380512295022186,0.06,10.0,0.01,0.9371460638945291,0.21482517482517482,True,3.728384446259754,2025-07-08T13:29:04.549999714+00:00,0.49,,
62134732,RCM,fail_incidence,303.11738254565824,0.5800245845022574,87.64661330776383,53.31839280691411,1.3814724474965503,9.267110096603957,"(1.0, 5.0)",,,,,,,,,2025-07-08T13:37:04.400000095+00:00,0.37,,
62134742,RCM,fail_rectilinearity,299.4708107544338,0.3301586377098781,42.38981608290004,72.13641384539027,1.3831279540406973,6.113195735754642,"(2.0, 8.0)",,,,,,,,,2025-07-08T13:43:05.839999676+00:00,0.57,,
62134782,RCM,ok,305.1016923991412,0.6841237085948461,50.21164736374469,42.622804544952096,1.4744402139276331,11.528031660328931,"(1.0, 5.0)",-34.8983076008588,0.04,37.0,0.03,0.38531348951450095,0.19692307692307692,True,2.7128939934056384,2025-07-08T14:09:43.629997253+00:00,0.65,,
62134827,RCM,fail_incidence,314.80465904823666,0.7021589426825556,78.46105147300604,50.88321421084018,1.7941894339739537,5.986684757994325,"(3.0, 5.0)",,,,,,,,,2025-07-08T14:28:44.009998322+00:00,1.13,,
62134832,RCM,fail_incidence,305.82552818200423,0.7998606974552606,88.65768831190078,45.073567184701716,1.5658563889568529,10.12864882873834,"(1.0, 5.0)",,,,,,,,,2025-07-08T14:29:16.709999084+00:00,0.31,,
62134862,RCM,ok,313.85451454001117,0.5822574818239722,81.72926446764127,44.66862960934783,1.4304674637972452,3.5733275230891044,"(1.0, 5.0)",-8.145485459988834,0.06,29.0,0.03,0.9057190958417937,0.1898901098901099,True,4.194433045035997,2025-07-08T14:43:25.369998932+00:00,0.48,,
62134867,RCM,ok,308.74761595362537,0.7494254509578523,85.18626475433702,42.74995141205186,1.5197712899612887,7.6080525325687836,"(3.0, 5.0)",-7.25238404637463,0.06,29.0,0.02,0.8742921277890582,0.19692307692307692,True,3.9479624596361664,2025-07-08T14:45:04.549999714+00:00,0.35,,
62134877,RCM,ok,298.3759900808985,0.8947029860481687,75.7988073744912,39.5170092149623,1.5961467634883937,13.656257347214371,"(3.0, 5.0)",-27.624009919101525,0.04,49.0,0.03,0.0,0.18285714285714286,True,2.506035216497237,2025-07-08T14:50:29.229999542+00:00,1.08,,
62134927,RCM,ok,319.4856205035244,0.8408252909243369,75.59012467588292,39.43522061509425,1.8316115869542893,10.611719150984854,"(3.0, 5.0)",49.48562050352439,0.04,56.0,0.07,-0.2058858495464161,0.20512820512820515,True,2.1838691284168132,2025-07-08T15:17:00.599999905+00:00,0.74,,
62134932,RCM,fail_rectilinearity,319.40188813516176,0.4996221186024544,39.97641698273315,40.212671341366736,1.8219971107580344,17.363485818274555,"(3.0, 5.0)",,,,,,,,,2025-07-08T15:17:49.419998169+00:00,1.02,,
62134937,RCM,ok,313.5156419547433,0.5352293880222729,77.62295288898181,40.11200085880779,1.847338739758479,7.707482436902814,"(3.0, 5.0)",-18.484358045256727,0.04,11.0,0.01,0.9371460638945291,0.1898901098901099,True,2.1652769543083146,2025-07-08T15:18:06.059999943+00:00,-0.19,,
62134947,RCM,fail_incidence,312.1089031356702,0.653969323553063,72.59597481022472,49.38801669289998,1.581229230437563,13.572775244328358,"(3.0, 5.0)",,,,,,,,,2025-07-08T15:24:30.639999390+00:00,0.76,,
62134952,RCM,ok,305.26106103315317,0.6781129578337213,70.12576354853515,44.44360088564916,1.5969135574637394,9.520669199077973,"(3.0, 5.0)",7.261061033153169,0.06,30.0,0.01,0.9685730319472645,0.21482517482517482,True,3.757247830952953,2025-07-08T15:27:21.129999161+00:00,0.86,,
62134977,RCM,fail_incidence,305.47687184263094,0.7108716529453953,83.72326669714606,45.93440662331176,1.6911287070985783,10.001483849959039,"(3.0, 5.0)",,,,,,,,,2025-07-08T15:38:27.949998856+00:00,0.3,,
62135012,RCM,fail_incidence,309.8138307064169,0.6999228552127192,85.16981113197227,46.869111735098734,1.6012261339217733,11.425928411835805,"(1.0, 5.0)",,,,,,,,,2025-07-08T15:57:14.460000038+00:00,0.66,,
62135017,RCM,fail_rectilinearity,307.7686496149035,0.321789859645468,63.87812225787527,42.947609235726816,1.6779449351028222,9.449395853393733,"(3.0, 5.0)",,,,,,,,,2025-07-08T15:57:39.169998169+00:00,0.87,,
62135022,RCM,ok,304.278608006911,0.7763502108610076,89.10022274699033,44.218038646140094,1.5497302406104472,6.78461711231782,"(1.0, 5.0)",-39.721391993089014,0.04,15.0,0.01,1.0,0.20512820512820515,True,2.5810943706076084,2025-07-08T15:57:25.299999237+00:00,0.97,,
62135057,RCM,ok,304.422193364234,0.7446092401621192,13.684021234442774,39.410951451158375,1.5101673941165548,6.274837750595125,"(1.0, 5.0)",40.422193364233976,0.04,23.0,0.03,0.0,0.21333333333333335,True,2.6487129940585117,2025-07-08T16:14:49.819999695+00:00,0.86,,
62135072,RCM,ok,304.1621301557864,0.773848551358564,88.53537856156959,40.526650032662175,1.4569387275652375,7.993672882873719,"(3.0, 5.0)",-17.83786984421363,0.08,18.0,0.02,0.5600224472617037,0.23365079365079364,True,5.490965301862212,2025-07-08T16:18:43.299999237+00:00,0.63,,
62135087,RCM,ok,302.77670375542556,0.8713224564667155,79.90191015915993,43.162172600392644,1.6847845731744948,8.56104877355361,"(1.0, 5.0)",-29.223296244574442,0.02,43.0,0.03,0.18289883062887846,0.21333333333333335,True,1.1870953900245962,2025-07-08T16:27:52.020000458+00:00,0.32,,
62135097,RCM,ok,304.7860514040973,0.6999062479253065,60.20409508088675,43.58975717198721,1.4821460811157023,5.135345034461995,"(3.0, 5.0)",-83.2139485959027,0.14,15.0,0.02,0.9685730319472645,0.1898901098901099,True,9.445762586007273,2025-07-08T16:29:45.979999542+00:00,0.85,,
62135132,RCM,ok,314.7728346691103,0.656830654640647,85.97636268299202,42.118712431775336,1.5153729056442056,8.529351663758195,"(3.0, 5.0)",12.772834669110296,0.04,64.0,0.08,0.7485842555781164,0.1980952380952381,True,2.63961430556233,2025-07-08T16:50:21.129999161+00:00,0.72,,
62135162,RCM,fail_incidence,292.5805478754912,0.6792163020525908,88.57625004308191,82.98291937149409,1.2415484987116672,10.080261603283102,"(3.0, 5.0)",,,,,,,,,2025-07-08T17:02:37.799999237+00:00,1.02,,
62135172,RCM,fail_incidence,310.599664263304,0.6715450051430321,72.58833045584878,52.45264998179789,1.6490297280440178,4.810917476866329,"(1.0, 5.0)",,,,,,,,,2025-07-08T17:04:05.819999695+00:00,1.28,,
62135197,RCM,ok,296.4373156900368,0.6917240466696497,16.09929058034006,35.61608587434474,1.701505113753835,7.036406108747096,"(1.0, 5.0)",-29.562684309963174,0.04,10.0,0.01,0.9371460638945291,0.1898901098901099,True,2.350859816797882,2025-07-08T17:12:48.020000458+00:00,1.24,,
62135212,RCM,fail_incidence,291.48448186323935,0.7483537013778139,85.60202513436954,80.91661566839188,1.2202928519300806,17.88369441615795,"(3.0, 5.0)",,,,,,,,,2025-07-08T17:26:42.629997253+00:00,0.83,,
62135262,RCM,ok,304.8227692399716,0.6540841941175455,81.33410153155867,40.05809165909994,1.4218202885144928,6.112143283516922,"(3.0, 5.0)",-5.177230760028408,0.08,21.0,0.01,0.9685730319472645,0.20779220779220778,True,5.626590128600809,2025-07-08T17:52:16.299999237+00:00,0.81,,
62135277,RCM,fail_incidence,312.18939401895017,0.6766230062087963,86.74020760612,45.16428822564581,1.6899916257636058,7.569725476735452,"(2.0, 8.0)",,,,,,,,,2025-07-08T17:57:19.139999390+00:00,0.37,,
62135297,RCM,fail_incidence,313.32566098831967,0.5612895833902458,66.11604848687952,51.519822789188495,1.469753032046786,4.1335787594105575,"(1.0, 5.0)",,,,,,,,,2025-07-08T18:07:59.689998627+00:00,0.79,,
62135397,RCM,fail_incidence,306.6195171050841,0.5946203551001711,62.38201370197195,46.3708173160506,1.4850535211402685,7.574709299700642,"(3.0, 5.0)",,,,,,,,,2025-07-08T19:17:35.930000305+00:00,0.78,,
62135432,RCM,fail_incidence,322.81965618714344,0.7494686321711046,89.36831396541066,55.054343779081464,1.8471156404896731,11.694360307231896,"(1.0, 5.0)",,,,,,,,,2025-07-08T19:35:37.469997406+00:00,0.2,,
62135487,RCM,ok,311.77591316015554,0.5115167968872791,55.30056689291382,40.006471192316106,1.4930365568038941,7.425937392492401,"(1.0, 5.0)",-46.22408683984446,0.06,17.0,0.02,0.9371460638945291,0.20512820512820515,True,4.01865578753413,2025-07-08T20:08:03.230000019+00:00,1.0,,
62135492,RCM,ok,305.63420761425897,0.5249907063924398,22.697084302552547,42.088811610969195,1.4977435132514436,11.883821003475827,"(1.0, 5.0)",-12.365792385741031,0.02,43.0,0.02,0.7485842555781164,0.19692307692307692,True,1.3353421212008527,2025-07-08T20:12:58.369998932+00:00,0.89,,
62135497,RCM,ok,297.89766986716336,0.6579771178565867,19.667953080211,38.440427410133275,1.6825092108894701,7.071501646456936,"(1.0, 5.0)",27.89766986716336,0.1,33.0,0.02,0.0,0.24436363636363637,True,5.943503866295883,2025-07-08T20:14:08.779999495+00:00,1.02,,
62135557,RCM,fail_incidence,294.8283020714676,0.8030224024048066,89.40487436832404,74.06966378209292,1.21215488190183,4.58318172563083,"(2.0, 8.0)",,,,,,,,,2025-07-08T20:40:49.979999542+00:00,0.62,,
62135567,RCM,fail_incidence,304.6765771589082,0.6369757796022013,50.18842905887254,48.115660426728525,1.4701976502205176,10.16004250122749,"(3.0, 5.0)",,,,,,,,,2025-07-08T20:49:07.710000038+00:00,1.1,,
62135572,RCM,fail_incidence,315.59158348712566,0.7040254547143723,81.03473081007829,47.76597987231439,1.4414293136019445,9.232341821698412,"(3.0, 5.0)",,,,,,,,,2025-07-08T20:52:13.909999847+00:00,0.51,,
62135637,RCM,ok,301.4931458454517,0.5532647076429311,59.434065236954396,41.783625788747905,1.631514162567693,9.228977573352305,"(1.0, 5.0)",-22.506854154548307,0.04,24.0,0.02,0.7800112236308518,0.23272727272727273,True,2.4517102528272026,2025-07-08T21:49:09.429999352+00:00,0.57,,
62135652,RCM,fail_incidence,305.5688202965217,0.5716337806508682,78.59355841479338,78.85989642944402,1.3711765961895541,6.77037602571318,"(2.0, 8.0)",,,,,,,,,2025-07-08T21:55:55.579998016+00:00,1.05,,
62135657,RCM,fail_incidence,307.5582510976826,0.5756860100734931,86.76491999718432,75.47882542413208,1.3667450697172463,9.493316307895787,"(3.0, 5.0)",,,,,,,,,2025-07-08T21:56:28.760000229+00:00,2.3,,
62135662,RCM,fail_rectilinearity,304.16921175288087,0.41766027157583385,86.46351256053207,45.11011455872312,1.490770580917528,14.542382785804834,"(3.0, 5.0)",,,,,,,,,2025-07-08T22:01:00.960000038+00:00,0.37,,
62135667,RCM,ok,309.5715323314918,0.6537941869663346,73.59581445866851,42.36398110562698,1.7830764748926935,6.875414443456462,"(1.0, 5.0)",-20.428467668508176,0.02,50.0,0.03,0.7800112236308518,0.18285714285714286,True,1.12165688245108,2025-07-08T22:01:57.539997101+00:00,1.63,,
62135702,RCM,fail_rectilinearity,310.99826451241694,0.49095242166014774,65.62275973612992,48.302720469814396,1.4433270700057008,7.747078337800438,"(3.0, 5.0)",,,,,,,,,2025-07-08T22:50:56.219997406+00:00,0.91,,
62135742,RCM,ok,309.47946735299956,0.6024363851143221,73.8928146369123,44.07978206450123,1.4429897815422001,7.704515395491704,"(1.0, 5.0)",-16.520532647000437,0.08,18.0,0.02,1.0,0.18285714285714286,True,5.544044803595194,2025-07-08T23:15:12.989999771+00:00,0.69,,
62135767,RCM,fail_rectilinearity,293.99828692218586,0.45489184999969434,82.25796172045527,40.60258754236724,1.6780060816841305,3.8474544657965972,"(1.0, 5.0)",,,,,,,,,2025-07-08T23:29:16.899999619+00:00,0.28,,
62135837,RCM,fail_incidence,306.5167032949609,0.721644601977466,73.60944917484521,50.183387144610606,1.6721687835950367,6.014194682539647,"(3.0, 5.0)",,,,,,,,,2025-07-09T00:02:36.200000763+00:00,1.05,,
62135887,RCM,ok,299.70842061384565,0.5945841585311453,26.32792810884652,40.762736116660605,1.657936585461581,8.802002591622752,"(1.0, 5.0)",-26.291579386154353,0.04,7.0,0.01,0.33291679679368325,0.22303030303030305,True,2.412637512843335,2025-07-09T00:25:26.129999161+00:00,0.81,,
62135907,RCM,fail_rectilinearity,296.40421523286835,0.3187317696758446,55.780743579156066,41.19913191703548,1.6965519240109204,6.260017212648828,"(3.0, 5.0)",,,,,,,,,2025-07-09T00:39:27.049999237+00:00,0.31,,
62135932,RCM,fail_rectilinearity,303.41444202707646,0.378655569221765,74.2478881089516,54.889807755986716,1.4565640472354733,5.304140172433906,"(3.0, 5.0)",,,,,,,,,2025-07-09T01:11:16.079999924+00:00,0.3,,
62135952,RCM,fail_incidence,310.0168264412161,0.5431524764457951,85.54689447921956,56.40030882572002,1.4809359178704335,10.38366237091348,"(1.0, 5.0)",,,,,,,,,2025-07-09T01:25:42.500000+00:00,0.66,,
62135967,RCM,fail_incidence,308.5393399718836,0.6277132549478306,70.83636464863062,50.472411559045696,1.6335847378063486,9.809643880038875,"(1.0, 5.0)",,,,,,,,,2025-07-09T01:36:27.010000229+00:00,1.38,,
62136037,RCM,fail_incidence,311.92361677880524,0.5321380952361708,69.76698854332959,53.99500023839142,1.4940679489641773,6.790477593722274,"(3.0, 5.0)",,,,,,,,,2025-07-09T03:11:17.340000153+00:00,0.91,,
62136067,RCM,fail_incidence,304.30387777716635,0.6193983985350138,70.83974549937257,53.48512697804987,1.3957006865687271,11.828080480383958,"(3.0, 5.0)",,,,,,,,,2025-07-09T04:24:16.920000076+00:00,0.97,,
62136152,RCM,fail_incidence,309.48265628873503,0.7027965426276415,81.50008886357016,68.24708047998737,1.3452391030175568,6.261896334342122,"(1.0, 5.0)",,,,,,,,,2025-07-09T05:51:55.419998169+00:00,0.17,,
62136177,RCM,fail_no_result,303.52457489673844,0.5887446447533322,61.13400890343626,44.60947226694218,1.417864222901483,7.7589812826427975,"(2.0, 8.0)",,,,,,,,,2025-07-09T06:44:32.389999390+00:00,0.73,,
62136187,RCM,ok,295.1025446839162,0.74746693092747,70.68334586683498,43.29398433601505,1.6733185941240674,6.2145053071540906,"(1.0, 5.0)",37.10254468391622,0.1,17.0,0.02,0.0,0.18285714285714286,True,5.976148257191096,2025-07-09T06:52:20.209999084+00:00,0.22,,
62136192,RCM,fail_incidence,299.6843220675684,0.8525244422046417,69.95767823022945,56.77307579510288,1.5473134400534976,4.504491359389096,"(2.0, 8.0)",,,,,,,,,2025-07-09T06:49:58.779998779+00:00,0.45,,
62136197,RCM,fail_incidence,302.68620062154906,0.6317669860773681,85.31742128854515,81.15874217481402,1.2863467060405311,16.29733528079555,"(3.0, 5.0)",,,,,,,,,2025-07-09T06:54:20.689998627+00:00,0.17,,
62136202,RCM,fail_incidence,296.68174255935685,0.7621467288436956,82.76455938905387,47.53857671543813,1.6693022326719582,8.4959138017337,"(1.0, 5.0)",,,,,,,,,2025-07-09T06:58:36.700000763+00:00,0.64,,
62136207,RCM,fail_incidence,305.2802112975973,0.7607196025432763,75.85803816307947,46.31216106026049,1.4259502498831327,6.3800773110412266,"(1.0, 5.0)",,,,,,,,,2025-07-09T07:01:00.980000019+00:00,0.63,,
62136212,RCM,fail_rectilinearity,311.0498267840986,0.45687828888546744,32.36977703823428,35.119580514145404,1.535891092951423,10.044391446468794,"(1.0, 5.0)",,,,,,,,,2025-07-09T07:18:01.130000114+00:00,1.39,,
62136272,RCM,ok,321.93931078169015,0.8256625027842424,80.41446537043991,38.19384336711235,1.8386650452790505,4.645105414660904,"(1.0, 8.0)",-44.06068921830985,0.18,51.0,0.01,0.0,0.1767619047619048,True,9.78971131594454,2025-07-09T07:52:24.029998779+00:00,0.8,,
62136327,RCM,ok,302.5323822470824,0.8009346064737075,86.00226008709211,42.86179016404367,1.7089885895165813,2.691929683384453,"(1.0, 15.0)",76.53238224708241,0.04,22.0,0.01,0.2512974184927932,0.07548172757475083,True,2.3405656565158655,2025-07-09T09:35:19.500000+00:00,0.46,,
62136347,RCM,ok,306.1289315620784,0.8708569328407596,82.51047830528108,36.33324253511652,1.634315124479049,3.551796766916887,"(3.0, 5.0)",-69.87106843792162,0.02,25.0,0.03,0.8742921277890582,0.20512820512820515,True,1.2237542014044054,2025-07-09T10:24:21.010000229+00:00,0.26,,
62136352,RCM,ok,297.2754830487349,0.63044928845333,66.50380350847126,35.23430332662902,1.722492848175485,10.476768730552319,"(1.0, 5.0)",-32.724516951265116,0.04,10.0,0.01,0.38531348951450095,0.20512820512820515,True,2.322215737636831,2025-07-09T10:33:20.189998627+00:00,0.29,,
62136437,RCM,ok,300.14064463170115,0.5184040143310545,27.18042612974145,39.6756238767147,1.7242393282284951,4.755375699835006,"(1.0, 5.0)",-9.85935536829885,0.1,16.0,0.03,0.0,0.21942857142857142,True,5.79965891989839,2025-07-09T12:28:54.479999542+00:00,0.99,,
62136457,RCM,fail_no_result,299.6207208382579,0.6848516855975605,10.224242442625867,36.08114934935579,1.7740138452433347,5.606301586777326,"(1.0, 5.0)",,,,,,,,,2025-07-09T12:48:20.149999619+00:00,0.68,,
62136482,RCM,ok,297.25695173449924,0.6895206353349008,50.73937126257124,34.77860852876442,1.742814229225952,9.203646551370818,"(1.0, 5.0)",-32.74304826550076,0.04,10.0,0.01,0.9371460638945291,0.23272727272727273,True,2.2951384794330876,2025-07-09T13:12:12.029999495+00:00,0.56,,
62136497,RCM,fail_incidence,299.63805917901044,0.556003402863543,89.17134802316905,46.35746606091944,1.3730434407659284,7.712625376110708,"(1.0, 5.0)",,,,,,,,,2025-07-09T13:22:05.170000076+00:00,0.46,,
62136512,RCM,ok,299.9109015416957,0.6939252601050128,82.00064149905221,41.5493156926744,1.7011830355448632,5.757239435951366,"(1.0, 5.0)",-14.089098458304306,0.14,7.0,0.02,0.8618226844900294,0.19636363636363638,True,8.22956713503554,2025-07-09T13:25:29.659999847+00:00,0.3,,
62136527,RCM,ok,303.3468512758418,0.7259709376453447,21.919054022057143,36.406179924862734,1.7421916046521961,7.815585391534364,"(1.0, 5.0)",-50.6531487241582,0.16,2.0,0.01,0.13233675531757172,0.22303030303030305,True,9.183834864819115,2025-07-09T13:36:43.719997406+00:00,0.95,,
62136552,RCM,ok,308.77191408499164,0.6633267205862886,86.08423173193661,31.998008098913285,1.90278165643367,8.413903045610827,"(2.0, 8.0)",38.771914084991636,0.12,91.0,0.1,0.0,0.18285714285714286,True,6.3065564876693525,2025-07-09T14:10:37.290000916+00:00,0.34,,
62136572,RCM,ok,314.5567631355901,0.6280144168793,53.500967912087866,44.75155708936477,1.5234736563934959,6.243378750146865,"(1.0, 5.0)",-43.443236864409926,0.06,11.0,0.01,1.0,0.2346666666666667,True,3.9383680674884394,2025-07-09T14:27:09.039999962+00:00,0.92,,
62136577,RCM,ok,321.76142091786755,0.5315710818263198,74.19666168595222,40.554548138565785,1.812266721296209,12.093893730243517,"(5.0, 10.0)",59.761420917867554,0.08,11.0,0.01,0.8742921277890582,0.1552941176470588,True,4.414361255984475,2025-07-09T14:28:36.349998474+00:00,0.5,,
62136602,RCM,ok,321.2027363716602,0.6634384537177949,81.02855542465349,41.20474275906439,1.802999279049107,13.14939075972886,"(1.0, 5.0)",47.202736371660194,0.04,59.0,0.07,-0.6460975931414892,0.1898901098901099,True,2.2185255681907874,2025-07-09T14:52:42.430000305+00:00,0.27,,
62136677,RCM,ok,313.9570775106989,0.8880097180692877,9.471604617824026,37.20776236050843,1.889588299324467,8.52718875060853,"(2.0, 8.0)",-10.042922489301077,0.06,17.0,0.03,-0.7596299149690673,0.20512820512820515,True,3.175294852399867,2025-07-09T16:03:26.559999704+00:00,2.26,,
62136682,RCM,fail_rectilinearity,318.92585964311775,0.4906060320046717,56.20865371334869,37.62344094188743,1.9294851619565294,8.557254321879455,"(3.0, 5.0)",,,,,,,,,2025-07-09T16:03:18.770000458+00:00,0.91,,
62136702,RCM,ok,319.2759581672803,0.6802813454322811,86.2400983098058,38.62665323056127,1.851126247577234,10.474853121279793,"(1.0, 5.0)",51.275958167280294,0.04,59.0,0.04,0.0,0.19692307692307692,True,2.160846676576071,2025-07-09T16:11:46.389999390+00:00,0.73,,
62136767,RCM,ok,304.21925788347494,0.7755754102662069,16.07626502553574,39.73156767355073,1.7302481796956906,8.702492232395878,"(3.0, 5.0)",-61.78074211652506,0.18,3.0,0.01,0.0,0.19692307692307692,True,10.403131880864496,2025-07-09T16:45:36.899997711+00:00,0.91,,
62136787,RCM,fail_rectilinearity,308.0693019791871,0.35972818743503887,59.29643526723784,31.15469460740792,1.7728782857788283,6.400100548935377,"(3.0, 5.0)",,,,,,,,,2025-07-09T16:47:14.039999962+00:00,0.39,,
62136867,RCM,fail_exception,316.6611355710511,0.55283136967221,74.81933930484767,44.14484936027641,1.840534523961672,9.027486276368105,"(3.0, 5.0)",,,,,,,,,2025-07-09T18:00:44.549999237+00:00,0.77,unsupported operand type(s) for /: 'NoneType' and 'float',"Traceback (most recent call last):
  File ""/Users/mhemmett/Seismology/mt-rainier/scripts/run_sws_generic.py"", line 187, in process_event
    splitting_obj.perform_sws_analysis(coord_system='LQT', sws_method='EV_and_XC',
    ~~~~~~~~~~~~~~~~~~~~~~~~~~~~~~~~~~^^^^^^^^^^^^^^^^^^^^^^^^^^^^^^^^^^^^^^^^^^^^
                                        cluster_eps=CLUSTER_EPS, cluster_min_samples=CLUSTER_MIN_SAMPLES)
                                        ^^^^^^^^^^^^^^^^^^^^^^^^^^^^^^^^^^^^^^^^^^^^^^^^^^^^^^^^^^^^^^^^^
  File ""/Users/mhemmett/Seismology/mt-rainier/swspy/splitting/split_windowcheck.py"", line 1695, in perform_sws_analysis
    Q_w = self._calc_Q_w(opt_phi, opt_lag, grid_search_results_all_win_XC, tr_T, method=""dbscan"")
  File ""/Users/mhemmett/Seismology/mt-rainier/swspy/splitting/split_windowcheck.py"", line 1385, in _calc_Q_w
    dt_diff = opt_lag_XC / opt_lag_EV
              ~~~~~~~~~~~^~~~~~~~~~~~
TypeError: unsupported operand type(s) for /: 'NoneType' and 'float'
"
62136872,RCM,fail_rectilinearity,322.36520939097244,0.49070060124318104,43.36186597115683,37.5078008493425,1.870079625965403,10.67464694517534,"(1.0, 5.0)",,,,,,,,,2025-07-09T18:02:03.349999905+00:00,0.64,,
62136907,RCM,ok,297.08811795886334,0.7283673430588578,11.364477783149978,32.69321759690189,1.7396443326886293,7.371968646952492,"(3.0, 5.0)",-50.911882041136664,0.16,9.0,0.02,-0.5666266044160071,0.22646153846153846,True,9.19728228313883,2025-07-09T18:28:30.029998779+00:00,0.67,,
62136912,RCM,ok,299.7466969417842,0.9077353909505789,67.20541032115226,41.285909563941594,1.7305700356373763,4.029828704556897,"(1.0, 5.0)",-18.253303058215806,0.1,13.0,0.01,0.9685730319472645,0.21333333333333335,True,5.7784428217705495,2025-07-09T18:30:51.270000458+00:00,1.15,,
62136927,RCM,ok,297.77689493565424,0.5428264763879329,50.137511737645156,35.24389846523257,1.6774086448351715,8.174505734079181,"(1.0, 5.0)",-32.22310506434576,0.04,10.0,0.01,0.4597097259371463,0.2346666666666667,True,2.384630610028277,2025-07-09T18:42:21.609998703+00:00,0.59,,
62137007,RCM,ok,300.36897758473333,0.5961864927210192,70.50891815639508,41.474728241593304,1.7477128380860825,9.444711482247172,"(1.0, 5.0)",38.36897758473333,0.06,7.0,0.02,0.0,0.19692307692307692,True,3.4330582629184034,2025-07-09T19:31:17.520000458+00:00,0.38,,
62137012,RCM,ok,313.09114941619094,0.5397340565654013,76.32084519059288,34.6224439792399,1.5457338934731113,15.367186899613817,"(1.0, 5.0)",-36.908850583809055,0.06,19.0,0.04,0.16319242738832307,0.1898901098901099,True,3.8816513148447513,2025-07-09T19:31:56.099998474+00:00,0.47,,
62137027,RCM,ok,315.2228045660898,0.6378629761498064,32.47274523393709,35.74525016978891,1.9220567182374484,6.370281316498164,"(3.0, 5.0)",-8.777195433910208,0.04,57.0,0.09,0.0,0.20512820512820515,True,2.0811040392543947,2025-07-09T19:33:29.369998932+00:00,0.73,,
62137057,RCM,ok,301.14325445393956,0.6540173057942011,27.496256377255992,40.10046636323029,1.6968411077592174,4.418589085153959,"(1.0, 5.0)",27.143254453939562,0.08,13.0,0.02,-0.8170458466658321,0.2346666666666667,True,4.714642970056572,2025-07-09T19:50:06.500000+00:00,0.88,,
62137087,RCM,ok,315.7461002625275,0.7210616026779308,15.196225813491584,37.15665529889183,1.8969206270861723,5.814837457454935,"(3.0, 5.0)",5.746100262527477,0.04,48.0,0.07,0.9057190958417937,0.20779220779220778,True,2.108680744404331,2025-07-09T20:01:46.950000763+00:00,1.47,,
62137092,RCM,ok,295.39033067820077,0.5708029623770664,88.06167232143395,28.52559178170741,1.8752865161210832,5.581980804465973,"(3.0, 5.0)",39.39033067820077,0.12,22.0,0.02,0.0,0.19692307692307692,True,6.3990221743935285,2025-07-09T20:01:07.519999981+00:00,0.42,,
62137112,RCM,ok,298.46942486875696,0.7353671781920113,21.819880726028227,32.19107740465629,1.7597429516386043,8.78945319948733,"(3.0, 5.0)",-15.53057513124304,0.04,18.0,0.01,0.8742921277890582,0.1898901098901099,True,2.2730592534979928,2025-07-09T20:12:29.599998474+00:00,1.04,,
62137127,RCM,fail_exception,311.1856329875754,0.5947503492007564,48.45659929713679,40.732294370143535,1.5318932734970259,10.280482702859866,"(3.0, 5.0)",,,,,,,,,2025-07-09T20:17:01.390000105+00:00,0.55,unsupported operand type(s) for /: 'NoneType' and 'float',"Traceback (most recent call last):
  File ""/Users/mhemmett/Seismology/mt-rainier/scripts/run_sws_generic.py"", line 187, in process_event
    splitting_obj.perform_sws_analysis(coord_system='LQT', sws_method='EV_and_XC',
    ~~~~~~~~~~~~~~~~~~~~~~~~~~~~~~~~~~^^^^^^^^^^^^^^^^^^^^^^^^^^^^^^^^^^^^^^^^^^^^
                                        cluster_eps=CLUSTER_EPS, cluster_min_samples=CLUSTER_MIN_SAMPLES)
                                        ^^^^^^^^^^^^^^^^^^^^^^^^^^^^^^^^^^^^^^^^^^^^^^^^^^^^^^^^^^^^^^^^^
  File ""/Users/mhemmett/Seismology/mt-rainier/swspy/splitting/split_windowcheck.py"", line 1695, in perform_sws_analysis
    Q_w = self._calc_Q_w(opt_phi, opt_lag, grid_search_results_all_win_XC, tr_T, method=""dbscan"")
  File ""/Users/mhemmett/Seismology/mt-rainier/swspy/splitting/split_windowcheck.py"", line 1385, in _calc_Q_w
    dt_diff = opt_lag_XC / opt_lag_EV
              ~~~~~~~~~~~^~~~~~~~~~~~
TypeError: unsupported operand type(s) for /: 'NoneType' and 'float'
"
62137157,RCM,ok,314.7728346691103,0.7108683647041714,61.74381539186787,39.52241404301495,1.552916963237574,8.289539801472802,"(1.0, 5.0)",-43.227165330889704,0.06,19.0,0.03,0.9371460638945291,0.18285714285714286,True,3.863696605832031,2025-07-09T20:59:41.389999390+00:00,0.49,,
62137177,RCM,fail_incidence,299.37972074193345,0.6548093380930734,73.04641394871639,46.59413076467374,1.5586924800903967,8.187171891576707,"(1.0, 5.0)",,,,,,,,,2025-07-09T21:23:07.699999809+00:00,0.84,,
62137247,RCM,ok,298.44321637327045,0.6679652338722415,16.28171114691343,37.4565028265568,1.7389575769079688,11.58881303717515,"(1.0, 5.0)",-55.556783626729555,0.16,3.0,0.01,0.0,0.22303030303030305,True,9.200914509052897,2025-07-09T21:58:26.829999924+00:00,0.68,,
62137257,RCM,fail_rectilinearity,313.25082572922116,0.4546053653381218,74.9783610873305,47.30205058235561,1.4209218477719576,5.564080534258845,"(3.0, 5.0)",,,,,,,,,2025-07-09T22:00:05.359999657+00:00,0.3,,
62137407,RCM,ok,301.89517044433626,0.9295687372601725,51.94468226619128,36.21308609277936,1.804093422108341,3.727182598277446,"(1.0, 5.0)",-22.10482955566374,0.08,25.0,0.02,0.9057190958417937,0.21942857142857142,True,4.434360162264134,2025-07-09T23:44:28.119998932+00:00,1.37,,
62137427,RCM,ok,300.97052390370146,0.8000205180831705,8.215858760957433,39.539432643987716,1.697638476356756,4.115986643747421,"(1.0, 5.0)",22.970523903701462,0.08,14.0,0.02,-0.7736153715465646,0.22646153846153846,True,4.712428536120675,2025-07-09T23:53:27.049999237+00:00,0.09,,
62137462,RCM,ok,312.3731416198654,0.5918166678836592,23.46624560234307,34.434564249604534,1.9185704446764662,5.176386640503916,"(5.0, 10.0)",56.37314161986541,0.08,10.0,0.01,0.9057190958417937,0.1511111111111111,True,4.169771311862912,2025-07-10T00:10:05.069999695+00:00,0.75,,
62137497,RCM,ok,302.7595910843884,0.9240946843128232,22.873791974318838,32.81125533402216,1.7492232339923852,8.535399968706804,"(1.0, 5.0)",-53.240408915611624,0.16,3.0,0.01,0.0,0.22303030303030305,True,9.146917151038512,2025-07-10T00:24:22.209999084+00:00,0.97,,
62137537,RCM,ok,313.7757900448138,0.6213387062824288,24.972132683018998,32.60488420409635,1.8743617551652145,5.65153389350498,"(3.0, 5.0)",-12.224209955186211,0.08,32.0,0.02,0.7830841888293929,0.20779220779220778,True,4.268119522794491,2025-07-10T00:43:05.219999790+00:00,0.92,,
62137732,RCM,fail_no_result,301.5726880307725,0.6141758238611662,39.45741474887917,41.92095243567808,1.7137048413750597,3.6936335407646625,"(1.0, 5.0)",,,,,,,,,2025-07-10T02:11:12.259999274+00:00,0.54,,
62137807,RCM,fail_incidence,299.2851108655193,0.78600085265722,6.423125572679726,45.24926607986978,1.7352430454898227,8.899731624254258,"(1.0, 5.0)",,,,,,,,,2025-07-10T02:45:10.099999428+00:00,0.27,,
62137837,RCM,ok,298.1871464442786,0.6309152431871079,44.9190635123549,33.052872612507194,1.7251139146921128,8.997021261789047,"(1.0, 5.0)",-31.812853555721404,0.04,7.0,0.01,0.2512974184927932,0.2346666666666667,True,2.3186874593808455,2025-07-10T02:59:16.670000076+00:00,0.55,,
62137882,RCM,ok,298.47752480036854,0.570193533102243,64.8682239501427,38.98046456777397,1.7041563306815455,6.903996274657896,"(2.0, 8.0)",40.47752480036854,0.12,21.0,0.02,0.9371460638945291,0.1898901098901099,True,7.041607500410965,2025-07-10T03:47:20.479999542+00:00,0.17,,
62137902,RCM,ok,297.8706717997309,0.6568860337310491,65.33707614668545,39.15090960513066,1.6886564954074401,9.396458597559258,"(1.0, 5.0)",47.87067179973093,0.14,91.0,0.1,0.0,0.23272727272727273,True,8.29061448439937,2025-07-10T04:36:30.129999161+00:00,0.26,,
62137907,RCM,ok,292.9025908935534,0.7099730679889946,60.73512311777211,32.28338557237116,1.774437817139695,11.5218639106884,"(3.0, 5.0)",-39.097409106446605,0.06,7.0,0.03,0.33333333333333326,0.1898901098901099,True,3.3813526414082515,2025-07-10T04:38:25.100000381+00:00,0.63,,
62137922,RCM,fail_incidence,318.4895673311215,0.7474757467094757,16.52968803540573,50.62010113537117,1.6723688109065022,6.691439157862892,"(3.0, 5.0)",,,,,,,,,2025-07-10T05:01:19.209999084+00:00,0.61,,
62137932,RCM,fail_incidence,322.681576561124,0.6993077705316413,16.218810329019313,51.27021917099792,1.7561874136831184,8.910634821933652,"(3.0, 5.0)",,,,,,,,,2025-07-10T05:03:34.610000610+00:00,0.33,,
62137937,RCM,ok,303.68246674025846,0.6599907913015531,18.446112560565833,42.126151983647944,1.6946233313488794,8.566548497471977,"(1.0, 5.0)",33.68246674025846,0.1,11.0,0.03,0.0,0.20512820512820515,True,5.901016358626575,2025-07-10T05:06:14.329999924+00:00,0.53,,
62137942,RCM,fail_incidence,320.8524537718252,0.7407074634609716,19.932825648227873,47.886019598286076,1.7193300835968042,6.333534203519077,"(1.0, 5.0)",,,,,,,,,2025-07-10T05:06:27.250000+00:00,0.71,,
62137947,RCM,ok,301.33662091204474,0.6552570958258678,22.116656314097625,41.68368674297141,1.726880845185005,9.299035797092518,"(1.0, 5.0)",39.33662091204474,0.1,5.0,0.02,0.0,0.19692307692307692,True,5.790787492884998,2025-07-10T05:19:37.219997406+00:00,0.43,,
62137957,RCM,fail_no_result,313.03706458364104,0.565278659428107,61.11391881873528,43.654129645807124,1.5455660264036317,8.765887804974643,"(3.0, 5.0)",,,,,,,,,2025-07-10T05:28:40.700000763+00:00,0.96,,
62137962,RCM,ok,308.92200357460564,0.5001960547348095,46.01198213280963,37.941617084154714,1.5791852493399752,7.892604986615965,"(1.0, 5.0)",-43.07799642539436,0.06,17.0,0.03,0.9685730319472645,0.1898901098901099,True,3.7994275861604683,2025-07-10T05:27:08.889999390+00:00,0.35,,
62137967,RCM,ok,324.5658989263304,0.7027321633175752,26.89722966181524,44.17414041303632,1.762400431189751,9.458422712881358,"(2.0, 8.0)",58.56589892633042,0.14,58.0,0.09,0.0,0.1898901098901099,True,7.943711174962073,2025-07-10T05:32:56.479999542+00:00,0.38,,
62137972,RCM,fail_incidence,323.4542814305971,0.5264957705702762,18.911531060622256,49.03795480596417,1.7093780593695307,9.338691442544562,"(2.0, 8.0)",,,,,,,,,2025-07-10T05:34:02.539999962+00:00,0.44,,
62137977,RCM,ok,301.97073456452983,0.617872468724854,70.54743049084101,35.78273966339652,1.720528758373201,8.890587866798569,"(1.0, 5.0)",-64.02926543547017,0.18,6.0,0.01,-0.30540001741832057,0.21482517482517482,True,10.461900106232115,2025-07-10T05:35:27.899999619+00:00,0.51,,
62138037,RCM,ok,297.520946036232,0.6988070952114188,73.71252196719894,37.642328556132114,1.7395336600401696,17.52983722201171,"(1.0, 5.0)",37.520946036231976,0.16,91.0,0.1,0.16718534660251072,0.19692307692307692,True,9.197867432832846,2025-07-10T06:27:27.420000076+00:00,0.2,,
62138042,RCM,fail_incidence,310.93888281024664,0.6048502909671443,44.61221881334148,48.98276075468803,1.4487479910089307,3.7124346936842203,"(3.0, 5.0)",,,,,,,,,2025-07-10T06:40:57.649997711+00:00,0.29,,
62138077,RCM,ok,301.1987006267032,0.9104073753846436,10.092160419958697,36.96454797409514,1.8145074722058074,4.594197441121877,"(2.0, 8.0)",-50.801299373296786,0.04,63.0,0.09,0.33291679679368325,0.1767619047619048,True,2.2044549616196383,2025-07-10T07:37:50.529998779+00:00,0.39,,
62138092,RCM,ok,323.258347048403,0.8182756492922882,27.214332982790406,42.35716072790574,1.7918074042160321,17.99307666821838,"(1.0, 5.0)",61.25834704840298,0.14,52.0,0.06,0.0,0.18285714285714286,True,7.813339741234862,2025-07-10T07:54:33.200000763+00:00,0.52,,
62138127,RCM,fail_incidence,323.0250199694808,0.727383690180733,17.42502881320031,46.09947527811691,1.7241261944730872,12.157318927684477,"(3.0, 5.0)",,,,,,,,,2025-07-10T08:38:07.559999943+00:00,0.77,,
62138142,RCM,ok,321.55719284084086,0.6500024389025196,37.22231600799905,44.49884943208226,1.9082654239462349,10.109948905528846,"(1.0, 5.0)",-26.442807159159145,0.14,12.0,0.03,-0.9842865159736323,0.18285714285714286,True,7.336505616209524,2025-07-10T09:16:31.819999695+00:00,0.49,,
62138147,RCM,ok,303.6331859153989,0.5024762617153624,27.867705874110424,35.121984699080315,1.7722943057524136,7.69096082233492,"(1.0, 5.0)",-52.36681408460112,0.12,46.0,0.04,-0.8900056118154259,0.24436363636363637,True,6.770884475028256,2025-07-10T09:19:28.909999847+00:00,0.31,,
62138152,RCM,ok,305.387647632806,0.7567400353800939,12.087188353072174,37.41989345022929,1.6773553931575487,5.50223183739182,"(1.0, 5.0)",-48.61235236719398,0.16,7.0,0.02,0.0,0.18285714285714286,True,9.538825263428937,2025-07-10T09:26:54.299999237+00:00,0.7,,
62138157,RCM,fail_snr,301.1785588382267,0.746728650712337,21.920316549364095,35.676244074833036,1.8581359637755657,1.8311004478122723,"(3.0, 5.0)",,,,,,,,,2025-07-10T09:40:26.819999695+00:00,0.37,,
62138162,RCM,ok,306.2961344788688,0.649470607407548,59.957219793667015,41.93364700488995,1.5016588421269499,5.1520871624911635,"(3.0, 5.0)",44.296134478868794,0.14,56.0,0.09,0.0,0.19692307692307692,True,9.323023051074902,2025-07-10T09:40:42.779998779+00:00,0.64,,
62138172,RCM,ok,309.4944402183214,0.7851040852220843,72.145122267851,44.68913661229643,1.4840209036365766,8.065230844950568,"(3.0, 5.0)",-42.505559781678585,0.02,30.0,0.02,0.6543033514199101,0.20779220779220778,True,1.347689911307194,2025-07-10T09:43:35.270000458+00:00,0.34,,
62138207,RCM,ok,302.7470403053579,0.507140805281643,79.41915011409105,39.543709393086736,1.4174819917545318,10.677419703096724,"(3.0, 5.0)",-11.252959694642072,0.08,23.0,0.02,1.0,0.20779220779220778,True,5.643810677339015,2025-07-10T10:57:29.689998627+00:00,0.85,,
62138232,RCM,fail_rectilinearity,312.9635445575694,0.3994784850916435,10.31096271242609,37.09909626320527,1.5698824670566194,14.591275225153918,"(3.0, 5.0)",,,,,,,,,2025-07-10T11:29:20.100000381+00:00,0.62,,
62138242,RCM,fail_rectilinearity,312.03473800773423,0.4779200582861055,65.89433757260461,32.99190164772538,1.5385213183919078,9.094273102260868,"(1.0, 5.0)",,,,,,,,,2025-07-10T11:32:56.639999390+00:00,0.28,,
62138252,RCM,fail_incidence,320.7861639355174,0.549899379355151,75.76991702671181,47.1136609426413,1.7088260350060216,14.306800169698036,"(3.0, 5.0)",,,,,,,,,2025-07-10T12:14:26.019998550+00:00,0.43,,
62138272,RCM,ok,301.43524807433266,0.8486316497943952,16.198784702813953,32.82154400060287,1.8052673880155536,8.347412636430114,"(1.0, 5.0)",39.43524807433266,0.06,4.0,0.02,0.16718534660251072,0.21333333333333335,True,3.323607372421168,2025-07-10T12:48:08.179999352+00:00,0.86,,
62138307,RCM,ok,298.0639772018918,0.5855864317500592,28.71737730005824,42.76538331310432,1.6605217685462352,7.185517758210698,"(1.0, 5.0)",-33.93602279810818,0.06,39.0,0.02,0.4446667111288978,0.21333333333333335,True,3.6133220977000016,2025-07-10T13:30:24.699998856+00:00,0.66,,
62138312,RCM,ok,303.1578184706099,0.6723386147316124,26.937111500355623,38.719857056113675,1.6995301313513291,6.316392965318377,"(1.0, 5.0)",37.157818470609925,0.08,8.0,0.02,0.0,0.21333333333333335,True,4.707183386998291,2025-07-10T13:34:50.849998474+00:00,0.22,,
62138322,RCM,ok,305.1381315894571,0.5363880466427082,15.481172573255432,38.98239563629253,1.551784825230108,12.549006074570435,"(3.0, 5.0)",-32.86186841054291,0.04,10.0,0.01,0.24575276673434931,0.1898901098901099,True,2.5776769658814365,2025-07-10T14:03:41.799999237+00:00,1.14,,
62138327,RCM,ok,299.88421968134276,0.7205708157381989,7.516229768014982,32.946601719314096,1.7465064658319243,7.814273476147175,"(1.0, 5.0)",-52.115780318657244,0.16,3.0,0.01,-0.7328707715517487,0.20512820512820515,True,9.161145585784373,2025-07-10T14:09:09.939999580+00:00,1.32,,
62138332,RCM,fail_rectilinearity,323.35103584288225,0.42024945622012755,81.79785735804866,38.558562370561184,1.8917686194488783,7.970385846442246,"(1.0, 5.0)",,,,,,,,,2025-07-10T14:12:42.009998322+00:00,0.4,,
62138337,RCM,fail_incidence,306.1297982507011,0.6948553337374255,72.00579061215225,45.3850341405991,1.4945163173207987,7.302976814264456,"(3.0, 5.0)",,,,,,,,,2025-07-10T14:19:23.539999008+00:00,0.38,,
62138522,RCM,fail_rectilinearity,300.10262814492955,0.4995348914225253,88.04376030966523,37.43656381645372,1.4811746788627242,7.490383343023696,"(3.0, 5.0)",,,,,,,,,2025-07-10T17:13:40.659999847+00:00,1.22,,
62138572,RCM,ok,317.1400384740766,0.6753261088382905,24.892189703793562,39.488954224045735,1.930300120494522,7.865589971056204,"(1.0, 5.0)",-12.859961525923381,0.08,10.0,0.02,1.0,0.20779220779220778,True,4.14443324903823,2025-07-10T17:54:49.629997253+00:00,0.61,,
62138577,RCM,fail_rectilinearity,318.2133251583866,0.428642325953556,19.888242934006897,38.959069289315046,1.985459719295088,8.335935622057738,"(2.0, 8.0)",,,,,,,,,2025-07-10T17:53:25.459999084+00:00,0.23,,
62138582,RCM,ok,312.61983618576056,0.5011778203586744,45.43043993205313,40.221327646441246,1.5010571090707276,7.114999906123768,"(1.0, 5.0)",-45.38016381423944,0.06,11.0,0.01,1.0,0.21482517482517482,True,3.997183027709367,2025-07-10T18:00:29.699998856+00:00,0.39,,
62138642,RCM,ok,318.24773439911104,0.7006463575518687,69.26964117327029,29.55631620629361,1.9110404897747986,11.80064080835295,"(3.0, 5.0)",-27.75226560088896,0.04,18.0,0.02,0.0,0.1898901098901099,True,2.0931006022124468,2025-07-10T18:37:37.700000763+00:00,0.62,,
62138667,RCM,fail_no_result,317.09199816848405,0.650951080400582,58.62344639533346,28.63207001372617,1.8664806350530765,10.315723584473774,"(3.0, 5.0)",,,,,,,,,2025-07-10T19:00:19.829999924+00:00,0.78,,
62138672,RCM,ok,317.71553012431787,0.6605687846068531,53.86996760407856,29.552700680428458,1.8524113645126967,9.435091998250964,"(3.0, 5.0)",-44.284469875682134,0.06,19.0,0.03,0.08375430541829765,0.1898901098901099,True,3.2390213723280548,2025-07-10T19:04:21.029998779+00:00,0.6,,
62138687,RCM,ok,315.8937770769991,0.6506893314013276,54.52434852773757,30.630040890398302,1.8545659808682553,10.77738431552255,"(1.0, 5.0)",-40.10622292300093,0.06,31.0,0.04,0.23923365472783598,0.24888888888888888,True,3.2352583094352725,2025-07-10T19:08:22.139999390+00:00,0.67,,
62138692,RCM,ok,318.66799662043,0.6387512036896172,47.93194365512339,33.381832560228204,1.7636639224821529,7.968325697233196,"(1.0, 5.0)",-37.33200337956998,0.06,41.0,0.04,0.21432579868161383,0.2585858585858586,True,3.4020086953730355,2025-07-10T19:08:31+00:00,1.16,,
62138707,RCM,ok,319.35440302712584,0.6259761168904439,2.678725103302479,30.173186525286987,1.8888127301629076,6.847613180206011,"(3.0, 5.0)",51.35440302712584,0.14,8.0,0.02,0.9685730319472645,0.256,True,7.41206355528561,2025-07-10T19:15:02.429999828+00:00,0.6,,
62138742,RCM,ok,317.1779848539724,0.5698061114182401,33.7558761745722,31.76335016203076,1.8827041762241443,5.768334253830027,"(3.0, 5.0)",-12.822015146027582,0.18,15.0,0.02,0.7957247076572196,0.20512820512820515,True,9.560716031394739,2025-07-10T19:35:14.340000153+00:00,0.47,,
62138827,RCM,ok,320.67053245567666,0.5221535157074975,69.23723023703602,42.35093026418959,1.8702175998340609,13.05225078839354,"(3.0, 5.0)",64.67053245567666,0.1,91.0,0.1,0.0,0.18285714285714286,True,5.346971390327667,2025-07-10T20:16:01.409999847+00:00,0.32,,
62138837,RCM,ok,303.8774743503673,0.9153238430411321,16.478660229905458,38.84785993495055,1.768295846048566,4.036155532849526,"(1.0, 5.0)",-2.122525649632678,0.1,11.0,0.01,0.8742921277890582,0.1898901098901099,True,5.655162297839471,2025-07-10T20:32:21.959999084+00:00,1.25,,
62138852,RCM,ok,326.4190676068037,0.7840205423368156,29.81520584835492,35.860456210414895,1.9053507805156489,14.892687661366871,"(1.0, 5.0)",44.41906760680371,0.04,58.0,0.04,-0.6433177573494551,0.18285714285714286,True,2.0993509651369666,2025-07-10T20:44:03.230000019+00:00,0.68,,
62138892,RCM,ok,302.51343948855174,0.8659019198025889,7.993380491669693,36.2795074353533,1.7399771776823318,3.1623550183940186,"(1.0, 15.0)",-41.48656051144826,0.06,32.0,0.02,0.5121222577755522,0.1980952380952381,True,3.448321091195037,2025-07-10T21:17:27.299999237+00:00,2.04,,
62139062,RCM,fail_incidence,293.29254467800575,0.6343098296095112,70.89116322904705,78.19811731445407,1.3760884263306863,11.375541267720049,"(3.0, 5.0)",,,,,,,,,2025-07-10T23:07:37.829998016+00:00,0.37,,
62139162,RCM,ok,310.2015725881781,0.7826095725096476,12.630737335968362,17.170648674806614,1.923289148651395,11.09366271696953,"(1.0, 5.0)",-43.798427411821876,0.06,8.0,0.02,0.056667321031505624,0.22303030303030305,True,3.119655723221432,2025-07-11T00:11:33.369998932+00:00,1.22,,
62139262,RCM,fail_incidence,305.3099242600529,0.7056417038045558,70.03275452951137,52.94940656659055,1.4199489008293897,5.338332950766782,"(3.0, 5.0)",,,,,,,,,2025-07-11T01:58:15.079999924+00:00,0.53,,
62139277,RCM,ok,310.3136277051081,0.5233290020192625,57.34045235469685,42.40332803676456,1.5033547269147627,8.37644249163203,"(3.0, 5.0)",-31.686372294891896,0.04,23.0,0.01,0.8428651597363228,0.21482517482517482,True,2.660716016245175,2025-07-11T03:12:29.859998703+00:00,0.41,,
62139312,RCM,fail_incidence,314.9439717513616,0.5233117543360037,63.35815551790689,45.33938102658686,1.4932774980885415,10.018337963606566,"(3.0, 5.0)",,,,,,,,,2025-07-11T04:30:49.239998102+00:00,1.22,,
62139317,RCM,ok,298.8517694741004,0.7657849242511028,22.440308937542603,39.949474595495396,1.7057359165257697,8.7047582606526,"(1.0, 5.0)",40.85176947410042,0.1,47.0,0.06,0.0,0.19692307692307692,True,5.862572220656482,2025-07-11T04:37:48.860000610+00:00,0.53,,
62139342,RCM,fail_incidence,308.60441088467036,0.7678955906349133,72.6375092835576,47.272934391065114,1.4703570672129709,19.94793120936573,"(3.0, 5.0)",,,,,,,,,2025-07-11T05:18:05.259999751+00:00,0.48,,
62139347,RCM,fail_rectilinearity,315.03316837647407,0.44559849803772966,65.79741867990913,35.68014079606399,1.652574743819803,7.616351993114341,"(3.0, 5.0)",,,,,,,,,2025-07-11T05:20:17.559999704+00:00,0.16,,
62139377,RCM,ok,303.21772222868196,0.8424291051430683,69.38041195844883,41.02983415335308,1.680669351732904,3.8354480156646495,"(1.0, 5.0)",-66.78227777131804,0.08,75.0,0.09,-0.6796751263305361,0.22303030303030305,True,4.7600082620364095,2025-07-11T07:10:51.139999390+00:00,0.46,,
62139382,RCM,fail_rectilinearity,295.3071480162232,0.4382880318419674,79.18447770044864,40.19847861975365,1.7122260700455796,8.76981706624917,"(1.0, 5.0)",,,,,,,,,2025-07-11T07:14:08.960000038+00:00,0.1,,
62139397,RCM,fail_no_result,318.6395021359061,0.78188053713106,28.030438627153515,29.993720972070847,1.8588943130797946,14.91511908113613,"(1.0, 5.0)",,,,,,,,,2025-07-11T07:36:01.230000019+00:00,1.68,,
62139412,RCM,fail_incidence,317.38640297708776,0.6538505306342444,50.855797940246205,46.23997223260718,1.8468225321350467,7.346437718501918,"(1.0, 5.0)",,,,,,,,,2025-07-11T08:10:37.659999847+00:00,0.59,,
62139417,RCM,fail_incidence,317.6860747080855,0.506774284854119,61.45540769483496,50.54840567367847,1.799927116647844,6.55301511441834,"(1.0, 5.0)",,,,,,,,,2025-07-11T08:12:41.129997253+00:00,0.74,,
62139442,RCM,fail_incidence,319.47773043533294,0.832342699427401,82.02337946531689,46.647185295681815,1.8692475502548374,6.458273997807336,"(1.0, 5.0)",,,,,,,,,2025-07-11T08:28:01.159999847+00:00,0.37,,
62139452,RCM,ok,299.9109015416957,0.569921949682618,35.768840298691806,30.330853844924246,1.8733396542221887,7.121963671295839,"(1.0, 5.0)",-40.089098458304306,0.04,20.0,0.01,0.9371460638945291,0.21482517482517482,True,2.135224112180982,2025-07-11T08:52:51.680000305+00:00,-0.09,,
62139492,RCM,fail_no_result,317.07764003940935,0.6428359558011778,32.89045343520626,33.17178786349986,1.8878942589030623,9.009373677270046,"(1.0, 5.0)",,,,,,,,,2025-07-11T10:47:22.039999008+00:00,0.23,,
62139507,RCM,ok,292.5805478754912,0.7417024137235162,82.43628221676222,35.026006959705086,1.654446811058074,9.073214115255404,"(1.0, 5.0)",42.58054787549122,0.14,47.0,0.03,0.0,0.19692307692307692,True,8.46204296591834,2025-07-11T12:15:29.789999008+00:00,0.27,,
62139517,RCM,ok,299.7466969417842,0.9016128728894526,14.61037536052167,35.224243925513726,1.806867926720282,4.022724802525781,"(1.0, 8.0)",-56.253303058215806,0.18,7.0,0.01,0.0,0.20779220779220778,True,9.961989879732116,2025-07-11T12:24:43.520000458+00:00,0.41,,
62139537,RCM,ok,301.38264575624123,0.5125343540757288,53.65027407667883,38.872593237051,1.755270466106127,4.41740650095695,"(1.0, 5.0)",-10.617354243758768,0.1,18.0,0.03,0.3022080680841075,0.217516339869281,True,5.697127703734395,2025-07-11T13:07:50.319999695+00:00,0.19,,
62139557,RCM,ok,302.31836571183544,0.7475813058650382,77.20112592813582,41.29311485878552,1.7716347392512377,3.604915169387283,"(1.0, 5.0)",2.3183657118354404,0.1,14.0,0.01,0.0,0.1767619047619048,True,5.644504354337956,2025-07-11T13:43:19.689998627+00:00,0.29,,
62139662,RCM,ok,303.91995631277445,0.540628580649303,17.700503133897428,39.00755866790312,1.793484096586442,3.5359444997089846,"(3.0, 5.0)",-18.080043687225555,0.06,8.0,0.01,1.0,0.1980952380952381,True,3.345443659868446,2025-07-11T17:10:57.049999237+00:00,0.41,,
62139677,RCM,fail_rectilinearity,301.60328286983315,0.47377632623249344,81.50071554601116,33.549595674966646,1.800870759928935,5.1366934792695105,"(1.0, 5.0)",,,,,,,,,2025-07-11T17:43:38.899997711+00:00,0.28,,
62139727,RCM,fail_incidence,291.59876165491573,0.8375770529034393,21.57787036750446,86.40242398313909,1.0641085374603274,7.120311806869731,"(1.0, 5.0)",,,,,,,,,2025-07-11T19:23:04.980000019+00:00,2.42,,
62139767,RCM,fail_rectilinearity,320.4767368368894,0.22911581594148722,77.3524223703597,36.23459735405037,1.9580034700565287,7.526780843908996,"(3.0, 5.0)",,,,,,,,,2025-07-11T19:50:54.479999542+00:00,0.51,,
62139772,RCM,ok,302.09442423268877,0.8975046021350306,6.5864745502295445,33.35102562353799,1.8305351838865187,4.081420761101649,"(1.0, 5.0)",-31.905575767311234,0.04,25.0,0.01,0.9685730319472645,0.1898901098901099,True,2.185153301182314,2025-07-11T19:51:25.100000381+00:00,1.54,,
62139782,RCM,fail_rectilinearity,305.3099242600529,0.29646282218701525,53.24279061364934,42.1134063023012,1.5112965808783159,5.659161898620576,"(3.0, 5.0)",,,,,,,,,2025-07-11T19:53:00.799999952+00:00,0.38,,
62139867,RCM,fail_incidence,321.20897096370186,0.7242914481360447,46.83651379777918,45.434984219922576,1.7899194180855644,20.962597333905457,"(3.0, 5.0)",,,,,,,,,2025-07-11T21:48:35.409999847+00:00,0.88,,
62139872,RCM,fail_incidence,326.33432295596947,0.6098892109490679,78.44745934109677,49.87384050602224,1.84160655747874,15.314091372593708,"(1.0, 5.0)",,,,,,,,,2025-07-11T21:50:19.479999542+00:00,0.39,,
62139892,RCM,fail_incidence,322.700896701607,0.6502805538022636,74.41401956460541,46.49812772287944,1.8672397149792261,10.22815275878235,"(3.0, 5.0)",,,,,,,,,2025-07-11T22:15:31.199998856+00:00,0.89,,
62139907,RCM,ok,299.5387472484876,0.7564120088570697,12.02768056362254,35.38921185592269,1.7397060951599126,7.328034398456862,"(1.0, 5.0)",-54.461252751512404,0.16,3.0,0.01,-0.8271516757099551,0.22303030303030305,True,9.196955764260451,2025-07-11T22:23:03.650000095+00:00,1.34,,
62139947,RCM,ok,305.76994177768785,0.576146768311133,71.00379447317607,36.91196962035027,1.498155087225024,9.366765392246476,"(3.0, 5.0)",-44.23005822231215,0.06,18.0,0.02,0.6318212994270913,0.22646153846153846,True,4.00492582587933,2025-07-11T23:35:13.899999619+00:00,0.72,,
62139957,RCM,fail_rectilinearity,318.52078032674524,0.42623032552878226,58.333700618067404,39.8160787969916,1.547654519952317,12.491989387666509,"(1.0, 5.0)",,,,,,,,,2025-07-11T23:50:22.920000076+00:00,0.87,,
62139962,RCM,ok,314.2788323583456,0.604197352109874,18.245510470924962,36.91373212329028,1.527246129300644,13.343865740973019,"(1.0, 5.0)",-37.721167641654404,0.06,12.0,0.03,0.21432579868161383,0.24436363636363637,True,3.9286398471656416,2025-07-11T23:52:04.269999981+00:00,1.61,,
62140012,RCM,fail_incidence,300.53488662033897,0.6007991177751697,30.091988931512205,50.72534720048662,1.6498008606213879,7.027331161903804,"(1.0, 5.0)",,,,,,,,,2025-07-12T01:25:25.909999847+00:00,0.27,,
62140027,RCM,ok,321.2545511963862,0.6323493470628422,61.52053239057618,38.68149565825142,1.7356828671832067,9.972676174257803,"(1.0, 5.0)",57.25455119638622,0.06,91.0,0.1,0.0,0.18285714285714286,True,3.456852696677959,2025-07-12T01:38:17.359998703+00:00,0.48,,
62140057,RCM,ok,319.2631063827093,0.5910960946832811,61.634317836498134,41.35878935700705,1.7137286890074235,16.465782915384832,"(3.0, 5.0)",51.26310638270928,0.04,9.0,0.03,0.0,0.21333333333333335,True,2.334091753063179,2025-07-12T02:24:22.989999771+00:00,1.77,,
62140122,RCM,fail_incidence,319.9733031734291,0.7144011485649062,68.20747027042043,56.483246251923845,1.930637797765583,11.706916816883892,"(1.0, 5.0)",,,,,,,,,2025-07-12T05:02:06.519999981+00:00,0.58,,
62140162,RCM,fail_incidence,297.3276673420663,0.5752540758458369,19.456393141343753,60.58397286411445,1.508608560000447,9.454316894829411,"(3.0, 5.0)",,,,,,,,,2025-07-12T06:44:12.869999886+00:00,0.47,,
62140167,RCM,ok,320.6294327848021,0.599052533646002,65.66099973103478,38.088321700941414,1.5182155585728008,8.136018156467719,"(3.0, 5.0)",-45.37056721519792,0.06,29.0,0.02,0.41605851806795946,0.1898901098901099,True,3.952007978129471,2025-07-12T07:06:54.379997253+00:00,0.57,,
62140182,RCM,fail_incidence,309.7322764446837,0.8600538467473637,82.23341395488744,46.19388085370776,1.5733056617983259,11.058241486408065,"(1.0, 5.0)",,,,,,,,,2025-07-12T08:36:56.500000+00:00,0.48,,
62140187,RCM,ok,316.3983257385075,0.7997757981519131,15.686609667403836,40.51515619828947,1.4707497825052611,6.638227672854807,"(1.0, 5.0)",-63.60167426149252,0.06,19.0,0.02,0.5552778645291223,0.2016969696969697,True,4.079551852647333,2025-07-12T09:15:13.979999542+00:00,0.61,,
62140192,RCM,fail_no_result,303.7506422553996,0.6751929493787193,64.83812768753236,34.42532460292116,1.7103068672884933,6.894743752639993,"(1.0, 5.0)",,,,,,,,,2025-07-12T09:29:13.119999886+00:00,0.04,,
62140232,RCM,ok,307.6930044328809,0.5525359069528252,67.7020378853132,35.42557721089862,1.5619580165819313,7.901409904422456,"(3.0, 5.0)",-24.30699556711909,0.04,24.0,0.02,1.0,0.21482517482517482,True,2.5608882937540742,2025-07-12T11:11:31.819999695+00:00,0.29,,
62140272,RCM,ok,296.7329180006622,0.9531574127538108,39.19626649342961,36.013813974332784,1.7305942400953596,5.431827247409851,"(1.0, 5.0)",18.73291800066221,0.18,15.0,0.01,0.0,0.1898901098901099,True,10.401051605839253,2025-07-12T12:39:06.730000019+00:00,0.57,,
62140277,RCM,ok,298.32556495223974,0.6773989144612608,47.35358321413746,28.94480961103898,1.7414617209393635,6.301144974206584,"(1.0, 5.0)",-29.674435047760255,0.04,24.0,0.03,0.13844097670717648,0.24436363636363637,True,2.2969210014230783,2025-07-12T12:40:09.679999352+00:00,1.14,,
62140292,RCM,ok,297.76048534557725,0.821041500327983,9.804364201164013,28.84920926209303,1.873132584301591,7.0965590205587645,"(1.0, 5.0)",39.76048534557725,0.18,91.0,0.1,0.0,0.23272727272727273,True,9.609570700363108,2025-07-12T12:51:35.860000610+00:00,0.42,,
62140297,RCM,ok,299.35025828400506,0.8538478252406514,9.488785962867802,33.27542162536538,1.837761898766948,7.494425124897285,"(1.0, 5.0)",37.350258284005065,0.06,6.0,0.03,0.07450380342405338,0.20512820512820515,True,3.2648407848838947,2025-07-12T13:38:10.050000191+00:00,0.79,,
62140327,RCM,ok,293.6963228968597,0.6456692817165126,41.804664990168924,36.640028931473054,1.6434808005768227,4.5314891358739136,"(3.0, 5.0)",-26.303677103140274,0.12,9.0,0.03,-0.6700168354462779,0.20512820512820515,True,7.301576018282834,2025-07-12T14:34:30.599998474+00:00,0.42,,
62140377,RCM,ok,304.6995916300074,0.5853391571500777,58.24797191219827,41.29737325654595,1.4486512260323068,3.839123102407166,"(1.0, 5.0)",-49.300408369992624,0.06,7.0,0.01,0.9371460638945291,0.22303030303030305,True,4.141783675863325,2025-07-12T16:21:12.849999428+00:00,0.45,,
62140392,RCM,ok,316.2565876389805,0.6985994289677063,19.431245668021848,34.09694377564567,1.6875882514959921,5.205990642864016,"(3.0, 5.0)",-51.74341236101952,0.08,54.0,0.09,-0.8065501628168872,0.1898901098901099,True,4.740492826320793,2025-07-12T16:31:25.619998932+00:00,0.48,,
62140422,RCM,ok,295.2424043380536,0.7513108896680268,77.86865097701809,35.313580625893096,1.6699567957321557,7.24737356128513,"(3.0, 5.0)",-32.757595661946425,0.14,20.0,0.08,0.25104927686189493,0.24436363636363637,True,8.38345041966311,2025-07-12T17:46:25.100000381+00:00,0.86,,
62140437,RCM,ok,293.1598413579216,0.8249267782091949,73.78879328292088,25.398036345434186,1.8524342482270248,7.216625337999185,"(3.0, 5.0)",31.159841357921607,0.12,19.0,0.02,0.0,0.19692307692307692,True,6.477962719316633,2025-07-12T18:08:32.380001068+00:00,0.14,,
62140577,RCM,ok,299.50199926036913,0.5490875057485213,58.695521708606115,40.36273767610732,1.627500139730725,8.33754121662499,"(1.0, 5.0)",-22.498000739630868,0.02,43.0,0.03,0.30860670283982017,0.23272727272727273,True,1.2288785427268265,2025-07-12T21:55:08.349999428+00:00,1.67,,
62140622,RCM,fail_incidence,306.2938250227752,0.6162828742345469,58.747841465709634,45.28748568502928,1.4921330171962444,7.899868101219951,"(3.0, 5.0)",,,,,,,,,2025-07-12T23:22:12.649999619+00:00,0.47,,
62140627,RCM,fail_incidence,305.5074911859958,0.7332300630413857,84.86296943207707,52.17114586303128,1.4663580549032453,5.1997036882486,"(3.0, 5.0)",,,,,,,,,2025-07-12T23:23:40.229999542+00:00,0.54,,
62140687,RCM,fail_rectilinearity,308.9597438241188,0.47505980318473984,26.42746750306235,39.83185268440487,1.5949883116510413,3.5950596927995346,"(1.0, 5.0)",,,,,,,,,2025-07-13T01:02:00.859999895+00:00,0.59,,
62140722,RCM,fail_incidence,297.4213755248635,0.8308074083305939,82.03656923024005,45.14222581172951,1.6928035181879675,12.741348962084396,"(3.0, 5.0)",,,,,,,,,2025-07-13T02:31:39.610000610+00:00,0.31,,
62140727,RCM,ok,313.4936018094185,0.72234209057893,66.10155148073804,37.31336443620366,1.8608503312422902,7.411190559331796,"(3.0, 5.0)",-30.50639819058148,0.04,20.0,0.03,0.43557086634938813,0.1898901098901099,True,2.149554928111617,2025-07-13T02:29:48.360000610+00:00,0.46,,
62140752,RCM,ok,296.90716436613934,0.7152018473577113,72.10734810344164,39.9432408417205,1.717698834681622,4.309125445202678,"(3.0, 5.0)",-31.09283563386066,0.06,23.0,0.02,0.44466671112889766,0.1980952380952381,True,3.4930453923909823,2025-07-13T03:19:06.129999638+00:00,0.17,,
62140777,RCM,ok,294.47349110570366,0.7679527818424849,70.88354522484292,42.29434869598913,1.6608432289044606,9.376405400282316,"(3.0, 5.0)",-33.52650889429634,0.04,20.0,0.03,0.5269614898353778,0.24436363636363637,True,2.4084151534510054,2025-07-13T05:00:18.340000153+00:00,0.62,,
62140797,RCM,fail_rectilinearity,313.09719020734696,0.4352354179281396,68.02414482756053,49.34676508669992,1.452255214970028,8.275813809005886,"(3.0, 5.0)",,,,,,,,,2025-07-13T05:14:51.699996948+00:00,0.25,,
62140822,RCM,fail_incidence,309.4531693816803,0.7275015187481448,73.90608506341671,56.88656052185031,1.3674081098328743,10.69120196696132,"(3.0, 5.0)",,,,,,,,,2025-07-13T05:40:00.220000029+00:00,0.76,,
62140842,RCM,ok,297.5646686865132,0.7960872441328696,79.20308624712028,44.36802499709584,1.617757841023634,5.677726009566156,"(1.0, 5.0)",-20.435331313486813,0.04,23.0,0.02,0.4107443490112104,0.23272727272727273,True,2.472557943201812,2025-07-13T05:59:34.049999237+00:00,0.11,,
62140902,RCM,ok,295.4723048877392,0.759886626544534,76.2585001378948,35.00569114985102,1.6979400921955425,6.077668220862348,"(1.0, 5.0)",-20.5276951122608,0.04,33.0,0.02,0.9685730319472645,0.23272727272727273,True,2.355795718815821,2025-07-13T08:02:43.770000458+00:00,0.52,,
62140907,RCM,ok,302.86398825007456,0.6591398504159576,12.22297534282756,34.434466902976624,1.7551828809484933,8.150724209724508,"(1.0, 5.0)",-51.136011749925444,0.18,4.0,0.01,-0.7642977396044842,0.22303030303030305,True,10.255341591682388,2025-07-13T08:09:24.279998779+00:00,0.95,,
62140912,RCM,ok,297.34671766552185,0.6087560090167208,15.002901300236987,39.12763444202036,1.6943583122248052,8.880583040751677,"(1.0, 5.0)",-56.65328233447815,0.18,3.0,0.01,0.0,0.24436363636363637,True,10.623490834335273,2025-07-13T08:25:30.539999008+00:00,1.24,,
62140922,RCM,ok,298.4607173790559,0.7361414470012182,72.10265037866797,38.559560552074146,1.6257280022504168,7.510156547584684,"(3.0, 5.0)",-5.539282620944107,0.06,35.0,0.01,0.8114381916835873,0.19692307692307692,True,3.69065427408182,2025-07-13T08:35:30.389999390+00:00,0.48,,
62140932,RCM,ok,301.2385776034469,0.7568009669514865,76.1434019492485,34.47308163739361,1.7321444204087353,7.018886327927294,"(3.0, 5.0)",-32.76142239655309,0.04,9.0,0.01,0.5055243455542971,0.1898901098901099,True,2.3092762663843684,2025-07-13T08:51:11.569999695+00:00,0.1,,
62140967,RCM,ok,301.28969655823556,0.8839718300905737,19.836262164030476,35.462895869462606,1.7954626903846653,5.574472611141281,"(1.0, 5.0)",39.28969655823556,0.08,8.0,0.04,0.0,0.23272727272727273,True,4.455675989728339,2025-07-13T10:30:50.299999237+00:00,1.0,,
62140987,RCM,ok,295.90443859010253,0.7590889622007426,74.42723173530075,39.17580325543806,1.6768061819536735,9.653275554398553,"(3.0, 5.0)",-26.09556140989747,0.04,20.0,0.01,0.7485842555781164,0.20512820512820515,True,2.3854873884944396,2025-07-13T11:12:49.709999084+00:00,0.39,,
62141022,RCM,ok,293.7660370511833,0.7656742952386129,73.36804983917155,29.38358556230483,1.7408355836637592,5.223355773669581,"(3.0, 5.0)",-6.233962948816725,0.04,40.0,0.02,0.9057190958417937,0.21482517482517482,True,2.297747149435909,2025-07-13T12:00:49.529998779+00:00,0.67,,
62141032,RCM,ok,310.8596469779704,0.6726321361042069,34.20537151197441,44.307131299462604,1.451650968503546,3.6632251474726134,"(1.0, 5.0)",-43.140353022029615,0.06,9.0,0.02,0.9371460638945291,0.21942857142857142,True,4.133224948821672,2025-07-13T12:08:24.959999084+00:00,0.4,,
62141077,RCM,ok,296.3589282867509,0.7045058347298672,80.70596382935119,37.651940967543474,1.6002301347473975,13.909890473349012,"(3.0, 5.0)",-31.64107171324912,0.06,4.0,0.01,-0.9842865159736324,0.18285714285714286,True,3.749460699255687,2025-07-13T14:22:22.789999008+00:00,0.82,,
62141082,RCM,fail_no_result,297.1827740802568,0.7910050131579565,88.85648252173162,37.405941109791065,1.6782171117605453,15.896425549818915,"(3.0, 5.0)",,,,,,,,,2025-07-13T14:43:13.289999962+00:00,0.77,,
62141157,RCM,ok,292.5337485279129,0.7439980716332784,74.97189449624406,35.908347633819496,1.6596522973586485,4.911666941691427,"(3.0, 5.0)",-5.4662514720870945,0.04,59.0,0.04,1.0,0.1980952380952381,True,2.4101433814576922,2025-07-13T18:18:09.649999619+00:00,0.56,,
62141282,RCM,fail_rectilinearity,300.87390222702714,0.48878070045941124,28.635653334863765,38.97574543876745,1.7607292439657969,7.4023888955888815,"(1.0, 5.0)",,,,,,,,,2025-07-13T22:25:10.130000114+00:00,0.54,,
62141292,RCM,ok,295.8052767792906,0.6797472810537578,76.904094653603,44.758143303258244,1.6574451157919563,5.3245941246147055,"(3.0, 5.0)",-18.19472322070942,0.04,91.0,0.1,0.0,0.18379487179487178,True,2.413352914005077,2025-07-13T22:27:03.349999905+00:00,0.81,,
62141327,RCM,ok,313.318127130918,0.6747753297127954,85.58672276053198,44.435473448475975,1.840388956474742,9.04666378087678,"(3.0, 5.0)",-10.681872869081985,0.08,16.0,0.03,-0.8065501628168872,0.1898901098901099,True,4.346907196902534,2025-07-13T23:05:39.610000610+00:00,0.26,,
62141372,RCM,fail_incidence,305.1381315894571,0.5979859378537165,86.86920384518568,48.03007414865508,1.4378817528203285,12.475666001134986,"(1.0, 5.0)",,,,,,,,,2025-07-14T01:05:01.839999914+00:00,0.36,,
62141417,RCM,ok,296.6084066017357,0.7374250229560576,78.06564635565057,44.43925439542627,1.6625418202895048,4.080144931883669,"(3.0, 5.0)",-29.39159339826432,0.04,26.0,0.02,0.7485842555781164,0.20512820512820515,True,2.405954515660523,2025-07-14T02:29:50.149997711+00:00,0.26,,
62141422,RCM,fail_incidence,299.0383629591399,0.6721384605451972,75.61935382734251,52.467812821076315,1.6942289206077086,8.789695974632755,"(1.0, 5.0)",,,,,,,,,2025-07-14T02:30:29.439998627+00:00,0.39,,
62141447,RCM,ok,314.44365508439137,0.5326772610721218,69.9222971780242,43.98629395030156,1.5815860161389923,7.857016852821243,"(3.0, 5.0)",-23.556344915608634,0.04,27.0,0.03,1.0,0.21482517482517482,True,2.5291068327506467,2025-07-14T03:06:25.289999008+00:00,0.32,,
62141452,RCM,fail_incidence,297.9536839605277,0.8024628840241996,82.03684200683632,49.68359038171097,1.6221422589825796,4.117185062283393,"(3.0, 5.0)",,,,,,,,,2025-07-14T03:09:49.219997406+00:00,0.3,,
62141477,RCM,fail_incidence,294.7188064859537,0.719799998039854,68.79686521511447,46.19678356866699,1.6499576304406,4.535119090653215,"(3.0, 5.0)",,,,,,,,,2025-07-14T04:01:32.290000916+00:00,0.4,,
62141487,RCM,ok,295.39774948044357,0.7208223248448237,74.22846910615874,40.21187932362427,1.6777057647617122,6.334803141661311,"(1.0, 5.0)",-14.602250519556435,0.02,91.0,0.1,0.9371460638945291,0.19692307692307692,True,1.1921041472275467,2025-07-14T04:09:39.209999084+00:00,0.44,,
62141502,RCM,fail_incidence,301.54154180966157,0.6929517049989498,43.66072409783469,49.82644546292486,1.5538140234949556,5.448609428432437,"(1.0, 5.0)",,,,,,,,,2025-07-14T04:19:25.599998474+00:00,0.5,,
62141517,RCM,ok,292.30362426668876,0.7340431565531669,70.80386431417088,31.705471623952654,1.7579863452265976,6.055547767346032,"(3.0, 5.0)",-27.696375733311243,0.06,52.0,0.04,0.5815962136941616,0.21482517482517482,True,3.4129957927668793,2025-07-14T04:37:47.919998169+00:00,0.28,,
62141562,RCM,fail_incidence,299.97149687998836,0.7253207476748967,75.55497865338522,48.52392604709606,1.6315782973597996,6.974627341211043,"(1.0, 5.0)",,,,,,,,,2025-07-14T05:51:11.210000038+00:00,0.29,,
62141587,RCM,fail_incidence,296.9475244059069,0.5694671731595478,40.693590688968094,51.03194686734507,1.5361102158579343,9.266544345779636,"(1.0, 5.0)",,,,,,,,,2025-07-14T06:14:08.949999809+00:00,0.52,,
62141592,RCM,fail_incidence,302.85459537348817,0.7201230330418832,68.03939990813481,52.092941754001096,1.4379970935965105,4.58506795195621,"(3.0, 5.0)",,,,,,,,,2025-07-14T06:17:58.079998016+00:00,0.73,,
62141597,RCM,ok,293.9172092872977,0.7733491350632141,76.77993553161842,41.20485114944772,1.6456396979272634,4.891444331242251,"(1.0, 5.0)",-34.08279071270232,0.04,91.0,0.1,0.43557086634938813,0.19692307692307692,True,2.4306657192568517,2025-07-14T06:23:41.750000+00:00,0.22,,
62141657,RCM,ok,291.22891960480814,0.7212407675874881,73.51859146487318,34.41271959584758,1.7076578258541844,6.182972992216293,"(1.0, 5.0)",-50.77108039519186,0.1,91.0,0.1,0.057190958417936644,0.19692307692307692,True,5.855974100079399,2025-07-14T08:32:23.180000305+00:00,0.33,,
62141667,RCM,ok,298.5863660683113,0.7521105231696209,76.83326777123338,30.356944183512397,1.7857013394575,5.180745144690917,"(3.0, 5.0)",-35.41363393168871,0.06,48.0,0.07,0.32871966813363496,0.22303030303030305,True,3.3600243598533743,2025-07-14T08:56:02.890000105+00:00,0.35,,
62141677,RCM,ok,299.2112121174524,0.7521061724592483,70.10708989851943,37.71314661715304,1.6804768464622954,10.43671136239934,"(3.0, 5.0)",-36.78878788254758,0.04,14.0,0.02,0.4830645860243059,0.19692307692307692,True,2.3802767699065397,2025-07-14T09:02:23.479999542+00:00,0.43,,
62141717,RCM,ok,290.50567572121327,0.7808013996011213,80.33492615622889,31.50638040896834,1.6887945703172074,11.556072122080023,"(3.0, 5.0)",46.505675721213265,0.12,91.0,0.1,0.0,0.20512820512820515,True,7.105659984296392,2025-07-14T09:50:52.590000153+00:00,0.54,,
62141727,RCM,ok,293.297535738402,0.6942308849700862,66.91237748949428,33.59689470644566,1.7029364063832255,3.928408377780854,"(3.0, 5.0)",-8.702464261597981,0.06,90.0,0.09,0.0,0.22646153846153846,True,3.5233259313206386,2025-07-14T10:08:08.449999809+00:00,0.22,,
62141787,RCM,ok,301.4931458454517,0.7551564815014346,79.48369642241494,40.53704098328163,1.6480120210835123,11.049518541850102,"(1.0, 5.0)",-36.50685415454831,0.04,14.0,0.01,0.7171572875253809,0.1980952380952381,True,2.427166761423339,2025-07-14T12:34:13.750000+00:00,0.5,,
62141802,RCM,ok,292.38786309598,0.7713212245361245,73.95346700015894,39.145935683617935,1.6091025559951095,5.908980312115172,"(3.0, 5.0)",-31.61213690402002,0.04,53.0,0.09,0.599306157327623,0.1898901098901099,True,2.4858577131066077,2025-07-14T12:40:24.199998856+00:00,0.11,,
62141807,RCM,ok,294.0144737106067,0.6956540514607046,67.60259429728161,35.92746945182303,1.7083612509357298,5.7851683021640845,"(3.0, 5.0)",-7.985526289393306,0.06,67.0,0.08,0.7800112236308518,0.21942857142857142,True,3.5121377265573,2025-07-14T12:59:17.489999771+00:00,0.43,,
62141817,RCM,fail_no_result,317.44229507836917,0.7500070644376988,87.77378912484654,36.30695444228458,1.5245366477446436,8.188707806730335,"(3.0, 5.0)",,,,,,,,,2025-07-14T13:25:30.760000229+00:00,1.09,,
62141822,RCM,ok,294.0804968924862,0.7796830316778184,77.71334701695955,27.0409665900142,1.7886504120774986,8.658376710113131,"(3.0, 5.0)",46.080496892486224,0.12,91.0,0.1,0.0,0.20512820512820515,True,6.708968906932531,2025-07-14T13:29:43.950000763+00:00,0.72,,
62141827,RCM,ok,297.1048725744522,0.7098156270832308,69.21475994233913,35.94791791857037,1.6740418402383201,6.303228384357688,"(1.0, 5.0)",-26.8951274255478,0.04,44.0,0.05,0.43557086634938813,0.22303030303030305,True,2.3894265387241167,2025-07-14T13:32:29.920000076+00:00,0.66,,
62141832,RCM,fail_no_result,296.8789098554149,0.7228742136940409,79.30703771515432,31.166602953211093,1.7560277806529259,5.837748091082227,"(3.0, 5.0)",,,,,,,,,2025-07-14T13:54:38.479999542+00:00,0.47,,
62141852,RCM,ok,296.4756528304112,0.7150910774221095,67.11208029869003,32.30036520043229,1.6757205578367782,8.194265882845619,"(1.0, 5.0)",-31.524347169588793,0.04,42.0,0.04,0.43557086634938813,0.24436363636363637,True,2.38703283867549,2025-07-14T14:20:17.600000381+00:00,0.59,,
62141857,RCM,ok,295.7871689789855,0.7460770442322133,75.48349898827112,32.568196715172725,1.6774218095922735,7.410282934313573,"(3.0, 5.0)",-38.212831021014495,0.04,91.0,0.1,0.0,0.22303030303030305,True,2.3846118949486352,2025-07-14T14:40:57.409999847+00:00,0.72,,
62141862,RCM,ok,295.4655369699896,0.7446323665281531,75.61713516092145,36.01310640209004,1.6654197573856857,9.07065490662734,"(3.0, 5.0)",81.46553696998961,0.12,53.0,0.09,0.0,0.1767619047619048,True,7.20539068110802,2025-07-14T14:48:29.689998627+00:00,0.86,,
62141867,RCM,fail_no_result,296.48405618338705,0.6550079337310428,71.07825925238973,29.077738741396878,1.7215874326292886,10.132129844635198,"(1.0, 5.0)",,,,,,,,,2025-07-14T15:27:50+00:00,0.88,,
62141872,RCM,ok,297.13990873500074,0.7528079995240069,71.85762830694823,31.192832076331825,1.719458271884089,7.2377363956313765,"(3.0, 5.0)",-38.860091264999255,0.06,28.0,0.04,0.2875013536941602,0.19692307692307692,True,3.489471130593664,2025-07-14T15:34:22.229999542+00:00,1.18,,
62141882,RCM,ok,298.0639772018918,0.6054281302165297,83.55679818617432,36.74229126767386,1.7328602994954456,5.640854523712347,"(1.0, 5.0)",-19.936022798108183,0.04,34.0,0.02,0.9057190958417937,0.1898901098901099,True,2.3083222583867116,2025-07-14T15:45:24.389999390+00:00,0.55,,
62141892,RCM,fail_rectilinearity,308.33826532409637,0.4770087531670054,60.32822223319942,37.68293466024639,1.5541559535495257,7.696768992927375,"(1.0, 5.0)",,,,,,,,,2025-07-14T16:06:57.239998102+00:00,0.46,,
62141942,RCM,ok,292.6752940909998,0.7301111709828114,68.42857527434444,40.742493823290495,1.6517041430872759,5.899620560201905,"(3.0, 5.0)",-35.324705909000215,0.06,37.0,0.08,0.8428651597363228,0.21482517482517482,True,3.632611824043212,2025-07-14T17:44:37.529998779+00:00,0.57,,
62142002,RCM,fail_incidence,332.2477777484077,0.7168070273213535,81.1271780086985,79.21744224995193,1.6722475805882309,8.164452795616366,"(3.0, 5.0)",,,,,,,,,2025-07-14T19:18:28.260000229+00:00,0.49,,
62142007,RCM,ok,292.48381333860897,0.6841653864535229,84.92129293933729,31.615787379703303,1.7147421052214773,6.729851533294209,"(1.0, 5.0)",-37.51618666139103,0.04,91.0,0.1,0.4830645860243059,0.18285714285714286,True,2.332712299896174,2025-07-14T19:18:50.279998779+00:00,0.54,,
62142022,RCM,ok,298.3195852244261,0.745842629945041,74.84556728878069,34.3566887401119,1.7446904705863608,7.801003150410098,"(3.0, 5.0)",-31.680414775573922,0.04,52.0,0.08,0.6131003256337745,0.19692307692307692,True,2.292670285896425,2025-07-14T19:30:34.139999390+00:00,0.27,,
62142037,RCM,ok,291.8221745371642,0.8248549684959563,89.70462306086449,32.50458208380009,1.7832142133182782,5.562897717791396,"(3.0, 5.0)",-20.177825462835813,0.04,17.0,0.02,0.3593502526610721,0.1898901098901099,True,2.243140487623546,2025-07-14T19:40:14.589999199+00:00,0.29,,
62142102,RCM,fail_no_result,293.82068518767653,0.7739614597915078,77.79264559256029,38.18160895125816,1.6794070834067794,10.005556179511984,"(1.0, 5.0)",,,,,,,,,2025-07-14T20:27:55.889999390+00:00,0.88,,
62142262,RCM,ok,297.5646686865132,0.6137145263175892,63.36321568270941,43.51276627342115,1.63394167933871,10.152441880397063,"(1.0, 5.0)",3.564668686513187,0.02,48.0,0.07,0.8428651597363228,0.22303030303030305,True,1.2240338962461876,2025-07-14T22:03:59.869998932+00:00,0.41,,
62142547,RCM,ok,294.6989496788914,0.8251554050760543,79.76379220967956,35.709073887881445,1.6673517523972883,8.088445970876537,"(3.0, 5.0)",-35.30105032110862,0.04,46.0,0.04,0.5472307430931291,0.19692307692307692,True,2.399013881893171,2025-07-15T01:04:33.739998102+00:00,0.86,,
62142622,RCM,fail_incidence,306.46348175124916,0.6262948082186754,84.75719182214715,55.55015054395884,1.3699190301979056,6.642877338248902,"(1.0, 5.0)",,,,,,,,,2025-07-15T01:41:26.189998627+00:00,0.53,,
62142747,RCM,ok,294.86657452209886,0.7449408085040763,73.05144037673337,43.69194258778427,1.6171828338722711,8.174427377288051,"(1.0, 5.0)",-33.13342547790114,0.04,51.0,0.05,0.38531348951450095,0.20512820512820515,True,2.473437088385474,2025-07-15T03:05:44.149997711+00:00,0.65,,
62142762,RCM,ok,294.93897592701614,0.7368757894905651,83.73429916210198,39.352744135411186,1.6439758250401315,4.0484526800344804,"(10.0, 45.0)",-83.06102407298386,0.12,68.0,0.08,0.8276881953414353,0.04795518207282913,True,7.299377410070532,2025-07-15T03:17:24.529998779+00:00,0.2,,
62142802,RCM,ok,295.4915275929422,0.7875261381672448,77.36307570725687,44.44830179760942,1.6135665259633256,8.926757830698218,"(3.0, 5.0)",-28.50847240705781,0.04,14.0,0.01,0.9685730319472645,0.1980952380952381,True,2.478980528932288,2025-07-15T03:27:57.199996948+00:00,1.37,,
62142827,RCM,fail_incidence,296.0100297635787,0.6731256114947517,88.51836476610946,54.44754747068368,1.502743929824062,7.332394097788169,"(1.0, 5.0)",,,,,,,,,2025-07-15T03:41:03.529999970+00:00,0.6,,
62142842,RCM,fail_incidence,295.05529255456554,0.5872115080740297,59.829334806956865,47.573516986101154,1.561641988602507,5.888490803108102,"(3.0, 5.0)",,,,,,,,,2025-07-15T03:42:43.169998169+00:00,0.21,,
62142867,RCM,ok,294.76719689601634,0.5817011376198742,20.714058182931836,42.51374890695613,1.6443532716204563,6.874439026672321,"(1.0, 5.0)",-31.232803103983656,0.04,49.0,0.05,0.43557086634938813,0.22303030303030305,True,2.432567301099557,2025-07-15T03:57:25.829999924+00:00,0.44,,
62142872,RCM,fail_incidence,291.43116674965376,0.7468525984552687,78.92387128203147,53.81025811075325,1.4495287994364066,8.620140744758832,"(1.0, 5.0)",,,,,,,,,2025-07-15T04:01:32.919998169+00:00,0.75,,
62142887,RCM,ok,295.1471326315623,0.6840191286300819,9.768636377477453,36.75055240733844,1.655119868314478,9.801097673840907,"(3.0, 5.0)",-40.85286736843773,0.16,91.0,0.1,-0.8585786437626906,0.23272727272727273,True,9.666973556600404,2025-07-15T04:27:03.359999895+00:00,0.42,,
62142907,RCM,fail_no_result,292.5805478754912,0.8230449744499271,75.28313200516844,29.242479901324497,1.755904999921133,5.799103686749459,"(3.0, 5.0)",,,,,,,,,2025-07-15T04:54:54.879997253+00:00,0.5,,
62142912,RCM,ok,297.2754830487349,0.7804518199503494,70.11898934178805,42.40778940716467,1.6275479256455099,11.729665763862256,"(3.0, 5.0)",-38.724516951265116,0.04,53.0,0.09,0.5835926733012553,0.19692307692307692,True,2.4576849240329066,2025-07-15T05:04:16.590000153+00:00,0.65,,
62142922,RCM,fail_incidence,296.7116058331467,0.7630740320461957,69.28084375483992,46.38442614617907,1.6234839747528882,7.112154127012012,"(3.0, 5.0)",,,,,,,,,2025-07-15T05:15:44.549999237+00:00,0.63,,
62142932,RCM,ok,295.2809006572502,0.768909619629643,73.4394011346911,37.90053939398324,1.6969291296816782,8.868282748840237,"(1.0, 5.0)",-46.719099342749814,0.1,91.0,0.1,0.0,0.18285714285714286,True,5.892998019237179,2025-07-15T05:33:59.389999390+00:00,0.13,,
62142942,RCM,fail_incidence,300.43047248995566,0.7531168889149578,5.188330026148283,53.2897118443578,1.588772726923051,11.207401637196696,"(2.0, 8.0)",,,,,,,,,2025-07-15T06:09:34.809997559+00:00,0.67,,
62142947,RCM,ok,315.59207312938037,0.8295189844083903,12.289480891742109,38.73542371671768,1.6880417234513283,4.25117189550541,"(1.0, 20.0)",29.592073129380367,0.08,62.0,0.07,0.7800112236308518,0.05335649153278332,True,4.739219350362619,2025-07-15T06:07:29.599998474+00:00,0.25,,
62142967,RCM,ok,296.00710492356677,0.7264217084703652,63.06477765646851,44.27607216601979,1.6354215869595201,7.278891388797209,"(1.0, 5.0)",-33.99289507643323,0.04,49.0,0.09,-0.8585786437626906,0.23272727272727273,True,2.4458525140520897,2025-07-15T06:39:58.049999237+00:00,0.35,,
62142992,RCM,ok,310.5525943607204,0.5810927557897126,86.37774260337568,36.97534639260863,1.5630321183804383,16.329321661959966,"(1.0, 5.0)",-43.44740563927962,0.08,11.0,0.03,0.025882799152148084,0.20512820512820515,True,5.118256948097351,2025-07-15T07:57:43.319999695+00:00,0.5,,
62143002,RCM,ok,296.00902139520093,0.7556472378357716,75.73402102801606,34.895130329120455,1.7267223942547232,8.85622334930329,"(3.0, 5.0)",-31.990978604799068,0.04,23.0,0.04,0.5661683776587858,0.1898901098901099,True,2.3165275514518675,2025-07-15T08:21:16.159999847+00:00,0.69,,
62143012,RCM,ok,310.7407826666442,0.7891257408366765,14.852625818619517,39.39311866967485,1.535679978774689,14.740644205421965,"(1.0, 5.0)",-37.25921733335582,0.06,12.0,0.03,0.18896499596023741,0.20512820512820515,True,3.907064025662019,2025-07-15T08:39:02.009999990+00:00,0.85,,
62143017,RCM,ok,295.366839474202,0.7386018570749329,71.89197422621814,35.56380658311245,1.693927402495615,6.608687559814173,"(3.0, 5.0)",-36.63316052579802,0.06,22.0,0.04,0.5552778645291223,0.19692307692307692,True,3.542064430364826,2025-07-15T08:39:26.569999695+00:00,1.07,,
62143022,RCM,ok,292.9840170707262,0.740513524717344,73.38852118046199,38.579634276806864,1.7150612573568322,6.0234533931027165,"(3.0, 5.0)",-27.015982929273775,0.04,13.0,0.01,0.8742921277890582,0.20779220779220778,True,2.332278210379845,2025-07-15T09:25:53.889999390+00:00,0.39,,
62143057,RCM,ok,295.48529266188893,0.7811011496061884,76.93292608323941,38.178367123900316,1.6801450708715189,9.66702844541058,"(1.0, 5.0)",-52.514707338111066,0.12,91.0,0.1,0.0,0.19692307692307692,True,7.142240398190975,2025-07-15T10:31:33.709999084+00:00,0.33,,
62143072,RCM,ok,300.38158091414635,0.7651288443943312,73.31375008044044,34.577833559738686,1.705441555718917,8.809289569809094,"(1.0, 5.0)",-23.618419085853645,0.02,91.0,0.1,0.21432579868161383,0.21333333333333335,True,1.1727168212204808,2025-07-15T11:45:27.010000229+00:00,0.69,,
62143092,RCM,ok,294.73402729084927,0.8178452899383071,75.94245795744354,35.52419109378807,1.702295090688406,11.068049423011935,"(3.0, 5.0)",-35.26597270915073,0.14,8.0,0.02,-0.7328707715517487,0.1898901098901099,True,8.224191021039964,2025-07-15T12:23:32.090000153+00:00,0.75,,
62143097,RCM,fail_no_result,293.69387655810357,0.7420892851392402,81.06957808107407,31.327788176856814,1.7744751493613753,6.874720130919184,"(3.0, 5.0)",,,,,,,,,2025-07-15T12:23:45.079998016+00:00,0.39,,
62143132,RCM,ok,296.86550375440333,0.7464059126257745,74.47728882340236,33.597695096750776,1.7281650695547928,8.374027412611419,"(3.0, 5.0)",-49.134496245596665,0.06,27.0,0.04,0.31075278136574125,0.19692307692307692,True,3.4718905651447467,2025-07-15T13:26:02.609999895+00:00,0.46,,
62143147,RCM,ok,321.2155698690491,0.6662179187975226,32.43171154430372,40.07676101496801,1.6559236532004882,5.408233762659545,"(1.0, 5.0)",-18.78443013095091,0.06,12.0,0.01,0.8428651597363228,0.18285714285714286,True,3.623355453860142,2025-07-15T14:04:29.649999619+00:00,0.83,,
62143162,RCM,ok,323.91711842349054,0.7255933619659807,28.855514112376447,40.230463932117374,1.6283071372846234,5.707063260678563,"(1.0, 5.0)",-30.082881576509465,0.06,12.0,0.01,-0.5078392313255533,0.21482517482517482,True,3.6848085122353775,2025-07-15T14:45:25.139999390+00:00,2.32,,
62143172,RCM,ok,326.3328344546243,0.6927315437650473,46.49575864477243,39.885685943044244,1.6851947446195945,4.883432850886742,"(1.0, 5.0)",-9.667165545375724,0.06,13.0,0.01,0.9371460638945291,0.1898901098901099,True,3.560419363492854,2025-07-15T14:47:17.690000296+00:00,1.3,,
62143177,RCM,fail_rectilinearity,332.9313593925947,0.4015174647138524,69.24463335936872,45.92578920242379,1.7391091446566531,6.307962589929227,"(3.0, 5.0)",,,,,,,,,2025-07-15T14:51:26.109998703+00:00,0.38,,
62143187,RCM,ok,326.54839712040973,0.6594557676939047,42.67030099123433,39.62776170715893,1.6866355443206809,6.067964513099307,"(1.0, 5.0)",-23.45160287959027,0.06,10.0,0.01,0.9371460638945291,0.1767619047619048,True,3.5573778936436407,2025-07-15T15:18:33.899997711+00:00,1.08,,
62143207,RCM,fail_no_result,300.67423608633027,0.7951131890998682,10.419891128879543,30.72029540972649,1.8320071759073215,8.151348385352271,"(1.0, 5.0)",,,,,,,,,2025-07-15T15:31:22.309999704+00:00,1.25,,
62143227,RCM,fail_incidence,325.6978324541904,0.6988526958323562,51.493657873349676,47.30803942595319,1.555767280103321,4.144600024404293,"(3.0, 5.0)",,,,,,,,,2025-07-15T15:41:58.520000458+00:00,0.84,,
62143232,RCM,fail_incidence,329.8597493842565,0.6300313100356374,60.40594129448404,45.71872792524672,1.640610034009564,5.164420359718963,"(3.0, 5.0)",,,,,,,,,2025-07-15T15:43:03.539999962+00:00,0.51,,
62143257,RCM,ok,290.5855729631819,0.6960577987292726,79.85811186136199,29.729769189243346,1.7398029486239501,8.693333151103658,"(1.0, 5.0)",-53.4144270368181,0.12,91.0,0.1,-0.8585786437626906,0.20512820512820515,True,6.8973328327159535,2025-07-15T15:57:59.729999542+00:00,0.38,,
62143312,RCM,ok,294.61406120781277,0.6870521639173532,73.41965952846695,30.51218018982652,1.7699608693091105,9.685247709693257,"(3.0, 5.0)",-33.38593879218723,0.04,17.0,0.04,0.5661683776587858,0.18285714285714286,True,2.25993696773724,2025-07-15T16:42:59.349998474+00:00,0.63,,
62143322,RCM,ok,299.1845149532388,0.7131728063514173,63.16350518351209,34.81206432490612,1.6963674073804327,10.83862006910169,"(3.0, 5.0)",-28.815485046761182,0.04,38.0,0.03,0.9685730319472645,0.23272727272727273,True,2.3579797528513513,2025-07-15T16:54:43.469997406+00:00,0.74,,
62143487,RCM,fail_incidence,332.7815560976544,0.5128890620727757,83.83763367426965,52.20489369244611,1.7113543414263939,9.13885055413521,"(3.0, 5.0)",,,,,,,,,2025-07-15T20:22:12.929999352+00:00,0.45,,
62143497,RCM,ok,307.74774818120153,0.6768557178291703,7.714113753983492,41.94152423825883,1.5432460764215343,7.350312660915472,"(1.0, 5.0)",-54.25225181879847,0.06,21.0,0.02,0.9685730319472645,0.21482517482517482,True,3.8879087992970947,2025-07-15T20:27:27.239999771+00:00,0.53,,
62143587,RCM,ok,308.3953335727456,0.5545899878612756,9.77615425983162,39.464179932018425,1.5043872082227991,4.265944977349876,"(1.0, 5.0)",-53.604666427254415,0.06,18.0,0.02,0.0,0.21482517482517482,True,3.988334896231983,2025-07-15T21:39:26.629999161+00:00,0.72,,
62143597,RCM,ok,293.8291220141174,0.6408037296392626,63.11598124150771,34.167139623368655,1.690461215274071,6.954274498930755,"(1.0, 5.0)",-30.170877985882612,0.04,53.0,0.09,0.4597097259371463,0.22303030303030305,True,2.366218144408293,2025-07-15T21:41:17.319999695+00:00,1.39,,
62143622,RCM,ok,292.9025908935534,0.6734884754304742,52.54586047509693,38.5247807664196,1.6753052877918049,6.978477924351797,"(1.0, 5.0)",-49.097409106446605,0.1,91.0,0.1,0.0821388254194052,0.19692307692307692,True,5.969061324447232,2025-07-15T22:12:20.100000381+00:00,1.12,,
62143632,RCM,ok,299.5891811855011,0.7243764627441985,7.781958349994954,32.24516017156365,1.7780799810510262,9.172598684397698,"(1.0, 5.0)",-56.410818814498896,0.16,5.0,0.02,-0.8271516757099551,0.19692307692307692,True,8.998470355952364,2025-07-15T22:17:32.209999084+00:00,2.03,,
62143692,RCM,ok,296.7440304131742,0.7518374752716702,68.94931647473696,42.59816187893375,1.628517601714813,5.219931972004751,"(1.0, 5.0)",-17.255969586825813,0.02,52.0,0.09,0.4343145750507619,0.24436363636363637,True,1.2281107664381519,2025-07-15T22:52:56.180000305+00:00,0.91,,
62143807,RCM,fail_incidence,334.3706793244332,0.7302746774917941,83.91834176513366,77.53129629746485,1.5978598628382248,7.712181413697676,"(1.0, 5.0)",,,,,,,,,2025-07-16T00:36:49.789997101+00:00,0.63,,
62143902,RCM,ok,299.12082931762905,0.6841442896801718,67.89615048743025,38.21755811648054,1.7071377180710274,7.711554109474614,"(1.0, 5.0)",-48.879170682370955,0.1,91.0,0.1,0.0821388254194052,0.19692307692307692,True,5.8577582195884315,2025-07-16T01:34:32.459999084+00:00,0.63,,
62143937,RCM,fail_incidence,301.4720985556313,0.6421775382785371,57.29325023076485,50.53190079550219,1.6650229092223492,3.2996882341568714,"(1.0, 5.0)",,,,,,,,,2025-07-16T01:50:08.519999503+00:00,0.7,,
62143942,RCM,ok,300.72923428820576,0.5793348935648723,64.92825401953557,40.27242351904564,1.6917668687232232,6.969304680982878,"(1.0, 5.0)",-55.27076571179424,0.1,6.0,0.03,-0.9528595479208969,0.20512820512820515,True,5.910979925707496,2025-07-16T01:52:54.579998016+00:00,1.03,,
62143947,RCM,fail_incidence,328.24923326908555,0.7514522983187193,71.0328035439872,65.05046727230489,1.7269268038376608,12.946761241647286,"(3.0, 5.0)",,,,,,,,,2025-07-16T01:54:36.329998016+00:00,0.51,,
62143952,RCM,ok,307.4620598780608,0.6126873076750845,72.30875332191262,41.64290714989133,1.5119060258792991,8.105447191131352,"(3.0, 5.0)",-46.53794012193919,0.06,16.0,0.02,0.5552778645291223,0.21482517482517482,True,3.9685006192831995,2025-07-16T01:56:15.539999962+00:00,0.43,,
62143972,RCM,fail_incidence,294.89542828222005,0.7303574026775173,75.76684581852344,45.69192560609052,1.6261320367006902,4.377767621311849,"(3.0, 5.0)",,,,,,,,,2025-07-16T02:18:49.099998474+00:00,0.24,,
62143982,RCM,ok,299.52494686684196,0.8479663444870936,10.554284028003835,41.45168529764604,1.7359245821253988,5.873524286768769,"(1.0, 5.0)",-54.47505313315804,0.18,47.0,0.02,0.0,0.21333333333333335,True,10.369114064829645,2025-07-16T02:28:39.899997711+00:00,0.74,,
62143987,RCM,fail_no_result,291.08547693821964,0.7453054621737202,80.69266566239419,40.07193943153069,1.676604089343672,6.259547987644914,"(3.0, 5.0)",,,,,,,,,2025-07-16T02:33:38.709999084+00:00,0.33,,
62143992,RCM,ok,297.520946036232,0.7999269422285578,86.94437961724526,40.304068842298705,1.7014092923047126,5.5883374122739,"(3.0, 5.0)",-12.479053963768024,0.04,41.0,0.02,1.0,0.20512820512820515,True,2.350992214566807,2025-07-16T02:44:29.429998398+00:00,0.32,,
62144017,RCM,ok,298.5127918674645,0.7371702841445897,84.34694182372678,39.01639628346976,1.680247408544786,9.349023915190745,"(3.0, 5.0)",-29.4872081325355,0.04,14.0,0.02,0.4830645860243059,0.1898901098901099,True,2.380601796889117,2025-07-16T03:01:01.839999914+00:00,0.31,,
62144067,RCM,ok,294.28130052643246,0.8003476416021423,76.68616213275206,39.91566979859823,1.6696379412797413,5.385179395667072,"(3.0, 5.0)",-43.71869947356754,0.06,24.0,0.04,0.31075278136574125,0.1898901098901099,True,3.5935934681749804,2025-07-16T04:04:11.259999274+00:00,0.56,,
62144087,RCM,ok,296.83982339326786,0.7601686552237249,70.05867793155811,42.99120983794691,1.6371823311686726,8.435144714616394,"(1.0, 5.0)",-37.160176606732136,0.04,91.0,0.1,0.33291679679368325,0.19692307692307692,True,2.4432220674802134,2025-07-16T04:21:34.270000458+00:00,0.6,,
62144102,RCM,ok,298.12381650403603,0.7490029285027542,73.3984562956712,37.73210144866925,1.6885877953258634,8.260561912481542,"(3.0, 5.0)",-29.87618349596397,0.04,48.0,0.04,0.5661683776587858,0.19692307692307692,True,2.368843367855848,2025-07-16T04:59:32.299999237+00:00,0.85,,
62144107,RCM,ok,293.85931902186405,0.7495386384921381,71.63241700549928,41.30080351164912,1.6012562778872377,7.806384700940395,"(3.0, 5.0)",-38.14068097813595,0.06,37.0,0.04,0.6775862638100687,0.21482517482517482,True,3.7470579087543956,2025-07-16T05:00:47.809997559+00:00,1.17,,
62144112,RCM,ok,303.4598831232927,0.8588592559487968,41.79564168227268,41.53413376615635,1.7679180256002578,10.607545758789099,"(1.0, 5.0)",-44.540116876707316,0.04,11.0,0.01,0.9685730319472645,0.19692307692307692,True,2.2625483433497364,2025-07-16T05:13:56.309997559+00:00,0.05,,
62144122,RCM,fail_no_result,302.2095867114345,0.7603286542841987,53.2392735155247,43.754868561032,1.7224245265570544,6.655719828660931,"(3.0, 5.0)",,,,,,,,,2025-07-16T06:35:31.659999847+00:00,0.53,,
62144127,RCM,ok,302.3532979805217,0.9312687268472379,42.53268345107461,39.879452263875216,1.8156760430542012,11.317422108543548,"(1.0, 5.0)",-47.64670201947831,0.04,8.0,0.01,0.9371460638945291,0.21482517482517482,True,2.2030361722851644,2025-07-16T06:37:55.959999084+00:00,0.47,,
62144152,RCM,fail_incidence,303.4302360545076,0.7782099331033288,83.15987146034037,45.16842581750521,1.4525415104118213,6.253389266592478,"(3.0, 5.0)",,,,,,,,,2025-07-16T07:39:48.340000153+00:00,0.56,,
62144177,RCM,ok,296.9617484379823,0.7789570586066862,84.56478204280515,42.26833823416085,1.6245151110464755,8.087107699016705,"(3.0, 5.0)",-77.0382515620177,0.04,28.0,0.03,0.5055243455542971,0.22755555555555554,True,2.4622731871193806,2025-07-16T07:57:14.769999504+00:00,0.33,,
62144187,RCM,ok,297.6854450707998,0.7503609095369155,69.61946434478382,33.59247072258804,1.6897322462895348,11.676660035892937,"(3.0, 5.0)",-50.3145549292002,0.06,16.0,0.04,0.41542460275707094,0.1898901098901099,True,3.550858435219743,2025-07-16T08:46:48.479999542+00:00,0.59,,
62144217,RCM,fail_incidence,327.022435367294,0.7495084636240663,88.28295551435062,51.61118782365309,1.7653317175287733,11.518199762770553,"(3.0, 5.0)",,,,,,,,,2025-07-16T11:32:30.969999313+00:00,0.4,,
62144222,RCM,fail_incidence,324.57962493476384,0.6929436661353086,52.954658001307,50.59442625806426,1.7087821731637456,12.2671519681471,"(3.0, 5.0)",,,,,,,,,2025-07-16T11:43:36.159999847+00:00,0.58,,
62144227,RCM,fail_incidence,326.9462288293738,0.5646583277378526,64.95009900459334,52.366463017517084,1.6790267033700985,11.030002416326692,"(3.0, 5.0)",,,,,,,,,2025-07-16T11:44:04.469999790+00:00,0.34,,
62144232,RCM,fail_incidence,325.8369423710689,0.6684508731001124,50.789292708171175,65.74479663727551,1.6773758491711923,13.37333611995711,"(3.0, 5.0)",,,,,,,,,2025-07-16T11:44:14.359999657+00:00,-0.19,,
62144237,RCM,ok,293.9005866606666,0.7435002514442948,67.59376275260283,34.53602035525635,1.6652456997641898,8.541749261884405,"(1.0, 5.0)",-38.09941333933341,0.04,41.0,0.04,0.38531348951450095,0.20512820512820515,True,2.402047938371153,2025-07-16T11:48:54.189998627+00:00,0.53,,
62144247,RCM,ok,292.4323992222518,0.8083323636590058,76.78109990083901,30.7007428185177,1.7163103369547195,4.872821179398595,"(3.0, 5.0)",-39.567600777748225,0.06,45.0,0.04,0.21432579868161383,0.24436363636363637,True,3.4958712715358393,2025-07-16T11:58:18.930000305+00:00,0.55,,
62144257,RCM,fail_incidence,324.7660017386288,0.7268762107679372,54.40941355962537,45.37942045309058,1.7624691146221667,13.69965262989566,"(3.0, 5.0)",,,,,,,,,2025-07-16T12:23:36.659999847+00:00,1.64,,
62144267,RCM,fail_incidence,324.4153222857812,0.6756233540307233,58.62393550333111,57.3091731195615,1.6801201583359435,9.246855183095288,"(1.0, 5.0)",,,,,,,,,2025-07-16T12:32:10.130000114+00:00,0.68,,
62144272,RCM,ok,300.8030772417654,0.7101345984417133,85.5146393544781,43.12572707399471,1.3975800591193437,7.873720527410054,"(3.0, 5.0)",-13.19692275823462,0.08,20.0,0.02,0.9057190958417937,0.1980952380952381,True,5.724180126783604,2025-07-16T12:42:03.339999914+00:00,0.82,,
62144282,RCM,fail_incidence,324.95484857554936,0.6489173140092825,67.11980941675425,52.07361951883811,1.712777314015861,7.735356915252341,"(1.0, 8.0)",,,,,,,,,2025-07-16T12:46:19.770000458+00:00,0.75,,
62144287,RCM,fail_incidence,322.3871001344879,0.7314787850956556,63.29569215115965,57.32721184682257,1.6457319614353434,10.856681234632626,"(1.0, 5.0)",,,,,,,,,2025-07-16T12:47:01.369999886+00:00,0.26,,
62144297,RCM,fail_incidence,328.9354028679011,0.6995866779965303,69.82897422715271,57.23234974571867,1.7255602611697716,7.288372305243266,"(3.0, 5.0)",,,,,,,,,2025-07-16T12:51:30.269998550+00:00,0.43,,
62144302,RCM,ok,298.66585073531235,0.7475857610018382,73.09443591234405,38.17414636728313,1.7225328993756095,6.476777960186607,"(3.0, 5.0)",78.66585073531235,0.06,53.0,0.04,0.029318681429264304,0.21942857142857142,True,3.483242614509658,2025-07-16T12:52:17.479999542+00:00,0.19,,
62144322,RCM,fail_incidence,327.50329335787546,0.6938377193737817,63.34969469526682,51.03312260899813,1.7107853190780695,9.767289581233936,"(3.0, 5.0)",,,,,,,,,2025-07-16T13:30:51.469997406+00:00,0.4,,
62144332,RCM,fail_incidence,324.9334327599182,0.7458010986067836,66.53545029083234,49.688425925979274,1.6791942596733265,8.270349439887205,"(3.0, 5.0)",,,,,,,,,2025-07-16T14:16:25.739999771+00:00,0.62,,
62144337,RCM,ok,296.5552685055419,0.7533467251276349,72.6794597779068,34.25365022343303,1.7015146834858237,8.218477371840063,"(3.0, 5.0)",-31.444731494458097,0.04,49.0,0.08,0.6131003256337745,0.19692307692307692,True,2.3508465949910953,2025-07-16T14:24:30.079999924+00:00,0.77,,
62144362,RCM,fail_incidence,324.9464532755732,0.5358357976218009,62.627453884698255,50.6610609901514,1.7138364579584289,10.456079267857838,"(3.0, 5.0)",,,,,,,,,2025-07-16T14:39:13.109999657+00:00,0.99,,
62144397,RCM,fail_no_result,293.0066853915447,0.7235689590602987,72.78230376705562,31.76729992121448,1.7456743368512277,5.371233888191778,"(3.0, 5.0)",,,,,,,,,2025-07-16T15:09:22.709999084+00:00,0.18,,
62144427,RCM,ok,310.9213943976769,0.5086892907240994,78.51141506050087,35.159680656522426,1.5601048279213297,12.731644998961148,"(3.0, 5.0)",-23.07860560232308,0.04,30.0,0.03,0.9685730319472645,0.1980952380952381,True,2.5639302746915833,2025-07-16T15:49:15.599999428+00:00,0.95,,
62144482,RCM,fail_incidence,328.4966497699468,0.6983183873422693,70.67214829857107,55.2828670817328,1.7003281638646284,12.153225987279159,"(3.0, 5.0)",,,,,,,,,2025-07-16T17:33:09.989999771+00:00,0.64,,
62144497,RCM,ok,295.3827117942319,0.7109540385083997,75.03013467528365,41.34946005841671,1.651923187425306,6.901727092970884,"(1.0, 5.0)",-26.61728820576809,0.04,46.0,0.03,0.9685730319472645,0.18285714285714286,True,2.4214200941355,2025-07-16T17:44:58.809997559+00:00,0.71,,
62144592,RCM,ok,297.2754830487349,0.7409621137401967,76.47385790111817,38.300307589894075,1.6619245355270527,8.079060708619606,"(3.0, 5.0)",-30.724516951265116,0.04,57.0,0.09,0.5055243455542971,0.22303030303030305,True,2.4068481537469233,2025-07-16T20:05:11.429999352+00:00,0.72,,
62144602,RCM,ok,301.85397368114064,0.8837302517040981,29.477605326712787,37.61810602912902,1.774449118982342,4.140686736053901,"(1.0, 5.0)",-26.146026318859356,0.04,24.0,0.02,0.9057190958417937,0.1980952380952381,True,2.254220736570923,2025-07-16T20:23:22.409999847+00:00,1.87,,
62144622,RCM,ok,319.50274149832745,0.6861523613188176,17.577980164255283,34.169984342274965,1.7152359264242434,3.441159888383127,"(5.0, 15.0)",15.502741498327453,0.04,53.0,0.09,0.0,0.06109090909090909,True,2.332040705524872,2025-07-16T21:53:47.409999847+00:00,0.84,,
62144627,RCM,fail_rectilinearity,294.28130052643246,0.4213621858562765,62.79709717893761,44.514847202013975,1.6360343174094212,5.625109131795401,"(3.0, 5.0)",,,,,,,,,2025-07-16T22:28:30.969999313+00:00,0.65,,
62144672,RCM,fail_incidence,343.7009219126408,0.6242101815443266,88.30672573315493,81.29125154252233,1.703266144645435,7.552136868325961,"(3.0, 5.0)",,,,,,,,,2025-07-17T01:49:02.339999914+00:00,0.96,,
62144702,RCM,fail_incidence,333.7122887505019,0.7932993751520488,85.6313650671108,84.71648662178403,1.7425221623555442,7.368066339717121,"(1.0, 5.0)",,,,,,,,,2025-07-17T03:12:56.639999390+00:00,0.47,,
62144732,RCM,fail_incidence,340.10201589303415,0.6287765451819681,71.42059828687185,87.08875249617607,1.6594623286903643,13.430502554190204,"(3.0, 5.0)",,,,,,,,,2025-07-17T04:34:12.250000+00:00,1.7,,
62144777,RCM,fail_rectilinearity,296.82751821966013,0.49385616044025904,47.143051597003826,58.610457637258094,1.515852210116934,11.707150836546969,"(3.0, 5.0)",,,,,,,,,2025-07-17T06:39:19.579999924+00:00,0.94,,
62144787,RCM,ok,295.00248589087056,0.7440780589787422,74.26281110107982,33.6027001390697,1.6723499299042697,4.916534753890385,"(3.0, 5.0)",-34.99751410912944,0.06,32.0,0.08,0.3551725276201374,0.19692307692307692,True,3.5877658692780034,2025-07-17T07:51:42.259998322+00:00,0.33,,
62144822,RCM,fail_exception,307.89668308874917,0.5802753266800651,69.93646996091253,33.61396260277498,1.5797163219449093,9.207179767833072,"(3.0, 5.0)",,,,,,,,,2025-07-17T10:27:52.509998321+00:00,0.53,unsupported operand type(s) for /: 'NoneType' and 'float',"Traceback (most recent call last):
  File ""/Users/mhemmett/Seismology/mt-rainier/scripts/run_sws_generic.py"", line 187, in process_event
    splitting_obj.perform_sws_analysis(coord_system='LQT', sws_method='EV_and_XC',
    ~~~~~~~~~~~~~~~~~~~~~~~~~~~~~~~~~~^^^^^^^^^^^^^^^^^^^^^^^^^^^^^^^^^^^^^^^^^^^^
                                        cluster_eps=CLUSTER_EPS, cluster_min_samples=CLUSTER_MIN_SAMPLES)
                                        ^^^^^^^^^^^^^^^^^^^^^^^^^^^^^^^^^^^^^^^^^^^^^^^^^^^^^^^^^^^^^^^^^
  File ""/Users/mhemmett/Seismology/mt-rainier/swspy/splitting/split_windowcheck.py"", line 1695, in perform_sws_analysis
    Q_w = self._calc_Q_w(opt_phi, opt_lag, grid_search_results_all_win_XC, tr_T, method=""dbscan"")
  File ""/Users/mhemmett/Seismology/mt-rainier/swspy/splitting/split_windowcheck.py"", line 1385, in _calc_Q_w
    dt_diff = opt_lag_XC / opt_lag_EV
              ~~~~~~~~~~~^~~~~~~~~~~~
TypeError: unsupported operand type(s) for /: 'NoneType' and 'float'
"
62144957,RCM,ok,293.9005866606666,0.6522918311464836,81.86388038848357,33.98962617336764,1.6737438859536655,7.888445846454595,"(1.0, 5.0)",-42.09941333933341,0.04,25.0,0.03,0.33291679679368325,0.18285714285714286,True,2.3898518964392697,2025-07-17T17:32:49.919998169+00:00,0.85,,
62145007,RCM,fail_incidence,310.1169867231997,0.7723971091808935,10.540741197803811,45.285731403754774,1.510353645555609,5.196520157213236,"(1.0, 5.0)",,,,,,,,,2025-07-17T18:27:48.469997406+00:00,0.58,,
62145102,RCM,ok,300.2561288484564,0.8362871246673956,82.94966863818969,41.91402511110094,1.6407278646735706,5.385754769848811,"(1.0, 5.0)",-43.7438711515436,0.04,20.0,0.02,-0.6297314954899638,0.19200000000000003,True,2.4379423828434925,2025-07-17T21:11:40.189998627+00:00,0.42,,
62145137,RCM,ok,294.11248643398204,0.832702705629072,82.78217100370064,42.73191502207862,1.6055682013025494,4.390768586796468,"(3.0, 5.0)",-5.887513566017958,0.14,20.0,0.02,0.9371460638945291,0.21333333333333335,True,8.719654505266249,2025-07-17T22:20:33.250000+00:00,0.74,,
62145192,RCM,ok,290.96852220104654,0.792226581664328,72.03096869233862,36.28549617564309,1.69248718175181,3.882418777050874,"(3.0, 5.0)",-5.0314777989534605,0.04,44.0,0.02,0.8742921277890582,0.1980952380952381,True,2.3633856983541803,2025-07-18T00:53:24.989999771+00:00,0.43,,
62145257,RCM,fail_incidence,296.323554663947,0.7569706006434411,82.50502857074706,47.01643483196718,1.5864262286642121,6.085802314746718,"(3.0, 5.0)",,,,,,,,,2025-07-18T06:36:18.149999619+00:00,0.26,,
62145267,RCM,fail_incidence,305.9619689176015,0.9054581447108999,85.30963291541404,47.03163281750938,1.4283524912583938,8.231629393742423,"(3.0, 5.0)",,,,,,,,,2025-07-18T07:13:58.629997253+00:00,0.29,,
62145292,RCM,ok,295.90145836490007,0.7328285536106478,79.15770297396314,34.58147814385626,1.6574479945833682,12.647499532993699,"(3.0, 5.0)",-40.098541635099934,0.04,17.0,0.03,0.5269614898353778,0.20512820512820515,True,2.413348722296097,2025-07-18T09:10:53.759998322+00:00,0.58,,
62145312,RCM,fail_incidence,334.5107225368169,0.6447463554348868,66.4233852119057,84.1659693788906,1.7407014734445752,5.748493685601483,"(1.0, 5.0)",,,,,,,,,2025-07-18T09:55:43.719997406+00:00,0.77,,
62145317,RCM,fail_no_result,314.1752592883911,0.6328558378777096,16.27762504777389,35.81957878467629,1.67200569749242,4.271747760706677,"(3.0, 5.0)",,,,,,,,,2025-07-18T10:27:16.219999313+00:00,-0.38,,
62145322,RCM,ok,293.83847203863263,0.6761647974881982,59.15632614033965,29.95284554823734,1.71108159996842,6.681751497003595,"(1.0, 5.0)",-40.16152796136737,0.06,57.0,0.06,0.2636425988541826,0.21482517482517482,True,3.5065539832295185,2025-07-18T11:27:38.939998627+00:00,1.28,,
62145327,RCM,ok,293.3201104400979,0.6425643470402902,69.58139063600939,30.934045127838637,1.7116107505249845,7.9522215138782855,"(1.0, 5.0)",-48.67988955990211,0.1,13.0,0.05,-0.8900056118154259,0.24436363636363637,True,5.842449865971457,2025-07-18T11:36:36.149997711+00:00,1.0,,
62145472,RCM,fail_rectilinearity,288.00916583740695,0.44234389670914387,40.67042340981938,45.6754105031604,1.5663993836125252,3.8741458750735243,"(1.0, 5.0)",,,,,,,,,2025-07-18T16:07:43.059997559+00:00,0.35,,
62146137,RCM,ok,302.6008167113845,0.8409979630069182,18.666819380542673,37.878561336488175,1.7979986860816393,8.042308419264323,"(1.0, 5.0)",-43.39918328861552,0.04,12.0,0.01,0.43557086634938813,0.22646153846153846,True,2.224695730293975,2025-07-19T02:30:08.199999809+00:00,0.43,,
62146142,RCM,ok,295.593481210495,0.7478391010074418,71.9930841054445,41.275575932556244,1.6609115432532866,4.455398314041883,"(3.0, 5.0)",-4.406518789505014,0.06,21.0,0.01,0.9371460638945291,0.21942857142857142,True,3.6124741407044385,2025-07-19T02:49:17.770000458+00:00,0.21,,
62146282,RCM,fail_incidence,330.6443627503722,0.644953475189447,59.126277202831766,68.7556719042729,1.7586233188904048,5.055833276224778,"(2.0, 8.0)",,,,,,,,,2025-07-19T08:48:14.960000038+00:00,0.47,,
62146307,RCM,fail_incidence,306.9424824258022,0.5189143997357142,48.09481793504256,49.60541710584727,1.445392874824011,2.023665273516711,"(1.0, 5.0)",,,,,,,,,2025-07-19T09:59:20.069999695+00:00,0.54,,
62146497,RCM,fail_incidence,291.58587902460295,0.9144795450240109,76.78987883407127,46.254136037205896,1.5389712821398556,6.686027472821371,"(1.0, 5.0)",,,,,,,,,2025-07-19T17:25:21.119998932+00:00,1.54,,
62146507,RCM,fail_incidence,291.05463957649386,0.8657713992219805,85.97055247023674,45.84668475586618,1.5743270719951261,10.85588280065069,"(1.0, 5.0)",,,,,,,,,2025-07-19T17:26:29.219999313+00:00,1.48,,
62146572,RCM,ok,311.4491923831943,0.5245393342796327,55.6382980523354,34.69732088489202,1.5720799548467874,14.416495481987539,"(1.0, 5.0)",-38.550807616805685,0.06,13.0,0.03,0.16319242738832307,0.1898901098901099,True,3.81659977375944,2025-07-19T18:25:01.109999895+00:00,1.93,,
62146737,RCM,fail_no_result,305.9952597997712,0.6578361718189615,85.64671265135047,43.30135205480945,1.747659021665764,2.6032625394878943,"(3.0, 5.0)",,,,,,,,,2025-07-19T19:46:28.289999008+00:00,0.96,,
62147082,RCM,ok,310.9917307436835,0.6797906369776909,71.57364685112798,43.53658242747391,1.4713575462951318,3.6508175094639173,"(3.0, 5.0)",-21.00826925631651,0.04,15.0,0.03,-0.6433177573494551,0.21482517482517482,True,2.7185778263563285,2025-07-20T00:51:07.799999714+00:00,0.67,,
62147212,RCM,fail_incidence,331.1433718500806,0.7645360694647874,81.44634986936471,56.22993846509541,1.4805654975030553,9.24376970137719,"(3.0, 5.0)",,,,,,,,,2025-07-20T04:42:52.379997253+00:00,0.32,,
62147312,RCM,fail_no_result,324.5690298846108,0.7389145709938266,69.02768860136608,42.10494399600457,1.5773500404808924,4.629693340462377,"(3.0, 5.0)",,,,,,,,,2025-07-20T12:39:17.739999771+00:00,0.41,,
62147342,RCM,ok,312.95672507747963,0.6388634380339537,19.45178245949609,39.80967370564105,1.6035135994490186,6.0185983677196395,"(3.0, 5.0)",78.95672507747963,0.04,22.0,0.04,0.4830645860243059,0.19692307692307692,True,2.494522030480088,2025-07-20T14:15:24.519998549+00:00,0.17,,
62147352,RCM,ok,317.45649186996445,0.6691483719287854,18.26431505522955,29.193609246976724,1.761624324787495,3.2456144167024568,"(5.0, 15.0)",11.456491869964452,0.04,14.0,0.01,0.0,0.06191142191142191,True,2.270631679931259,2025-07-20T14:30:16.709999084+00:00,0.45,,
62147372,RCM,fail_no_result,301.51103418347964,0.9199514624517114,28.49966798356708,32.275128386540736,1.800080400803193,4.319424561649231,"(1.0, 5.0)",,,,,,,,,2025-07-20T15:12:17.809999704+00:00,0.86,,
62147397,RCM,fail_rectilinearity,306.29850487933743,0.4780898224940101,43.069253437125845,32.631372940985884,1.6366031328101724,4.922828428008199,"(3.0, 5.0)",,,,,,,,,2025-07-20T16:28:51.259998322+00:00,0.3,,
62147462,RCM,ok,317.5237091677029,0.6775241919370816,84.29893213890325,35.263430344143984,1.6321173063521142,8.633455858693571,"(3.0, 5.0)",-26.47629083229708,0.04,24.0,0.02,0.9371460638945291,0.24888888888888888,True,2.4508042310636693,2025-07-20T19:24:04.609999895+00:00,0.24,,
62147662,RCM,ok,317.2471976354317,0.5784776948022436,23.73364802445017,33.72220041369789,1.8688905197354135,8.565130633979486,"(1.0, 5.0)",-48.75280236456831,0.06,13.0,0.01,0.08375430541829765,0.1898901098901099,True,3.2104609321093056,2025-07-21T08:14:42.649997711+00:00,0.25,,
62147707,RCM,fail_incidence,331.93920311506196,0.7502483156937431,57.770294868857235,73.49310893311292,1.8587995534969037,8.938436169441038,"(1.0, 5.0)",,,,,,,,,2025-07-21T10:56:43.669998169+00:00,2.19,,
62147712,RCM,fail_incidence,329.7436217775492,0.5518369984800524,77.98723468217425,78.16624780130545,1.7985595845327924,6.78768354021784,"(1.0, 5.0)",,,,,,,,,2025-07-21T11:00:39.379997253+00:00,1.16,,
62147717,RCM,fail_incidence,331.9388722492034,0.6886114649340608,66.52113568124288,57.87774435419492,1.9047233180179601,9.014359050650047,"(3.0, 5.0)",,,,,,,,,2025-07-21T11:03:57.409999847+00:00,1.17,,
62149552,RCM,ok,319.91247459978376,0.8121400158811335,86.7056246811543,38.83899435153067,1.6384246888848988,8.301847514928259,"(1.0, 5.0)",-38.08752540021624,0.04,13.0,0.02,-0.5750817072006013,0.18285714285714286,True,2.4413694612490087,2025-07-24T03:39:23.309999704+00:00,0.17,,
62149562,RCM,fail_incidence,312.08360274596964,0.724094751676135,77.89908681399656,45.295545877396364,1.5079172945311028,11.695555252640903,"(1.0, 5.0)",,,,,,,,,2025-07-24T04:05:19.649999619+00:00,0.11,,
62149602,RCM,fail_incidence,306.9043674997725,0.712089689753058,81.2236005891226,50.64269763494475,1.4936967867249524,3.5700205037141326,"(3.0, 5.0)",,,,,,,,,2025-07-24T07:18:25.019998550+00:00,0.06,,
62149632,RCM,ok,328.54407630065566,0.6853463863268622,78.35909444220276,42.85459393453276,1.6925447201920585,8.815225023249555,"(3.0, 5.0)",-11.45592369934434,0.06,21.0,0.01,0.9685730319472645,0.1980952380952381,True,3.544958031784921,2025-07-24T11:34:29.429998398+00:00,0.56,,
62149637,RCM,ok,294.71673726061476,0.8902361364510482,82.06530953731384,34.48056858308879,1.7015491010574908,15.560404378501438,"(3.0, 5.0)",-61.283262739385236,0.08,91.0,0.1,0.0,0.18285714285714286,True,4.701598087900081,2025-07-24T11:37:08.489999771+00:00,0.58,,
62149642,RCM,ok,308.1602542706031,0.512378416040455,60.23169616135302,37.45644636816699,1.5599530597996953,10.75848157152546,"(3.0, 5.0)",-21.839745729396896,0.04,43.0,0.02,0.9685730319472645,0.22646153846153846,True,2.564179719942097,2025-07-24T12:14:54.639999390+00:00,0.32,,
62149787,RCM,fail_incidence,336.9092006697419,0.7584954094541341,89.54655834516728,58.531175020974636,1.9374171951389958,9.578092131906352,"(3.0, 5.0)",,,,,,,,,2025-07-24T16:51:07.769999981+00:00,0.82,,
62149797,RCM,fail_incidence,336.9426301946288,0.8343722765840255,67.02775601406309,63.77465098514743,1.9902891118942205,7.648355002821205,"(3.0, 5.0)",,,,,,,,,2025-07-24T16:58:16.199998856+00:00,0.69,,
62150237,RCM,fail_incidence,304.2568522823118,0.7193409180863424,76.95317789248841,47.85881152947237,1.5827555357289167,7.332536216504849,"(3.0, 5.0)",,,,,,,,,2025-07-25T02:26:48.289997101+00:00,0.58,,
62150382,RCM,fail_no_result,303.0631899196755,0.6740747102713022,68.7184321907381,36.247216462127476,1.7006866469927542,2.326893147087817,"(2.0, 8.0)",,,,,,,,,2025-07-25T11:30:14.159999847+00:00,0.29,,
62150637,RCM,fail_incidence,300.81086934620265,0.7067192295288666,41.349003089092804,49.08148921458136,1.6766572170806027,6.468296701583105,"(1.0, 5.0)",,,,,,,,,2025-07-25T20:40:20.109998703+00:00,1.49,,
62151037,RCM,ok,306.00058080574047,0.8028706538933141,86.39520092351715,33.32606911591213,1.94149195486691,3.4190881012617496,"(5.0, 15.0)",14.00058080574047,0.02,17.0,0.01,0.9371460638945291,0.06126126126126127,True,1.0301356103930395,2025-07-26T03:16:40.680000305+00:00,-0.05,,
62151087,RCM,ok,314.5567631355901,0.5632179536306517,88.32919901972443,30.52532345568202,1.7357653547460228,3.6560014160592575,"(10.0, 20.0)",-61.443236864409926,0.14,51.0,0.04,0.5067806713819408,0.058858350951374205,True,8.065606311198948,2025-07-26T04:42:39+00:00,0.35,,
62151122,RCM,ok,303.0302919148616,0.7862247922795663,88.46120631379729,35.63977594401825,1.6985872263708648,10.44185634629606,"(3.0, 5.0)",-34.96970808513839,0.04,12.0,0.02,0.38531348951450095,0.20512820512820515,True,2.354898198867446,2025-07-26T06:28:39.239998102+00:00,0.67,,
62151812,RCM,fail_no_result,312.66839006969167,0.6295382067037525,85.89515791056719,40.24973957606625,1.586476058182507,8.957865044629262,"(3.0, 5.0)",,,,,,,,,2025-07-27T07:28:28.159999847+00:00,0.2,,
62152162,RCM,fail_snr,309.4944402183214,0.6353572263000719,72.76258823186595,41.9576571552546,1.5007889165747397,1.9769468322447794,"(5.0, 45.0)",,,,,,,,,2025-07-27T21:48:01.869999886+00:00,0.35,,
62152357,RCM,fail_incidence,305.6661290639461,0.5428430212648311,79.59450397255885,63.27611427116595,1.3710207400131211,5.836210855520306,"(3.0, 5.0)",,,,,,,,,2025-07-28T02:16:12.579999924+00:00,1.21,,
62153742,RCM,fail_exception,317.71553012431787,0.5863874483979229,36.74062788298566,43.31924931665421,1.6371993060253165,4.250272526853533,"(3.0, 5.0)",,,,,,,,,2025-07-30T14:39:08.479999542+00:00,0.65,unsupported operand type(s) for /: 'NoneType' and 'float',"Traceback (most recent call last):
  File ""/Users/mhemmett/Seismology/mt-rainier/scripts/run_sws_generic.py"", line 187, in process_event
    splitting_obj.perform_sws_analysis(coord_system='LQT', sws_method='EV_and_XC',
    ~~~~~~~~~~~~~~~~~~~~~~~~~~~~~~~~~~^^^^^^^^^^^^^^^^^^^^^^^^^^^^^^^^^^^^^^^^^^^^
                                        cluster_eps=CLUSTER_EPS, cluster_min_samples=CLUSTER_MIN_SAMPLES)
                                        ^^^^^^^^^^^^^^^^^^^^^^^^^^^^^^^^^^^^^^^^^^^^^^^^^^^^^^^^^^^^^^^^^
  File ""/Users/mhemmett/Seismology/mt-rainier/swspy/splitting/split_windowcheck.py"", line 1695, in perform_sws_analysis
    Q_w = self._calc_Q_w(opt_phi, opt_lag, grid_search_results_all_win_XC, tr_T, method=""dbscan"")
  File ""/Users/mhemmett/Seismology/mt-rainier/swspy/splitting/split_windowcheck.py"", line 1385, in _calc_Q_w
    dt_diff = opt_lag_XC / opt_lag_EV
              ~~~~~~~~~~~^~~~~~~~~~~~
TypeError: unsupported operand type(s) for /: 'NoneType' and 'float'
"
62153847,RCM,ok,305.1881730979006,0.8194735238624439,66.73859480409132,29.935373997365353,1.9130058492669484,3.958927258479138,"(1.0, 5.0)",-44.811826902099426,0.04,40.0,0.02,1.0,0.19692307692307692,True,2.090950219275479,2025-07-30T16:24:25.209999084+00:00,0.22,,
62154297,RCM,ok,317.3085097867589,0.644651938163089,18.34232871311509,38.050015338034115,1.5614438754020734,2.3841111452080885,"(1.0, 5.0)",-4.691490213241082,0.04,15.0,0.01,0.0,0.23272727272727273,True,2.5617315249131165,2025-07-31T04:48:35.669998169+00:00,0.46,,
62154502,RCM,ok,307.5504033772202,0.6580112229346955,68.52772307266103,35.56191770432362,1.5417917505426881,2.155935007927778,"(3.0, 30.0)",71.55040337722022,0.04,57.0,0.06,0.4107443490112104,0.053706293706293706,True,2.5943840979769535,2025-07-31T12:59:12.489999771+00:00,1.05,,
62155277,RCM,fail_rectilinearity,311.6488177329685,0.49627717407110084,87.45034568538769,36.661748795821794,1.5369379023671879,6.758345327652512,"(3.0, 5.0)",,,,,,,,,2025-08-01T01:31:25.750000+00:00,0.56,,
62155302,RCM,ok,309.81392320197,0.5427624609232763,85.30013401188545,39.01316011578122,1.5926736529354935,5.11292133349038,"(3.0, 5.0)",-56.18607679803,0.04,15.0,0.01,0.9371460638945291,0.1898901098901099,True,2.5115000757546957,2025-08-01T01:44:01.069999933+00:00,0.84,,
62155357,RCM,fail_incidence,324.7492488730449,0.7110884284173812,83.7172192295346,57.40102713342621,1.5920047309571324,5.960330190098723,"(3.0, 5.0)",,,,,,,,,2025-08-01T02:40:59.779998779+00:00,0.48,,
62155372,RCM,fail_no_result,314.95933024999283,0.5254180303028186,84.95236044862729,41.97233940339152,1.5389652116296109,8.454299656268494,"(1.0, 5.0)",,,,,,,,,2025-08-01T02:56:21.969999313+00:00,0.54,,
62155447,RCM,fail_incidence,327.14184499452216,0.7712432220866506,82.41289595024087,58.50190242769143,1.637097666127202,4.637363482863491,"(3.0, 5.0)",,,,,,,,,2025-08-01T03:52:57.199996948+00:00,0.55,,
62155457,RCM,fail_incidence,328.63842310972325,0.7881208514343886,80.0549002780348,56.738887853271606,1.6506191904944991,6.620806508829155,"(3.0, 5.0)",,,,,,,,,2025-08-01T04:05:21.969999313+00:00,0.66,,
62155537,RCM,fail_incidence,329.89248410703834,0.7256754108421223,89.29004424254059,46.783521919361675,1.7190158676685312,7.361879136385757,"(1.0, 5.0)",,,,,,,,,2025-08-01T12:22:46.299999237+00:00,0.38,,
62155552,RCM,fail_incidence,328.50817894833824,0.7719272707714516,84.02148489868377,47.541581896929635,1.7250264294462836,5.296678184102781,"(3.0, 5.0)",,,,,,,,,2025-08-01T13:47:50.939998627+00:00,0.41,,
62155572,RCM,fail_incidence,330.73870690244297,0.6272377998224097,88.96538480551763,45.41036716006936,1.72136281722211,7.574176189876955,"(1.0, 5.0)",,,,,,,,,2025-08-01T14:27:11.710000038+00:00,0.44,,
62156401,RCM,ok,320.8797672450345,0.6403577471012301,41.59176233702362,38.13538377121899,1.6179785726276414,3.9786366726312368,"(1.0, 5.0)",-19.120232754965514,0.06,21.0,0.01,0.7171572875253809,0.1898901098901099,True,3.7083309393002875,2025-07-22T02:52:50.989998102+00:00,0.53,,
62156451,RCM,fail_rectilinearity,305.430821646451,0.4960667904941516,39.10333851460986,37.35150902718599,1.5218662150348077,8.392801204945375,"(1.0, 5.0)",,,,,,,,,2025-07-22T10:11:52.739998102+00:00,0.66,,
62156461,RCM,ok,309.02757698161776,0.5725758567426882,67.06586663952032,38.00534390905371,1.5493147523684634,18.51489941606497,"(1.0, 5.0)",-44.972423018382244,0.06,22.0,0.04,0.001729891323724364,0.18285714285714286,True,3.8726798352805325,2025-07-22T11:33:25.139999390+00:00,0.15,,
62156476,RCM,fail_no_result,318.82161760940187,0.7036161027276674,17.25798161940386,34.376800461008344,1.671669111182088,4.916879577329254,"(3.0, 5.0)",,,,,,,,,2025-07-22T12:21:20.889999390+00:00,0.14,,
62156621,RCM,ok,317.66387370524,0.6837461301578699,24.869362928719664,32.03353454033096,1.6742823686707298,11.848366297547807,"(3.0, 5.0)",-30.336126294759993,0.08,12.0,0.07,0.9685730319472645,0.21482517482517482,True,4.77816654448286,2025-07-22T15:55:20.510000229+00:00,0.53,,
62156641,RCM,ok,321.9440363999037,0.6453209909212378,15.994109863825056,31.60333719823513,1.7090992677435326,11.30163067456876,"(3.0, 5.0)",-42.05596360009628,0.06,16.0,0.02,-0.6437506768470801,0.19692307692307692,True,3.510621128474066,2025-07-22T16:26:56.349998474+00:00,0.64,,
62156821,RCM,ok,329.6291365226522,0.5072056232695323,78.57238984759248,41.848680995307156,1.403569949952895,9.514791263430205,"(1.0, 5.0)",-2.370863477347825,0.04,22.0,0.03,0.4107443490112104,0.21942857142857142,True,2.849875775791754,2025-07-22T20:32:26.309999704+00:00,0.44,,
62156911,RCM,fail_rectilinearity,316.7533042680763,0.4970904926457407,31.25667797549316,33.35715909155278,1.6570197775452729,6.36551301984806,"(1.0, 5.0)",,,,,,,,,2025-07-22T22:39:46.369998932+00:00,0.73,,
62156916,RCM,fail_incidence,307.23588238829495,0.7807600136495653,79.75184957480336,49.76635316986271,1.483361007617959,6.604960790152219,"(3.0, 5.0)",,,,,,,,,2025-07-22T22:41:30.719999313+00:00,0.27,,
62156986,RCM,ok,316.79104140837734,0.5888639594405181,68.56912418985934,32.882425592130375,1.8040536785689851,7.459109739787316,"(3.0, 5.0)",-37.20895859162266,0.06,17.0,0.02,0.6553763906828707,0.20512820512820515,True,3.325843388850453,2025-07-23T02:59:29.209999084+00:00,1.26,,
62161827,RCM,ok,223.37166913852207,0.9395771269554305,78.73407813767193,37.412330961477764,2.031394345483824,4.489844311367804,"(10.0, 20.0)",-66.62833086147793,0.06,91.0,0.1,0.9057190958417937,0.05753535353535353,True,2.953636261388214,2025-08-13T00:21:29.639999390+00:00,0.22,,
62161892,RCM,ok,316.433933429354,0.5691540926463186,27.248148791857936,35.54154771812903,1.5880173112552252,10.919486554530675,"(3.0, 5.0)",-47.566066570646,0.04,18.0,0.02,0.9685730319472645,0.2346666666666667,True,2.5188642287773666,2025-08-13T04:33:22.149999619+00:00,0.56,,
62164956,RCM,ok,333.62149852908755,0.9204100679485292,88.69313416455506,42.66523340897054,1.679316531423615,6.293844267442757,"(3.0, 5.0)",81.62149852908755,0.06,54.0,0.03,0.0,0.20512820512820515,True,3.572882114674112,2025-08-03T08:51:57.849998474+00:00,0.32,,
62166401,RCM,ok,316.64983513710666,0.774633807264751,63.42751154495265,34.595971228917534,2.167449148293671,12.796029308034765,"(3.0, 5.0)",-27.350164862893337,0.04,16.0,0.03,0.43557086634938813,0.1898901098901099,True,1.845487356946302,2025-08-05T19:11:04.819999695+00:00,0.33,,
62167256,RCM,ok,330.66093568479357,0.881040150565655,59.16079209958529,36.742649214424986,1.7700972274102413,5.80588464876781,"(3.0, 5.0)",-27.33906431520643,0.04,30.0,0.03,-0.516379395715103,0.18379487179487178,True,2.2597628752021945,2025-08-07T18:21:27.639999390+00:00,0.43,,
62169641,RCM,fail_incidence,300.9464611801571,0.8838027831809211,88.14216696813432,47.976956110480764,1.4500677695187951,3.4393888559702717,"(1.0, 5.0)",,,,,,,,,2025-08-11T23:48:48.049999237+00:00,0.73,,
62169751,RCM,fail_incidence,319.60115400881153,0.7860834819464292,74.68185423633003,75.93104692609104,1.2877982764931255,4.418348162937633,"(1.0, 5.0)",,,,,,,,,2025-08-12T11:22:03.409999847+00:00,0.41,,
62169766,RCM,fail_incidence,328.0127670902096,0.7453240828796962,86.8527966450759,72.17028441565932,1.4509579814698212,7.57194672339841,"(3.0, 5.0)",,,,,,,,,2025-08-12T12:15:38.939998627+00:00,0.48,,
62172576,RCM,fail_incidence,350.4575290037224,0.6645650642858643,89.69963159668869,75.02777010434467,1.57243316919956,6.900950316315717,"(3.0, 5.0)",,,,,,,,,2025-08-17T07:43:52.699996948+00:00,0.92,,
