evid,station,stage,back_azimuth,rectilinearity,incidence_angle_jurkevics,incidence_angle,travel_time_s,snr_horizontal,filter_band,datetime,magnitude,phi,dt,phi_error,dt_error,quality,dominant_period,success,pct_anisotropy,error,traceback
61504363,LON,fail_incidence,16.573754238160696,0.8550932062259712,51.756784980483935,70.50517811951235,3.7859077640863577,7.508149448067256,"(5.0, 10.0)",2025-07-08T15:24:37.709999084+00:00,-0.44,,,,,,,,,,
61504368,LON,fail_incidence,18.80836361091429,0.8172107859680662,45.2515922522012,70.69145514522087,3.722029915817704,5.927457778469084,"(5.0, 15.0)",2025-07-08T10:42:09.579999924+00:00,0.45,,,,,,,,,,
61504373,LON,fail_no_result,15.574464393090672,0.8049508488252117,26.98877682282353,70.77769962504777,3.708700386676444,5.209384631429104,"(3.0, 15.0)",2025-07-08T15:38:45.819999695+00:00,0.31,,,,,,,,,,
61504378,LON,missing_channel,,,,,,,,2025-07-08T16:15:09.739999771+00:00,-0.23,,,,,,,,,,
61504388,LON,ok,17.05312752666513,0.854698832537752,27.24906639817244,71.64321044507842,3.721568031310215,8.899781086951519,"(1.0, 15.0)",2025-07-08T15:47:51.469997406+00:00,0.36,9.05312752666513,0.06,15.0,0.01,0.9371460638945291,0.0793984962406015,True,1.6122236512999173,,
61504393,LON,ok,16.499992692371855,0.6942581282186633,28.089414762954753,68.49893308831943,3.771765082103901,7.422887766648252,"(2.0, 8.0)",2025-07-08T15:50:27.059999704+00:00,-0.53,78.49999269237185,0.06,32.0,0.05,-0.28438923608423916,0.12495238095238095,True,1.5907671526173586,,
61504413,LON,ok,16.988559216121836,0.7551278037878603,41.131769138249524,73.00841927071072,3.660189939128966,10.431835078833396,"(5.0, 15.0)",2025-07-08T16:19:23.010000229+00:00,0.29,12.988559216121836,0.08,17.0,0.01,0.4830645860243059,0.08542825361512792,True,2.1856789218714154,,
61504428,LON,fail_no_result,18.838897182753236,0.7690107755160832,41.228158394980944,68.10464447120944,3.7809889371266143,3.7477755196679077,"(1.0, 8.0)",2025-07-08T10:18:43.809997559+00:00,-0.41,,,,,,,,,,
61504463,LON,ok,18.358797681905177,0.8091632276737689,27.185960345281245,73.3252779491321,3.6750470935186232,11.419251523967956,"(3.0, 15.0)",2025-07-08T22:01:30.859998703+00:00,0.83,6.358797681905177,0.06,5.0,0.01,0.0,0.07116602316602318,True,1.6326321397572574,,
61504473,LON,fail_incidence,16.86064403211912,0.7741623893710097,49.608546192665365,72.26696133513828,4.009487243808901,9.322422471407279,"(1.0, 5.0)",2025-07-08T19:33:34.899997711+00:00,0.55,,,,,,,,,,
61504483,LON,fail_incidence,15.310598226639673,0.8335267060477003,48.69532682366182,65.85805839479238,3.5455393909780493,6.164143287589232,"(1.0, 20.0)",2025-07-09T10:02:12.189999580+00:00,0.01,,,,,,,,,,
61504498,LON,ok,19.300426526492966,0.8660014153447497,31.498443896706032,69.4090806312516,3.7710329708446415,5.070492318306339,"(5.0, 10.0)",2025-07-09T20:17:04.929999828+00:00,0.78,9.300426526492966,0.02,56.0,0.07,0.6857303194726456,0.11151515151515153,True,0.530358661794473,,
61504513,LON,ok,18.236889714453877,0.78209514856803,36.356533797856954,70.95979007588095,3.8099474873798678,4.134026798323255,"(10.0, 20.0)",2025-07-08T11:01:53.430000305+00:00,-0.37,16.236889714453877,0.02,16.0,0.03,0.0,0.06923976608187134,True,0.5249416183883984,,
61504518,LON,ok,17.836239782476625,0.825007770425472,7.7482738251051755,70.85903512732459,3.80041597049658,6.047592647845208,"(10.0, 20.0)",2025-07-08T11:05:34.239998102+00:00,0.41,1.8362397824766248,0.06,54.0,0.08,-0.9842865159736324,0.06303903903903904,True,1.578774546412616,,
61504523,LON,ok,17.936780947413396,0.6900782774473251,41.28238123591435,67.71981582816015,3.868001734330217,5.3792185872037175,"(10.0, 20.0)",2025-07-08T11:06:34.119998932+00:00,-0.33,1.9367809474133963,0.06,10.0,0.01,0.9685730319472645,0.05904559915164369,True,1.5511885495674318,,
61504528,LON,ok,19.19208063059118,0.8703367049241134,10.77138047081603,69.73963268007513,3.7077098032404345,7.787402228117151,"(1.0, 20.0)",2025-07-08T10:47:19.129999161+00:00,-0.39,-86.80791936940882,0.16,6.0,0.01,0.0,0.07015015015015015,True,4.315332334266412,,
61504533,LON,ok,18.8410219863289,0.6320764359106916,21.370834777836937,71.9729206079079,3.9136140948349416,4.194887152913718,"(10.0, 20.0)",2025-07-11T05:20:55.139999390+00:00,-0.08,-87.1589780136711,0.14,53.0,0.09,0.0,0.05842051282051282,True,3.577256127137506,,
61504538,LON,ok,17.808198258824543,0.7902275124936794,34.4043235680307,71.27330955969497,3.9813161612188113,5.409819708917949,"(1.0, 5.0)",2025-07-11T16:43:16.500000+00:00,0.39,-66.19180174117545,0.02,91.0,0.1,0.0,0.20512820512820515,True,0.5023464399741955,,
61504558,LON,ok,17.134770942204476,0.8511369896771646,30.80404731029229,64.87951566070718,3.9928006278483603,3.959804076350631,"(1.0, 20.0)",2025-07-12T02:24:31.059999704+00:00,1.1,-78.86522905779552,0.12,15.0,0.01,0.0,0.09007407407407406,True,3.0054092649415747,,
61504563,LON,ok,18.720203044675234,0.8229621123855138,31.399844719502035,71.63934436483758,3.770747669694599,7.533691570945211,"(10.0, 20.0)",2025-07-08T11:28:58.069999695+00:00,0.25,-89.27979695532477,0.16,57.0,0.06,0.0,0.06564102564102564,True,4.243190317026935,,
61504568,LON,fail_exception,16.73984076862267,0.7711799307461374,13.447512958179663,71.66821269233424,3.629972773109713,6.524905872550574,"(3.0, 15.0)",2025-07-08T11:29:00.690000057+00:00,0.31,,,,,,,,,unsupported operand type(s) for /: 'NoneType' and 'float',"Traceback (most recent call last):
  File ""/Users/mhemmett/Seismology/mt-rainier/scripts/run_sws_generic.py"", line 203, in process_event
    splitting_obj.perform_sws_analysis(coord_system='LQT', sws_method='EV_and_XC',
    ~~~~~~~~~~~~~~~~~~~~~~~~~~~~~~~~~~^^^^^^^^^^^^^^^^^^^^^^^^^^^^^^^^^^^^^^^^^^^^
                                        cluster_eps=CLUSTER_EPS, cluster_min_samples=CLUSTER_MIN_SAMPLES)
                                        ^^^^^^^^^^^^^^^^^^^^^^^^^^^^^^^^^^^^^^^^^^^^^^^^^^^^^^^^^^^^^^^^^
  File ""/Users/mhemmett/Seismology/mt-rainier/swspy/splitting/split_windowcheck.py"", line 1695, in perform_sws_analysis
    Q_w = self._calc_Q_w(opt_phi, opt_lag, grid_search_results_all_win_XC, tr_T, method=""dbscan"")
  File ""/Users/mhemmett/Seismology/mt-rainier/swspy/splitting/split_windowcheck.py"", line 1385, in _calc_Q_w
    dt_diff = opt_lag_XC / opt_lag_EV
              ~~~~~~~~~~~^~~~~~~~~~~~
TypeError: unsupported operand type(s) for /: 'NoneType' and 'float'
"
61504583,LON,ok,18.098112688322395,0.8067755005464589,15.105127011472463,68.8613930825119,3.720445473146731,2.8256662878514693,"(10.0, 20.0)",2025-07-08T10:52:08.979999542+00:00,-0.45,-11.901887311677605,0.16,6.0,0.01,-0.890005611815426,0.07695844385499558,True,4.300560273086678,,
61504618,LON,ok,17.68519748374642,0.8028947900806516,24.603884954930137,69.38599488093224,3.6888000322825816,4.0255508673758715,"(1.0, 5.0)",2025-07-08T11:42:18.859998703+00:00,-0.69,11.685197483746421,0.12,39.0,0.03,0.40740162039862715,0.1898901098901099,True,3.253090407444655,,
61504638,LON,ok,19.782572614241094,0.8903188240371837,18.238812334791543,69.92772779941107,3.7099216289477264,3.4535791670860365,"(2.0, 8.0)",2025-07-08T12:26:33.739998102+00:00,-0.2,-82.21742738575891,0.08,5.0,0.01,0.0,0.133475935828877,True,2.1563797837608507,,
61504643,LON,ok,18.715927591989754,0.7903543425442616,33.32049570781938,71.3605124730265,3.6364629210828032,8.4984775632718,"(3.0, 15.0)",2025-07-08T12:01:59.849998474+00:00,0.64,2.715927591989754,0.02,4.0,0.01,0.0,0.09222360248447206,True,0.5499849835962234,,
61504663,LON,fail_incidence,17.5837680112389,0.7060331270754272,69.76525720084321,70.3538477592132,4.079831799324066,4.44461457553312,"(3.0, 15.0)",2025-07-16T12:51:46.479999542+00:00,0.07,,,,,,,,,,
61504668,LON,fail_incidence,19.21671952224408,0.8263839528603969,53.48176789590126,65.51341089998598,3.747854418164281,4.225281368047105,"(3.0, 5.0)",2025-07-18T14:10:04.069999695+00:00,0.4,,,,,,,,,,
61504683,LON,ok,15.852873787202187,0.8080925261584634,43.004368371099865,69.0488131374249,3.701327203861463,11.330527704448578,"(5.0, 15.0)",2025-07-08T12:34:49.229999542+00:00,0.38,3.8528737872021868,0.06,22.0,0.03,0.9685730319472645,0.08571428571428572,True,1.6210401484474037,,
61504703,LON,ok,16.72370280657023,0.8462355409561075,17.88353754013285,70.45680614566523,3.6884404079187014,7.240102746916404,"(5.0, 15.0)",2025-07-08T13:37:37.959999084+00:00,0.33,22.72370280657023,0.02,24.0,0.01,0.9057190958417937,0.09336870026525199,True,0.5422345975025668,,
61504708,LON,ok,19.24983999330183,0.8190872193297394,39.271485797619185,70.65981448669513,3.7106123246949,6.626218341196443,"(2.0, 8.0)",2025-07-08T13:47:33.689998627+00:00,-0.27,-40.75016000669817,0.06,51.0,0.07,0.0327587914302061,0.13929411764705882,True,1.616983795388364,,
61504738,LON,fail_incidence,16.909406252173873,0.835761778642053,54.29991301247403,64.738067808457,3.9637594324527416,8.621999559858757,"(10.0, 20.0)",2025-07-10T10:38:53.919998169+00:00,0.2,,,,,,,,,,
61504748,LON,fail_incidence,15.761125484287472,0.8146139965505799,53.202675603443446,72.37632114601784,3.64482480666108,3.245012801961838,"(10.0, 20.0)",2025-07-13T12:07:57.389999390+00:00,-0.67,,,,,,,,,,
61504753,LON,ok,17.21071309986506,0.7904904445887413,18.86988599994357,67.29243251788932,3.560313139216657,5.42961999301518,"(5.0, 15.0)",2025-07-14T09:03:38.079998016+00:00,-0.28,3.2107130998650604,0.08,7.0,0.03,0.0,0.10865874363327674,True,2.2469933646791995,,
62134047,LON,fail_incidence,15.75431559955008,0.8588196911320951,61.9257660481136,73.15882982293131,3.6619922215339553,6.901962259437211,"(5.0, 15.0)",2025-07-08T02:57:36.649997711+00:00,0.46,,,,,,,,,,
62134077,LON,fail_incidence,18.45096993896199,0.8807271298258821,48.92673888940656,75.61237926358405,3.7535824732225445,5.490286313516888,"(1.0, 8.0)",2025-07-08T05:14:01.960000038+00:00,0.34,,,,,,,,,,
62134107,LON,ok,19.10254897698796,0.9252476676923915,14.994718133916395,71.32106519458829,3.734368737052177,7.107275828410662,"(1.0, 5.0)",2025-07-08T08:45:38.549999237+00:00,1.46,31.10254897698796,0.18,67.0,0.07,-0.6912790224566709,0.1898901098901099,True,4.820091765819777,,
62134112,LON,ok,18.342976092246765,0.9194791543575599,20.047549380421348,72.53022569319756,3.745007429479699,12.50737183799306,"(5.0, 10.0)",2025-07-08T08:55:07.489999771+00:00,1.38,-29.657023907753235,0.04,19.0,0.01,0.8428651597363228,0.10256410256410257,True,1.0680886688002453,,
62134117,LON,ok,18.92645148319883,0.8097932429861606,34.404295129458696,74.75333079481642,3.721987430867321,7.784598394944447,"(3.0, 15.0)",2025-07-08T09:04:35.209999084+00:00,0.44,6.926451483198829,0.06,7.0,0.01,0.0,0.10393984962406017,True,1.612041983334114,,
62134122,LON,ok,18.216896025394618,0.689402564571862,25.83328828306552,69.26173791810984,3.7340090539448205,14.823106386513743,"(5.0, 15.0)",2025-07-08T09:15:15.029999495+00:00,0.34,10.216896025394618,0.06,6.0,0.01,1.0,0.09859943977591035,True,1.6068520224023712,,
62134127,LON,ok,18.186016967440548,0.8838380112091867,24.826683068648542,68.18603641209255,3.7149882061040396,7.156840241672132,"(10.0, 20.0)",2025-07-08T09:16:17.299999237+00:00,0.3,6.186016967440548,0.06,8.0,0.01,0.9685730319472645,0.06507078507078506,True,1.6150791515680971,,
62134137,LON,ok,18.837526624047005,0.9074349605276978,17.25047265553447,68.61891055329767,3.7242059018862945,11.85649054258941,"(10.0, 20.0)",2025-07-08T09:25:27.969999313+00:00,1.13,0.8375266240470047,0.06,48.0,0.09,-0.8271516757099551,0.0665945945945946,True,1.6110817065622032,,
62134142,LON,ok,18.39476637887217,0.8999137778018154,30.636327330093437,69.84890370166026,3.740118943840649,8.422056860403082,"(10.0, 20.0)",2025-07-08T09:31:55.639999390+00:00,0.3,2.39476637887217,0.06,9.0,0.03,0.0,0.06126495726495726,True,1.6042270553670486,,
62134147,LON,ok,18.83690746067132,0.8066416150175694,17.507826268356897,74.04974863098093,3.713417034642689,10.161820936802314,"(10.0, 20.0)",2025-07-08T09:40:51.139999390+00:00,0.27,-1.1630925393286802,0.06,49.0,0.09,0.0,0.09277641277641278,True,1.6157625023060007,,
62134152,LON,ok,18.748399680684614,0.8648525533150914,14.4813500489292,66.79871660802897,3.7255945688802226,9.724920445990797,"(10.0, 20.0)",2025-07-08T09:42:58.139999390+00:00,0.69,2.7483996806846136,0.08,49.0,0.09,0.0,0.07212698412698412,True,2.1473082623707245,,
62134162,LON,ok,17.916324191668977,0.8481122189249655,16.99189143782086,75.55799355280868,3.7499295053074113,13.077659568720987,"(10.0, 20.0)",2025-07-08T09:48:24.189998627+00:00,0.93,1.916324191668977,0.06,5.0,0.01,0.0,0.1057057057057057,True,1.600030078300934,,
62134167,LON,fail_exception,18.27622684941623,0.7988336173813058,18.219152195396134,69.43719891041765,3.702527884709845,6.714137322394304,"(3.0, 5.0)",2025-07-08T09:50:48.049999237+00:00,0.38,,,,,,,,,unsupported operand type(s) for /: 'NoneType' and 'float',"Traceback (most recent call last):
  File ""/Users/mhemmett/Seismology/mt-rainier/scripts/run_sws_generic.py"", line 203, in process_event
    splitting_obj.perform_sws_analysis(coord_system='LQT', sws_method='EV_and_XC',
    ~~~~~~~~~~~~~~~~~~~~~~~~~~~~~~~~~~^^^^^^^^^^^^^^^^^^^^^^^^^^^^^^^^^^^^^^^^^^^^
                                        cluster_eps=CLUSTER_EPS, cluster_min_samples=CLUSTER_MIN_SAMPLES)
                                        ^^^^^^^^^^^^^^^^^^^^^^^^^^^^^^^^^^^^^^^^^^^^^^^^^^^^^^^^^^^^^^^^^
  File ""/Users/mhemmett/Seismology/mt-rainier/swspy/splitting/split_windowcheck.py"", line 1695, in perform_sws_analysis
    Q_w = self._calc_Q_w(opt_phi, opt_lag, grid_search_results_all_win_XC, tr_T, method=""dbscan"")
  File ""/Users/mhemmett/Seismology/mt-rainier/swspy/splitting/split_windowcheck.py"", line 1385, in _calc_Q_w
    dt_diff = opt_lag_XC / opt_lag_EV
              ~~~~~~~~~~~^~~~~~~~~~~~
TypeError: unsupported operand type(s) for /: 'NoneType' and 'float'
"
62134172,LON,ok,19.93100767026818,0.7995504918605809,19.867875066778314,69.72082373006471,3.715363931624655,4.302030933172866,"(10.0, 20.0)",2025-07-08T09:51:40.799999237+00:00,0.09,1.9310076702681798,0.08,51.0,0.09,0.0,0.06918918918918919,True,2.153221096836605,,
62134182,LON,fail_no_result,18.393068920565927,0.824526865058846,18.768014151150965,67.95593083213804,3.711725422465757,6.898500670983527,"(1.0, 5.0)",2025-07-08T09:53:55.379997253+00:00,0.3,,,,,,,,,,
62134187,LON,ok,18.092686315399835,0.9155968767404099,19.608877215810487,74.25218363028655,3.7033831464170563,6.506934482044247,"(1.0, 20.0)",2025-07-08T09:54:08.069999695+00:00,0.28,26.092686315399835,0.02,64.0,0.03,0.8428651597363228,0.10393984962406017,True,0.5400467412978744,,
62134192,LON,ok,18.66362622984665,0.8880854789748275,18.91347042598964,72.96876321559391,3.7551379902988202,9.40472387340236,"(10.0, 20.0)",2025-07-08T09:55:59.479999542+00:00,1.62,-89.33637377015336,0.02,91.0,0.1,0.0,0.08126984126984127,True,0.5326035967697814,,
62134197,LON,ok,18.867283867946878,0.8715768982904649,19.372719607084672,70.9580144537489,3.738202430194967,8.644533386264872,"(3.0, 15.0)",2025-07-08T09:57:11.489999771+00:00,0.38,10.867283867946878,0.06,6.0,0.01,0.0,0.07893738140417456,True,1.6050495156537226,,
62134202,LON,ok,18.65724317215246,0.9145778058832565,20.433074811176713,73.46221926293968,3.6920659669505627,8.31975923308242,"(3.0, 15.0)",2025-07-08T09:58:59.899997711+00:00,0.47,-27.34275682784754,0.04,36.0,0.03,0.7171572875253809,0.15191919191919193,True,1.0834042608680075,,
62134207,LON,ok,18.83851590770293,0.9242481502959691,14.806055550287434,73.05360085187118,3.757616574500124,3.6629331992081386,"(10.0, 20.0)",2025-07-08T09:59:23.079999924+00:00,0.5,-1.1614840922970693,0.14,53.0,0.06,0.0,0.07015015015015015,True,3.7257659802244247,,
62134212,LON,ok,18.896720311565026,0.927259603509234,16.837101197235476,75.07812816884739,3.7305465331914434,6.785051062550831,"(5.0, 15.0)",2025-07-08T09:59:56.329998016+00:00,0.42,80.89672031156502,0.04,48.0,0.07,0.0,0.09024676850763808,True,1.0722289520881656,,
62134222,LON,ok,18.92635532417369,0.8938085039429957,25.554527551496417,67.78134675810097,3.735775150527247,5.925522807466336,"(10.0, 45.0)",2025-07-08T10:12:29.609998703+00:00,0.77,86.9263553241737,0.12,52.0,0.01,0.0,0.0484302689180738,True,3.21218475857852,,
62134227,LON,ok,19.19208063059118,0.9372402079000913,22.763257077034016,69.80560614526075,3.7234738557253584,4.1946066415375745,"(1.0, 20.0)",2025-07-08T10:15:59.739998102+00:00,0.02,5.192080630591182,0.06,7.0,0.05,-0.9214325798681613,0.08228571428571428,True,1.6113984500721459,,
62134232,LON,ok,18.393068920565927,0.9196433920042166,22.086053562061156,67.93444162883915,3.7133469259107152,8.102860479794913,"(10.0, 20.0)",2025-07-08T10:18:13.369999886+00:00,0.22,2.393068920565927,0.06,6.0,0.03,0.0,0.06507078507078506,True,1.6157930082249108,,
62134247,LON,ok,18.513142516085683,0.8429665541516953,19.13718193230314,70.16920132907096,3.73903315909515,5.655046437888698,"(10.0, 20.0)",2025-07-08T10:21:15.469999313+00:00,0.17,-87.48685748391432,0.18,9.0,0.01,0.0,0.072241653418124,True,4.814078729474551,,
62134252,LON,fail_snr,18.26258036740308,0.8881863620348975,19.220322351029594,69.46193247662835,3.7999063718858275,,None,2025-07-08T10:30:08.779999495+00:00,0.31,,,,,,,,,,
62134262,LON,ok,18.426750117514878,0.9598251712074721,27.285349105542895,77.22345540089637,3.9277230623786767,13.14616363267081,"(10.0, 20.0)",2025-07-08T10:33:50.559997559+00:00,1.14,4.426750117514878,0.06,8.0,0.03,-0.9214325798681613,0.0665945945945946,True,1.527602609631629,,
62134272,LON,ok,18.896727209092443,0.8803039731614563,19.0261592709637,70.68163298818493,3.758153602837149,9.024660878561626,"(10.0, 20.0)",2025-07-08T10:35:52.289997101+00:00,0.43,86.89672720909245,0.04,48.0,0.08,0.0,0.07726126126126126,True,1.0643524514219624,,
62134282,LON,ok,19.014206812188533,0.9000365635162919,25.086222404975327,71.85607998697614,3.7544973121411243,10.910870283840653,"(5.0, 15.0)",2025-07-08T10:43:10.579999924+00:00,0.4,11.014206812188533,0.06,6.0,0.03,0.0,0.07786175115207374,True,1.5980834453116988,,
62134287,LON,fail_no_result,17.982254042174343,0.7430120396375364,27.514967841576368,70.1754523865962,3.7353338307674555,7.607717131587737,"(1.0, 15.0)",2025-07-08T10:42:05.369999886+00:00,0.37,,,,,,,,,,
62134292,LON,ok,18.749401923790558,0.8420228987786428,18.838049455371078,70.43626048106994,3.713203901539598,6.392821120843357,"(2.0, 8.0)",2025-07-08T10:46:54.489998102+00:00,0.68,20.749401923790558,0.1,58.0,0.09,0.4776595878425264,0.25142857142857145,True,2.6930920749743157,,
62134302,LON,ok,18.80806333157504,0.8571284209753951,13.692322772865458,69.48911297764954,3.7416889757062335,7.390502532136403,"(1.0, 20.0)",2025-07-08T10:50:47.559997559+00:00,0.51,-83.19193666842496,0.06,49.0,0.06,0.0,0.08579459459459461,True,1.6035539134750014,,
62134307,LON,fail_no_result,18.746864779131368,0.8552403996242748,12.46170836030488,73.10468172682918,3.6818730494126264,7.494203114556793,"(10.0, 20.0)",2025-07-08T10:51:49.860000610+00:00,0.15,,,,,,,,,,
62134317,LON,ok,19.013816371994942,0.8257535012700501,19.238833129583497,72.01786354414352,3.7367505025338095,4.45744108106084,"(10.0, 20.0)",2025-07-08T10:55:08.210000038+00:00,0.48,-82.98618362800505,0.02,4.0,0.01,0.0,0.07314285714285715,True,0.5352243877785908,,
62134322,LON,ok,18.749896864360693,0.8286457228289292,23.464559244305658,71.62613560641994,3.73828036246826,5.2249090720441025,"(1.0, 8.0)",2025-07-08T10:55:37.250000+00:00,0.14,-25.250103135639307,0.12,43.0,0.07,0.0,0.1980952380952381,True,3.210032110078765,,
62134327,LON,ok,17.75999363898103,0.7732630856872518,28.218538778633274,73.21058322868335,3.7631174808530345,11.665083441270266,"(1.0, 5.0)",2025-07-08T11:01:13.949999809+00:00,0.37,87.75999363898103,0.04,58.0,0.08,0.0,0.19692307692307692,True,1.062948478316778,,
62134332,LON,fail_no_result,18.83690746067132,0.941075096029685,24.006768132605643,73.60766627780737,3.692632229813168,3.760217088103173,"(5.0, 10.0)",2025-07-08T11:05:29.709999084+00:00,0.39,,,,,,,,,,
62134337,LON,fail_no_result,19.074660139886483,0.8120291808094761,35.113740062057346,67.33059021978676,3.7181216946449767,8.052656832373135,"(5.0, 15.0)",2025-07-08T11:06:29.549999237+00:00,0.3,,,,,,,,,,
62134342,LON,ok,19.24983999330183,0.9351320891916519,12.98358846297291,71.37519261261855,3.754107884481735,10.169253111690931,"(5.0, 15.0)",2025-07-08T11:08:23.639999390+00:00,0.5,11.24983999330183,0.06,6.0,0.01,-0.9214325798681613,0.08228571428571428,True,1.59824922048779,,
62134347,LON,ok,18.632245229706538,0.8826922516724097,20.657510598603434,71.19015911573464,3.723666934440874,3.617007217814205,"(3.0, 15.0)",2025-07-08T11:10:08.979999542+00:00,0.58,-87.36775477029346,0.06,53.0,0.05,0.5192598299381348,0.09249032258064517,True,1.611314896212899,,
62134352,LON,ok,18.195487424288164,0.8727809972176822,23.449592315137572,73.01521014400458,3.7692272843607446,3.2800919908379393,"(2.0, 8.0)",2025-07-08T11:10:39.229999542+00:00,0.38,-69.80451257571184,0.06,13.0,0.04,0.0,0.13136842105263158,True,1.591838206439597,,
62134357,LON,ok,18.747892294452814,0.8578317823585727,16.116501957079414,74.2961266877116,3.7045739720543494,13.204059026947785,"(10.0, 20.0)",2025-07-08T11:10:52.579998016+00:00,1.15,4.747892294452814,0.06,5.0,0.01,-0.9214325798681613,0.09554697554697554,True,1.619619434045944,,
62134362,LON,fail_snr,18.896731620611224,0.8042899288501343,17.416965750377276,73.56753786905942,3.791331058637975,1.944530709175383,"(5.0, 45.0)",2025-07-08T11:12:27.149999619+00:00,0.32,,,,,,,,,,
62134367,LON,ok,18.484258499335546,0.7562199383108175,36.075664679765836,70.7192075734217,3.737825709974231,7.590395932928721,"(5.0, 15.0)",2025-07-08T11:13:30.679998398+00:00,0.63,14.484258499335546,0.02,21.0,0.01,0.9685730319472645,0.11003508771929824,True,0.5350704273511426,,
62134372,LON,ok,18.746864779131368,0.9646893357855646,27.8579824783519,73.03107212740227,3.6778869113644688,4.6497309930090935,"(5.0, 15.0)",2025-07-08T11:15:11.359999657+00:00,0.61,10.746864779131368,0.14,10.0,0.06,0.0,0.13556650246305418,True,3.806533571421342,,
62134377,LON,ok,18.718400176667995,0.8370961335547068,39.59932943688396,65.79487177535881,3.691341641481604,13.694342236567305,"(10.0, 20.0)",2025-07-08T11:23:02.429999828+00:00,0.49,8.718400176667995,0.06,12.0,0.01,-0.7014438034990133,0.06827880512091039,True,1.6254252742620063,,
62134387,LON,ok,19.776657555357826,0.9245513118585639,35.27669232508745,71.26636270508678,3.7206243304823614,5.202285550286101,"(5.0, 10.0)",2025-07-08T11:24:57.129997253+00:00,0.48,29.776657555357826,0.1,13.0,0.01,0.5378525701536573,0.13333333333333333,True,2.687720960719393,,
62134392,LON,ok,19.707453196952795,0.861369984009919,27.754898027255855,67.70948210218573,3.7766935064228897,6.463365830992156,"(3.0, 15.0)",2025-07-08T11:26:44.270000458+00:00,-0.04,1.7074531969527946,0.12,54.0,0.07,-0.9214325798681613,0.09024676850763808,True,3.177382538347902,,
62134397,LON,ok,18.30884840870604,0.8324765208110934,18.75138020800756,72.11466458602493,3.7823653858027018,4.061968953217217,"(2.0, 8.0)",2025-07-08T11:28:46.069999695+00:00,0.32,22.30884840870604,0.08,63.0,0.08,0.9685730319472645,0.13456410256410256,True,2.1150785775558334,,
62134402,LON,ok,19.971630060613037,0.810678924062343,38.58418575163558,65.22989374292669,3.7682272544358795,6.251530296641622,"(10.0, 20.0)",2025-07-08T11:35:08.529999495+00:00,0.32,1.9716300606130375,0.06,6.0,0.01,0.0,0.06242068155111633,True,1.5922606559720949,,
62134407,LON,ok,19.58483335558795,0.8249813347328253,22.75908095808349,73.12414428446019,3.6711721490664027,12.072251414349305,"(10.0, 20.0)",2025-07-08T11:36:36.329998016+00:00,0.47,5.58483335558795,0.06,11.0,0.01,0.9371460638945291,0.06736842105263158,True,1.634355392875224,,
62134412,LON,ok,18.717789497667262,0.9444121096440597,19.64750174861491,74.06242380886613,3.7009586845964093,4.112775008977944,"(3.0, 15.0)",2025-07-08T11:37:40.469997406+00:00,0.47,-77.28221050233273,0.02,5.0,0.01,-0.9842865159736323,0.13846153846153847,True,0.5404005206337775,,
62134417,LON,fail_incidence,19.381781100217786,0.8091262913457095,59.67795780376979,69.5014266328223,3.619053086850593,10.290839824624511,"(1.0, 20.0)",2025-07-08T11:40:32.750000+00:00,0.46,,,,,,,,,,
62134422,LON,ok,18.423578591308193,0.7915278890620694,22.322435528023494,69.05184787600423,3.738030441111426,9.676807607754421,"(3.0, 15.0)",2025-07-08T11:40:43.610000610+00:00,0.69,4.423578591308193,0.06,4.0,0.01,-0.8585786437626906,0.10196301564722617,True,1.6051233649707852,,
62134427,LON,ok,18.68391350029831,0.7555393049515882,33.922991694456755,68.56266501511026,3.599171545116718,4.589997302084556,"(1.0, 20.0)",2025-07-08T11:41:51.669998169+00:00,0.16,-87.3160864997017,0.14,7.0,0.01,-0.2594731979391829,0.07116602316602318,True,3.8897840307153224,,
62134437,LON,ok,19.07646634742792,0.8315493095327791,21.54895431589343,71.7931331122031,3.641578250953727,11.967381320950963,"(5.0, 15.0)",2025-07-08T11:46:45.329998016+00:00,0.58,-82.92353365257208,0.14,4.0,0.01,0.0,0.08,True,3.8444869326461433,,
62134442,LON,ok,16.834262126495855,0.8785394773247545,39.0523190239367,72.36296562836078,3.645859742380292,7.6213363102159555,"(10.0, 20.0)",2025-07-08T11:46:59.590000153+00:00,0.72,-77.16573787350414,0.02,25.0,0.01,0.0,0.07196401799100449,True,0.5485674549548769,,
62134447,LON,fail_snr,19.132303568335306,0.8590301592160319,11.271810497427625,70.40994994034966,3.7040649012031466,,None,2025-07-08T11:44:38.729999542+00:00,-0.01,,,,,,,,,,
62134457,LON,ok,18.956667934583596,0.8521242206092411,26.664182160539823,72.24914360897256,3.6507391767939104,4.647795908608673,"(10.0, 45.0)",2025-07-08T11:51:38.909999847+00:00,1.08,-15.043332065416404,0.08,12.0,0.01,-0.6700168354462779,0.04929396662387676,True,2.1913370450708625,,
62134462,LON,ok,18.570066880584548,0.9690709256278094,21.260406453450415,76.21668470346928,3.771957611265109,6.51296867634929,"(3.0, 15.0)",2025-07-08T11:52:34.090000153+00:00,0.78,-77.42993311941545,0.02,48.0,0.06,0.0,0.12907563025210084,True,0.5302286521001499,,
62134467,LON,ok,16.97626379924598,0.8691519899979913,15.193370888608992,78.5154068282023,3.742495203315827,5.650124503130609,"(3.0, 15.0)",2025-07-08T11:54:00.420000076+00:00,0.96,10.97626379924598,0.02,11.0,0.01,0.9685730319472645,0.1476923076923077,True,0.5344028225414992,,
62134472,LON,ok,19.016187014641314,0.8308733605581982,23.121134718048555,72.57717600492002,3.658334124685848,5.358215715100785,"(2.0, 8.0)",2025-07-08T11:55:40.469997406+00:00,0.67,47.01618701464132,0.16,27.0,0.06,-0.43168811814134267,0.27428571428571424,True,4.373575363724867,,
62134477,LON,ok,18.36424951178286,0.8618280710826257,26.45394026054055,68.83112753949092,3.7251576850947394,9.058732798936676,"(5.0, 15.0)",2025-07-08T11:56:57.909999847+00:00,0.3,8.364249511782859,0.02,6.0,0.09,0.0,0.08126984126984127,True,0.5368900242807132,,
62134482,LON,fail_incidence,19.286356518776778,0.8621903418395196,55.13539221516237,72.81303431053713,3.666744332874222,19.41121341459274,"(10.0, 20.0)",2025-07-08T11:57:56.369998932+00:00,0.68,,,,,,,,,,
62134487,LON,ok,18.443262787293076,0.8611098488041828,26.951131487498625,70.58067239039814,3.6482679236310602,6.339036356402714,"(1.0, 20.0)",2025-07-08T11:58:03.119999886+00:00,1.25,76.44326278729308,0.04,72.0,0.09,0.6340916933316643,0.12,True,1.0964107033068085,,
62134492,LON,fail_no_result,17.845859349641298,0.9220976581685494,18.80738478636835,72.5484214571309,3.66809834516676,2.683168908569738,"(1.0, 5.0)",2025-07-08T12:00:42.049999237+00:00,0.34,,,,,,,,,,
62134502,LON,ok,19.40415397132593,0.7942868642090322,43.331940907874696,73.86693629966923,3.6962187185995816,11.878093098623197,"(5.0, 15.0)",2025-07-08T12:03:42.619998932+00:00,0.56,-0.595846028674071,0.06,6.0,0.03,0.0,0.07822222222222222,True,1.623280562323777,,
62134507,LON,ok,19.60856917036185,0.8307572644009451,37.23229363258406,67.30290371412997,3.7373654951675905,11.208708288449943,"(5.0, 15.0)",2025-07-08T12:03:50.149997711+00:00,0.4,9.60856917036185,0.06,50.0,0.08,0.0,0.0776470588235294,True,1.6054089458892882,,
62134512,LON,ok,19.278558857378354,0.9494654621692871,25.443644393466336,71.77449703621275,3.7486400048910893,8.597350443204197,"(1.0, 15.0)",2025-07-08T12:04:05.519999981+00:00,0.65,9.278558857378354,0.06,6.0,0.01,0.0,0.07923809523809525,True,1.6005804750980137,,
62134517,LON,ok,17.192326778033173,0.6640776724271733,30.19344422654225,71.53467810024824,3.749155656841242,7.88183588743272,"(5.0, 10.0)",2025-07-08T12:04:24.489999771+00:00,0.49,-36.80767322196682,0.06,14.0,0.01,0.49716851115623284,0.12495238095238095,True,1.6003603342132644,,
62134527,LON,ok,18.95510015942686,0.9674529169260342,21.633109134456426,73.26840579642958,3.773839562507039,4.814672771540725,"(5.0, 30.0)",2025-07-08T12:09:30.389999390+00:00,0.42,-85.04489984057314,0.02,12.0,0.02,0.0,0.07771428571428571,True,0.5299642358593959,,
62134532,LON,fail_incidence,18.777473952317468,0.8888829054513339,45.1732170999432,74.09098833641445,3.700866763706763,16.14581336288369,"(3.0, 15.0)",2025-07-08T12:09:55.799999237+00:00,0.68,,,,,,,,,,
62134537,LON,ok,19.78856453379894,0.8916376880005253,27.32901199052669,66.08009851950659,3.6936642664964716,9.476636487130277,"(1.0, 15.0)",2025-07-08T12:10:14.519999503+00:00,0.72,7.78856453379894,0.04,12.0,0.01,0.0,0.1098989898989899,True,1.0829354568800849,,
62134542,LON,ok,18.661278457268345,0.8586691572245098,26.182862580420586,71.01499633977377,3.733305212747818,7.048917433205873,"(5.0, 15.0)",2025-07-08T12:14:47.659999847+00:00,0.36,8.661278457268345,0.02,4.0,0.01,0.0,0.07657142857142857,True,0.5357183209052291,,
62134547,LON,ok,19.667609353029672,0.9825428314018672,25.29604911922293,68.18075074859073,3.6959274478869673,3.655399490130536,"(5.0, 10.0)",2025-07-08T12:15:16.949998856+00:00,0.37,-72.33239064697032,0.08,7.0,0.01,0.0,0.12862745098039216,True,2.164544654298816,,
62134552,LON,ok,18.286502842298095,0.7145946780197836,11.008419631745861,73.92938663730014,3.7845878536568316,7.018167501637615,"(2.0, 8.0)",2025-07-08T12:17:06.289999962+00:00,0.17,14.286502842298095,0.06,27.0,0.05,-0.7957247076572196,0.1527017543859649,True,1.5853773863916363,,
62134562,LON,ok,20.04017065198382,0.9052460440353028,28.910815843309848,71.19919139453698,3.6308944390389066,12.469980692290479,"(5.0, 30.0)",2025-07-08T12:23:24.139999390+00:00,0.41,0.040170651983821415,0.06,7.0,0.01,0.0,0.06581410678971655,True,1.6524853863799445,,
62134567,LON,fail_no_result,19.580185426063565,0.9163233679158967,18.885754356321325,67.3194879279683,3.681262964342392,3.2116523577850966,"(1.0, 5.0)",2025-07-08T12:26:19.199998856+00:00,0.68,,,,,,,,,,
62134572,LON,fail_no_result,19.33862078761636,0.851746997552092,24.840153234104918,70.79896595386872,3.7315984459335962,7.18999585710565,"(1.0, 15.0)",2025-07-08T12:26:53.930000305+00:00,0.55,,,,,,,,,,
62134582,LON,ok,18.955488884146327,0.8903798201550082,31.91755042867376,71.74586370416337,3.7530078005233802,4.974135750515897,"(1.0, 5.0)",2025-07-08T12:30:53.189998627+00:00,0.43,-3.0445111158536733,0.12,32.0,0.07,-0.6700168354462779,0.19200000000000003,True,3.1974354005676524,,
62134587,LON,ok,15.809484419240874,0.7887018902696611,41.15135467001971,66.3237902840526,3.7105608974414768,4.428477150075349,"(1.0, 5.0)",2025-07-08T12:31:44.779998779+00:00,0.43,-78.19051558075913,0.12,91.0,0.1,0.0,0.23272727272727273,True,3.234012412590855,,
62134597,LON,fail_exception,19.456057742036705,0.9071815411425663,36.40874442568679,70.81594164052646,3.7200645162307677,6.825554813349239,"(1.0, 8.0)",2025-07-08T12:34:11.469999313+00:00,0.88,,,,,,,,,unsupported operand type(s) for /: 'NoneType' and 'float',"Traceback (most recent call last):
  File ""/Users/mhemmett/Seismology/mt-rainier/scripts/run_sws_generic.py"", line 203, in process_event
    splitting_obj.perform_sws_analysis(coord_system='LQT', sws_method='EV_and_XC',
    ~~~~~~~~~~~~~~~~~~~~~~~~~~~~~~~~~~^^^^^^^^^^^^^^^^^^^^^^^^^^^^^^^^^^^^^^^^^^^^
                                        cluster_eps=CLUSTER_EPS, cluster_min_samples=CLUSTER_MIN_SAMPLES)
                                        ^^^^^^^^^^^^^^^^^^^^^^^^^^^^^^^^^^^^^^^^^^^^^^^^^^^^^^^^^^^^^^^^^
  File ""/Users/mhemmett/Seismology/mt-rainier/swspy/splitting/split_windowcheck.py"", line 1695, in perform_sws_analysis
    Q_w = self._calc_Q_w(opt_phi, opt_lag, grid_search_results_all_win_XC, tr_T, method=""dbscan"")
  File ""/Users/mhemmett/Seismology/mt-rainier/swspy/splitting/split_windowcheck.py"", line 1385, in _calc_Q_w
    dt_diff = opt_lag_XC / opt_lag_EV
              ~~~~~~~~~~~^~~~~~~~~~~~
TypeError: unsupported operand type(s) for /: 'NoneType' and 'float'
"
62134602,LON,ok,19.282421731743806,0.7948577985610321,36.95674694774231,70.7081575396216,3.8324195085289583,8.286498888032416,"(5.0, 15.0)",2025-07-08T12:34:33.989998102+00:00,0.48,9.282421731743806,0.06,7.0,0.01,1.0,0.07786175115207374,True,1.565590611008827,,
62134607,LON,ok,18.51570803821357,0.9369355138670826,21.338696551112125,72.66002381415636,3.7780896884715927,4.331461008609482,"(10.0, 20.0)",2025-07-08T12:36:33.180000305+00:00,0.37,88.51570803821357,0.04,7.0,0.01,0.0,0.06182863714778609,True,1.0587361152927472,,
62134612,LON,ok,18.540912245493793,0.8779480363965977,31.153825802424414,67.40490607084679,3.7102260293871057,8.072225905696937,"(1.0, 20.0)",2025-07-08T12:47:37.110000610+00:00,0.28,4.540912245493793,0.06,5.0,0.01,-0.9528595479208969,0.10196301564722617,True,1.6171521498896775,,
62134617,LON,ok,18.35134208455313,0.7976299556734335,25.36328856420734,70.99069388695908,3.7027512731404126,2.8720536340901157,"(10.0, 45.0)",2025-07-08T12:53:23.519998549+00:00,0.45,26.35134208455313,0.02,19.0,0.01,0.0,0.06637037037037037,True,0.5401389000951557,,
62134622,LON,fail_incidence,19.103238343054795,0.9271654768084524,47.87569036309801,70.0406638768086,3.7043166177559894,,None,2025-07-08T12:53:43.340000153+00:00,0.6,,,,,,,,,,
62134632,LON,fail_no_result,19.279838625785754,0.8014221744250967,21.6967562789163,71.48866318200253,3.782982209740925,6.3527966069839685,"(1.0, 20.0)",2025-07-08T12:56:12.069999695+00:00,0.32,,,,,,,,,,
62134637,LON,ok,20.926566919355977,0.8060344123489687,42.67148863563508,78.99595985252898,4.074074268826882,9.62520136178659,"(5.0, 30.0)",2025-07-08T12:57:39.029998779+00:00,0.48,2.9265669193559773,0.06,9.0,0.03,0.9685730319472645,0.08296296296296296,True,1.4727272023265503,,
62134642,LON,fail_incidence,18.431422986140213,0.7786520767579068,46.937020647502834,73.4807525749673,3.7664317857432184,4.898104009202669,"(5.0, 15.0)",2025-07-08T13:00:31.689998627+00:00,0.3,,,,,,,,,,
62134647,LON,ok,15.63959783001539,0.8445348713275043,10.005543640080719,75.24983005353609,3.7468754539968323,13.861652294328188,"(1.0, 5.0)",2025-07-08T13:01:16.010000229+00:00,0.7,-84.36040216998461,0.06,19.0,0.02,0.0,0.17142857142857143,True,1.6013342513426048,,
62134657,LON,ok,19.015389257763957,0.8081761885761841,19.045047684229434,67.57540372656679,3.693038146501059,9.413940027826163,"(5.0, 30.0)",2025-07-08T13:01:57.389999390+00:00,0.46,5.015389257763957,0.06,7.0,0.01,0.0,0.07025563909774436,True,1.6246785876513772,,
62134662,LON,ok,18.926259033873986,0.8570115477372259,37.33325373093569,69.74648311176296,3.7104952755867164,4.560819842517738,"(5.0, 10.0)",2025-07-08T13:02:43.360000610+00:00,0.2,-73.07374096612601,0.1,50.0,0.05,0.0,0.12495238095238095,True,2.695058006351663,,
62134667,LON,fail_snr,20.416930438579914,0.9379477097702476,31.187133983494146,70.55012489655827,3.7892121459530945,1.970667338637034,"(5.0, 45.0)",2025-07-08T13:02:48.689998627+00:00,-0.01,,,,,,,,,,
62134672,LON,ok,17.72088710798053,0.8679108701302078,17.995562489205614,71.0486378790356,3.719672502361895,11.587082597203898,"(1.0, 5.0)",2025-07-08T13:08:26.149999619+00:00,0.39,-80.27911289201947,0.06,57.0,0.09,-0.7515480025000233,0.20512820512820515,True,1.6130452334688488,,
62134677,LON,fail_no_result,18.988614195205074,0.801752499018404,14.409997641753542,73.21748988154093,3.81127902743962,2.831206781747724,"(5.0, 10.0)",2025-07-08T13:06:33.860000610+00:00,0.29,,,,,,,,,,
62134687,LON,ok,17.61268462830428,0.9219351222220531,33.171157804595836,74.69234924282499,3.7307647005291193,12.50700087745866,"(1.0, 20.0)",2025-07-08T13:09:11.829999924+00:00,0.74,-68.38731537169572,0.04,50.0,0.04,0.0,0.07535930735930736,True,1.0721662503756124,,
62134697,LON,ok,18.360628053722003,0.8298205562640222,27.724922988949942,74.48959033205784,3.7153364329162657,3.4860686951652924,"(3.0, 15.0)",2025-07-08T13:13:33.209999084+00:00,0.55,-69.639371946278,0.06,8.0,0.01,0.0,0.0861952861952862,True,1.6149277752729494,,
62134702,LON,fail_incidence,16.720664701708255,0.7787070533080271,45.87289244380978,73.17526650888144,3.662457247084947,12.189939616985985,"(5.0, 15.0)",2025-07-08T13:13:57.049999237+00:00,0.28,,,,,,,,,,
62134707,LON,ok,19.108895693955294,0.7944426648421286,30.19051481822387,69.50145234633749,3.614882986329581,13.486028183719137,"(10.0, 20.0)",2025-07-08T13:15:04.059999943+00:00,0.56,5.108895693955294,0.06,13.0,0.03,0.0,0.06918918918918919,True,1.6598047634433055,,
62134712,LON,fail_incidence,17.617042222823077,0.8715384951493048,46.50871856338501,74.0813197382303,3.6922728903104667,11.128597745577292,"(1.0, 5.0)",2025-07-08T13:18:57.399997711+00:00,0.56,,,,,,,,,,
62134717,LON,fail_incidence,16.53947946403394,0.8707315641929301,45.38715146753139,73.49358265173758,3.672207183697246,9.93463168825975,"(5.0, 15.0)",2025-07-08T13:21:03.240000010+00:00,0.39,,,,,,,,,,
62134722,LON,ok,16.201832283533246,0.8398538110952399,23.900427635391555,64.92014791302199,3.620887238967262,4.966091767810981,"(1.0, 5.0)",2025-07-08T13:21:27.269998550+00:00,0.71,-85.79816771646675,0.06,91.0,0.1,0.0,0.17375565610859728,True,1.6570524305284087,,
62134737,LON,ok,18.399786412842914,0.8345311118792662,29.97308887990798,72.4170161652122,3.7435181574596057,10.535574886205717,"(3.0, 15.0)",2025-07-08T13:41:49.039997101+00:00,0.56,6.399786412842914,0.06,6.0,0.03,0.0,0.07535930735930736,True,1.6027703747192905,,
62134742,LON,ok,16.23535036711483,0.9239375502671638,11.56675807448463,74.20499701035953,3.766135445731925,8.121585481330596,"(5.0, 15.0)",2025-07-08T13:43:05.839999676+00:00,0.57,-53.76464963288517,0.06,37.0,0.03,0.7171572875253809,0.09120772946859904,True,1.5931450385831616,,
62134747,LON,ok,17.724812702319614,0.9044465211165377,33.87137340279812,72.22258250370393,3.7491986133253454,11.067494175566626,"(1.0, 15.0)",2025-07-08T13:47:00.220000029+00:00,0.39,15.724812702319614,0.06,13.0,0.01,0.4343145750507619,0.08382536382536383,True,1.6003419980672375,,
62134767,LON,fail_no_result,18.111351070371544,0.7750649095555888,14.346996513779358,78.93600153426672,3.9649817102019798,4.9001314041017965,"(10.0, 20.0)",2025-07-08T14:06:04.159999847+00:00,0.41,,,,,,,,,,
62134777,LON,ok,17.916324191668977,0.908228506503605,16.938570234927976,74.71664044664938,3.7151308038560527,4.679607652707227,"(1.0, 5.0)",2025-07-08T14:07:41.540000916+00:00,0.6,33.91632419166898,0.14,21.0,0.06,0.8742921277890582,0.17846153846153848,True,3.7683733734136506,,
62134782,LON,ok,19.16574553735774,0.8664066027881657,33.59469967511574,73.14482209300462,3.6688144885546996,16.52734551417618,"(10.0, 20.0)",2025-07-08T14:09:43.629997253+00:00,0.65,5.16574553735774,0.06,7.0,0.01,1.0,0.07015015015015015,True,1.6354056654316287,,
62134792,LON,ok,19.27728684069717,0.9400878558705412,21.407131746318722,72.51584940757988,3.755734170882106,7.531808709301056,"(1.0, 15.0)",2025-07-08T14:13:52.369998932+00:00,0.47,11.277286840697169,0.06,91.0,0.1,-0.9214325798681613,0.08777142857142857,True,1.5975571558065795,,
62134797,LON,ok,16.87693483225682,0.8550123538501049,22.594673373062353,75.56898076599333,3.9528096294208135,4.887302374238656,"(1.0, 8.0)",2025-07-08T14:16:40.379997253+00:00,0.53,-13.123065167743182,0.1,21.0,0.01,0.9685730319472645,0.13883597883597884,True,2.529846093667115,,
62134802,LON,ok,19.48440617935321,0.8378329932822058,18.98718220124083,71.58457119537253,3.7405129134124455,2.11594581848808,"(5.0, 10.0)",2025-07-08T14:20:02.559999943+00:00,0.14,-56.515593820646785,0.02,8.0,0.01,0.11375392877292145,0.11913419913419913,True,0.5346860300437817,,
62134822,LON,ok,19.18339514425616,0.7838221167799005,39.60318876460614,71.59735331736623,3.8339746606595924,4.175327955260635,"(2.0, 8.0)",2025-07-08T14:27:11.880000114+00:00,0.27,-44.81660485574384,0.04,30.0,0.05,0.46574154310349747,0.15411371237458193,True,1.0433037132571568,,
62134827,LON,ok,14.99532530825938,0.8559251829495517,16.87751659207014,73.57495084391256,3.9474525614108584,4.202363953073933,"(1.0, 5.0)",2025-07-08T14:28:44.009998322+00:00,1.13,-7.00467469174062,0.12,19.0,0.02,0.8114381916835873,0.20779220779220778,True,3.0399352020866544,,
62134832,LON,fail_snr,17.625667201817354,0.8676899738348405,13.317534474320183,69.15697023636793,3.7012384411381802,,None,2025-07-08T14:29:16.709999084+00:00,0.31,,,,,,,,,,
62134862,LON,fail_no_result,20.264189846509346,0.8411488411260367,22.053941972451554,73.75716660871942,3.7809671079458145,3.468686180904516,"(5.0, 10.0)",2025-07-08T14:43:25.369998932+00:00,0.48,,,,,,,,,,
62134867,LON,ok,18.837928628843063,0.8895608956326071,18.33478951127013,71.1608287052229,3.725014507258196,3.211157803845032,"(5.0, 30.0)",2025-07-08T14:45:04.549999714+00:00,0.35,8.837928628843063,0.06,13.0,0.03,0.0,0.07588491717523976,True,1.6107319819316117,,
62134882,LON,ok,15.99532748592959,0.7764662357343604,36.17048822765971,66.70084166829558,3.5649276652848956,14.217044016917747,"(10.0, 20.0)",2025-07-08T14:53:31.459999084+00:00,0.7,3.9953274859295895,0.02,17.0,0.03,0.9685730319472645,0.08123076923076923,True,0.5610212009281168,,
62134887,LON,fail_incidence,16.375613568168237,0.9064825352593185,54.59278162667029,68.88427464451163,3.5799454637027486,8.270178487905138,"(5.0, 15.0)",2025-07-08T14:54:14.979999542+00:00,0.62,,,,,,,,,,
62134892,LON,fail_incidence,16.036588537103896,0.9104903634381051,51.94284962718899,72.45309020224533,3.7364840560318284,8.511971027248443,"(1.0, 15.0)",2025-07-08T14:56:30.629999161+00:00,0.45,,,,,,,,,,
62134897,LON,ok,19.106743908429447,0.7754247975480206,29.144084436217565,72.38351851440285,3.6542068535504955,5.923140935262288,"(3.0, 15.0)",2025-07-08T15:01:58.649997711+00:00,0.62,-68.89325609157055,0.08,19.0,0.01,0.1501634144012025,0.12270152505446622,True,2.189257565489773,,
62134902,LON,fail_incidence,16.612395993438483,0.8616536259245472,50.03710839975845,71.69199067969424,3.7227971514639195,12.031624278212457,"(10.0, 20.0)",2025-07-08T15:06:08.420000076+00:00,0.26,,,,,,,,,,
62134907,LON,fail_incidence,17.728711458582204,0.7732238003656857,48.496303409742154,72.9869890890738,3.762976679980671,8.414635205482979,"(5.0, 10.0)",2025-07-08T15:08:10.300000191+00:00,0.36,,,,,,,,,,
62134912,LON,ok,19.525226121528878,0.8031480013982661,38.96927073040068,72.63706018214368,3.6599876022146867,4.668108022155083,"(3.0, 15.0)",2025-07-08T15:07:22.350000381+00:00,0.26,1.5252261215288776,0.06,7.0,0.01,-0.7957247076572196,0.128,True,1.6393498153844437,,
62134917,LON,fail_incidence,16.391584271827888,0.8554245578733629,47.72576641806724,72.86999248464163,3.745906406006326,11.061391111055201,"(1.0, 15.0)",2025-07-08T15:12:49.819999695+00:00,0.41,,,,,,,,,,
62134922,LON,fail_incidence,16.37459839483435,0.8985329014549555,54.211594794719815,66.2919165901803,3.757078419905431,6.399462209580766,"(5.0, 15.0)",2025-07-08T15:16:39.680000305+00:00,0.21,,,,,,,,,,
62134927,LON,ok,17.107217150461295,0.9263718346595156,43.09711464059455,68.61141500573726,3.932459990172237,11.958404421389744,"(1.0, 5.0)",2025-07-08T15:17:00.599999905+00:00,0.74,15.107217150461295,0.04,91.0,0.1,0.0,0.22303030303030305,True,1.0171750024149147,,
62134932,LON,fail_incidence,17.26881359089758,0.910059032130331,46.33240854915614,67.90084439103154,3.9244183425489387,12.708204308343166,"(1.0, 5.0)",2025-07-08T15:17:49.419998169+00:00,1.02,,,,,,,,,,
62134937,LON,fail_incidence,15.780192161571751,0.8700618998687479,56.70018341199751,69.68184148738256,3.8556871953980654,7.899820960476167,"(1.0, 8.0)",2025-07-08T15:18:06.059999943+00:00,-0.19,,,,,,,,,,
62134947,LON,ok,17.689967912026336,0.8254190084932369,40.46119165942198,70.65770556873717,3.8158464529257285,17.05791189842373,"(1.0, 5.0)",2025-07-08T15:24:30.639999390+00:00,0.76,9.689967912026336,0.08,91.0,0.1,0.0,0.1980952380952381,True,2.0965204178659103,,
62134952,LON,ok,16.94813868096984,0.8609456405903418,21.502080892589166,69.58286173938495,3.702702859212917,17.596148290334597,"(1.0, 15.0)",2025-07-08T15:27:21.129999161+00:00,0.86,12.94813868096984,0.06,13.0,0.01,1.0,0.0793984962406015,True,1.6204378877097956,,
62134957,LON,ok,19.01499323637703,0.8019251626067101,24.28689992652315,69.28900190407262,3.70616045671247,12.05122400680352,"(10.0, 20.0)",2025-07-08T15:31:15.119999886+00:00,0.63,11.01499323637703,0.06,11.0,0.01,-0.8271516757099551,0.07116602316602318,True,1.6189261285579275,,
62134962,LON,ok,15.718637297794617,0.7071652981517365,10.704825810629506,77.78719357366441,3.9373094427567144,13.140251158913356,"(5.0, 10.0)",2025-07-08T15:32:01.679999828+00:00,0.72,17.718637297794615,0.02,6.0,0.01,0.9685730319472645,0.10256410256410257,True,0.507961090962588,,
62134972,LON,fail_incidence,15.35713486399132,0.8726494090771497,62.62967615933163,73.56231599593004,3.8520528929384006,6.912478516957519,"(1.0, 5.0)",2025-07-08T15:35:14.380000114+00:00,0.31,,,,,,,,,,
62134977,LON,fail_incidence,15.418091202227979,0.9014052264987185,59.4445848988203,72.30042942878353,3.7349574770915313,9.27813080140238,"(2.0, 8.0)",2025-07-08T15:38:27.949998856+00:00,0.3,,,,,,,,,,
62134982,LON,fail_incidence,16.45750042912836,0.9190478853903071,54.520106625198416,70.50186415743902,3.791025401814701,8.399585634141102,"(2.0, 8.0)",2025-07-08T15:40:41.479999542+00:00,0.25,,,,,,,,,,
62135002,LON,ok,16.626257345294746,0.8660523060649394,39.90684465259475,72.43974817226331,3.6466354852025,8.163920846404551,"(2.0, 8.0)",2025-07-08T15:50:10.889999390+00:00,0.3,-11.373742654705254,0.08,18.0,0.01,1.0,0.133475935828877,True,2.1938030363777243,,
62135012,LON,ok,17.103600594096104,0.8160646659310933,28.055698273367287,67.36304277632475,3.7874932611498253,12.23942413013954,"(1.0, 5.0)",2025-07-08T15:57:14.460000038+00:00,0.66,9.103600594096104,0.1,91.0,0.1,0.0,0.20512820512820515,True,2.640268724059499,,
62135017,LON,fail_no_result,16.42520681818171,0.8007822201620876,40.65238340774063,72.97642749526244,3.748366147184068,8.179991713542293,"(1.0, 20.0)",2025-07-08T15:57:39.169998169+00:00,0.87,,,,,,,,,,
62135022,LON,ok,17.76488973739843,0.8409533252019923,15.32267420901599,73.58736770894019,3.6747664013015826,14.36452474565248,"(1.0, 5.0)",2025-07-08T15:57:25.299999237+00:00,0.97,21.76488973739843,0.04,8.0,0.02,0.053922979670755544,0.21942857142857142,True,1.0885045641494986,,
62135027,LON,ok,16.015378708895096,0.7883836142567706,27.463313918063022,69.24928633805273,3.5828508247608375,10.417273640851079,"(10.0, 20.0)",2025-07-08T15:58:55.459999084+00:00,0.26,2.0153787088950956,0.02,12.0,0.01,0.9685730319472645,0.08205128205128204,True,0.5582147004776578,,
62135032,LON,ok,16.517113021484928,0.8095127527295084,44.48619380526462,67.48798368141692,3.566474888432122,7.977862022701607,"(1.0, 20.0)",2025-07-08T15:59:35.930000305+00:00,0.66,-3.4828869785150722,0.02,6.0,0.01,-0.9842865159736324,0.07176651305683564,True,0.5607778163494181,,
62135037,LON,ok,16.366710751978612,0.8687063974037815,34.24194641463773,70.60797583415588,3.6056617859147377,10.88729210016317,"(5.0, 10.0)",2025-07-08T16:02:35+00:00,0.21,14.366710751978612,0.02,11.0,0.01,0.9057190958417937,0.11428571428571428,True,0.5546831951385064,,
62135047,LON,fail_incidence,14.469945066918669,0.8751388582979507,53.00396154993419,72.0496570968943,3.6370990910856213,5.273570735419456,"(10.0, 20.0)",2025-07-08T16:08:03.189999819+00:00,0.16,,,,,,,,,,
62135052,LON,ok,17.08334055123502,0.7572697688391565,35.80821604443457,69.83295110474886,3.795198555136108,15.039755495425766,"(1.0, 5.0)",2025-07-08T16:12:16.680000305+00:00,0.45,11.083340551235018,0.08,91.0,0.1,0.0,0.20512820512820515,True,2.1079266035168205,,
62135057,LON,fail_incidence,19.07646634742792,0.8954066245215363,45.869025026250775,72.46561607553785,3.6553872189392704,8.361180459573884,"(5.0, 10.0)",2025-07-08T16:14:49.819999695+00:00,0.86,,,,,,,,,,
62135062,LON,missing_channel,,,,,,,,2025-07-08T16:15:09.729999542+00:00,0.69,,,,,,,,,,
62135072,LON,ok,19.61829841107617,0.8990246869425801,43.86109624930362,71.98749104219351,3.6486533452213084,20.26897030129556,"(10.0, 20.0)",2025-07-08T16:18:43.299999237+00:00,0.63,-6.381701588923828,0.02,9.0,0.03,-0.890005611815426,0.07025563909774436,True,0.5481474425679347,,
62135077,LON,fail_no_result,15.683323980072863,0.5625700110775285,24.082997794524008,70.20442693963557,3.7345934019374503,7.678400364796669,"(5.0, 15.0)",2025-07-08T16:23:23.069999695+00:00,0.38,,,,,,,,,,
62135087,LON,fail_incidence,15.66160976358489,0.7484763791845039,53.62819401714596,66.8712914387741,3.6756557844839164,6.4340105007741215,"(1.0, 8.0)",2025-07-08T16:27:52.020000458+00:00,0.32,,,,,,,,,,
62135092,LON,fail_incidence,16.307755295747803,0.8904425173730286,52.6631144377028,70.00047459367164,3.795053104775188,9.264999530038901,"(1.0, 8.0)",2025-07-08T16:28:44.419998169+00:00,0.57,,,,,,,,,,
62135097,LON,ok,18.896710173533318,0.879046889939557,11.520756845237367,73.18638455559575,3.6693633389364764,16.376701687328243,"(5.0, 15.0)",2025-07-08T16:29:45.979999542+00:00,0.85,6.896710173533318,0.06,4.0,0.01,-0.9214325798681613,0.1098989898989899,True,1.6351610472401548,,
62135107,LON,fail_incidence,15.743278217037334,0.8619903141960416,45.801243198684276,70.15075323285811,3.705757681493328,7.416475537471807,"(1.0, 20.0)",2025-07-08T16:35:13.219999313+00:00,0.27,,,,,,,,,,
62135112,LON,ok,17.874309434748085,0.9038451231423597,15.814274003423387,72.02572229142982,3.6531921490112524,4.324384850934099,"(1.0, 15.0)",2025-07-08T16:40:05.900000095+00:00,-0.22,1.8743094347480849,0.1,16.0,0.01,0.9371460638945291,0.0883809523809524,True,2.7373320625104625,,
62135117,LON,ok,17.767490587355617,0.7900110997999117,24.615271896023412,66.75644265282982,3.7789704998574125,15.063085922114535,"(1.0, 5.0)",2025-07-08T16:39:54.930000305+00:00,0.61,9.767490587355617,0.08,91.0,0.1,0.0,0.20512820512820515,True,2.1169786851476755,,
62135127,LON,fail_incidence,19.411121727426206,0.9529017646447164,48.64959645123883,70.49789473952733,3.6658219217469927,9.607877432207307,"(3.0, 15.0)",2025-07-08T16:46:49.489998102+00:00,1.57,,,,,,,,,,
62135132,LON,ok,19.704785895314014,0.8093364158512981,34.747624001853666,69.19805049765307,3.792354920735639,6.346747068009599,"(1.0, 15.0)",2025-07-08T16:50:21.129999161+00:00,0.72,-62.29521410468598,0.06,51.0,0.07,0.0,0.08382536382536383,True,1.5821303979734371,,
62135137,LON,fail_no_result,18.507897300146986,0.9218752146669401,24.02711615481712,73.74085328575686,3.7007693120847707,7.909574273882969,"(3.0, 15.0)",2025-07-08T16:58:57.750000+00:00,1.01,,,,,,,,,,
62135142,LON,ok,17.51919603394235,0.9078790931929491,10.772582327691687,78.23334986560279,3.6343487666966716,7.41447153461032,"(1.0, 5.0)",2025-07-08T16:59:29.989999771+00:00,0.9,15.51919603394235,0.12,14.0,0.01,0.0,0.1653333333333333,True,3.3018295079332813,,
62135147,LON,fail_incidence,16.642463883998563,0.8948966718684126,53.461435914711835,68.00817609832035,3.773789489504574,12.15673690321672,"(5.0, 15.0)",2025-07-08T17:00:23.350000381+00:00,0.71,,,,,,,,,,
62135152,LON,ok,16.687019366205988,0.7695107539490307,36.35130028092017,64.69827752058377,3.5458693719108463,7.598902075157392,"(3.0, 15.0)",2025-07-08T17:00:34.049999237+00:00,-0.13,4.687019366205988,0.02,10.0,0.04,-0.8900056118154259,0.07786175115207374,True,0.5640365705074502,,
62135172,LON,fail_incidence,16.1505580421206,0.9088569058709487,48.586943151509296,72.01375581865474,3.8376504977215387,14.964265726938452,"(1.0, 5.0)",2025-07-08T17:04:05.819999695+00:00,1.28,,,,,,,,,,
62135177,LON,fail_incidence,15.38084577788278,0.8966240950695856,57.31626492237057,71.395283877508,3.8049847577761997,7.240696580383779,"(5.0, 10.0)",2025-07-08T17:04:54.750000+00:00,0.19,,,,,,,,,,
62135182,LON,ok,19.701181035995592,0.9327597704141354,25.157796966745646,74.36527308911268,3.7118359079775893,4.60868937891512,"(1.0, 15.0)",2025-07-08T17:07:01.799999952+00:00,0.82,7.701181035995592,0.04,27.0,0.01,0.8742921277890582,0.08129032258064516,True,1.077633844589703,,
62135187,LON,fail_incidence,17.525190921750006,0.8037464926154486,63.46594123802193,73.48757806961662,3.899473765660228,4.59161984815691,"(1.0, 15.0)",2025-07-08T17:07:54.419998169+00:00,0.34,,,,,,,,,,
62135197,LON,ok,16.349154866618342,0.8339741330181891,25.53802681828649,63.7535921682935,3.5476298860595206,6.600798262238545,"(1.0, 20.0)",2025-07-08T17:12:48.020000458+00:00,1.24,-5.650845133381658,0.06,8.0,0.01,0.0,0.08007820136852395,True,1.6912700007340433,,
62135202,LON,ok,16.322917972385397,0.9408416447066691,39.14860616805716,69.62660231169377,3.6015305057483036,14.417463197456392,"(2.0, 8.0)",2025-07-08T17:24:36.349998474+00:00,0.75,-43.6770820276146,0.08,47.0,0.05,-0.6071628993408069,0.14640522875816991,True,2.2212778670710747,,
62135212,LON,ok,17.04138136232553,0.9170965448094143,8.10873768751567,80.17970216711078,3.683995497868125,6.8987938527621235,"(5.0, 10.0)",2025-07-08T17:26:42.629997253+00:00,0.83,-6.958618637674469,0.06,18.0,0.01,0.9371460638945291,0.10938181818181818,True,1.6286664854699504,,
62135222,LON,fail_incidence,16.882881330521016,0.8720994662853379,47.94990516840608,69.9040529246115,3.7888885501434784,8.728657627719821,"(1.0, 8.0)",2025-07-08T17:32:44.229999542+00:00,0.69,,,,,,,,,,
62135262,LON,ok,20.15959003590925,0.8722102884073075,41.67961305928085,72.09997461477245,3.651776115863162,29.440809116623473,"(5.0, 15.0)",2025-07-08T17:52:16.299999237+00:00,0.81,0.15959003590925036,0.02,8.0,0.03,0.9685730319472645,0.10501547987616097,True,0.5476787011427354,,
62135277,LON,fail_incidence,16.646512024019273,0.9381138187405176,53.29706090849544,72.386727084861,3.8290978607732695,6.722962753959473,"(1.0, 15.0)",2025-07-08T17:57:19.139999390+00:00,0.37,,,,,,,,,,
62135292,LON,fail_incidence,16.057346080268328,0.8044986233397965,49.569221988488124,73.54401761035926,3.579717872895502,4.891006307206282,"(3.0, 5.0)",2025-07-08T18:06:08.260000229+00:00,0.26,,,,,,,,,,
62135332,LON,fail_incidence,19.106034830834037,0.85104610829094,48.01114991725303,73.04642916848458,3.666752015923269,13.205985855033948,"(1.0, 15.0)",2025-07-08T18:41:05.159999847+00:00,0.67,,,,,,,,,,
62135342,LON,ok,19.271040367599795,0.9255603673773884,18.527929131717258,69.90694955761732,3.7941093759748785,4.489968520354133,"(1.0, 20.0)",2025-07-08T18:45:06.969999790+00:00,0.41,11.271040367599795,0.06,57.0,0.09,0.8742921277890582,0.07116602316602318,True,1.58139879624802,,
62135362,LON,fail_incidence,16.839364582488336,0.8890587910088565,53.16663776709787,68.53760329947617,3.8647702456047566,7.877512368662538,"(1.0, 15.0)",2025-07-08T18:58:53.729999542+00:00,0.85,,,,,,,,,,
62135367,LON,fail_incidence,16.503420857582096,0.8494904925549056,47.75166737487452,69.3091455219941,3.683135539974259,7.039471893757456,"(1.0, 15.0)",2025-07-08T18:59:33.809997559+00:00,0.64,,,,,,,,,,
62135382,LON,ok,16.349224549885676,0.7922776509792355,42.8288507598036,69.16669296639702,3.5941439542326235,10.726253072549031,"(5.0, 10.0)",2025-07-08T19:11:30.260000229+00:00,0.14,6.349224549885676,0.02,7.0,0.01,-0.8900056118154259,0.11856842105263159,True,0.5564607387649878,,
62135387,LON,ok,19.566592745140646,0.871811825625519,23.502929339165256,74.0046982145865,3.7982030976819323,4.885907788342272,"(3.0, 15.0)",2025-07-08T19:11:55.090000153+00:00,0.35,15.566592745140646,0.12,18.0,0.03,-0.8585786437626906,0.08258064516129032,True,3.1593887139220325,,
62135392,LON,fail_incidence,15.721298939918798,0.8121976641839725,47.581154401413016,67.52025995896855,3.5577009809382885,8.568007920967194,"(1.0, 15.0)",2025-07-08T19:15:04.849999905+00:00,0.53,,,,,,,,,,
62135397,LON,ok,18.65968300201658,0.8431147371247784,20.995799093130966,67.98708670250794,3.7099858291470524,9.758499380850198,"(5.0, 15.0)",2025-07-08T19:17:35.930000305+00:00,0.78,-87.34031699798342,0.14,4.0,0.01,0.0,0.07320261437908496,True,3.7735993194396333,,
62135407,LON,ok,19.74890354091857,0.8159193996338694,29.712239886268268,71.45271506449194,3.7313915610944433,5.453831079357025,"(2.0, 8.0)",2025-07-08T19:20:07.809999943+00:00,1.06,-44.25109645908143,0.12,62.0,0.08,0.0,0.1706666666666667,True,3.2159583907297886,,
62135412,LON,ok,18.837928628843063,0.9311268311795189,9.535790270192818,71.58377465901748,3.754933804626967,3.533400804303527,"(1.0, 15.0)",2025-07-08T19:22:53.569999695+00:00,0.35,16.837928628843063,0.16,6.0,0.03,0.0,0.07529411764705882,True,4.261060469370782,,
62135417,LON,ok,19.695765863038925,0.797324406693863,41.45791883115054,68.9838558857104,3.720654809244629,7.727366796747476,"(5.0, 10.0)",2025-07-08T19:29:40.520000458+00:00,0.54,-60.30423413696107,0.14,2.0,0.01,0.0,0.12495238095238095,True,3.7627785209244644,,
62135422,LON,fail_incidence,16.661264881191702,0.8272017105361671,50.210747238895124,67.89921598011601,3.9151496236032783,6.418933940888408,"(2.0, 8.0)",2025-07-08T19:31:49.369998932+00:00,0.28,,,,,,,,,,
62135427,LON,fail_incidence,15.976212133868078,0.8691271749833027,50.76269321530574,70.95401129610734,3.795296390878874,8.292352227665674,"(1.0, 5.0)",2025-07-08T19:32:53.079998016+00:00,0.4,,,,,,,,,,
62135442,LON,ok,16.818544554064292,0.6924317762011474,38.066106589712014,66.8441126923907,4.024751060290529,5.245287848312165,"(3.0, 5.0)",2025-07-08T19:36:26.689998627+00:00,-0.13,14.818544554064292,0.08,91.0,0.1,0.0,0.19692307692307692,True,1.9877005758022002,,
62135447,LON,fail_incidence,16.381832530079755,0.7938664428105957,47.29100134444265,71.6870261663411,3.9178504991727046,10.825218116380302,"(3.0, 5.0)",2025-07-08T19:36:37.319999695+00:00,0.6,,,,,,,,,,
62135452,LON,ok,16.81569794144544,0.7905867455038462,44.57339179774163,72.5980553774292,3.9257514140578738,8.156426038979436,"(1.0, 5.0)",2025-07-08T19:38:36.619998932+00:00,0.49,6.815697941445439,0.1,91.0,0.1,0.0,0.18379487179487178,True,2.547283040946153,,
62135457,LON,ok,18.598293803103168,0.7799410120060395,29.24578485320683,75.27503264830436,3.9302589056896307,2.968792247137645,"(1.0, 5.0)",2025-07-08T19:42:40.319999695+00:00,0.17,40.59829380310317,0.16,21.0,0.02,0.7917500166733367,0.2016969696969697,True,4.070978626074133,,
62135462,LON,fail_incidence,16.49349074340751,0.8209431551384759,48.11573619167092,66.48365154408381,3.9412675758016773,9.195538466852305,"(1.0, 15.0)",2025-07-08T19:44:12.300000191+00:00,0.72,,,,,,,,,,
62135467,LON,ok,15.763713228860693,0.7989300176292341,23.93658674933101,71.99098047841873,3.8155969375994263,10.75123552467701,"(2.0, 8.0)",2025-07-08T19:50:05.679999828+00:00,1.26,-58.236286771139305,0.1,91.0,0.1,0.24952689818807638,0.1978743961352657,True,2.6208218959027354,,
62135472,LON,fail_incidence,17.38956226396221,0.7859872267023009,50.55168438602647,70.08993136675916,3.9694388112106456,10.562937837417596,"(2.0, 8.0)",2025-07-08T19:51:51.479999542+00:00,0.45,,,,,,,,,,
62135477,LON,fail_incidence,15.26309247083222,0.8567498773898533,48.67199709774014,71.8369600773001,3.728176567887646,6.043999805232872,"(2.0, 8.0)",2025-07-08T19:57:26.430000305+00:00,0.41,,,,,,,,,,
62135482,LON,fail_incidence,17.202479876884887,0.7569346786568063,51.097551913946006,65.59892801192372,3.8885346283112967,5.464518809651119,"(5.0, 15.0)",2025-07-08T20:01:40.610000610+00:00,0.25,,,,,,,,,,
62135487,LON,fail_incidence,19.920673562758235,0.8732382746439259,46.07131154028033,72.27377601382695,3.7434906370528958,5.356725147890389,"(1.0, 15.0)",2025-07-08T20:08:03.230000019+00:00,1.0,,,,,,,,,,
62135492,LON,ok,18.747892294452814,0.9516028311927036,42.8292438188824,73.8255443696115,3.68256644988502,11.332172277772251,"(5.0, 10.0)",2025-07-08T20:12:58.369998932+00:00,0.89,6.747892294452814,0.06,13.0,0.01,0.0,0.1292929292929293,True,1.629298501914972,,
62135502,LON,fail_incidence,16.10703007270509,0.9148645519593431,58.22991808337321,73.03894957136264,3.9734353049864826,7.943686125955302,"(1.0, 5.0)",2025-07-08T20:14:45.539997101+00:00,0.45,,,,,,,,,,
62135507,LON,ok,16.958981402130995,0.8470979603313307,41.42154656390009,64.82785961341163,3.9339489650656434,8.939993718173096,"(1.0, 8.0)",2025-07-08T20:15:42.219997406+00:00,0.54,-43.041018597869005,0.02,91.0,0.1,0.0,0.1476923076923077,True,0.5083950040431262,,
62135512,LON,ok,16.580723895812152,0.769223697830444,44.60851394534989,71.52254171744501,4.0834025084457615,11.46763159224778,"(3.0, 5.0)",2025-07-08T20:22:07.489999771+00:00,0.33,14.580723895812152,0.08,91.0,0.1,0.0,0.22303030303030305,True,1.9591504838069436,,
62135522,LON,fail_incidence,16.237099573907898,0.8202177036991949,48.28446657653115,75.94197996100976,4.0553906110254765,5.267537312607606,"(1.0, 8.0)",2025-07-08T20:28:13.719999313+00:00,0.32,,,,,,,,,,
62135532,LON,ok,18.805881183583296,0.8380027002608172,36.70102242439763,70.34781232497456,3.668088466885824,13.906957198131213,"(5.0, 15.0)",2025-07-08T20:30:03.289999962+00:00,0.5,2.8058811835832955,0.02,6.0,0.01,-0.8900056118154259,0.10501547987616097,True,0.5452431199670555,,
62135552,LON,fail_no_result,17.736429518978174,0.8515225337234646,5.318293969540883,75.97586309629754,3.860815281346022,5.488131304590108,"(1.0, 5.0)",2025-07-08T20:38:45.739998102+00:00,0.57,,,,,,,,,,
62135557,LON,ok,17.841691577215336,0.7707857949365708,26.069912171141826,76.36324943629045,3.7119700566274716,8.61523452154506,"(1.0, 8.0)",2025-07-08T20:40:49.979999542+00:00,0.62,-10.158308422784664,0.12,22.0,0.05,0.8114381916835873,0.17403508771929826,True,3.2327846984042368,,
62135567,LON,ok,18.389637097310793,0.8479274793582974,19.66622011325936,73.93152916786707,3.6955139510833006,10.99583655280383,"(5.0, 15.0)",2025-07-08T20:49:07.710000038+00:00,1.1,6.389637097310793,0.06,4.0,0.01,-0.8585786437626906,0.0764349376114082,True,1.6235901364250467,,
62135572,LON,ok,19.934178393309796,0.8246371103553947,23.717431663948524,69.98886478664069,3.8244747484215678,7.409552210706115,"(5.0, 15.0)",2025-07-08T20:52:13.909999847+00:00,0.51,-70.0658216066902,0.08,51.0,0.06,0.0,0.10164705882352941,True,2.0917905140573225,,
62135582,LON,ok,18.722540605442905,0.8211358614850318,19.942319431727654,65.57486439290288,3.7636270376062706,4.649469323516499,"(1.0, 5.0)",2025-07-08T20:54:36.149997711+00:00,0.19,-77.2774593945571,0.08,91.0,0.1,-0.23741019553331089,0.1706666666666667,True,2.1256091318464256,,
62135587,LON,fail_no_result,17.31225095094853,0.7283016418851016,20.61921444444839,75.73855001143633,3.701173660084625,4.4987949639707185,"(1.0, 20.0)",2025-07-08T20:56:31.340000153+00:00,0.48,,,,,,,,,,
62135592,LON,fail_incidence,16.315379300420233,0.9154585902867184,51.2939357152614,71.90349343144386,3.7442286212388636,4.326149920973884,"(5.0, 15.0)",2025-07-08T21:02:50.559997559+00:00,0.3,,,,,,,,,,
62135637,LON,ok,16.70578012983188,0.8505775219896244,15.386714703920365,71.85888648015703,3.6351828480081947,5.927916459137366,"(10.0, 20.0)",2025-07-08T21:49:09.429999352+00:00,0.57,-17.29421987016812,0.06,11.0,0.01,1.0,0.07893738140417456,True,1.6505359567504412,,
62135652,LON,ok,16.4856524790009,0.8960847726762033,15.57942866658161,76.62867435141469,3.9100456424915984,3.805440336229819,"(1.0, 20.0)",2025-07-08T21:55:55.579998016+00:00,1.05,6.485652479000901,0.08,16.0,0.01,-0.6700168354462779,0.07434343434343434,True,2.0460119219739235,,
62135657,LON,fail_no_result,17.026673343445186,0.9386692724640662,15.268049039967076,77.2924792148075,3.9183766670531868,3.5244017688212828,"(10.0, 20.0)",2025-07-08T21:56:28.760000229+00:00,2.3,,,,,,,,,,
62135662,LON,ok,18.507897300146986,0.829790388422126,26.811984741352703,73.14143017081722,3.670367726636454,9.984295908064155,"(5.0, 15.0)",2025-07-08T22:01:00.960000038+00:00,0.37,2.507897300146986,0.06,5.0,0.03,0.0,0.07338247338247339,True,1.6347135891744653,,
62135682,LON,ok,19.88012423406098,0.8077936224391685,34.35513208319101,67.9485360268505,3.8318359464970633,7.341210195978723,"(5.0, 10.0)",2025-07-08T22:44:30.209999084+00:00,0.44,-52.11987576593902,0.08,5.0,0.01,0.0,0.11913419913419913,True,2.087772052797128,,
62135692,LON,ok,19.619783057461234,0.9393417806141079,36.07973833159799,68.08925710552042,3.788164927018082,4.401132222534325,"(1.0, 15.0)",2025-07-08T22:46:09.090000153+00:00,0.53,15.619783057461234,0.04,64.0,0.08,0.7800112236308518,0.07923809523809525,True,1.0559202350116967,,
62135697,LON,ok,19.103931572069964,0.8806227204624695,27.23874872139783,74.50571033289751,3.8891604376139037,4.1785501405239955,"(3.0, 30.0)",2025-07-08T22:47:16.119998932+00:00,1.63,-74.89606842793003,0.04,15.0,0.01,0.0,0.13142857142857142,True,1.0284996117193095,,
62135722,LON,ok,15.743232602017368,0.775166885313112,32.81257661064558,69.18604223772327,3.5942497946211,9.218677714743771,"(1.0, 20.0)",2025-07-08T23:01:23.309999704+00:00,0.47,5.743232602017368,0.02,5.0,0.01,0.0,0.07116602316602318,True,0.5564443525859162,,
62135747,LON,ok,16.88665742802702,0.8455466930745494,18.85175892351938,71.17620352315718,3.536817858607171,3.872654345333931,"(3.0, 30.0)",2025-07-08T23:19:52.209999084+00:00,0.21,0.8866574280270214,0.02,11.0,0.01,-0.7642977396044841,0.0912,True,0.5654800670983994,,
62135752,LON,ok,18.446379597424762,0.7949818908538788,33.782602393391095,72.7029977817817,3.6758538320394116,10.981324976317822,"(5.0, 15.0)",2025-07-08T23:17:29.459999084+00:00,0.58,4.446379597424762,0.06,4.0,0.01,-0.9842865159736324,0.07320261437908496,True,1.6322738264788732,,
62135767,LON,ok,15.272651091239673,0.7645087520424845,41.80829901644332,70.58751711436754,3.5259822425216543,10.045317869875273,"(5.0, 15.0)",2025-07-08T23:29:16.899999619+00:00,0.28,9.272651091239673,0.02,8.0,0.01,0.9685730319472645,0.09154533844189017,True,0.5672178310715691,,
62135837,LON,ok,15.607482164989431,0.800788723107482,43.86824219525566,73.26445693622422,3.756567603906733,7.5756242028856935,"(1.0, 20.0)",2025-07-09T00:02:36.200000763+00:00,1.05,1.607482164989431,0.06,13.0,0.01,0.056667321031505624,0.07853479853479853,True,1.597202721377929,,
62135862,LON,fail_incidence,18.653900286600123,0.8576416159218951,53.1146937644316,76.51541870439992,3.8252779754976602,9.500598507872162,"(3.0, 15.0)",2025-07-09T00:11:37.579998016+00:00,0.42,,,,,,,,,,
62135872,LON,ok,18.29470556813786,0.7662934234253558,26.35868596967752,74.76697308718704,3.760104013093419,6.000303506205713,"(5.0, 15.0)",2025-07-09T00:13:38+00:00,0.32,36.29470556813786,0.06,11.0,0.01,0.9685730319472645,0.08397883597883599,True,1.595700538896484,,
62135877,LON,fail_incidence,15.322736430706357,0.9273303001666208,56.88871064455493,73.06218669859143,3.7495372850706983,3.9488552208297416,"(1.0, 8.0)",2025-07-09T00:18:26.049999237+00:00,0.07,,,,,,,,,,
62135887,LON,fail_no_result,16.3579980629232,0.8312157349145928,33.18761117253447,70.17396329297985,3.60848014187983,6.699016087297203,"(1.0, 20.0)",2025-07-09T00:25:26.129999161+00:00,0.81,,,,,,,,,,
62135897,LON,fail_incidence,15.69102593956992,0.8163581907830247,47.53932783928664,69.09177186411489,3.5126650733403526,8.71318809639208,"(10.0, 20.0)",2025-07-09T00:31:56.319999695+00:00,0.49,,,,,,,,,,
62135902,LON,ok,16.52741747857606,0.7903372386341596,22.540544200035605,72.48628081029736,3.558163811301824,8.48342758547584,"(1.0, 8.0)",2025-07-09T00:39:46.649997711+00:00,0.73,-51.472582521423945,0.02,91.0,0.1,0.11375392877292145,0.17723076923076925,True,0.5620876682651271,,
62135907,LON,fail_incidence,15.285667771393292,0.8397592613792892,53.679075963517874,72.84551553568146,3.565667170001111,6.585229363959323,"(5.0, 10.0)",2025-07-09T00:39:27.049999237+00:00,0.31,,,,,,,,,,
62135917,LON,ok,15.867618458996127,0.8377730034922783,33.13943853166531,74.37457884933193,3.6938108186763228,8.230824681434607,"(3.0, 15.0)",2025-07-09T00:49:47.649997711+00:00,0.73,19.867618458996127,0.06,14.0,0.01,0.9685730319472645,0.08109161793372319,True,1.6243387370201325,,
62135932,LON,fail_incidence,17.404414974637227,0.6232898248412897,56.12069774076341,74.55092615602858,3.7236363540335184,5.423872969762477,"(10.0, 20.0)",2025-07-09T01:11:16.079999924+00:00,0.3,,,,,,,,,,
62135942,LON,ok,18.896723663760884,0.8712741248475484,26.51377334420919,71.74439730383222,3.870430341103717,3.185479810780378,"(3.0, 5.0)",2025-07-09T01:15:45.200000763+00:00,0.5,14.896723663760884,0.02,57.0,0.08,0.0,0.20512820512820515,True,0.516738404709195,,
62135947,LON,ok,16.2828575012213,0.9169044619165534,23.574911799834165,70.11521022281558,3.7770114082366937,3.1595211931080147,"(1.0, 5.0)",2025-07-09T01:23:33.549999237+00:00,0.66,-77.7171424987787,0.06,91.0,0.1,0.0,0.20512820512820515,True,1.5885575529148623,,
62135952,LON,ok,17.822216145131097,0.8790623860468023,38.86275807528429,74.80029936975096,3.821735619365687,9.139378777964899,"(5.0, 15.0)",2025-07-09T01:25:42.500000+00:00,0.66,5.822216145131097,0.06,7.0,0.01,0.0,0.07421848739495798,True,1.5699673126514835,,
62135967,LON,ok,16.20698150882952,0.8231600799608151,32.88643589963601,67.04762685282093,3.791324189816879,12.709543043487589,"(1.0, 20.0)",2025-07-09T01:36:27.010000229+00:00,1.38,60.20698150882952,0.12,23.0,0.01,0.0,0.082002002002002,True,3.1651210498513453,,
62135982,LON,ok,15.107354480442654,0.7813324481544575,24.785813952347148,71.43724074695527,3.7392332631694485,12.682721093665236,"(1.0, 20.0)",2025-07-09T01:53:22.250000+00:00,0.64,11.107354480442654,0.06,10.0,0.03,0.9371460638945291,0.0793984962406015,True,1.6046070351102621,,
62135992,LON,ok,17.6110472031538,0.8226387656074154,42.685643210647285,76.67091166592039,3.90140985821635,18.934784979792088,"(1.0, 5.0)",2025-07-09T02:09:17.729999542+00:00,0.35,11.611047203153799,0.08,91.0,0.1,0.0,0.19692307692307692,True,2.050540776471367,,
62135997,LON,ok,15.809040399140025,0.7815404410870774,30.07433281029337,73.3012602516946,3.5748000441593515,8.133182459703749,"(10.0, 20.0)",2025-07-09T02:23:13.549999237+00:00,0.28,-6.1909596008599745,0.16,50.0,0.09,0.0,0.07695844385499558,True,4.475774813235058,,
62136002,LON,ok,16.616887498070856,0.775616728306679,40.55708801525256,72.2953763663269,3.5585789344753476,6.65263220643609,"(1.0, 20.0)",2025-07-09T02:28:06.629999638+00:00,0.19,6.616887498070856,0.02,10.0,0.01,-0.7328707715517487,0.06464646464646465,True,0.5620220983786794,,
62136007,LON,ok,19.39736051897651,0.7742579820463744,41.28860411464158,72.57398084134594,3.8096000809680834,6.9877256722074765,"(10.0, 20.0)",2025-07-09T02:31:33.290000916+00:00,0.47,1.3973605189765088,0.06,8.0,0.03,0.0,0.07015015015015015,True,1.5749684671560849,,
62136012,LON,ok,16.349334523310084,0.7482151754353925,33.00821402088074,67.35162115933933,3.720882173122958,16.491573068227712,"(5.0, 15.0)",2025-07-09T02:39:52.319999695+00:00,0.36,4.349334523310084,0.02,4.0,0.01,0.9371460638945291,0.09694249649368863,True,0.5375069424252659,,
62136022,LON,fail_incidence,15.45358164697657,0.8237049285007896,46.613190991960245,72.44900513803472,3.7367575938464856,8.505778108306053,"(5.0, 15.0)",2025-07-09T02:51:08+00:00,0.75,,,,,,,,,,
62136027,LON,fail_incidence,15.4712793438674,0.8455890223176097,54.61823871335409,68.77378850221112,3.631724451928729,7.80236063013675,"(3.0, 5.0)",2025-07-09T03:06:08+00:00,0.28,,,,,,,,,,
62136032,LON,ok,18.241037827498438,0.8258683219788299,41.52983040173628,76.30461014655921,3.7785919886364066,13.742386078449867,"(5.0, 15.0)",2025-07-09T03:10:50.189998627+00:00,0.56,6.241037827498438,0.06,7.0,0.03,-0.8585786437626906,0.07555555555555556,True,1.5878930612366116,,
62136037,LON,ok,18.232554141118012,0.8619297288580666,27.498329586596387,68.5353473635685,3.829128269152996,6.268128392153063,"(1.0, 5.0)",2025-07-09T03:11:17.340000153+00:00,0.91,74.23255414111802,0.06,66.0,0.09,0.7167211381337342,0.1695726495726496,True,1.5669362785089465,,
62136042,LON,fail_incidence,16.031326197333136,0.8303856372606162,48.970845141200726,74.5596526384818,3.6118676480172285,7.432894334596218,"(2.0, 8.0)",2025-07-09T03:17:23.100000381+00:00,0.59,,,,,,,,,,
62136047,LON,ok,18.300853642535422,0.8419438898968595,22.48151833207767,77.3621504422983,3.8156777822954804,12.884374506249607,"(10.0, 20.0)",2025-07-09T03:54:32.130001068+00:00,0.63,6.300853642535422,0.06,9.0,0.01,0.9371460638945291,0.06918918918918919,True,1.5724598203337936,,
62136052,LON,ok,15.703607606491579,0.7886615004283398,40.8761709373842,76.3815928543813,3.802511022566454,8.612244530700666,"(1.0, 15.0)",2025-07-09T04:03:39.009998322+00:00,0.28,1.7036076064915786,0.02,51.0,0.08,0.0,0.0874074074074074,True,0.5259682320789505,,
62136057,LON,fail_incidence,15.089302963612974,0.9067899908404639,54.72756046789767,70.75223641110438,3.7863472422603555,12.564645621060276,"(1.0, 20.0)",2025-07-09T04:12:37.549999237+00:00,0.68,,,,,,,,,,
62136062,LON,ok,19.27476575488306,0.8828490638642684,14.904573826523412,74.70923965298071,3.8235428591454115,9.914795190952843,"(10.0, 20.0)",2025-07-09T04:16:51.009998322+00:00,0.67,85.27476575488306,0.04,9.0,0.02,0.0,0.06482051282051282,True,1.0461501668361128,,
62136067,LON,fail_incidence,18.717173874416922,0.8216403602725314,51.4376831877785,73.99542782841773,3.7143601539106386,14.594806976241937,"(10.0, 20.0)",2025-07-09T04:24:16.920000076+00:00,0.97,,,,,,,,,,
62136072,LON,ok,18.144836242252577,0.8111643949862235,29.19093739918369,72.79848597732787,3.696857044889101,8.29000733920612,"(5.0, 15.0)",2025-07-09T04:32:20.069999695+00:00,0.57,-85.85516375774742,0.18,5.0,0.01,0.0,0.07529411764705882,True,4.869000824601798,,
62136077,LON,fail_exception,15.100266047315825,0.8294782018067901,16.772369959687076,68.03315506976587,3.599224806829628,5.930306074340862,"(1.0, 20.0)",2025-07-09T04:32:55.379997253+00:00,0.42,,,,,,,,,unsupported operand type(s) for /: 'NoneType' and 'float',"Traceback (most recent call last):
  File ""/Users/mhemmett/Seismology/mt-rainier/scripts/run_sws_generic.py"", line 203, in process_event
    splitting_obj.perform_sws_analysis(coord_system='LQT', sws_method='EV_and_XC',
    ~~~~~~~~~~~~~~~~~~~~~~~~~~~~~~~~~~^^^^^^^^^^^^^^^^^^^^^^^^^^^^^^^^^^^^^^^^^^^^
                                        cluster_eps=CLUSTER_EPS, cluster_min_samples=CLUSTER_MIN_SAMPLES)
                                        ^^^^^^^^^^^^^^^^^^^^^^^^^^^^^^^^^^^^^^^^^^^^^^^^^^^^^^^^^^^^^^^^^
  File ""/Users/mhemmett/Seismology/mt-rainier/swspy/splitting/split_windowcheck.py"", line 1695, in perform_sws_analysis
    Q_w = self._calc_Q_w(opt_phi, opt_lag, grid_search_results_all_win_XC, tr_T, method=""dbscan"")
  File ""/Users/mhemmett/Seismology/mt-rainier/swspy/splitting/split_windowcheck.py"", line 1385, in _calc_Q_w
    dt_diff = opt_lag_XC / opt_lag_EV
              ~~~~~~~~~~~^~~~~~~~~~~~
TypeError: unsupported operand type(s) for /: 'NoneType' and 'float'
"
62136082,LON,ok,15.952532686615385,0.8034596878136276,37.55860600728124,72.45206564644099,3.7360674657280457,4.8266429635124775,"(10.0, 20.0)",2025-07-09T04:33:33.669998169+00:00,-0.48,17.952532686615385,0.02,12.0,0.03,0.8428651597363228,0.07548717948717948,True,0.535322238783571,,
62136097,LON,fail_no_result,16.061511298736388,0.9021628994544767,39.67629756337592,71.524171939049,3.713727514013528,4.992363606018041,"(1.0, 20.0)",2025-07-09T04:46:02.289999962+00:00,0.8,,,,,,,,,,
62136107,LON,ok,14.609569305433128,0.8071291612402958,23.532221549586506,70.64386046245708,3.636485263815622,10.590716076862776,"(3.0, 15.0)",2025-07-09T05:02:05.710000038+00:00,0.02,12.609569305433128,0.06,10.0,0.01,1.0,0.0912,True,1.6499448133895183,,
62136112,LON,fail_incidence,16.06205641261372,0.8241208077632518,50.01816813633227,73.49752726552038,3.8522944631406837,3.93788716257916,"(10.0, 20.0)",2025-07-09T05:15:24.090000153+00:00,0.16,,,,,,,,,,
62136117,LON,fail_incidence,15.858612054245748,0.9594218645304847,53.63171838121884,72.51521501945201,3.738883472429633,7.146596579920155,"(1.0, 5.0)",2025-07-09T05:18:01.409999847+00:00,0.12,,,,,,,,,,
62136122,LON,ok,14.527685447709475,0.7937366099496632,37.789292948651934,72.82353622984228,3.7450063783998173,3.4998831836000064,"(1.0, 5.0)",2025-07-09T05:31:49.779998779+00:00,0.13,8.527685447709475,0.1,91.0,0.1,0.13233675531757172,0.20512820512820515,True,2.670222421429585,,
62136132,LON,fail_incidence,15.192995871033201,0.8119014097402522,48.56831593379271,67.1547331701589,3.7675924200000708,3.9259348065361905,"(1.0, 15.0)",2025-07-09T05:39:03.699999809+00:00,0.26,,,,,,,,,,
62136137,LON,fail_incidence,14.914149716164182,0.819557432639413,49.79994493569121,69.77497193017508,3.708126149062525,9.136963574743488,"(1.0, 15.0)",2025-07-09T05:43:04.099999905+00:00,0.57,,,,,,,,,,
62136142,LON,fail_no_result,17.607888016507328,0.8753465833147194,44.70361598930466,78.28357270814904,4.155633451250817,4.2776354700245065,"(5.0, 45.0)",2025-07-09T05:43:34.279998779+00:00,0.48,,,,,,,,,,
62136152,LON,ok,18.022193458702464,0.8095697456793111,26.057966115692263,76.67718150880793,3.8974284234311565,4.466948354142122,"(10.0, 20.0)",2025-07-09T05:51:55.419998169+00:00,0.17,-71.97780654129754,0.02,21.0,0.01,0.0,0.07786175115207374,True,0.5131588788073936,,
62136157,LON,fail_incidence,15.142156960649446,0.865693681477864,50.64109945061427,68.93892370852959,3.6878539753908948,5.754578066690964,"(1.0, 20.0)",2025-07-09T06:21:40.360000610+00:00,0.55,,,,,,,,,,
62136162,LON,ok,15.44498818006322,0.8863506034183192,18.082189308426123,77.66730029276799,4.23683720151626,3.7760004619854746,"(10.0, 20.0)",2025-07-09T06:23:58.009998322+00:00,0.09,9.44498818006322,0.02,17.0,0.01,0.0,0.08178498985801216,True,0.4720502357948163,,
62136167,LON,ok,15.490369039687227,0.8337869142529618,44.63610451514154,72.38969167534913,3.7851983385132995,7.432038043256439,"(1.0, 8.0)",2025-07-09T06:32:48.610000610+00:00,0.31,89.49036903968722,0.06,55.0,0.07,-0.15877807863343563,0.1111111111111111,True,1.5851216933474088,,
62136172,LON,fail_no_result,15.028614438505642,0.8179456236797795,39.51126513961791,68.43594062373873,3.7792412125047132,4.573829586329347,"(1.0, 20.0)",2025-07-09T06:36:22.680000305+00:00,0.0,,,,,,,,,,
62136177,LON,fail_incidence,19.22765268112538,0.9134973968743859,54.106449386838534,72.19598717885711,3.6682049087734763,10.469526469121753,"(1.0, 20.0)",2025-07-09T06:44:32.389999390+00:00,0.73,,,,,,,,,,
62136182,LON,ok,14.873641907536124,0.7662457727700849,34.847165753863905,74.48915512973302,3.714328200549701,5.2259639232994095,"(1.0, 20.0)",2025-07-09T06:45:44.819999695+00:00,0.08,10.873641907536124,0.06,8.0,0.01,0.9685730319472645,0.082002002002002,True,1.6153661378421087,,
62136187,LON,fail_incidence,15.323115193557022,0.8160766770664074,46.044979869925605,71.83610621727988,3.545512933324304,7.70752822668431,"(5.0, 15.0)",2025-07-09T06:52:20.209999084+00:00,0.22,,,,,,,,,,
62136192,LON,ok,15.43344904121679,0.8038659517744685,34.555891367706984,72.3282722551484,3.6913818475886453,16.48172023125215,"(5.0, 15.0)",2025-07-09T06:49:58.779998779+00:00,0.45,5.4334490412167895,0.06,16.0,0.01,0.9685730319472645,0.08178498985801216,True,1.6254075703166373,,
62136197,LON,ok,17.250991154855836,0.8067979399649455,25.86961444108099,78.85787209013733,3.858890005544995,5.766675783535643,"(3.0, 15.0)",2025-07-09T06:54:20.689998627+00:00,0.17,23.250991154855836,0.06,10.0,0.01,0.0,0.1087581699346405,True,1.5548512632851306,,
62136202,LON,fail_incidence,14.838151440865344,0.831153879312495,50.66783321777418,73.80910934222615,3.5837209157657974,8.551198720960045,"(5.0, 15.0)",2025-07-09T06:58:36.700000763+00:00,0.64,,,,,,,,,,
62136207,LON,ok,19.07586097473826,0.7772330626323612,28.112211615380474,73.90565164291003,3.699512489995389,12.35868470577606,"(5.0, 15.0)",2025-07-09T07:01:00.980000019+00:00,0.63,1.0758609747382586,0.06,6.0,0.03,0.0,0.06837606837606837,True,1.6218353137679171,,
62136212,LON,ok,20.219632128554164,0.9133915373985416,16.67646090820131,70.97078540926536,3.717331102577987,6.354536646680104,"(1.0, 5.0)",2025-07-09T07:18:01.130000114+00:00,1.39,-31.780367871445836,0.02,33.0,0.02,0.8114381916835873,0.1767619047619048,True,0.5380204089468894,,
62136242,LON,ok,17.94593044915894,0.8252658687098371,30.67349538872073,65.58740286694676,3.8921215708730013,5.325354371342339,"(5.0, 15.0)",2025-07-09T07:45:33.869998932+00:00,0.65,-26.05406955084106,0.06,15.0,0.01,0.9371460638945291,0.09494505494505495,True,1.5415756909808451,,
62136247,LON,ok,17.412473548944188,0.7823995552689084,28.259320157556918,70.35945493315819,3.873821997184199,4.1773892942171305,"(1.0, 15.0)",2025-07-09T07:46:11.219999313+00:00,0.6,-20.587526451055812,0.06,24.0,0.03,0.52442367646594,0.09663817663817664,True,1.548857950716702,,
62136267,LON,ok,17.456748014081434,0.7947620383809098,30.367739983953854,66.0177392124803,3.916994887326042,5.142121014954254,"(5.0, 15.0)",2025-07-09T07:51:10.859999657+00:00,0.69,29.456748014081434,0.1,50.0,0.05,-0.6071628993408069,0.09663817663817664,True,2.5529775472407,,
62136272,LON,fail_no_result,17.801436603188574,0.8471751508496588,30.94254257753564,69.96199113695644,3.9477155133877315,5.457341425230182,"(5.0, 10.0)",2025-07-09T07:52:24.029998779+00:00,0.8,,,,,,,,,,
62136277,LON,ok,18.841187048129793,0.8424490446570634,32.764544694512516,66.79534321443684,3.896955854277658,5.288623000110235,"(3.0, 15.0)",2025-07-09T08:07:06.750000+00:00,0.71,-37.1588129518702,0.02,47.0,0.01,0.6228763833671747,0.09860740740740742,True,0.5132211076511467,,
62136282,LON,fail_incidence,14.50798844530877,0.9076546181039553,50.66226892585021,66.49847393804788,3.625873551369395,3.8928002770357786,"(1.0, 20.0)",2025-07-09T08:11:54.129997253+00:00,-0.1,,,,,,,,,,
62136287,LON,fail_incidence,16.127475212422457,0.8316671390004643,49.09576499757789,70.07003789055359,3.6886044983200206,3.897316751444145,"(1.0, 15.0)",2025-07-09T08:21:09.139999390+00:00,0.18,,,,,,,,,,
62136292,LON,fail_snr,16.533548092292165,0.8823569871602486,22.56259062059867,69.47582098183044,3.5815867056287365,,None,2025-07-09T08:34:10.210000038+00:00,0.47,,,,,,,,,,
62136297,LON,ok,19.48836171717711,0.8458134845384647,26.87524474724942,69.13202156109138,3.733523324877738,5.556972109249261,"(3.0, 15.0)",2025-07-09T08:39:02.130000114+00:00,0.3,15.48836171717711,0.02,15.0,0.01,0.8742921277890582,0.09663817663817664,True,0.5356870242843587,,
62136302,LON,ok,16.497009258794606,0.9028455545764515,44.94700960446321,62.87598451011165,3.618147762949325,9.70019455167036,"(1.0, 5.0)",2025-07-09T08:46:47.739998102+00:00,0.45,-87.5029907412054,0.18,91.0,0.1,0.0,0.20779220779220778,True,4.974921197062261,,
62136312,LON,fail_no_result,16.4790082602847,0.7815479289831144,35.671306536521726,66.42449436225365,3.63219657804243,6.147443241635591,"(1.0, 15.0)",2025-07-09T09:04:39.590000153+00:00,0.16,,,,,,,,,,
62136317,LON,ok,15.790150851361938,0.8115545695913889,25.203668728717762,70.46371204542636,3.605273283023979,10.727443862426355,"(10.0, 20.0)",2025-07-09T09:32:46.469997406+00:00,0.69,9.790150851361938,0.06,7.0,0.01,1.0,0.07695844385499558,True,1.664228902771944,,
62136327,LON,ok,15.540771907683483,0.8092226394506891,41.36000371232835,66.76800910845616,3.669690470500482,9.106718165742315,"(3.0, 15.0)",2025-07-09T09:35:19.500000+00:00,0.46,13.540771907683483,0.06,11.0,0.01,1.0,0.0850544662309368,True,1.6350152821422306,,
62136332,LON,fail_no_result,15.567449364931921,0.8444077869060844,33.58847357476116,71.7644793164595,3.632454079584164,4.9938193734724745,"(1.0, 20.0)",2025-07-09T09:57:14.449999809+00:00,0.18,,,,,,,,,,
62136337,LON,ok,19.694282014879075,0.8189859913401736,28.71998292985967,72.67882259892302,3.8412793650348585,6.168639305753576,"(5.0, 10.0)",2025-07-09T10:02:16.529998779+00:00,0.66,23.694282014879075,0.04,51.0,0.08,0.0,0.12495238095238095,True,1.0413197322771917,,
62136347,LON,ok,18.186016967440548,0.7571421606294473,30.59103406936248,68.80130701993046,3.6807120747857343,7.603721220768854,"(3.0, 15.0)",2025-07-09T10:24:21.010000229+00:00,0.26,10.186016967440548,0.06,7.0,0.01,0.9057190958417937,0.12533333333333332,True,1.630119356822899,,
62136352,LON,ok,16.207548606960398,0.8527833379570958,30.329678963057003,66.80109215063405,3.560425244696591,7.3925211947829865,"(1.0, 20.0)",2025-07-09T10:33:20.189998627+00:00,0.29,-5.792451393039602,0.06,14.0,0.01,0.52442367646594,0.08542825361512792,True,1.6851919609707469,,
62136357,LON,ok,17.20366172200003,0.8048993583416822,29.743272496481598,73.77800398744849,3.7993990855432123,9.119211101721582,"(1.0, 8.0)",2025-07-09T10:37:33.819999695+00:00,0.46,87.20366172200004,0.12,91.0,0.1,0.6131003256337745,0.18895238095238095,True,3.158394190718273,,
62136367,LON,ok,19.659885051596486,0.9088279687303317,38.184689452891625,71.58502980306291,3.7314990300371953,5.870961749325028,"(1.0, 15.0)",2025-07-09T10:38:42.419998169+00:00,0.19,-6.340114948403514,0.04,38.0,0.01,0.9057190958417937,0.0776470588235294,True,1.0719552565340285,,
62136372,LON,ok,19.101181679578502,0.8743487084053552,22.07277491782911,73.20393050178996,3.7756357499637807,3.5996317787796706,"(10.0, 45.0)",2025-07-09T10:42:48.889999390+00:00,0.22,-8.898818320421498,0.08,10.0,0.01,-0.9528595479208969,0.04430070921985815,True,2.1188484615012833,,
62136382,LON,fail_incidence,13.642308883378409,0.8558518194430194,54.34379731646814,68.29634287050169,3.643690830434682,4.2484774527638685,"(10.0, 20.0)",2025-07-09T11:21:46.829998016+00:00,-0.05,,,,,,,,,,
62136392,LON,ok,15.953756019669763,0.8917441853385888,33.84955040011849,68.68350324394052,3.6029452202072703,16.736286588597682,"(5.0, 15.0)",2025-07-09T11:56:33.250000+00:00,0.17,3.953756019669763,0.06,51.0,0.09,-0.890005611815426,0.08413793103448276,True,1.6653042534060043,,
62136397,LON,fail_incidence,15.918028875517996,0.8775621095457348,54.32420896924017,70.73823590424257,3.7872357761047395,6.028422749249529,"(10.0, 20.0)",2025-07-09T12:07:17.920000076+00:00,0.06,,,,,,,,,,
62136402,LON,ok,16.444588489750863,0.8897551303786027,44.720893597570864,63.597348440143904,3.6349975632372242,6.175357575838632,"(1.0, 15.0)",2025-07-09T12:07:33.919998169+00:00,0.22,-73.55541151024914,0.06,13.0,0.02,0.0,0.09768421052631579,True,1.6506200886298732,,
62136407,LON,fail_no_result,16.148001489626875,0.8979646415188409,34.793802172599584,70.12291800820924,3.5973568542449237,6.052878125493407,"(1.0, 20.0)",2025-07-09T12:09:24.449998856+00:00,0.39,,,,,,,,,,
62136412,LON,fail_incidence,16.519420722085464,0.8193700345812696,50.685184290843594,70.92293752497613,3.703979667517747,3.864723070289993,"(10.0, 20.0)",2025-07-09T12:12:01.220000029+00:00,0.11,,,,,,,,,,
62136417,LON,fail_incidence,15.213115276575738,0.8296241062003024,47.09581170938442,64.46673962405454,3.6203611023850906,4.122413642588287,"(1.0, 5.0)",2025-07-09T12:15:00.450000048+00:00,0.13,,,,,,,,,,
62136437,LON,ok,15.678486547734323,0.8343493729480967,29.42039787601772,71.13204929022325,3.619631617635753,9.290936521272924,"(5.0, 30.0)",2025-07-09T12:28:54.479999542+00:00,0.99,13.678486547734323,0.06,6.0,0.01,1.0,0.08397883597883599,True,1.6576272487969481,,
62136457,LON,fail_no_result,15.580985649392373,0.8860346786944011,25.000355323769025,70.48722857656392,3.603628066355344,5.092862550531756,"(1.0, 20.0)",2025-07-09T12:48:20.149999619+00:00,0.68,,,,,,,,,,
62136472,LON,ok,15.832251736871166,0.8742024486724477,36.49943433994973,67.50170337206883,3.6432426587179503,3.3888730037178063,"(1.0, 5.0)",2025-07-09T13:02:23.449998856+00:00,0.07,-88.16774826312883,0.16,49.0,0.08,0.37809718019295757,0.20779220779220778,True,4.391692099265869,,
62136482,LON,fail_snr,15.99532748592959,0.82003989258514,24.202503912955446,67.17638104618715,3.560557407701944,,None,2025-07-09T13:12:12.029999495+00:00,0.56,,,,,,,,,,
62136492,LON,fail_no_result,15.884692323156246,0.881549181895219,38.26443784281217,68.95411127791895,3.8470730014272734,4.286334447967147,"(3.0, 15.0)",2025-07-09T13:18:32.889999390+00:00,0.36,,,,,,,,,,
62136497,LON,fail_incidence,19.47740529048215,0.948094285195427,54.78816875427913,74.4163576545719,3.6198262481476307,11.410360640782681,"(5.0, 15.0)",2025-07-09T13:22:05.170000076+00:00,0.46,,,,,,,,,,
62136507,LON,fail_incidence,16.241808403278895,0.8457543154634877,48.60483996430475,70.70098824429192,3.52058276387342,10.50333755066503,"(1.0, 5.0)",2025-07-09T13:24:28.599998474+00:00,0.58,,,,,,,,,,
62136512,LON,fail_incidence,15.55604094331167,0.8398973026913901,50.45239728129607,71.15890929789293,3.6225026699235094,11.426966581880627,"(10.0, 20.0)",2025-07-09T13:25:29.659999847+00:00,0.3,,,,,,,,,,
62136527,LON,ok,16.25473327375815,0.85373753038422,42.47294092261676,67.93743787491293,3.6584205382572823,16.557161961632712,"(3.0, 5.0)",2025-07-09T13:36:43.719997406+00:00,0.95,-81.74526672624185,0.04,91.0,0.1,0.0,0.19636363636363638,True,1.0933680144670934,,
62136537,LON,ok,16.47755133826637,0.8358428100316544,20.68777080906168,69.71530009042894,3.680194555336517,6.786821237164556,"(1.0, 20.0)",2025-07-09T13:44:32.360000610+00:00,0.56,-67.52244866173363,0.18,12.0,0.01,0.0,0.07771428571428571,True,4.891045766561132,,
62136547,LON,fail_incidence,16.086669698966027,0.8567006853969755,50.07554462136706,69.9278000080668,3.5896112426518108,,None,2025-07-09T14:01:13.889999390+00:00,0.24,,,,,,,,,,
62136552,LON,ok,16.04016508857523,0.8070228572910678,12.884661646500737,68.97639766075426,3.7525192443626376,5.9767346228202065,"(3.0, 5.0)",2025-07-09T14:10:37.290000916+00:00,0.34,14.040165088575229,0.12,91.0,0.1,0.0,0.19692307692307692,True,3.197851688043292,,
62136557,LON,fail_incidence,15.555380325108464,0.8796116613674159,51.25866827141015,63.96420418240408,3.7789210859580455,7.40620507903682,"(10.0, 20.0)",2025-07-09T14:13:23.809999704+00:00,0.35,,,,,,,,,,
62136562,LON,ok,16.0802284035771,0.7853499377371257,21.874660079339524,65.0305201468581,3.6160130505490264,5.033767469221615,"(2.0, 8.0)",2025-07-09T14:22:35.200000763+00:00,0.26,-39.919771596422905,0.02,41.0,0.01,1.0,0.12862745098039216,True,0.553095348949677,,
62136572,LON,ok,19.18433796934091,0.8599006251081767,18.433341052780005,70.40718315774068,3.8069082095558824,6.609135124765942,"(2.0, 8.0)",2025-07-09T14:27:09.039999962+00:00,0.92,-54.81566203065909,0.04,20.0,0.02,0.0,0.14736842105263157,True,1.0507214200645631,,
62136577,LON,ok,17.74631711605537,0.8020456597311939,35.77260265837397,69.98246907869117,3.954011879387289,8.824559256124294,"(10.0, 20.0)",2025-07-09T14:28:36.349998474+00:00,0.5,-6.253682883944631,0.02,50.0,0.03,0.0,0.0764349376114082,True,0.5058153746138766,,
62136592,LON,fail_incidence,16.28849032489174,0.8417786439797359,51.281761274307165,71.7423658250313,3.631598281626829,5.338868729199458,"(10.0, 20.0)",2025-07-09T14:45:16.489999771+00:00,-0.02,,,,,,,,,,
62136602,LON,fail_incidence,17.661653072841617,0.9398129241844274,59.03641356227348,69.52088043235314,3.9486634223812636,4.6815300391544845,"(1.0, 5.0)",2025-07-09T14:52:42.430000305+00:00,0.27,,,,,,,,,,
62136612,LON,fail_incidence,17.37055639697971,0.8926134891223514,47.95282712009757,64.57983368814338,3.9086258045418316,7.3019924385535555,"(1.0, 5.0)",2025-07-09T14:59:16.879999161+00:00,0.62,,,,,,,,,,
62136622,LON,ok,16.52741747857606,0.9079591779901526,28.156892441188088,64.26919404892857,3.532674157052502,5.388419194346879,"(3.0, 15.0)",2025-07-09T15:10:50.909999847+00:00,0.4,-3.4725825214239414,0.06,13.0,0.01,0.9685730319472645,0.08680459770114943,True,1.69843006551335,,
62136627,LON,fail_incidence,14.696129796852366,0.7986891110590493,51.51349660665324,69.03921564910206,3.6555739270515937,5.334519637653768,"(1.0, 20.0)",2025-07-09T15:19:12.599999428+00:00,0.05,,,,,,,,,,
62136632,LON,fail_incidence,15.836573200734698,0.8661791505558338,54.2233769486639,63.19263057896878,3.615245461151458,2.3934174500766274,"(1.0, 8.0)",2025-07-09T15:21:01.049999952+00:00,0.06,,,,,,,,,,
62136662,LON,ok,15.943143396306107,0.7292797394920355,23.267642607946286,66.70389662176113,3.631807454308309,4.3480580165375375,"(2.0, 8.0)",2025-07-09T15:53:00.529999970+00:00,0.27,5.943143396306107,0.08,91.0,0.1,0.0,0.17142857142857143,True,2.202759948220776,,
62136677,LON,ok,15.951312969495403,0.9757707051652247,25.717432948835715,69.76692060118238,3.846870831949297,5.780697812454178,"(1.0, 5.0)",2025-07-09T16:03:26.559999704+00:00,2.26,3.951312969495403,0.14,91.0,0.1,0.0,0.1898901098901099,True,3.639321571113393,,
62136682,LON,fail_incidence,16.349443957205857,0.8914285175821978,46.31756694513065,69.74327442256632,3.9323240929132752,8.578919699436966,"(5.0, 15.0)",2025-07-09T16:03:18.770000458+00:00,0.91,,,,,,,,,,
62136687,LON,ok,16.853427323332195,0.8682021068558541,32.31821879100929,68.1016427654238,3.9129288863890928,6.319237487760928,"(3.0, 5.0)",2025-07-09T16:07:54.059997559+00:00,0.4,-79.1465726766678,0.16,91.0,0.1,0.0,0.20512820512820515,True,4.089008633828005,,
62136692,LON,ok,14.662230909045675,0.7991072436376794,19.407200775545757,71.13366428820474,3.6164467246658196,4.8312571556841055,"(2.0, 8.0)",2025-07-09T16:08:40.930000305+00:00,0.48,-7.337769090954325,0.06,10.0,0.01,0.6543033514199101,0.12231111111111112,True,1.6590870699344906,,
62136697,LON,fail_incidence,16.032196210765743,0.8765668461688053,52.43803765775772,69.47061591694101,3.843705958703858,8.787781389451418,"(5.0, 45.0)",2025-07-09T16:10:11.719999313+00:00,0.18,,,,,,,,,,
62136702,LON,fail_incidence,17.13225893284463,0.9492880455193964,46.08322639230284,68.2636700033375,3.9209494546029715,9.578260914464614,"(1.0, 5.0)",2025-07-09T16:11:46.389999390+00:00,0.73,,,,,,,,,,
62136717,LON,fail_incidence,15.70367792326472,0.8969938724293478,54.62393163260713,68.69545128459562,3.910851771254268,,None,2025-07-09T16:23:52.069999695+00:00,0.14,,,,,,,,,,
62136722,LON,ok,15.794167843172424,0.7843525085252554,28.63616152524981,68.63259686244365,3.567548696859042,5.108738773437695,"(5.0, 15.0)",2025-07-09T16:26:46.649997711+00:00,0.51,23.794167843172424,0.02,91.0,0.1,0.0,0.09142857142857143,True,0.5606090259569125,,
62136732,LON,fail_snr,16.600896151311215,0.944842354903835,32.3544400119439,62.696167901269035,3.864201330439562,,None,2025-07-09T16:28:08.449999809+00:00,0.53,,,,,,,,,,
62136767,LON,fail_incidence,16.032920980959766,0.9473422202650515,55.85294786363928,69.51964929866647,3.6824479639576313,8.159592011115151,"(1.0, 5.0)",2025-07-09T16:45:36.899997711+00:00,0.91,,,,,,,,,,
62136777,LON,ok,15.524853182736917,0.7859267742686471,39.24742645098583,70.4946102658122,3.516411627298089,9.600821875526615,"(10.0, 20.0)",2025-07-09T16:46:00.359999895+00:00,0.58,-0.4751468172630826,0.02,9.0,0.01,1.0,0.0624390243902439,True,0.5687616274709976,,
62136782,LON,ok,17.511677220732704,0.8989785368548158,33.29785803569419,68.99536365670514,3.769030212487175,8.667236012838599,"(5.0, 15.0)",2025-07-09T16:46:27.930000305+00:00,0.88,65.51167722073271,0.06,7.0,0.03,0.0,0.0883809523809524,True,1.5919214391334404,,
62136787,LON,ok,17.638383646971935,0.8875119734453729,34.68990661231886,64.44098324748242,3.7010944333085827,7.096205838000143,"(5.0, 10.0)",2025-07-09T16:47:14.039999962+00:00,0.39,75.63838364697193,0.04,7.0,0.01,-0.8585786437626906,0.12270152505446622,True,1.0807613996555638,,
62136797,LON,fail_incidence,15.594656273198282,0.8643504912662291,52.542028651065436,69.41970123326021,3.58012736122625,2.7792639882974393,"(1.0, 8.0)",2025-07-09T17:04:46.729999542+00:00,0.25,,,,,,,,,,
62136832,LON,fail_incidence,16.208605089093076,0.8872230044711136,53.02206280291763,70.67005087373909,3.77950910189932,3.8016483401108467,"(3.0, 5.0)",2025-07-09T17:40:13.659999847+00:00,0.12,,,,,,,,,,
62136837,LON,ok,16.21850860935722,0.9063299351314341,22.30093265844973,70.58086862176515,3.6037066812245935,6.59185903631833,"(1.0, 20.0)",2025-07-09T17:44:32.529998779+00:00,0.63,26.21850860935722,0.04,24.0,0.01,0.9685730319472645,0.07322884012539185,True,1.1099682504239607,,
62136872,LON,fail_incidence,17.669300038650686,0.9685320324092189,57.87876148655541,70.55929465834608,3.956486511902359,5.992256183827841,"(1.0, 8.0)",2025-07-09T18:02:03.349999905+00:00,0.64,,,,,,,,,,
62136907,LON,ok,16.508808540898652,0.9630607221094327,38.27890474477403,66.66460440089637,3.5497997629816225,11.752164087651444,"(1.0, 5.0)",2025-07-09T18:28:30.029998779+00:00,0.67,-85.49119145910134,0.04,91.0,0.1,0.6247634490940381,0.1980952380952381,True,1.126824121662636,,
62136922,LON,fail_incidence,16.013535206557464,0.8764476410905878,52.90776174606149,67.92922439923804,3.6435723354665415,5.502578903338369,"(1.0, 15.0)",2025-07-09T18:38:19.510000229+00:00,0.31,,,,,,,,,,
62136927,LON,ok,16.880279287307218,0.8243425024546648,20.125751442471383,66.7302571296694,3.5637643867717292,7.9201085236330675,"(1.0, 5.0)",2025-07-09T18:42:21.609998703+00:00,0.59,18.880279287307218,0.18,91.0,0.1,0.0,0.17846153846153848,True,5.050838957483796,,
62136932,LON,ok,16.167253569979813,0.8817812737372209,38.25873360891546,67.00432021445667,3.474506796731071,5.260901096662726,"(1.0, 20.0)",2025-07-09T18:41:41.389999390+00:00,0.36,2.167253569979813,0.02,5.0,0.01,0.0,0.11459459459459459,True,0.5756212656949369,,
62136942,LON,ok,17.79298951444378,0.8522580638123489,17.833414820555294,73.66221843136648,3.682172133970615,14.860598093263475,"(1.0, 5.0)",2025-07-09T18:49:29.879999161+00:00,0.72,19.79298951444378,0.04,9.0,0.02,0.0,0.21482517482517482,True,1.086315319997455,,
62136952,LON,fail_incidence,15.852873787202187,0.796209321271311,51.49679811927698,69.27403276069984,3.6633016953625908,3.1651544535692784,"(10.0, 20.0)",2025-07-09T19:02:38.090000153+00:00,0.25,,,,,,,,,,
62136982,LON,ok,17.003779496985196,0.806201721231243,42.59580143862502,67.31034474021078,3.563685470128342,5.621667858793573,"(10.0, 20.0)",2025-07-09T19:19:49.539997101+00:00,0.09,-6.996220503014804,0.1,49.0,0.05,-0.9214325798681613,0.06812324929971987,True,2.806083781473527,,
62136987,LON,fail_incidence,16.70578012983188,0.7989576250525926,46.44412513507117,71.34847230349416,3.622496196285551,8.084861981742698,"(3.0, 5.0)",2025-07-09T19:21:15.469999313+00:00,0.25,,,,,,,,,,
62136997,LON,ok,18.17379609359183,0.8270171584034363,19.041578259316697,71.31881884955058,3.63349044648546,6.142694244980076,"(5.0, 15.0)",2025-07-09T19:25:14.139999390+00:00,0.53,20.17379609359183,0.06,58.0,0.07,-0.6666666666666667,0.1111111111111111,True,1.6513047408184538,,
62137007,LON,ok,15.090942131197664,0.7952465454266862,37.25432751704785,71.83119379251187,3.6332753865427434,9.100628161449443,"(1.0, 15.0)",2025-07-09T19:31:17.520000458+00:00,0.38,23.090942131197664,0.06,20.0,0.03,-0.7596299149690673,0.08985221674876848,True,1.6514024844423703,,
62137012,LON,fail_incidence,20.415826430012125,0.8730552704202426,46.86074895623739,72.03985110922775,3.7380979703909465,3.4598752608422014,"(1.0, 15.0)",2025-07-09T19:31:56.099998474+00:00,0.47,,,,,,,,,,
62137027,LON,ok,16.10703007270509,0.8700523033954516,43.16121430540607,63.6011075133027,3.866222136697798,8.398710400370739,"(1.0, 5.0)",2025-07-09T19:33:29.369998932+00:00,0.73,42.107030072705086,0.14,27.0,0.02,0.9685730319472645,0.1980952380952381,True,3.6211059543406434,,
62137057,LON,ok,16.019370377847352,0.8471044376413659,21.35048611727477,71.8588137493936,3.634288025833104,5.702140162078354,"(1.0, 20.0)",2025-07-09T19:50:06.500000+00:00,0.88,26.019370377847352,0.02,16.0,0.01,0.8742921277890582,0.08884705882352942,True,0.5503141153875748,,
62137062,LON,ok,17.021179537551998,0.9221326227868563,16.261783599412233,79.92490998630284,3.6742061654315914,4.593229835113943,"(3.0, 15.0)",2025-07-09T19:52:25.529998779+00:00,0.5,15.021179537551998,0.02,12.0,0.01,0.0327587914302061,0.13274074074074074,True,0.5443352686130691,,
62137077,LON,ok,17.647291695259174,0.817641346078421,31.622347193958312,67.74541581242848,3.5784211632555807,9.379514819210288,"(5.0, 10.0)",2025-07-09T19:55:54.469997406+00:00,0.18,19.647291695259174,0.02,49.0,0.04,0.0,0.11965217391304347,True,0.5589057041515028,,
62137087,LON,fail_incidence,16.196228118023697,0.872042439577497,53.39009790622507,64.10014532499255,3.8745191487316992,8.219672356314454,"(10.0, 20.0)",2025-07-09T20:01:46.950000763+00:00,1.47,,,,,,,,,,
62137092,LON,fail_incidence,15.724767805225667,0.8146910804425482,46.928567223021766,66.14382312034023,3.5442770120330387,11.268925889356131,"(5.0, 15.0)",2025-07-09T20:01:07.519999981+00:00,0.42,,,,,,,,,,
62137102,LON,ok,19.446835094898557,0.7939145698432561,44.43822238140882,66.95668988566366,3.810184755254205,7.4089064265644655,"(5.0, 15.0)",2025-07-09T20:06:07.779999495+00:00,0.24,7.446835094898557,0.04,91.0,0.1,-0.7957247076572196,0.07893738140417456,True,1.0498178584343034,,
62137107,LON,ok,19.39073445707763,0.8808663129160522,18.842335663981597,73.44829506169245,3.767224295133349,2.9580474976945217,"(5.0, 30.0)",2025-07-09T20:08:20.930000305+00:00,0.33,1.390734457077631,0.06,10.0,0.01,-0.7014438034990133,0.0632470588235294,True,1.5926845682512296,,
62137112,LON,ok,16.463742024703755,0.8541931465095617,13.206916892479095,68.69618124896827,3.569443238897233,6.307744651016607,"(10.0, 20.0)",2025-07-09T20:12:29.599998474+00:00,1.04,0.46374202470375536,0.1,10.0,0.01,0.0,0.07046757164404223,True,2.8015573664338382,,
62137127,LON,ok,19.364079107397142,0.8230026524778853,17.910377014328486,72.42906372379223,3.7452913314560683,5.6040228268855845,"(1.0, 5.0)",2025-07-09T20:17:01.390000105+00:00,0.55,-38.635920892602854,0.02,47.0,0.05,0.6543033514199101,0.1898901098901099,True,0.5340038525714511,,
62137157,LON,ok,19.704785895314014,0.8926516006145231,35.34253737330513,69.20599043960391,3.785470434630629,8.751423507404732,"(1.0, 5.0)",2025-07-09T20:59:41.389999390+00:00,0.49,87.70478589531402,0.16,56.0,0.09,-0.6279384675210063,0.19636363636363638,True,4.226687350039023,,
62137177,LON,ok,16.744434248848535,0.8093976425236379,22.54334070632649,69.07715024560024,3.614079700028056,19.440063608734064,"(5.0, 15.0)",2025-07-09T21:23:07.699999809+00:00,0.84,6.744434248848535,0.06,52.0,0.09,-0.890005611815426,0.08571428571428572,True,1.6601736812703445,,
62137212,LON,ok,16.270550643178936,0.7925439365059721,42.81341788487861,70.39451247765183,3.6070804749577543,5.633334241153862,"(10.0, 20.0)",2025-07-09T21:41:57.159999847+00:00,0.42,-81.72944935682106,0.18,9.0,0.01,0.0,0.07822222222222222,True,4.990185310520641,,
62137247,LON,fail_incidence,15.681547861570051,0.8945030020253999,49.62155761530714,69.18146921067405,3.587128891241227,5.640415200334422,"(2.0, 8.0)",2025-07-09T21:58:26.829999924+00:00,0.68,,,,,,,,,,
62137257,LON,ok,19.85611597983187,0.8794129570351354,28.626590553551548,74.1972682635812,3.7990132473612226,6.813772097893619,"(3.0, 15.0)",2025-07-09T22:00:05.359999657+00:00,0.3,7.85611597983187,0.06,9.0,0.01,0.0,0.09024676850763808,True,1.5793574829378585,,
62137297,LON,ok,18.6295529137801,0.8070956234827416,30.000148476886984,67.03530523862017,3.6895739055585355,14.371790566858312,"(10.0, 20.0)",2025-07-09T22:36:37.959999084+00:00,0.68,8.629552913780099,0.06,12.0,0.03,-0.9528595479208969,0.07320261437908496,True,1.6262040424127802,,
62137362,LON,ok,16.27955152725873,0.7884656763427703,31.727404616029112,71.13593625739999,3.6200319688740397,7.439682250907407,"(5.0, 15.0)",2025-07-09T23:13:53.969997406+00:00,0.5,-81.72044847274127,0.06,16.0,0.03,0.0,0.0850544662309368,True,1.657443926349141,,
62137407,LON,ok,15.383581949290408,0.9856303149935252,34.999279937228906,67.04884158198593,3.6432345749480812,4.358246879911139,"(1.0, 20.0)",2025-07-09T23:44:28.119998932+00:00,1.37,-28.61641805070959,0.04,91.0,0.1,0.0,0.11240143369175627,True,1.0979254609365918,,
62137427,LON,ok,16.10588174451751,0.8478318372630078,24.344302196496386,71.60499620973353,3.6290405714478133,3.390435110562842,"(2.0, 8.0)",2025-07-09T23:53:27.049999237+00:00,0.09,80.10588174451752,0.04,15.0,0.01,0.9371460638945291,0.14628571428571427,True,1.1022196972584937,,
62137437,LON,fail_incidence,16.43467155726139,0.8150981270372635,50.65313799303927,70.03385027085986,4.048811137309778,10.990463786706366,"(5.0, 10.0)",2025-07-09T23:57:29.529998779+00:00,0.79,,,,,,,,,,
62137462,LON,fail_no_result,15.898896776556079,0.9101684999185017,26.98067353243124,68.04326421697031,3.8181048005475686,6.695488200217126,"(10.0, 20.0)",2025-07-10T00:10:05.069999695+00:00,0.75,,,,,,,,,,
62137492,LON,fail_incidence,15.457034869844412,0.7791675799435868,45.7051797416367,72.81893707843184,3.6543596890587167,7.503449093198744,"(1.0, 20.0)",2025-07-10T00:20:35.049999237+00:00,-0.03,,,,,,,,,,
62137497,LON,fail_incidence,16.955121212437422,0.8792231097037911,50.388286192555995,66.1512883541471,3.631796419541375,21.742285905866108,"(3.0, 5.0)",2025-07-10T00:24:22.209999084+00:00,0.97,,,,,,,,,,
62137502,LON,fail_snr,15.43344904121679,0.7893860300603353,27.94831875742453,70.9079858435039,3.6162182992419263,1.2461137429818232,"(5.0, 10.0)",2025-07-10T00:29:16.680000305+00:00,0.46,,,,,,,,,,
62137512,LON,ok,15.335146476624216,0.8120169004011263,41.70823155274291,71.94913380487979,3.635716445515208,3.7330669040247164,"(10.0, 20.0)",2025-07-10T00:33:12.199999809+00:00,-0.03,25.335146476624217,0.08,20.0,0.01,0.9371460638945291,0.06909090909090909,True,2.20039162016287,,
62137537,LON,ok,16.998077199562214,0.903014337378939,37.019904885845904,67.61498801783854,3.817132145674815,8.78670454601346,"(10.0, 20.0)",2025-07-10T00:43:05.219999790+00:00,0.92,28.998077199562214,0.08,32.0,0.04,0.0,0.0753574432296047,True,2.0958142643986757,,
62137612,LON,ok,15.601208679560736,0.8335170588934004,29.6047370742603,68.10633098549806,3.650986967374619,6.42390878227681,"(10.0, 20.0)",2025-07-10T01:18:48.739998102+00:00,0.28,-22.398791320439265,0.06,40.0,0.05,0.33333333333333326,0.07078787878787879,True,1.6433912401266466,,
62137657,LON,ok,15.681547861570051,0.9317701528100932,19.550163682860443,69.11348538635644,3.5911996434567937,6.864487953320044,"(3.0, 30.0)",2025-07-10T01:33:03.900000095+00:00,0.19,9.681547861570051,0.06,17.0,0.01,0.8428651597363228,0.08228571428571428,True,1.6707508898682555,,
62137732,LON,fail_no_result,15.554045433486921,0.795478381498625,35.825768211519545,72.6344033763894,3.650578733324429,8.981140593058365,"(10.0, 20.0)",2025-07-10T02:11:12.259999274+00:00,0.54,,,,,,,,,,
62137797,LON,ok,16.28849032489174,0.8036669857227945,33.9360962497693,71.80276326390866,3.6330337745656975,5.107859953098185,"(10.0, 20.0)",2025-07-10T02:43:48.279998779+00:00,-0.07,-67.71150967510826,0.18,15.0,0.01,0.07450380342405338,0.07329032258064516,True,4.954536928892649,,
62137807,LON,fail_incidence,14.47797787842705,0.8540877058766095,45.712010961686424,71.53460499182341,3.629679388366121,7.858343936539723,"(1.0, 5.0)",2025-07-10T02:45:10.099999428+00:00,0.27,,,,,,,,,,
62137812,LON,fail_incidence,15.775566789696931,0.8379962693948094,51.520894864228126,71.61721174964813,3.6294471964039605,4.077581711981919,"(10.0, 20.0)",2025-07-10T02:46:42.229999542+00:00,0.15,,,,,,,,,,
62137832,LON,ok,13.96335204023887,0.7771887128807925,43.550164614951576,66.98301854013413,3.7326663182021553,6.191794436613841,"(10.0, 20.0)",2025-07-10T03:01:02.759999990+00:00,-0.07,21.96335204023887,0.08,23.0,0.01,0.13233675531757172,0.07200000000000001,True,2.143240064344464,,
62137837,LON,ok,16.702376510005642,0.8280849863806621,31.217120306726063,68.07498949540116,3.5661173531323,6.734673408349795,"(3.0, 15.0)",2025-07-10T02:59:16.670000076+00:00,0.55,-3.2976234899943577,0.06,8.0,0.01,0.0,0.09142857142857143,True,1.682502118089271,,
62137872,LON,ok,16.108769788457682,0.7131021981625456,40.33532592840638,68.03242785568338,3.6662339594283075,4.849549391466179,"(1.0, 5.0)",2025-07-10T03:45:04+00:00,0.17,-89.89123021154232,0.06,22.0,0.03,-0.2058858495464161,0.19692307692307692,True,1.6365567681707927,,
62137882,LON,ok,15.892095301795067,0.7812260704221132,42.66783265410849,68.94010333146957,3.589424366291799,6.799200529917259,"(5.0, 30.0)",2025-07-10T03:47:20.479999542+00:00,0.17,1.8920953017950666,0.02,13.0,0.01,0.8742921277890582,0.07038123167155425,True,0.5571924063317656,,
62137887,LON,ok,16.783865253677266,0.7883191293885649,21.601875395953584,64.31892717085793,3.560730126881256,8.223329519569102,"(3.0, 15.0)",2025-07-10T03:53:40.189998627+00:00,0.33,22.783865253677266,0.02,18.0,0.03,0.0,0.09979010494752623,True,0.5616825563109283,,
62137892,LON,fail_no_result,15.491813482517367,0.7960117310904108,26.986502237920924,68.32979463366176,3.681851943127584,4.698173219529249,"(3.0, 15.0)",2025-07-10T04:10:02.450000048+00:00,-0.06,,,,,,,,,,
62137897,LON,fail_no_result,16.960065521521827,0.8444790148388109,13.397665093354691,72.44004997154072,4.0994880239230715,3.1330952673629424,"(5.0, 45.0)",2025-07-10T04:14:17.420000076+00:00,1.33,,,,,,,,,,
62137902,LON,ok,15.943548948479558,0.8246155944131555,42.8625921822137,67.66301477092425,3.580553095557852,10.786885258814804,"(10.0, 20.0)",2025-07-10T04:36:30.129999161+00:00,0.26,1.9435489484795578,0.02,4.0,0.01,1.0,0.06321951219512195,True,0.55857292061421,,
62137912,LON,ok,16.192785606458884,0.8465764901182635,10.561868492395286,78.87069704802525,4.060255955510745,6.40051211450358,"(5.0, 10.0)",2025-07-10T04:53:37.829998016+00:00,0.44,-23.807214393541116,0.1,57.0,0.08,-0.6119055734094894,0.11215238095238096,True,2.4628989180910117,,
62137917,LON,fail_no_result,14.751912396352202,0.8555874087235021,26.245263605646905,64.14258726768325,3.7091614259569003,4.295962797540035,"(1.0, 20.0)",2025-07-10T04:59:07.190000057+00:00,0.09,,,,,,,,,,
62137922,LON,ok,17.452202527142425,0.8127532224512859,20.433115239665263,72.81073577101365,3.9332439588127275,4.521964992921073,"(5.0, 10.0)",2025-07-10T05:01:19.209999084+00:00,0.61,31.452202527142425,0.02,14.0,0.01,0.9371460638945291,0.12218181818181818,True,0.5084861302637611,,
62137937,LON,fail_incidence,15.937962552219846,0.795309971350998,47.44554975911667,68.71210481246393,3.6825189115845163,9.548382130905509,"(5.0, 15.0)",2025-07-10T05:06:14.329999924+00:00,0.53,,,,,,,,,,
62137947,LON,ok,15.432474792326799,0.7645891121141003,42.41665043747388,72.45735423714355,3.6468152759257086,5.807880693907441,"(1.0, 20.0)",2025-07-10T05:19:37.219997406+00:00,0.43,13.432474792326799,0.06,13.0,0.01,-0.8900056118154259,0.07258237547892721,True,1.6452711601842676,,
62137952,LON,ok,16.20001753001249,0.787960953506833,35.520678333679456,69.47922773536845,3.591412614516621,4.755393540495906,"(10.0, 20.0)",2025-07-10T05:23:03.490000010+00:00,0.32,12.200017530012492,0.08,10.0,0.01,-0.8585786437626906,0.08007820136852395,True,2.2275357522729933,,
62137957,LON,ok,18.954520950576576,0.9477017723687953,28.080237216669882,68.4450439908928,3.7858852046580034,5.687706075170441,"(1.0, 15.0)",2025-07-10T05:28:40.700000763+00:00,0.96,-5.045479049423424,0.04,16.0,0.01,0.9371460638945291,0.09007407407407406,True,1.056556071768515,,
62137962,LON,ok,18.896729462983004,0.9357888271683055,22.821475633111906,70.95011461864007,3.7158706644613986,4.987438498946399,"(2.0, 8.0)",2025-07-10T05:27:08.889999390+00:00,0.35,-83.103270537017,0.08,28.0,0.06,-0.494413920335402,0.1594139194139194,True,2.1529274623339374,,
62137967,LON,ok,18.084067573900835,0.753059497903612,23.634716007670708,64.54553261531294,4.012486928616512,4.233572317497368,"(3.0, 30.0)",2025-07-10T05:32:56.479999542+00:00,0.38,-15.915932426099165,0.18,10.0,0.01,0.0,0.08205128205128204,True,4.485995922286112,,
62137972,LON,ok,17.917647892107563,0.8116019274682887,24.22165683906205,72.19497880279395,4.01142700938822,4.074702991273201,"(5.0, 15.0)",2025-07-10T05:34:02.539999962+00:00,0.44,81.91764789210757,0.06,12.0,0.03,0.527549074989571,0.08109161793372319,True,1.4957270781589156,,
62137977,LON,fail_incidence,16.592079930247756,0.950890476106467,49.6480334143751,63.326649647632316,3.6303948656771965,6.976348090999012,"(1.0, 8.0)",2025-07-10T05:35:27.899999619+00:00,0.51,,,,,,,,,,
62137982,LON,fail_incidence,15.93307415198369,0.8740424996652723,50.9522224840377,63.56447829818833,3.627570150811921,3.72096384929822,"(3.0, 5.0)",2025-07-10T05:35:59.009998322+00:00,0.08,,,,,,,,,,
62137992,LON,fail_incidence,15.540771907683483,0.8705788431875375,53.629963474280295,67.69167329763484,3.656990675075062,4.43410114464437,"(1.0, 20.0)",2025-07-10T05:44:49.049999237+00:00,1.32,,,,,,,,,,
62137997,LON,fail_incidence,15.201480778299436,0.842099044898201,48.978024286212126,65.70952413822032,3.647835591714009,3.845150076847703,"(1.0, 5.0)",2025-07-10T05:59:14.909999847+00:00,0.37,,,,,,,,,,
62138012,LON,ok,17.55022561281518,0.7405823939643102,25.159651640491415,66.32656420927313,4.164047968519518,3.7932800083915423,"(1.0, 5.0)",2025-07-10T06:13:16.129999161+00:00,0.18,23.55022561281518,0.06,91.0,0.1,-0.8271516757099551,0.19636363636363638,True,1.4409055912324744,,
62138022,LON,fail_incidence,15.419791714467104,0.8649979325960767,55.072931605777875,67.14462819598889,3.658772909907742,3.234584842619922,"(1.0, 20.0)",2025-07-10T06:16:35.459999084+00:00,0.05,,,,,,,,,,
62138027,LON,ok,16.190675016582226,0.7946696902639065,31.028966265501975,68.39970787084417,3.5820190236697123,8.112171860023606,"(10.0, 20.0)",2025-07-10T06:18:49.520000458+00:00,0.2,-5.809324983417774,0.06,8.0,0.01,-0.8585786437626906,0.06855532064834391,True,1.67503298010213,,
62138032,LON,ok,18.896710173533318,0.7926316521869784,31.37246207482962,72.92160125125262,3.664152883157089,5.456627017755166,"(1.0, 5.0)",2025-07-10T06:23:44.819999695+00:00,0.45,28.896710173533318,0.06,25.0,0.03,-0.9214325798681613,0.19692307692307692,True,1.6374862598064712,,
62138037,LON,fail_incidence,15.546486498450445,0.8897371805001846,52.92909565855705,67.85213782841045,3.5735644305543404,4.080214744350263,"(1.0, 5.0)",2025-07-10T06:27:27.420000076+00:00,0.2,,,,,,,,,,
62138042,LON,ok,19.159503330586315,0.9130073123258409,29.627809306961538,73.376958249819,3.782058401594527,5.8537387447208715,"(10.0, 20.0)",2025-07-10T06:40:57.649997711+00:00,0.29,1.1595033305863147,0.06,4.0,0.01,0.0,0.06345165238678091,True,1.5864376915677405,,
62138052,LON,fail_incidence,16.730946085118337,0.8546199074290652,53.17715689290962,71.25204489305376,3.7090878634883593,5.8271987484111545,"(5.0, 15.0)",2025-07-10T07:03:38.680000305+00:00,0.28,,,,,,,,,,
62138057,LON,ok,15.43708208375064,0.7882562542082432,37.20687505041375,69.20155279159346,3.8328366470568005,6.587357122263274,"(5.0, 30.0)",2025-07-10T07:08:49.950000763+00:00,0.7,13.43708208375064,0.02,20.0,0.01,0.9057190958417937,0.06986522911051213,True,0.5218067411079941,,
62138062,LON,ok,16.30442225549712,0.781156399544876,43.85906480222246,71.5190387760071,3.5407021708980757,4.654067400948042,"(3.0, 15.0)",2025-07-10T07:14:18.590000153+00:00,-0.01,80.30442225549712,0.16,12.0,0.01,0.0,0.0874074074074074,True,4.518877676724136,,
62138067,LON,ok,18.055563481618478,0.7930761367032693,35.78500165750943,72.2481805139899,4.009848704545801,2.6389112675812223,"(1.0, 20.0)",2025-07-10T07:22:58.819999695+00:00,0.41,60.05556348161848,0.08,15.0,0.03,0.6340916933316643,0.06857142857142857,True,1.9950877425701194,,
62138072,LON,ok,17.93057897999673,0.8020652850716475,20.546957851034144,73.27250346964298,4.099855063249797,6.566400655275226,"(1.0, 15.0)",2025-07-10T07:31:35.049999237+00:00,0.49,-8.069421020003269,0.12,19.0,0.01,0.9371460638945291,0.13847953216374267,True,2.9269327366143676,,
62138077,LON,ok,15.019063590550399,0.8127756177619444,37.90732482293402,66.10719705673597,3.6374169648406434,3.355559531675585,"(1.0, 5.0)",2025-07-10T07:37:50.529998779+00:00,0.39,17.0190635905504,0.06,91.0,0.1,-0.9842865159736324,0.18666666666666668,True,1.6495221906083737,,
62138082,LON,ok,14.88723621927762,0.8051144350965354,22.682383308432907,66.74967483382909,3.668451631633722,6.104134657426713,"(1.0, 20.0)",2025-07-10T07:38:24.569999695+00:00,0.19,26.887236219277618,0.02,15.0,0.03,-0.9842865159736323,0.07693379790940766,True,0.5451891426763374,,
62138087,LON,ok,17.739119440326366,0.8074025974122745,26.157694593083487,68.00567918625484,4.0009678943860365,3.476177343409528,"(3.0, 15.0)",2025-07-10T07:49:25.869998932+00:00,0.37,77.73911944032636,0.06,10.0,0.03,-0.3557471549189233,0.08030888030888031,True,1.4996371274108218,,
62138092,LON,ok,17.94352043604372,0.805733352009772,37.71135157111469,71.2342221660906,3.9823252493138908,4.764793776322084,"(1.0, 15.0)",2025-07-10T07:54:33.200000763+00:00,0.52,65.94352043604371,0.06,7.0,0.01,0.5600224472617037,0.0861952861952862,True,1.5066574486937578,,
62138097,LON,ok,18.372458548745985,0.8124398403775701,23.498955804260856,67.47269012792404,3.961978714830194,3.0609575455885074,"(5.0, 10.0)",2025-07-10T07:55:59.709999084+00:00,0.26,12.372458548745985,0.02,18.0,0.01,0.9685730319472645,0.11733333333333335,True,0.5047982697417691,,
62138102,LON,ok,17.87612952851429,0.8533720152450948,23.598480070648236,67.51990084904683,3.961704632995942,3.2542740726743937,"(5.0, 10.0)",2025-07-10T08:08:44.299999237+00:00,0.34,-6.123870471485709,0.02,27.0,0.01,0.9371460638945291,0.12832080200501253,True,0.5048331931014123,,
62138107,LON,ok,15.743232602017368,0.7611448169549673,33.84777174349979,69.22340032940353,3.5918063741980792,7.110072176090867,"(1.0, 20.0)",2025-07-10T08:15:46.229999542+00:00,0.51,7.743232602017368,0.06,11.0,0.01,0.9685730319472645,0.07693379790940766,True,1.6704686653215217,,
62138112,LON,fail_incidence,16.186164813799326,0.8337022253680941,50.26143860983084,69.20485269473707,4.0312359385938095,5.906919981876031,"(10.0, 20.0)",2025-07-10T08:17:21.029998779+00:00,0.4,,,,,,,,,,
62138122,LON,fail_no_result,17.258937295855468,0.9026808031838609,18.652458893931104,70.85691845591475,3.97562648595815,2.431233080741718,"(10.0, 20.0)",2025-07-10T08:37:34.040000916+00:00,0.2,,,,,,,,,,
62138127,LON,fail_snr,18.131434051843616,0.8834249393480519,15.777413930469304,70.87470743306392,3.983531757344795,,None,2025-07-10T08:38:07.559999943+00:00,0.77,,,,,,,,,,
62138132,LON,fail_incidence,15.092811918978068,0.7694045957821571,45.749776196666524,66.82971599131197,3.6618220423608667,5.502787595254469,"(1.0, 20.0)",2025-07-10T08:50:11.109999657+00:00,0.04,,,,,,,,,,
62138142,LON,fail_incidence,16.10017707782879,0.8355452075891512,52.90758786294804,68.601432038979,4.021456431466842,4.7799117305509675,"(10.0, 20.0)",2025-07-10T09:16:31.819999695+00:00,0.49,,,,,,,,,,
62138152,LON,fail_incidence,17.30024198281387,0.9187206218636247,46.50069938515584,69.21841800717036,3.681493003233785,6.593406381328917,"(2.0, 8.0)",2025-07-10T09:26:54.299999237+00:00,0.7,,,,,,,,,,
62138162,LON,ok,18.837322412237793,0.832254485671441,33.773670437248896,66.67971004562625,3.689972753842556,16.083698643834815,"(3.0, 15.0)",2025-07-10T09:40:42.779998779+00:00,0.64,6.837322412237793,0.06,5.0,0.01,0.0,0.07320261437908496,True,1.6260282664016679,,
62138172,LON,fail_incidence,19.21993086024585,0.8365998026172434,47.21230851189149,71.49141357803634,3.73407934739222,9.247949260924287,"(1.0, 20.0)",2025-07-10T09:43:35.270000458+00:00,0.34,,,,,,,,,,
62138182,LON,ok,15.692615972509453,0.8192395697227692,22.225621333457834,70.113401284685,3.609185906688967,6.628096000231894,"(10.0, 20.0)",2025-07-10T10:01:23.500000+00:00,0.13,41.69261597250945,0.06,64.0,0.09,0.7800112236308518,0.07329032258064516,True,1.6624247559207452,,
62138187,LON,fail_incidence,15.743145758865825,0.9383271487246878,56.92681193378514,72.1937154132955,4.0071584048468285,17.471734817452017,"(10.0, 20.0)",2025-07-10T10:30:46.909999847+00:00,0.33,,,,,,,,,,
62138192,LON,ok,16.12939088832182,0.7671509503864021,40.913648097425074,64.88433467571316,3.976852775917583,8.262050679324012,"(5.0, 30.0)",2025-07-10T10:40:10.300000191+00:00,0.25,-1.8706091116781813,0.12,11.0,0.04,-0.8271516757099551,0.07300740740740741,True,3.0174614641677873,,
62138202,LON,ok,15.902446739978393,0.8014211307925417,36.15781806847994,69.8424193864267,3.5914050573520195,4.671935095476856,"(1.0, 20.0)",2025-07-10T10:40:53.069999695+00:00,0.62,11.902446739978393,0.04,51.0,0.07,0.5472307430931291,0.08700460829493087,True,1.1137702197672021,,
62138207,LON,fail_incidence,20.10818770075627,0.9163477572614244,53.91297639913292,70.04939356684659,3.6260597342915033,22.67125454218171,"(5.0, 15.0)",2025-07-10T10:57:29.689998627+00:00,0.85,,,,,,,,,,
62138217,LON,ok,15.548448525869775,0.8090652096787128,40.497499664430975,63.622663223920256,3.5420102737511407,7.140547669497238,"(10.0, 20.0)",2025-07-10T11:03:18.989999771+00:00,-0.02,45.54844852586977,0.08,13.0,0.01,0.7800112236308518,0.07038123167155425,True,2.258604403066188,,
62138227,LON,fail_incidence,15.120050270515586,0.7678436892723848,48.34972253763479,68.42864307268864,3.920356169281112,7.6674105380618975,"(5.0, 30.0)",2025-07-10T11:26:48.469997406+00:00,0.08,,,,,,,,,,
62138232,LON,ok,19.652307044950817,0.9519239267142513,23.778828448754034,65.94392121288898,3.756513685517252,7.213751081241959,"(3.0, 15.0)",2025-07-10T11:29:20.100000381+00:00,0.62,-6.347692955049183,0.1,56.0,0.04,0.0,0.1822222222222222,True,2.662042744194889,,
62138237,LON,ok,18.139632967118807,0.8142167997073175,23.070025033872856,69.77678646653624,3.6072054793722046,4.920552749041673,"(1.0, 20.0)",2025-07-10T11:31:48.289997101+00:00,0.28,0.13963296711880702,0.06,6.0,0.01,-0.8271516757099551,0.09186602870813397,True,1.6633374600673525,,
62138242,LON,fail_incidence,20.748806661916092,0.8612897688426526,52.53158560878317,70.91810903338815,3.7150760861294003,4.680171242044332,"(1.0, 20.0)",2025-07-10T11:32:56.639999390+00:00,0.28,,,,,,,,,,
62138247,LON,ok,14.647713677005155,0.8154339362607214,21.720301408515596,70.80951764497021,3.615123747571941,6.250616656141326,"(1.0, 20.0)",2025-07-10T11:33:55.409999847+00:00,0.13,20.647713677005157,0.02,12.0,0.01,0.0110486911085943,0.07771428571428571,True,0.5532314077334914,,
62138252,LON,ok,17.71322450003586,0.8046871472995365,41.82359162833628,68.6723537659681,3.961325593464504,10.87893041234179,"(10.0, 20.0)",2025-07-10T12:14:26.019998550+00:00,0.43,9.71322450003586,0.06,7.0,0.01,-0.9528595479208969,0.07368421052631578,True,1.5146444942316664,,
62138257,LON,fail_incidence,16.183321079679143,0.8532114679203594,48.41848347497169,70.55313358145227,3.6069640796012647,8.445275570971669,"(1.0, 5.0)",2025-07-10T12:25:27.840000153+00:00,0.63,,,,,,,,,,
62138272,LON,ok,15.99388279235205,0.8313691294362042,30.003903120226617,65.580364517002,3.620218652316569,10.516645412037109,"(5.0, 15.0)",2025-07-10T12:48:08.179999352+00:00,0.86,13.99388279235205,0.06,23.0,0.01,0.9685730319472645,0.08542825361512792,True,1.6573584571088307,,
62138277,LON,ok,20.69670722983064,0.865154308014755,33.98535043475006,70.15296645124941,3.7037884140795083,4.960868074184425,"(1.0, 5.0)",2025-07-10T12:54:23.699998856+00:00,0.49,-71.30329277016936,0.18,68.0,0.09,0.6775862638100687,0.1767619047619048,True,4.859888845587171,,
62138282,LON,fail_incidence,18.538482734529353,0.910361128750014,54.10359744485668,65.41219660032633,3.651399127063102,7.60390251724704,"(3.0, 15.0)",2025-07-10T12:59:36.770000458+00:00,0.17,,,,,,,,,,
62138287,LON,ok,18.741460654977303,0.8502869889521815,10.60520681035724,70.89847684785664,3.582381922615983,7.966170694814613,"(10.0, 20.0)",2025-07-10T13:03:40.529998779+00:00,0.39,86.7414606549773,0.04,7.0,0.04,0.0,0.0848842105263158,True,1.1165755317007233,,
62138292,LON,ok,16.009513887812048,0.785080813583578,39.70377476577938,70.73329219295691,3.6076259831772517,7.739964364766696,"(1.0, 5.0)",2025-07-10T13:05:33.669998169+00:00,0.49,-83.99048611218795,0.04,91.0,0.1,0.0,0.21482517482517482,True,1.1087623879671649,,
62138297,LON,ok,20.336162279358774,0.857988283614414,40.890739412530785,71.694192605887,3.7386031380261726,3.8234589525856864,"(1.0, 5.0)",2025-07-10T13:15:25.609998703+00:00,0.82,14.336162279358774,0.04,10.0,0.01,-0.9528595479208969,0.17066666666666666,True,1.0699183230536295,,
62138307,LON,fail_incidence,15.85599376445946,0.8837769142336123,50.29483368825786,67.83527785656683,3.590220936033022,25.22218935297309,"(5.0, 10.0)",2025-07-10T13:30:24.699998856+00:00,0.66,,,,,,,,,,
62138312,LON,ok,16.487201576377544,0.7931116669094576,25.99205987580309,66.65131476570853,3.6569028281916753,4.052599640314104,"(1.0, 8.0)",2025-07-10T13:34:50.849998474+00:00,0.22,64.48720157637754,0.02,22.0,0.01,0.8428651597363228,0.14262857142857144,True,0.5469108953570397,,
62138317,LON,fail_incidence,15.594656273198282,0.8288501563292435,48.64925371352916,69.47181042412264,3.5823943357316623,5.348803452010015,"(3.0, 15.0)",2025-07-10T13:47:55.559997559+00:00,0.24,,,,,,,,,,
62138322,LON,ok,18.717789497667262,0.8185915691734658,22.916537910617805,73.04063265349338,3.6670965273048477,7.516201906796733,"(3.0, 5.0)",2025-07-10T14:03:41.799999237+00:00,1.14,36.71778949766726,0.1,15.0,0.02,1.0,0.21333333333333335,True,2.726953033698721,,
62138327,LON,ok,16.629490569313386,0.7851115679590936,41.39332466077918,69.91955577798987,3.5910902817823476,6.918167976662322,"(1.0, 5.0)",2025-07-10T14:09:09.939999580+00:00,1.32,-79.37050943068661,0.06,91.0,0.1,-0.7596299149690673,0.1898901098901099,True,1.6708017702696267,,
62138332,LON,fail_incidence,17.462654573170322,0.8224767749102866,45.00532489623922,66.84415026489714,3.986075500917803,10.120652914839196,"(5.0, 15.0)",2025-07-10T14:12:42.009998322+00:00,0.4,,,,,,,,,,
62138337,LON,fail_incidence,18.6295529137801,0.7614088151307946,54.05913994092794,66.72105435512711,3.6975388576339627,6.862639035685618,"(10.0, 20.0)",2025-07-10T14:19:23.539999008+00:00,0.38,,,,,,,,,,
62138342,LON,fail_incidence,15.503249529953614,0.8619456067658993,49.32679800815695,69.53421042923752,3.66593182009166,3.8660440696083995,"(5.0, 15.0)",2025-07-10T14:29:05.659999847+00:00,0.2,,,,,,,,,,
62138357,LON,fail_incidence,16.102255548915142,0.8350284876466529,50.9977194943114,70.29402142030483,3.6873532215758367,5.4878897863138825,"(1.0, 15.0)",2025-07-10T14:50:31.789999008+00:00,0.13,,,,,,,,,,
62138387,LON,ok,16.13590047900101,0.8488189890063503,44.12081823261907,65.52280030587274,3.544082335800453,3.9594803720431995,"(5.0, 15.0)",2025-07-10T15:32:27.389999390+00:00,0.17,4.135900479001009,0.02,5.0,0.01,0.9371460638945291,0.10231974921630094,True,0.564320975220314,,
62138437,LON,ok,16.349224549885676,0.7940064466785309,42.32004639603767,64.10335996512582,3.612885529824246,3.6623727618262905,"(1.0, 20.0)",2025-07-10T16:04:08.199999809+00:00,0.37,-81.65077545011432,0.06,22.0,0.01,0.8428651597363228,0.08031372549019608,True,1.660722419924519,,
62138442,LON,fail_incidence,16.057346080268328,0.8041887489367472,50.31238223904643,67.91609775181328,3.5588758306647263,3.6341529575984723,"(1.0, 15.0)",2025-07-10T16:06:29.449998856+00:00,0.17,,,,,,,,,,
62138512,LON,fail_incidence,15.881671484344558,0.8379722421717174,52.094451337409225,67.33343889914362,3.5812360101897047,5.700301193021286,"(1.0, 5.0)",2025-07-10T17:07:40.989998102+00:00,0.65,,,,,,,,,,
62138522,LON,ok,19.293080399874153,0.8311328867380583,40.80576395906081,66.63670396882907,3.594844956344689,21.408294536031338,"(5.0, 30.0)",2025-07-10T17:13:40.659999847+00:00,1.22,-58.70691960012584,0.04,16.0,0.01,0.0,0.0567515364354697,True,1.112704455567753,,
62138532,LON,fail_incidence,18.39476637887217,0.7744541351546737,48.10348998444809,75.99558158497928,3.9102942835224153,4.720738358591889,"(5.0, 15.0)",2025-07-10T17:14:08.899999619+00:00,0.53,,,,,,,,,,
62138537,LON,fail_incidence,16.654228693028088,0.8498242320400227,51.17077598389612,67.55756994132476,3.908108388576551,9.726919602188293,"(1.0, 20.0)",2025-07-10T17:15:33.709999084+00:00,0.8,,,,,,,,,,
62138572,LON,ok,15.60195698339562,0.8632823552146298,33.102455968230075,69.26633530526584,3.9278182451363706,4.957320513714439,"(1.0, 8.0)",2025-07-10T17:54:49.629997253+00:00,0.61,79.60195698339562,0.06,29.0,0.05,0.0,0.14476190476190476,True,1.5275655912616406,,
62138577,LON,ok,15.33318850287643,0.6081870610776263,12.660191796918513,64.14680310607413,3.952551008013672,4.232909022443559,"(5.0, 15.0)",2025-07-10T17:53:25.459999084+00:00,0.23,-68.66681149712358,0.06,21.0,0.01,0.0,0.09052109181141439,True,1.518006975200368,,
62138582,LON,ok,19.917273014607208,0.8229248125332733,32.037231076990956,72.8305060504808,3.754665941616307,4.703022026302159,"(2.0, 8.0)",2025-07-10T18:00:29.699998856+00:00,0.39,-30.082726985392792,0.06,91.0,0.1,0.0,0.15542857142857142,True,1.5980116722227284,,
62138607,LON,ok,18.119395972060936,0.8825242284030602,20.49400354449244,72.2648354862275,3.918843724548344,2.4827598498910213,"(1.0, 5.0)",2025-07-10T18:19:41.169998169+00:00,1.61,20.119395972060936,0.08,14.0,0.04,0.0,0.21482517482517482,True,2.0414184801212043,,
62138627,LON,fail_incidence,14.6040890530977,0.8570258922102052,51.595727436576915,70.42771540878229,3.6918394963002332,4.302077784025729,"(5.0, 15.0)",2025-07-10T18:28:00.099999905+00:00,0.14,,,,,,,,,,
62138642,LON,fail_incidence,18.168267319837984,0.8704174743741631,54.530354766775694,64.08481272782969,3.8771300605071635,6.641925567109952,"(5.0, 15.0)",2025-07-10T18:37:37.700000763+00:00,0.62,,,,,,,,,,
62138667,LON,fail_incidence,18.52917532378582,0.84782557190722,52.76916740453471,68.3667141568759,3.8428272685209186,4.870592574515332,"(1.0, 5.0)",2025-07-10T19:00:19.829999924+00:00,0.78,,,,,,,,,,
62138672,LON,fail_no_result,18.614579852760755,0.7871031368545156,32.65398185131521,68.75194554106909,3.8477169444698767,3.9586959532699453,"(1.0, 5.0)",2025-07-10T19:04:21.029998779+00:00,0.6,,,,,,,,,,
62138687,LON,fail_incidence,18.04754321520379,0.7954097088755512,47.44049520011086,68.04435581061244,3.830367218262461,4.908008283897316,"(1.0, 5.0)",2025-07-10T19:08:22.139999390+00:00,0.67,,,,,,,,,,
62138692,LON,ok,18.896689987353085,0.7968716097735449,31.179779076296295,69.13049668318558,3.8431625258830233,3.572584535023738,"(1.0, 5.0)",2025-07-10T19:08:31+00:00,1.16,4.896689987353085,0.06,91.0,0.1,0.0,0.19200000000000003,True,1.5612142238562787,,
62138697,LON,ok,16.43817340840757,0.7711471605389799,35.37430292621962,63.78734923520357,3.540718255750021,6.498705700888904,"(1.0, 20.0)",2025-07-10T19:09:19.119998932+00:00,0.89,-1.5618265915924283,0.02,5.0,0.01,-0.8271516757099551,0.08310077519379845,True,0.5648571435335358,,
62138707,LON,fail_incidence,18.50522401282442,0.7213617741343044,46.22970714125653,64.76143308474823,3.882953980753117,6.134456371385926,"(5.0, 15.0)",2025-07-10T19:15:02.429999828+00:00,0.6,,,,,,,,,,
62138722,LON,fail_incidence,17.396173501546777,0.6838646852604053,52.099456886924045,65.40938491940373,3.887164508046016,5.03286207352413,"(1.0, 8.0)",2025-07-10T19:31:42.500000+00:00,0.22,,,,,,,,,,
62138742,LON,fail_incidence,17.830000724361287,0.9063751360798353,56.34790395703378,69.53418321715586,3.860515800967006,5.6747895568224855,"(1.0, 5.0)",2025-07-10T19:35:14.340000153+00:00,0.47,,,,,,,,,,
62138747,LON,ok,16.077186734767427,0.6215991086564019,20.325085426381257,69.02487590950535,4.017592529151328,4.09330405911618,"(3.0, 15.0)",2025-07-10T19:35:34.219997406+00:00,0.25,-61.92281326523258,0.02,13.0,0.01,0.9371460638945291,0.08145454545454545,True,0.4978105632883776,,
62138772,LON,ok,19.465574739750114,0.896844972674546,11.099852237034723,74.06285593551864,3.7198956874084637,5.233985892779365,"(1.0, 5.0)",2025-07-10T19:50:26.139999390+00:00,0.769,29.465574739750114,0.1,27.0,0.02,-0.7515480025000233,0.20512820512820515,True,2.6882474242084706,,
62138797,LON,ok,15.87222853053325,0.8833006512361997,24.354939554423474,72.12087591531035,3.639888388834479,6.498391741238242,"(1.0, 20.0)",2025-07-10T20:00:20.959999084+00:00,0.31,19.87222853053325,0.02,17.0,0.03,0.0,0.0753574432296047,True,0.5494673974441332,,
62138827,LON,ok,16.58571717703715,0.650511893706615,43.092049401546554,71.3521999129407,3.9798067465637557,6.185852900371266,"(1.0, 15.0)",2025-07-10T20:16:01.409999847+00:00,0.32,-41.414282822962846,0.02,19.0,0.01,1.0,0.11943204868154159,True,0.5025369640691322,,
62138837,LON,fail_incidence,15.56330953552918,0.9206532716898108,51.46597833904362,69.71737004945754,3.682155459354703,5.657377738562808,"(3.0, 30.0)",2025-07-10T20:32:21.959999084+00:00,1.25,,,,,,,,,,
62138852,LON,ok,18.385200012402894,0.7905944789984886,35.0874746560849,68.68098463565742,4.011226510606096,5.510094975239079,"(5.0, 15.0)",2025-07-10T20:44:03.230000019+00:00,0.68,6.385200012402894,0.08,13.0,0.01,0.9685730319472645,0.08395698924731182,True,1.9944024549217496,,
62138892,LON,ok,16.185318949540374,0.8187966722772617,25.2752653136577,66.30008805582585,3.6461722894033017,3.9427896366182464,"(1.0, 5.0)",2025-07-10T21:17:27.299999237+00:00,2.04,-77.81468105045963,0.06,91.0,0.1,0.0,0.21333333333333335,True,1.6455612965513222,,
62138897,LON,fail_incidence,15.94273069641342,0.8593019990542485,52.95376336851841,71.18116902860743,3.7035188403799233,6.752577193199751,"(1.0, 5.0)",2025-07-10T21:18:15.989999771+00:00,0.47,,,,,,,,,,
62138907,LON,fail_no_result,15.672503712054331,0.8207671169977329,42.14587535181919,69.07288504409816,3.6594919307641627,4.624429956206134,"(2.0, 8.0)",2025-07-10T21:25:11.050000191+00:00,0.15,,,,,,,,,,
62138917,LON,fail_incidence,15.142273939682315,0.919868734999642,52.7448280367736,67.3078061165555,3.9228860937061945,,None,2025-07-10T21:30:28.500000+00:00,0.22,,,,,,,,,,
62139007,LON,ok,15.227823321677318,0.8326441828494607,28.33015200938224,72.40896450188501,3.734623680990541,6.506101954567619,"(1.0, 20.0)",2025-07-10T22:31:19.680000305+00:00,0.16,19.22782332167732,0.06,10.0,0.01,0.9685730319472645,0.07940740740740741,True,1.6065875741484639,,
62139012,LON,fail_no_result,16.143521409878023,0.7991953607605137,33.81690840664131,68.1724641910302,3.691163659688171,9.603863280479557,"(1.0, 15.0)",2025-07-10T22:31:30.779998779+00:00,0.89,,,,,,,,,,
62139022,LON,ok,16.131614729797416,0.7890735434343729,44.82653375135603,71.28782293338975,3.6226784345616534,8.195195857419112,"(5.0, 30.0)",2025-07-10T22:35:03.740000010+00:00,0.07,2.131614729797416,0.02,13.0,0.01,0.7171572875253809,0.08571428571428572,True,0.5520777060749532,,
62139062,LON,fail_incidence,15.25982202100881,0.79037450913407,47.65866463544974,75.5676467270685,3.6999810509428603,6.230057180731664,"(1.0, 20.0)",2025-07-10T23:07:37.829998016+00:00,0.37,,,,,,,,,,
62139152,LON,ok,14.494281810421539,0.7892068938487053,42.07918317979498,68.87213245527963,3.5818536426883,6.266402397718977,"(1.0, 5.0)",2025-07-11T00:04:27.539999008+00:00,0.46,-81.50571818957846,0.04,91.0,0.1,0.0,0.22646153846153846,True,1.1167402130361384,,
62139162,LON,ok,21.301993710467563,0.8452190325915436,35.338502136950716,64.82297438083187,3.7370859327604022,6.626865603409174,"(1.0, 5.0)",2025-07-11T00:11:33.369998932+00:00,1.22,-26.698006289532437,0.02,29.0,0.01,0.9685730319472645,0.1898901098901099,True,0.535176347556637,,
62139262,LON,ok,18.62864174575039,0.8387327057856857,17.552809669395597,74.65073599849758,3.7232666796828227,13.367919418714575,"(5.0, 15.0)",2025-07-11T01:58:15.079999924+00:00,0.53,12.62864174575039,0.06,5.0,0.01,-0.9842865159736324,0.11529411764705881,True,1.6114881141178765,,
62139277,LON,fail_incidence,19.218854054118307,0.9311613265956865,63.61180324829737,72.16993098149963,3.7412280551591968,5.0898520661335604,"(10.0, 20.0)",2025-07-11T03:12:29.859998703+00:00,0.41,,,,,,,,,,
62139302,LON,fail_incidence,16.192608659200282,0.8183400614382045,50.56589105836902,72.09409916806511,3.648808224438993,10.299181686264163,"(5.0, 15.0)",2025-07-11T04:06:41.819999695+00:00,0.49,,,,,,,,,,
62139312,LON,ok,19.299101765205457,0.9265150604353167,29.398185558131345,70.80627282070247,3.82307373591955,7.401737158728572,"(1.0, 5.0)",2025-07-11T04:30:49.239998102+00:00,1.22,-78.70089823479455,0.1,91.0,0.1,-0.8271516757099551,0.16484848484848486,True,2.6156963455989257,,
62139317,LON,fail_incidence,15.71788464297963,0.8377736041493291,47.464458372581184,69.66160188361714,3.599224521276594,8.800044187754423,"(1.0, 5.0)",2025-07-11T04:37:48.860000610+00:00,0.53,,,,,,,,,,
62139322,LON,ok,15.480299551369729,0.8326792094258563,20.09944883700849,66.36133510432923,3.6704251096376583,5.071939505150008,"(5.0, 30.0)",2025-07-11T04:45:02.089999914+00:00,0.34,31.48029955136973,0.02,15.0,0.03,0.8742921277890582,0.08228571428571428,True,0.5448960107504928,,
62139327,LON,ok,15.187829814287403,0.8435847294261763,40.68263894426161,70.77730222739542,3.6185138704732087,2.8938778574013755,"(3.0, 15.0)",2025-07-11T05:01:53.569999695+00:00,-0.08,67.1878298142874,0.06,22.0,0.01,1.0,0.08542825361512792,True,1.658139284461373,,
62139342,LON,fail_incidence,18.926162613650835,0.8373901803562989,49.145914355809396,71.09344468044405,3.7405094940885104,15.292462058354177,"(3.0, 15.0)",2025-07-11T05:18:05.259999751+00:00,0.48,,,,,,,,,,
62139347,LON,fail_incidence,19.21252503532982,0.8205677355237629,48.60075800732164,70.40466416036693,3.7888576969980075,3.194409777167151,"(10.0, 20.0)",2025-07-11T05:20:17.559999704+00:00,0.16,,,,,,,,,,
62139357,LON,ok,18.29470556813786,0.8273387468462047,28.86756312772849,71.62621593214291,3.6399967782927303,9.772307293460432,"(10.0, 20.0)",2025-07-11T06:05:17.569999695+00:00,0.07,6.294705568137861,0.06,11.0,0.03,0.0,0.06741510741510742,True,1.6483531072832938,,
62139377,LON,fail_no_result,16.194489047603415,0.9132159952685482,34.135842732711026,67.00295940944768,3.6694734850170545,9.552033613773785,"(1.0, 20.0)",2025-07-11T07:10:51.139999390+00:00,0.46,,,,,,,,,,
62139382,LON,fail_incidence,15.235341346941235,0.8154386269991121,48.70375796457239,71.8178420379,3.544437494829654,5.607821584493441,"(2.0, 8.0)",2025-07-11T07:14:08.960000038+00:00,0.1,,,,,,,,,,
62139387,LON,ok,18.312761530624083,0.8331399386257238,31.980962380627087,66.34789492622383,3.720846916803053,5.785586045338175,"(1.0, 5.0)",2025-07-11T07:27:03.509999989+00:00,0.54,30.312761530624083,0.18,16.0,0.01,-0.9842865159736323,0.19200000000000003,True,4.837608319416048,,
62139392,LON,ok,18.836483656188744,0.8370169565602888,19.380362711029562,71.75696364470043,3.6484817189361296,9.843379761120076,"(3.0, 15.0)",2025-07-11T07:30:47.139999390+00:00,0.56,8.836483656188744,0.06,6.0,0.01,0.9685730319472645,0.11408199643493759,True,1.6445196830394304,,
62139397,LON,fail_incidence,18.58779465157985,0.8942944510157966,55.49791056084511,69.50347096248365,3.8637652341313498,5.046789293591559,"(5.0, 15.0)",2025-07-11T07:36:01.230000019+00:00,1.68,,,,,,,,,,
62139407,LON,fail_incidence,16.76405117729856,0.8619843393561227,47.40956698149514,66.96511999159242,3.5831323793689585,7.067116812799402,"(1.0, 5.0)",2025-07-11T07:53:07.089999676+00:00,1.11,,,,,,,,,,
62139412,LON,fail_incidence,15.792479087749332,0.8348760742981911,53.847726653496665,69.18317547629644,3.949300277982341,9.659621626148734,"(1.0, 20.0)",2025-07-11T08:10:37.659999847+00:00,0.59,,,,,,,,,,
62139417,LON,fail_incidence,15.612207760075696,0.8631256017458856,51.91032676131304,70.6152552329679,3.9819688267723747,12.261815033404165,"(5.0, 15.0)",2025-07-11T08:12:41.129997253+00:00,0.74,,,,,,,,,,
62139422,LON,ok,18.81527091968769,0.8320196657401999,26.916074010870144,66.95434871771535,3.987513738424106,3.545842903109353,"(1.0, 20.0)",2025-07-11T08:17:04.480000019+00:00,0.47,20.81527091968769,0.08,13.0,0.01,0.8428651597363228,0.07853479853479853,True,2.006262680153588,,
62139427,LON,ok,17.56350581666934,0.8403179815455422,31.50649055464362,64.82836311224021,3.9657464480929083,3.0936257464271364,"(10.0, 20.0)",2025-07-11T08:18:12.359999657+00:00,0.44,35.56350581666934,0.08,23.0,0.01,0.7485842555781164,0.07411083540115798,True,2.017274705962891,,
62139432,LON,ok,19.015787177412633,0.9054166097749377,18.558395653258934,74.22879336919053,3.7020979641883267,7.980504382194298,"(10.0, 20.0)",2025-07-11T08:18:52.309997559+00:00,0.27,5.0157871774126335,0.06,91.0,0.1,0.0,0.07320261437908496,True,1.6207026550999122,,
62139437,LON,ok,18.288451471569612,0.7618133066215143,37.55895177483194,67.60330127744719,3.9105045603692914,5.446984830290237,"(5.0, 15.0)",2025-07-11T08:24:00.849999905+00:00,0.51,-13.711548528430388,0.06,19.0,0.03,-0.8271516757099551,0.08869772998805256,True,1.5343288589422808,,
62139442,LON,fail_incidence,15.620037684868878,0.8928427406218662,54.177813613414536,63.91338994381679,4.007984107421129,10.291549904357076,"(10.0, 20.0)",2025-07-11T08:28:01.159999847+00:00,0.37,,,,,,,,,,
62139452,LON,fail_incidence,15.55604094331167,0.8861849233916759,56.38792321466416,64.29569121404536,3.6106095919625787,4.968473798675374,"(1.0, 15.0)",2025-07-11T08:52:51.680000305+00:00,-0.09,,,,,,,,,,
62139462,LON,fail_incidence,19.106034830834037,0.9136068086182065,51.92604987908519,73.14011431370571,3.669444045286676,9.888323010352904,"(1.0, 5.0)",2025-07-11T09:00:41.479999542+00:00,0.5,,,,,,,,,,
62139467,LON,fail_incidence,15.479482065071723,0.8784559333835242,56.35358016735812,68.04671364107094,3.931468642912436,15.994781747496324,"(10.0, 20.0)",2025-07-11T10:00:41.579998016+00:00,0.35,,,,,,,,,,
62139472,LON,ok,18.457485542444875,0.8140556176097737,34.399977578791464,69.53821436313969,3.9435071106670767,5.281796135862041,"(5.0, 30.0)",2025-07-11T10:09:15.789999962+00:00,0.33,-67.54251445755513,0.02,16.0,0.01,0.0,0.06659407138535994,True,0.5071627725965184,,
62139477,LON,fail_incidence,16.124830546188697,0.8766516518181853,55.64395163605645,65.78164879641368,3.6560898000428046,10.703844752781782,"(5.0, 15.0)",2025-07-11T10:11:09.609999657+00:00,0.52,,,,,,,,,,
62139482,LON,fail_incidence,17.856521946426987,0.930200976086882,48.35478720362635,70.29084926169307,3.9678025257824325,8.772557816197743,"(1.0, 5.0)",2025-07-11T10:17:37.700000763+00:00,0.65,,,,,,,,,,
62139487,LON,fail_incidence,18.31852900381195,0.8458169328941696,63.25479597101683,68.22982810245249,3.7747507409773293,8.942606173791713,"(1.0, 5.0)",2025-07-11T10:25:46.969997406+00:00,0.21,,,,,,,,,,
62139492,LON,fail_incidence,17.38663375948069,0.6937135117911071,46.343024519200455,62.96967242624483,3.8682739303546843,4.705982969781556,"(5.0, 15.0)",2025-07-11T10:47:22.039999008+00:00,0.23,,,,,,,,,,
62139502,LON,ok,15.175055730286969,0.808893397173468,42.16299145159393,69.65507473260358,3.583232957176493,3.590857321235102,"(3.0, 5.0)",2025-07-11T11:50:39.989998102+00:00,0.16,13.175055730286969,0.06,91.0,0.1,-0.9842865159736323,0.21333333333333335,True,1.6744655096965464,,
62139507,LON,ok,16.738640259853856,0.8735033203102047,30.407427691655776,67.92821247604353,3.4881577950608738,9.489302422219055,"(2.0, 8.0)",2025-07-11T12:15:29.789999008+00:00,0.27,12.738640259853856,0.06,8.0,0.01,0.0,0.11733333333333335,True,1.7201056696734933,,
62139517,LON,ok,15.286198414363982,0.8220828292887873,23.145358179449065,70.6809759626852,3.606198203347609,4.600673578895982,"(10.0, 20.0)",2025-07-11T12:24:43.520000458+00:00,0.41,-72.71380158563602,0.18,17.0,0.01,1.0,0.07613793103448276,True,4.991406180417572,,
62139532,LON,ok,18.661278457268345,0.8950158953248446,15.98274972049876,70.77672166612105,3.717838160304825,10.628565549970894,"(5.0, 15.0)",2025-07-11T13:06:19.959999084+00:00,0.63,-85.33872154273166,0.14,3.0,0.01,0.0,0.07434343434343434,True,3.7656292168597636,,
62139537,LON,ok,15.286451235420106,0.7784981521711936,33.92075992592965,64.38600895640388,3.6458766955292696,8.328159181738872,"(1.0, 20.0)",2025-07-11T13:07:50.319999695+00:00,0.19,13.286451235420106,0.06,10.0,0.01,0.9685730319472645,0.08022792022792022,True,1.645694712428826,,
62139557,LON,ok,14.779824788298964,0.7791817893552508,39.75517437811826,68.35698488039088,3.674098750756999,9.252596634237921,"(1.0, 20.0)",2025-07-11T13:43:19.689998627+00:00,0.29,10.779824788298964,0.06,11.0,0.03,0.0,0.07853479853479853,True,1.6330535478295949,,
62139562,LON,ok,15.922927783664473,0.7880906238819791,43.24318197743093,70.06254173786357,3.6811178962726046,6.955050301855385,"(3.0, 15.0)",2025-07-11T13:43:36.479999542+00:00,0.18,9.922927783664473,0.06,10.0,0.01,0.9685730319472645,0.08126984126984127,True,1.6299396458003774,,
62139567,LON,ok,16.584192945543357,0.9064534654382089,35.6837138267525,71.16689454606592,3.618144058106451,8.015407935358283,"(2.0, 8.0)",2025-07-11T13:55:36.610000610+00:00,0.33,60.58419294554336,0.14,25.0,0.05,-0.6776097083875257,0.133475935828877,True,3.869387115372868,,
62139572,LON,ok,16.07696326178262,0.780350711742563,39.23986075619587,69.31646638888155,3.5794239349666106,5.2156339312338025,"(1.0, 8.0)",2025-07-11T14:08:23.689998627+00:00,0.23,-69.92303673821738,0.14,91.0,0.1,0.0,0.14417582417582417,True,3.911243891296881,,
62139592,LON,fail_incidence,19.28503679705727,0.8619987511625091,45.36712699673489,64.89472844973766,3.654281809458218,6.605801677416904,"(5.0, 10.0)",2025-07-11T14:58:29.629999161+00:00,0.32,,,,,,,,,,
62139597,LON,fail_no_result,18.984999767191425,0.8440016722242338,24.81940788640348,70.6840823785975,3.7116106648654057,7.221217982886298,"(1.0, 15.0)",2025-07-11T15:00:44.090000153+00:00,0.78,,,,,,,,,,
62139647,LON,fail_incidence,17.52140839214855,0.7602651124564413,55.23510985621902,67.9635883838286,4.001658062945872,3.869364548377985,"(5.0, 10.0)",2025-07-11T16:42:57.709999084+00:00,0.34,,,,,,,,,,
62139652,LON,ok,15.823808807840434,0.8444420101495588,27.8341879838268,71.26048058674922,3.707638035649811,4.673984609310366,"(1.0, 5.0)",2025-07-11T16:46:39.349998474+00:00,0.23,-88.17619119215956,0.16,23.0,0.09,-0.8817403724588444,0.17846153846153848,True,4.315415864805637,,
62139657,LON,fail_incidence,16.637665346139805,0.974350405934951,50.64276855172751,68.581361757289,4.026244952306368,7.313407726953265,"(1.0, 20.0)",2025-07-11T16:45:00.019999981+00:00,0.4,,,,,,,,,,
62139662,LON,fail_incidence,15.274837374439485,0.780133316791035,46.25242962717415,70.10273199571257,3.6861291915425274,6.580670847081661,"(5.0, 15.0)",2025-07-11T17:10:57.049999237+00:00,0.41,,,,,,,,,,
62139677,LON,fail_no_result,15.90775169437276,0.7960448566125279,25.23049428416227,65.90267441942841,3.6259105673624465,5.882937619135298,"(3.0, 15.0)",2025-07-11T17:43:38.899997711+00:00,0.28,,,,,,,,,,
62139722,LON,ok,18.750387739133767,0.8337530691713139,24.11411842824936,72.37356303151407,3.747008780074143,7.49360552783234,"(1.0, 15.0)",2025-07-11T19:16:52.529998779+00:00,0.46,14.750387739133767,0.06,50.0,0.02,0.9057190958417937,0.1219047619047619,True,1.601277272662616,,
62139727,LON,ok,18.959500086336487,0.8400307340871818,29.234176441261763,81.20207013042783,3.7132599131792556,9.137880586624687,"(10.0, 20.0)",2025-07-11T19:23:04.980000019+00:00,2.42,10.959500086336487,0.06,7.0,0.01,1.0,0.09098039215686274,True,1.6158308710641427,,
62139732,LON,ok,16.49038562145404,0.8371111770973532,27.27837633700944,67.36982568824611,3.5806474747032375,11.670994576386494,"(5.0, 10.0)",2025-07-11T19:28:26.529998779+00:00,0.41,12.490385621454038,0.02,4.0,0.01,-0.9528595479208969,0.11215238095238096,True,0.558558197680647,,
62139737,LON,fail_incidence,15.142156960649446,0.8916790461145555,55.16465416056728,69.13736999997758,3.6727521902225915,9.794813641984447,"(10.0, 20.0)",2025-07-11T19:31:05.029999495+00:00,0.51,,,,,,,,,,
62139747,LON,fail_incidence,15.394792204017063,0.8327621821026695,47.910065986747966,70.26047712748344,3.6896576610663563,9.702632447900747,"(10.0, 20.0)",2025-07-11T19:38:27.260000229+00:00,0.42,,,,,,,,,,
62139752,LON,fail_incidence,17.23968416202269,0.8084556530850318,48.73291595889399,70.87140021889654,3.6172750185703735,2.455530542421354,"(1.0, 15.0)",2025-07-11T19:42:43.159999847+00:00,-0.51,,,,,,,,,,
62139772,LON,fail_incidence,15.650641388386244,0.8326029496512403,48.91131369137491,67.43867438806441,3.6350067766284955,4.598828043909986,"(1.0, 5.0)",2025-07-11T19:51:25.100000381+00:00,1.54,,,,,,,,,,
62139782,LON,ok,18.62864174575039,0.6979079626619882,21.31611056690377,73.61804017753455,3.678142575872605,5.406585675924306,"(10.0, 45.0)",2025-07-11T19:53:00.799999952+00:00,0.38,-1.3713582542496106,0.06,54.0,0.09,0.0327587914302061,0.050117810117810115,True,1.6312581353855093,,
62139787,LON,ok,17.369055979803704,0.8135297787693628,14.53893632656945,70.95480144068941,3.977022172803938,5.222339374262884,"(5.0, 10.0)",2025-07-11T19:57:44.799999237+00:00,0.58,23.369055979803704,0.04,22.0,0.01,1.0,0.11913419913419913,True,1.005777646238231,,
62139792,LON,ok,17.171713508226894,0.8260942357538762,13.19269557280199,63.059153200033386,3.891392540408428,4.994746433412907,"(5.0, 15.0)",2025-07-11T20:00:10.800000191+00:00,0.64,23.171713508226894,0.04,18.0,0.01,0.9371460638945291,0.09336870026525199,True,1.0279096643332142,,
62139797,LON,ok,15.880230421870374,0.7941663234682957,41.34185987359361,70.81667744739052,3.877227503004316,14.974184693797723,"(10.0, 20.0)",2025-07-11T20:01:17.049999237+00:00,0.85,83.88023042187038,0.04,3.0,0.01,0.0,0.0665945945945946,True,1.0316650227257886,,
62139807,LON,fail_incidence,15.00987892734724,0.8413232284659874,50.313905885375924,70.63724758791268,3.9822474422332195,14.113158273800035,"(3.0, 30.0)",2025-07-11T20:04:14.909999847+00:00,0.78,,,,,,,,,,
62139837,LON,fail_incidence,15.455868659305375,0.8834645182456617,57.0519705762631,68.31199971981111,3.655415339359049,5.040243573407506,"(1.0, 5.0)",2025-07-11T21:11:19.279998779+00:00,0.0,,,,,,,,,,
62139862,LON,ok,18.54211358558691,0.8057423125132511,16.50393519536082,69.46358136344419,3.6937378440974236,6.924156555149585,"(1.0, 5.0)",2025-07-11T21:47:30.969999313+00:00,0.61,26.54211358558691,0.1,70.0,0.07,-0.8577083502792701,0.20512820512820515,True,2.7072847132288924,,
62139867,LON,ok,17.123854094799157,0.8038708666782197,42.48537604326474,71.14906423962805,3.984310726233112,6.901063014436806,"(1.0, 15.0)",2025-07-11T21:48:35.409999847+00:00,0.88,9.123854094799157,0.06,9.0,0.01,0.9685730319472645,0.0861952861952862,True,1.5059066454067906,,
62139872,LON,fail_incidence,17.123669155835533,0.8521299641784259,53.02666668059928,64.62987310246693,4.103899886205282,3.685132214689637,"(1.0, 20.0)",2025-07-11T21:50:19.479999542+00:00,0.39,,,,,,,,,,
62139892,LON,fail_incidence,16.326133440367315,0.8552840283789909,46.721690520364305,69.9446538684825,4.051455791558198,10.252724565537584,"(10.0, 20.0)",2025-07-11T22:15:31.199998856+00:00,0.89,,,,,,,,,,
62139897,LON,fail_no_result,20.144583094097346,0.8343799722550209,26.849847873070566,66.0222805492803,3.7754886615117322,4.794215914925369,"(1.0, 20.0)",2025-07-11T22:17:06.289999962+00:00,0.69,,,,,,,,,,
62139902,LON,fail_incidence,15.658767318581942,0.8373786783949597,51.0641155394743,70.12064344131663,3.6830775621045535,4.597756256711863,"(1.0, 20.0)",2025-07-11T22:17:44.299999237+00:00,0.58,,,,,,,,,,
62139927,LON,fail_no_result,17.369055979803704,0.818549750856166,32.97778201139201,71.32386908420811,3.9918579217955164,3.165224396078405,"(5.0, 10.0)",2025-07-11T22:52:31.319999695+00:00,0.47,,,,,,,,,,
62139947,LON,fail_incidence,19.854143158087087,0.8735384356921374,46.934771610229504,72.58852985632434,3.659986276577973,9.831819096898398,"(10.0, 20.0)",2025-07-11T23:35:13.899999619+00:00,0.72,,,,,,,,,,
62139957,LON,ok,20.180916439304294,0.906439145326837,39.54534026093961,72.02566800028349,3.826659365809092,7.126366548201986,"(1.0, 5.0)",2025-07-11T23:50:22.920000076+00:00,0.87,-9.819083560695706,0.04,27.0,0.02,-0.516379395715103,0.17142857142857143,True,1.0452981615608887,,
62139962,LON,ok,20.3794853117295,0.9128862835461017,44.55485635617934,65.74294385999809,3.7590262989818655,6.072571976677864,"(1.0, 5.0)",2025-07-11T23:52:04.269999981+00:00,1.61,-33.620514688270504,0.02,33.0,0.02,0.9685730319472645,0.1980952380952381,True,0.5320526755935975,,
62140012,LON,fail_incidence,15.00585693692015,0.8471158744761094,53.26683115756571,73.03050761035395,3.668308039184128,4.930498537968308,"(3.0, 5.0)",2025-07-12T01:25:25.909999847+00:00,0.27,,,,,,,,,,
62140017,LON,fail_incidence,19.308544989872622,0.9154027688199939,51.04916567239178,71.78349001108117,3.7727272578486364,13.99596196016357,"(3.0, 15.0)",2025-07-12T01:37:05.829999924+00:00,0.51,,,,,,,,,,
62140022,LON,ok,19.254494494656715,0.8731265005515859,17.889680535569493,68.78828980744439,3.9510792828592503,4.994682330208477,"(1.0, 20.0)",2025-07-12T01:37:31.869998932+00:00,0.74,-66.74550550534329,0.12,9.0,0.01,0.0,0.07000739098300074,True,3.0371448257338036,,
62140032,LON,ok,19.175145533770245,0.8235313817492387,23.570265524319993,62.89820432390001,3.8943562779734235,3.256085678422081,"(3.0, 15.0)",2025-07-12T01:40:31.010000229+00:00,0.38,-62.82485446622975,0.16,21.0,0.01,0.0,0.07000739098300074,True,4.10850956048793,,
62140037,LON,fail_no_result,16.148273735666297,0.8692898040325152,29.782583909842916,67.86352905638334,3.7554866859063756,4.907029628426825,"(1.0, 15.0)",2025-07-12T01:55:32.959999084+00:00,0.44,,,,,,,,,,
62140047,LON,ok,15.783380844154394,0.9024732596784865,23.563409377407204,73.82782736916238,3.584556045169587,11.448514710274575,"(1.0, 15.0)",2025-07-12T02:18:45.629997253+00:00,0.53,3.7833808441543937,0.02,6.0,0.03,0.0,0.0665945945945946,True,0.5579491504101672,,
62140052,LON,ok,19.203433700786054,0.8088726524744351,9.942011190772472,71.37169763860253,3.8988400845456663,3.1142516663728883,"(3.0, 15.0)",2025-07-12T02:22:43.629997253+00:00,0.49,-76.79656629921395,0.12,15.0,0.03,0.0,0.08178498985801216,True,3.0778384698479795,,
62140057,LON,ok,18.28268175637445,0.8608203606265867,19.19172010081009,71.23509659240077,3.89577418539002,4.148758736468867,"(10.0, 20.0)",2025-07-12T02:24:22.989999771+00:00,1.77,-77.71731824362556,0.16,18.0,0.01,0.0,0.07025563909774436,True,4.107014225825356,,
62140092,LON,ok,15.370721524314835,0.8953241344262262,31.352221367454664,71.22165941731902,3.7265769753173665,8.252238366246644,"(1.0, 20.0)",2025-07-12T03:21:40.329998016+00:00,0.5,13.370721524314835,0.06,9.0,0.01,0.9685730319472645,0.08580219780219782,True,1.6100566390391067,,
62140102,LON,fail_incidence,15.614776860563648,0.8626459248283102,45.31339203332741,72.77963733798636,3.6538152924800853,7.188446620211233,"(3.0, 15.0)",2025-07-12T03:50:11.170000076+00:00,0.1,,,,,,,,,,
62140112,LON,ok,18.12183535550614,0.7613263814332594,38.012752768175574,66.82022879626903,3.9160922693071942,4.584723089866409,"(5.0, 15.0)",2025-07-12T04:04:55.079998016+00:00,0.66,12.121835355506139,0.06,58.0,0.09,0.053922979670755544,0.09142857142857143,True,1.5321395890044938,,
62140117,LON,ok,15.459414624929332,0.9176291873800081,20.81238761059914,66.83097385914093,3.5969053645296074,13.957525201214656,"(5.0, 15.0)",2025-07-12T04:24:17.449998856+00:00,0.44,7.459414624929332,0.02,5.0,0.01,0.0,0.09098039215686274,True,0.5560335336377564,,
62140122,LON,fail_incidence,14.122624231051097,0.8461171015438197,50.592580093392804,72.71966120960313,4.111691484943572,17.26350202417291,"(10.0, 20.0)",2025-07-12T05:02:06.519999981+00:00,0.58,,,,,,,,,,
62140137,LON,fail_incidence,15.32291684925893,0.7999805116755581,46.94881068262385,73.5295607400814,3.669094126790775,4.1992296102902475,"(10.0, 20.0)",2025-07-12T05:26:35.479999542+00:00,0.1,,,,,,,,,,
62140142,LON,ok,15.589114523312391,0.7584278595613032,34.763208408050154,75.14089848853779,4.374243718909129,6.080441301875599,"(5.0, 30.0)",2025-07-12T05:31:33.259998322+00:00,0.3,-4.410885476687609,0.06,51.0,0.02,0.07450380342405338,0.05278911564625851,True,1.371665683387278,,
62140147,LON,ok,16.26849667525406,0.835661774623618,23.598236203031224,71.35236712604642,3.5460493913091335,15.744201715123502,"(2.0, 8.0)",2025-07-12T05:36:49.509998321+00:00,0.57,12.26849667525406,0.02,5.0,0.01,-0.9842865159736324,0.11733333333333335,True,0.564007936522745,,
62140157,LON,fail_exception,18.746344562892382,0.8225533689028376,25.033196296141256,73.12226098844283,3.7077887511236445,7.530678061369694,"(1.0, 8.0)",2025-07-12T06:20:26.840000153+00:00,0.44,,,,,,,,,unsupported operand type(s) for /: 'NoneType' and 'float',"Traceback (most recent call last):
  File ""/Users/mhemmett/Seismology/mt-rainier/scripts/run_sws_generic.py"", line 203, in process_event
    splitting_obj.perform_sws_analysis(coord_system='LQT', sws_method='EV_and_XC',
    ~~~~~~~~~~~~~~~~~~~~~~~~~~~~~~~~~~^^^^^^^^^^^^^^^^^^^^^^^^^^^^^^^^^^^^^^^^^^^^
                                        cluster_eps=CLUSTER_EPS, cluster_min_samples=CLUSTER_MIN_SAMPLES)
                                        ^^^^^^^^^^^^^^^^^^^^^^^^^^^^^^^^^^^^^^^^^^^^^^^^^^^^^^^^^^^^^^^^^
  File ""/Users/mhemmett/Seismology/mt-rainier/swspy/splitting/split_windowcheck.py"", line 1695, in perform_sws_analysis
    Q_w = self._calc_Q_w(opt_phi, opt_lag, grid_search_results_all_win_XC, tr_T, method=""dbscan"")
  File ""/Users/mhemmett/Seismology/mt-rainier/swspy/splitting/split_windowcheck.py"", line 1385, in _calc_Q_w
    dt_diff = opt_lag_XC / opt_lag_EV
              ~~~~~~~~~~~^~~~~~~~~~~~
TypeError: unsupported operand type(s) for /: 'NoneType' and 'float'
"
62140162,LON,fail_incidence,15.633781121241787,0.865536649541748,53.92696540932526,75.62147807080231,3.653937954335678,14.624554280798547,"(3.0, 15.0)",2025-07-12T06:44:12.869999886+00:00,0.47,,,,,,,,,,
62140167,LON,fail_no_result,21.007734805893104,0.9490860581551621,41.65981755826833,72.11576949990044,3.8285117947242346,5.300974391607797,"(10.0, 20.0)",2025-07-12T07:06:54.379997253+00:00,0.57,,,,,,,,,,
62140172,LON,fail_incidence,16.154750663404233,0.8675289066581817,50.978929735022085,68.72158242729813,4.0161246923245715,8.561656974695282,"(10.0, 20.0)",2025-07-12T08:00:16.920000076+00:00,0.5,,,,,,,,,,
62140182,LON,ok,17.849701159992915,0.8232120778555985,21.674951906682463,73.35020503401675,3.7611944055972035,10.401476155461573,"(1.0, 5.0)",2025-07-12T08:36:56.500000+00:00,0.48,13.849701159992915,0.06,91.0,0.1,0.0,0.21482517482517482,True,1.5952379358724793,,
62140187,LON,fail_incidence,20.484100001638726,0.8073700251749928,46.39725306602145,69.34336332922551,3.7957763126685933,4.674759344534541,"(1.0, 15.0)",2025-07-12T09:15:13.979999542+00:00,0.61,,,,,,,,,,
62140192,LON,fail_incidence,17.2293180556423,0.8599359035690042,55.81134401598217,67.01267113811708,3.649748066087241,3.2877583932386933,"(3.0, 15.0)",2025-07-12T09:29:13.119999886+00:00,0.04,,,,,,,,,,
62140202,LON,ok,17.096790447022517,0.8314821169441127,15.623108286863134,72.38451736481458,3.6491752030011693,3.204213665850334,"(1.0, 15.0)",2025-07-12T09:51:50.399997711+00:00,0.25,51.096790447022514,0.02,19.0,0.01,0.7485842555781164,0.10811463046757164,True,0.5480690536193362,,
62140207,LON,ok,17.256585979382862,0.7953599739433976,37.46858621203163,65.20951698517594,3.65219087810384,6.646092389674484,"(3.0, 5.0)",2025-07-12T09:53:16.139999390+00:00,0.43,15.256585979382862,0.06,11.0,0.08,-0.9842865159736323,0.24888888888888888,True,1.6428495115006436,,
62140212,LON,ok,17.093158703993463,0.9261823925532979,22.34354659288234,65.54146692825366,3.5680124688311716,10.81172417987392,"(1.0, 15.0)",2025-07-12T10:01:36.250000+00:00,0.38,-0.9068412960065366,0.06,9.0,0.01,-0.9214325798681613,0.08129032258064516,True,1.6816084731804515,,
62140217,LON,ok,16.259199857889378,0.8675253493496279,24.389901410257934,70.172144259485,3.525394893640615,6.103103976589611,"(1.0, 20.0)",2025-07-12T10:15:08.659999847+00:00,0.36,78.25919985788937,0.18,7.0,0.01,0.0,0.0745945945945946,True,5.105810992257865,,
62140232,LON,ok,19.45982838561011,0.7912126402563502,40.948995068020714,68.65619095264552,3.686018832574695,9.395359152635761,"(5.0, 15.0)",2025-07-12T11:11:31.819999695+00:00,0.29,7.459828385610109,0.06,7.0,0.01,-0.8585786437626906,0.07421848739495798,True,1.62777247554348,,
62140252,LON,fail_snr,16.517113021484928,0.8857129881667241,29.675571122924826,67.65308282529085,3.564177796741997,,None,2025-07-12T12:20:05.829999924+00:00,0.26,,,,,,,,,,
62140272,LON,fail_incidence,15.897005941696435,0.7870626039117925,45.78208496092745,65.82490940582616,3.555392462068772,10.160781463294946,"(3.0, 15.0)",2025-07-12T12:39:06.730000019+00:00,0.57,,,,,,,,,,
62140277,LON,ok,17.552831708798088,0.9510217970632685,14.644971768213788,67.89301705914056,3.5601815579372666,11.008927457557489,"(1.0, 20.0)",2025-07-12T12:40:09.679999352+00:00,1.14,1.552831708798088,0.08,7.0,0.01,-0.8900056118154259,0.07000739098300074,True,2.247076411640961,,
62140292,LON,ok,15.881671484344558,0.8220442396291103,21.25623527877174,68.43056412076639,3.5787351350366756,11.442636229474454,"(5.0, 15.0)",2025-07-12T12:51:35.860000610+00:00,0.42,1.881671484344558,0.06,15.0,0.01,0.9685730319472645,0.08395698924731182,True,1.6765700096826277,,
62140297,LON,ok,15.24928877572215,0.890578515370444,24.588399171326465,70.22495852653061,3.594231392748852,6.260991317071913,"(1.0, 15.0)",2025-07-12T13:38:10.050000191+00:00,0.79,-2.7507112242778504,0.06,16.0,0.03,0.9057190958417937,0.08827586206896551,True,1.6693416044678266,,
62140302,LON,fail_incidence,15.529387597734509,0.7908072132395494,54.28441102455496,67.48515299122437,3.6384921094785487,9.26608351033473,"(5.0, 15.0)",2025-07-12T13:40:36.130001068+00:00,0.44,,,,,,,,,,
62140307,LON,ok,16.143521409878023,0.8511320900605251,17.18701298136117,68.90088036705507,3.660141409920971,4.28132182133054,"(2.0, 8.0)",2025-07-12T13:45:42.360000610+00:00,0.26,48.14352140987802,0.06,23.0,0.04,0.13233675531757172,0.1675636363636364,True,1.639280926069343,,
62140327,LON,fail_incidence,16.718644351194595,0.9103729925179165,48.43360935963284,69.4613702075317,3.5070731054950848,9.363150481893566,"(5.0, 15.0)",2025-07-12T14:34:30.599998474+00:00,0.42,,,,,,,,,,
62140357,LON,ok,15.864012916769255,0.9316456020997805,28.967808507133842,65.71409661808293,3.4487781717220747,6.788492052322255,"(3.0, 15.0)",2025-07-12T15:25:27.049999237+00:00,0.24,-4.135987083230745,0.02,3.0,0.01,-0.8585786437626906,0.08395698924731182,True,0.579915523821975,,
62140362,LON,fail_incidence,15.807239725137977,0.8719266461174153,51.721401858911435,67.70212467017726,3.6544713908953024,5.2759382357284785,"(1.0, 5.0)",2025-07-12T15:31:17.600000381+00:00,0.51,,,,,,,,,,
62140377,LON,ok,19.646945751580752,0.8388728772997112,34.658781273900914,72.4533497237364,3.6567189568704053,6.482602879174521,"(5.0, 15.0)",2025-07-12T16:21:12.849999428+00:00,0.45,-14.353054248419248,0.04,58.0,0.08,0.6228763833671747,0.08145454545454545,True,1.0938767915113146,,
62140392,LON,ok,19.239486610336307,0.8359738713474726,30.260390865809104,71.15556150156193,3.8016282091838494,5.310341483787676,"(1.0, 5.0)",2025-07-12T16:31:25.619998932+00:00,0.48,-78.76051338966369,0.06,52.0,0.09,-0.619616827363918,0.20512820512820515,True,1.5782711169665133,,
62140407,LON,ok,14.941635881358152,0.783357536154263,23.881340305864576,69.90435200507329,3.5919393021514345,5.074460078362332,"(3.0, 15.0)",2025-07-12T17:17:39.639999390+00:00,0.21,6.9416358813581525,0.06,15.0,0.01,-0.9842865159736324,0.08395698924731182,True,1.6704068457967063,,
62140417,LON,ok,16.18664016013473,0.863757133373481,22.78570296734919,69.1185494282114,3.501912032001236,11.037283135556386,"(5.0, 15.0)",2025-07-12T17:32:08.359999657+00:00,0.17,8.18664016013473,0.02,5.0,0.01,0.0,0.072241653418124,True,0.5711165733815025,,
62140422,LON,fail_incidence,16.73399574088713,0.9116268106044348,45.455739188345795,70.947475270847,3.527457329410442,5.789162203537793,"(1.0, 8.0)",2025-07-12T17:46:25.100000381+00:00,0.86,,,,,,,,,,
62140432,LON,ok,16.035152445949194,0.8765451197150534,36.57194629169161,71.74485311886463,3.6662307927085154,8.633915228024374,"(1.0, 5.0)",2025-07-12T18:02:35.979999542+00:00,0.2,18.035152445949194,0.14,91.0,0.1,-0.5757359312880714,0.18379487179487178,True,3.8186357574224528,,
62140437,LON,ok,16.620085558379493,0.766619575498122,35.21322924090943,61.84741677641387,3.5120876611685614,5.7774857244225615,"(1.0, 20.0)",2025-07-12T18:08:32.380001068+00:00,0.14,82.62008555837949,0.04,7.0,0.01,-0.8900056118154259,0.07585185185185185,True,1.1389237359380424,,
62140442,LON,fail_no_result,16.358090314251683,0.8717274212433634,20.211354790692322,67.893669155139,3.471979881957692,4.967494659147135,"(1.0, 20.0)",2025-07-12T18:19:46.689998627+00:00,0.23,,,,,,,,,,
62140447,LON,fail_incidence,15.758130954077448,0.8327410498371837,45.948532060584924,66.22304029647964,3.4757106513992984,11.326825533260486,"(5.0, 15.0)",2025-07-12T18:28:30.879999161+00:00,0.23,,,,,,,,,,
62140452,LON,ok,15.943946906523278,0.8148521868575698,34.23646917626737,69.34102680413221,3.5530128423477674,6.393902020854075,"(2.0, 8.0)",2025-07-12T18:51:25.939998627+00:00,0.24,67.94394690652328,0.06,37.0,0.04,0.0,0.14417582417582417,True,1.688707659169424,,
62140482,LON,ok,19.439659265834692,0.901980207742488,42.75860152025328,65.83035074613994,3.80734500842666,6.702912851460163,"(1.0, 15.0)",2025-07-12T19:35:41.049999237+00:00,1.45,-60.56034073416531,0.02,18.0,0.01,0.18289883062887846,0.11796078431372548,True,0.5253004378572134,,
62140502,LON,fail_incidence,19.24983999330183,0.5417582299236983,55.447219924227795,71.0754964505897,3.728837080865124,,None,2025-07-12T19:59:41.860000610+00:00,0.52,,,,,,,,,,
62140542,LON,ok,16.832852639638148,0.8396680803437151,24.718749340353515,69.03600434110304,3.5881319423042717,8.085748733893324,"(1.0, 8.0)",2025-07-12T19:49:08.149999619+00:00,0.54,-33.16714736036185,0.08,35.0,0.02,0.0,0.15080459770114943,True,2.2295724150161713,,
62140547,LON,fail_exception,16.215205039636484,0.8743201177210089,21.05513704685021,63.04083612166766,3.5266089241866476,4.063168705559434,"(1.0, 5.0)",2025-07-12T20:57:41.469997406+00:00,0.89,,,,,,,,,unsupported operand type(s) for /: 'NoneType' and 'float',"Traceback (most recent call last):
  File ""/Users/mhemmett/Seismology/mt-rainier/scripts/run_sws_generic.py"", line 203, in process_event
    splitting_obj.perform_sws_analysis(coord_system='LQT', sws_method='EV_and_XC',
    ~~~~~~~~~~~~~~~~~~~~~~~~~~~~~~~~~~^^^^^^^^^^^^^^^^^^^^^^^^^^^^^^^^^^^^^^^^^^^^
                                        cluster_eps=CLUSTER_EPS, cluster_min_samples=CLUSTER_MIN_SAMPLES)
                                        ^^^^^^^^^^^^^^^^^^^^^^^^^^^^^^^^^^^^^^^^^^^^^^^^^^^^^^^^^^^^^^^^^
  File ""/Users/mhemmett/Seismology/mt-rainier/swspy/splitting/split_windowcheck.py"", line 1695, in perform_sws_analysis
    Q_w = self._calc_Q_w(opt_phi, opt_lag, grid_search_results_all_win_XC, tr_T, method=""dbscan"")
  File ""/Users/mhemmett/Seismology/mt-rainier/swspy/splitting/split_windowcheck.py"", line 1385, in _calc_Q_w
    dt_diff = opt_lag_XC / opt_lag_EV
              ~~~~~~~~~~~^~~~~~~~~~~~
TypeError: unsupported operand type(s) for /: 'NoneType' and 'float'
"
62140562,LON,ok,17.53400090640472,0.813916973841093,20.10677014637525,68.33741359435263,3.6842978493824505,8.84210905727694,"(1.0, 8.0)",2025-07-12T21:17:29.510000229+00:00,0.61,-54.46599909359528,0.12,51.0,0.05,0.0,0.26285714285714284,True,3.257065658253281,,
62140567,LON,fail_no_result,17.216589396182457,0.8068948005869148,38.81235827485426,66.97031912961414,3.5645889732261393,6.413635872896755,"(1.0, 15.0)",2025-07-12T21:31:40.719997406+00:00,0.34,,,,,,,,,,
62140577,LON,ok,16.805766200037223,0.8636277623596369,27.286073496869687,69.4092754213756,3.6004520350567217,9.706308274180305,"(1.0, 15.0)",2025-07-12T21:55:08.349999428+00:00,1.67,82.80576620003723,0.16,7.0,0.01,0.0,0.07588491717523976,True,4.443886446538354,,
62140602,LON,ok,16.948834230929396,0.8841997609076886,22.09415832184007,68.07775502737915,3.5798099529365817,6.818627647165359,"(1.0, 15.0)",2025-07-12T22:48:43.989998102+00:00,0.24,-41.05116576907061,0.06,10.0,0.01,0.0,0.09007407407407406,True,1.6760666289220447,,
62140622,LON,ok,18.68899720859122,0.8719225405987899,24.31224859549649,67.02343575363747,3.6990390271379567,9.955788033412277,"(3.0, 5.0)",2025-07-12T23:22:12.649999619+00:00,0.47,22.68899720859122,0.12,91.0,0.1,-0.736476861652635,0.20779220779220778,True,3.244085804978574,,
62140627,LON,fail_incidence,17.947804423753134,0.7956560000951741,51.66814588708639,66.75669233633162,3.7333496179130905,10.2959617151324,"(5.0, 15.0)",2025-07-12T23:23:40.229999542+00:00,0.54,,,,,,,,,,
62140637,LON,ok,16.280419256349916,0.8176972531276525,25.601560267717065,66.34143014486486,3.6644374737668204,4.707244986238612,"(5.0, 15.0)",2025-07-12T23:42:21.559999704+00:00,0.07,88.28041925634992,0.06,53.0,0.04,-0.6385898673935424,0.08542825361512792,True,1.6373590879782054,,
62140647,LON,fail_incidence,20.09889985298064,0.9247380447334526,59.12617489361204,71.88330427269669,3.7370527901891264,3.74812577135612,"(1.0, 5.0)",2025-07-12T23:54:12.159999847+00:00,0.41,,,,,,,,,,
62140672,LON,ok,16.706583885647362,0.9212399099839028,17.048378402613935,71.91332335039816,3.5490721954106372,6.010596781007743,"(5.0, 30.0)",2025-07-13T00:45:12.799999237+00:00,0.36,0.7065838856473619,0.08,6.0,0.04,0.0,0.06812324929971987,True,2.254110246149664,,
62140687,LON,ok,18.369585447757384,0.8868886642740982,18.903582489708434,71.70678751054479,3.72834625166662,5.000948079566723,"(5.0, 10.0)",2025-07-13T01:02:00.859999895+00:00,0.59,36.36958544775739,0.1,23.0,0.06,-0.9842865159736324,0.1292929292929293,True,2.682154318561445,,
62140692,LON,ok,16.35803651908647,0.8795966306775416,28.385902259077472,73.30990681860047,3.5747323585180784,11.943817461385187,"(2.0, 8.0)",2025-07-13T01:08:58.059997559+00:00,0.37,-83.64196348091353,0.06,24.0,0.01,0.9685730319472645,0.13333333333333333,True,1.6784473348621063,,
62140702,LON,ok,16.831384593029735,0.8246613937582205,42.870665251738565,71.44541424642405,3.5375592503159385,7.008464945651869,"(5.0, 10.0)",2025-07-13T02:17:30.409999847+00:00,0.38,-25.168615406970265,0.02,28.0,0.01,0.8114381916835873,0.11913419913419913,True,0.5653615553778726,,
62140712,LON,fail_no_result,16.419264068432547,0.6688489982524293,22.90685752488931,70.32438023880434,3.614539846354552,6.388845562938073,"(1.0, 15.0)",2025-07-13T02:25:57.329998016+00:00,0.25,,,,,,,,,,
62140717,LON,ok,17.07182111057494,0.8201982801109323,16.44949340939496,66.39536781124012,3.626211250839876,4.579104179932945,"(1.0, 20.0)",2025-07-13T02:31:30.539999008+00:00,0.12,-78.92817888942506,0.12,53.0,0.03,0.0,0.0663388704318937,True,3.3092390845184902,,
62140722,LON,fail_incidence,14.494281810421539,0.8369044039402473,55.453545273300854,68.1251317936218,3.6007928797926407,4.402390816062471,"(3.0, 5.0)",2025-07-13T02:31:39.610000610+00:00,0.31,,,,,,,,,,
62140727,LON,ok,16.21879976783589,0.8060708662741051,36.491782549461064,68.71926190509349,3.832778283298506,4.50455922785411,"(1.0, 20.0)",2025-07-13T02:29:48.360000610+00:00,0.46,20.21879976783589,0.06,52.0,0.06,0.5121222577755522,0.0883809523809524,True,1.5654440608122977,,
62140732,LON,ok,15.399528185767371,0.9331930826675121,20.157962685791315,75.07936997606319,3.532839464145671,4.60208280626257,"(10.0, 20.0)",2025-07-13T02:44:20.520000458+00:00,0.33,1.3995281857673714,0.06,49.0,0.07,-0.9214325798681613,0.0787878787878788,True,1.6983505933097787,,
62140752,LON,fail_no_result,15.385287275289883,0.8878768721384277,13.546711284668529,66.11735288515447,3.5693570941600155,3.3684182671742295,"(1.0, 20.0)",2025-07-13T03:19:06.129999638+00:00,0.17,,,,,,,,,,
62140757,LON,ok,17.2282180140738,0.812632319089654,27.272095083797353,69.17337932744108,3.594341923651327,7.076918639294259,"(1.0, 20.0)",2025-07-13T03:45:46.789997101+00:00,1.0,89.2282180140738,0.18,9.0,0.01,0.0,0.07635087719298245,True,5.007870809829529,,
62140767,LON,ok,17.04613858395193,0.8858562340109233,20.59877282779307,71.93502600508378,3.5489493024553123,11.075249572434156,"(5.0, 10.0)",2025-07-13T04:18:33.360000610+00:00,0.6,15.04613858395193,0.02,5.0,0.01,0.9685730319472645,0.10938181818181818,True,0.5635470753601118,,
62140772,LON,fail_no_result,15.248123519522744,0.8796539671920793,18.06306727330573,72.88451405638398,3.565335650385988,5.38194778988677,"(1.0, 8.0)",2025-07-13T04:49:54.779998779+00:00,0.33,,,,,,,,,,
62140777,LON,ok,15.587807585877691,0.8953929200210878,25.694227222580427,71.00826496459868,3.5323395867562435,10.75077933803245,"(1.0, 20.0)",2025-07-13T05:00:18.340000153+00:00,0.62,-10.412192414122309,0.06,10.0,0.01,-0.7328707715517487,0.08129032258064516,True,1.6985909346020196,,
62140782,LON,ok,13.251418472306417,0.8450909247054396,31.600910045158894,70.3532861489896,3.6862425299208157,4.679369624236173,"(5.0, 15.0)",2025-07-13T05:09:18.989999771+00:00,0.05,-10.748581527693583,0.06,14.0,0.01,1.0,0.07726126126126126,True,1.6276736951784034,,
62140792,LON,ok,16.083409498400435,0.8639723913912557,18.470488595373382,68.45926954851694,3.6760806282842,7.380948167486036,"(3.0, 15.0)",2025-07-13T05:14:24.359998703+00:00,0.07,-57.916590501599565,0.06,17.0,0.01,0.0,0.0850544662309368,True,1.632173123145148,,
62140797,LON,fail_incidence,19.331330442694572,0.8466035899382007,46.82263427854285,66.17153925517793,3.80973906994702,3.6987604188430963,"(2.0, 8.0)",2025-07-13T05:14:51.699996948+00:00,0.25,,,,,,,,,,
62140812,LON,ok,19.721045997081863,0.8176628805444548,42.67959577937016,71.32339292196949,3.7564786827068763,5.551712612651631,"(5.0, 15.0)",2025-07-13T05:30:27.069999695+00:00,0.44,-56.27895400291814,0.02,23.0,0.01,0.0,0.08923076923076924,True,0.5324135098136168,,
62140817,LON,fail_incidence,15.504805750934704,0.8573049294857097,51.82171434761244,65.97075153717677,3.6592849129732685,5.981834211402676,"(1.0, 20.0)",2025-07-13T05:31:57.919998169+00:00,0.53,,,,,,,,,,
62140822,LON,ok,19.07288316742637,0.9259778842799574,17.903335507294482,73.00506602378384,3.8042591286892202,8.780530480823064,"(5.0, 15.0)",2025-07-13T05:40:00.220000029+00:00,0.76,-84.92711683257363,0.06,6.0,0.01,0.0,0.10057142857142858,True,1.5771796286830058,,
62140827,LON,fail_incidence,15.713600228108746,0.8056800681229677,48.72325767997851,71.65485133212307,3.5649188598295134,6.9543547956519305,"(10.0, 20.0)",2025-07-13T05:42:34.750000+00:00,0.13,,,,,,,,,,
62140832,LON,ok,16.05372724272716,0.8743435510788495,14.488894262793902,71.4552966111968,3.543309287729962,4.572564432315266,"(10.0, 20.0)",2025-07-13T05:56:59.659999847+00:00,0.25,-5.94627275727284,0.1,17.0,0.03,0.6215691918683022,0.07160839160839161,True,2.822220469048173,,
62140842,LON,ok,15.969397419099968,0.8383948565446417,27.45674903833596,65.0988500589664,3.5862311404549065,4.615475177940437,"(1.0, 15.0)",2025-07-13T05:59:34.049999237+00:00,0.11,-36.03060258090003,0.06,12.0,0.01,0.9057190958417937,0.08985221674876848,True,1.6730656126194117,,
62140852,LON,fail_incidence,17.607888016507328,0.8714341378141305,54.59802153961932,70.08439431099258,3.8602843351344966,3.9054323568794995,"(10.0, 20.0)",2025-07-13T06:17:33.959999084+00:00,0.47,,,,,,,,,,
62140862,LON,ok,14.857686983938027,0.8375873093582543,44.50402127298686,72.28117962008969,3.7433973374392213,7.333844290896142,"(1.0, 20.0)",2025-07-13T06:48:19.840000153+00:00,0.11,12.857686983938027,0.06,10.0,0.01,1.0,0.08109161793372319,True,1.602822104934357,,
62140877,LON,ok,13.821994227185064,0.8550474777043591,17.71424852251145,69.98750031631224,3.589269842808292,5.389456016336138,"(1.0, 5.0)",2025-07-13T07:29:21.859998703+00:00,0.27,-74.17800577281494,0.06,52.0,0.05,0.0,0.19692307692307692,True,1.6716491829172477,,
62140882,LON,ok,17.003779496985196,0.893283642721311,15.37406248708347,67.00655357262417,3.5666914957486133,6.238192511870619,"(1.0, 15.0)",2025-07-13T07:40:27.989999771+00:00,0.3,-2.996220503014804,0.08,9.0,0.01,0.9685730319472645,0.08129032258064516,True,2.2429750399034383,,
62140892,LON,fail_incidence,19.107457050116487,0.8300858549870407,45.138963138823456,71.90706501883362,3.6595985860307723,13.671404306523282,"(10.0, 20.0)",2025-07-13T07:51:33.939998627+00:00,0.44,,,,,,,,,,
62140897,LON,ok,16.0801398633514,0.7587649959084306,24.08632757269547,70.87786131123582,3.5325439109894354,3.6912208597362373,"(1.0, 20.0)",2025-07-13T08:01:57.809997559+00:00,-0.02,54.0801398633514,0.1,61.0,0.03,0.18335222999942413,0.06182863714778609,True,2.8308211453199137,,
62140902,LON,ok,16.429529487789196,0.8472995713958207,23.35748375960495,71.16112139153341,3.5314357775507728,8.269644108253374,"(10.0, 20.0)",2025-07-13T08:02:43.770000458+00:00,0.52,-31.570470512210804,0.06,25.0,0.01,0.02817468419244995,0.0776470588235294,True,1.6990256592352075,,
62140907,LON,ok,16.51330037816748,0.793769121584305,29.15866702321988,66.9322665598257,3.6410536786497336,10.09645807114124,"(3.0, 5.0)",2025-07-13T08:09:24.279998779+00:00,0.95,-75.48669962183251,0.04,91.0,0.1,0.0,0.21333333333333335,True,1.0985830896850113,,
62140912,LON,ok,15.845424632512156,0.9206344395534082,39.04244871827547,66.55574263373751,3.572473936460537,7.787521962504998,"(1.0, 8.0)",2025-07-13T08:25:30.539999008+00:00,1.24,89.84542463251216,0.06,91.0,0.1,-0.45816954043392843,0.19636363636363638,True,1.6795084041801456,,
62140922,LON,fail_incidence,17.03786503697498,0.8028534251036421,52.54830913788117,67.23454338569262,3.5799434267601673,12.701155437134325,"(3.0, 15.0)",2025-07-13T08:35:30.389999390+00:00,0.48,,,,,,,,,,
62140927,LON,ok,18.415446056052424,0.7673271175067918,38.48889341462424,72.01021180120276,3.6546942447038857,11.005005985580775,"(10.0, 20.0)",2025-07-13T08:47:04.759999752+00:00,0.26,2.4154460560524242,0.06,9.0,0.01,-0.890005611815426,0.06247619047619048,True,1.6417242040684412,,
62140932,LON,ok,16.584192945543357,0.8144555112353463,39.07842323552021,71.10643883470408,3.6164538327743307,6.31823883705905,"(1.0, 15.0)",2025-07-13T08:51:11.569999695+00:00,0.1,-9.415807054456643,0.06,8.0,0.01,0.6981538287287528,0.07822222222222222,True,1.6590838090133044,,
62140937,LON,fail_no_result,16.586937240357454,0.8039418124256013,25.283156094525925,68.75340870133685,3.5780166001704132,10.431972598131969,"(3.0, 15.0)",2025-07-13T08:58:16.399999619+00:00,0.33,,,,,,,,,,
62140942,LON,ok,15.959192079584945,0.8433787335434295,17.53067928347566,66.99663772006511,3.548677383825576,5.937307549895575,"(1.0, 20.0)",2025-07-13T08:57:45.110000610+00:00,-0.02,85.95919207958494,0.16,6.0,0.01,0.0,0.0624390243902439,True,4.508722058794632,,
62140947,LON,fail_incidence,17.059070857297645,0.825626200803833,49.37384090868866,66.06389217912961,3.552474788501308,8.415251746661081,"(10.0, 20.0)",2025-07-13T09:43:20.270000458+00:00,0.21,,,,,,,,,,
62140952,LON,ok,16.554475352893636,0.8215677742851324,34.95419126149514,71.31483326259051,3.534728524798211,9.12435861226576,"(10.0, 20.0)",2025-07-13T09:50:19.899999619+00:00,0.58,42.55447535289363,0.08,56.0,0.04,0.5472307430931291,0.07893738140417456,True,2.263257261165962,,
62140962,LON,fail_incidence,19.846672582081233,0.921112655982,48.98380033200104,69.7028608867723,3.7698115913149284,5.534634681738344,"(10.0, 20.0)",2025-07-13T10:26:35.689998627+00:00,0.17,,,,,,,,,,
62140967,LON,ok,15.57877960191354,0.9098192136388357,21.42759758875955,65.26415533366242,3.6292144422147548,5.998332645517674,"(1.0, 20.0)",2025-07-13T10:30:50.299999237+00:00,1.0,21.57877960191354,0.08,57.0,0.08,0.6131003256337745,0.0883809523809524,True,2.2043337828000986,,
62140972,LON,fail_no_result,15.16602135325262,0.821349402216413,43.89178073051023,68.7634145371837,3.6634257619406,4.327200583857089,"(3.0, 15.0)",2025-07-13T10:32:30.959999084+00:00,-0.02,,,,,,,,,,
62140987,LON,fail_no_result,15.824062758159902,0.8848393461547653,38.940152694537446,72.11542007615591,3.5509124769034224,8.632310922210022,"(10.0, 20.0)",2025-07-13T11:12:49.709999084+00:00,0.39,,,,,,,,,,
62140997,LON,ok,13.939594813207856,0.8678412885055371,29.267479982271613,73.27516493912447,3.5716209984247342,6.727607274898427,"(5.0, 10.0)",2025-07-13T11:28:55.099998474+00:00,0.19,19.939594813207854,0.02,11.0,0.01,1.0,0.11913419913419913,True,0.559969829072598,,
62141002,LON,ok,16.019370377847352,0.8426908725845602,27.422046227102154,71.4227019520298,3.6229911205321157,7.1206350306961195,"(5.0, 15.0)",2025-07-13T11:36:52.889999390+00:00,0.22,10.019370377847352,0.06,22.0,0.01,0.9371460638945291,0.08680459770114943,True,1.6560901753241857,,
62141017,LON,ok,16.323637156776137,0.7370769545897695,22.7496806642744,69.03932846547988,3.6710057796816646,4.777656198635877,"(1.0, 20.0)",2025-07-13T11:52:22.420000076+00:00,0.04,88.32363715677613,0.18,9.0,0.01,0.0,0.07529411764705882,True,4.903288384787259,,
62141022,LON,ok,16.998264930410095,0.8080979801739913,23.197656482896658,69.38757016270345,3.4961547052476796,7.132815498061922,"(1.0, 15.0)",2025-07-13T12:00:49.529998779+00:00,0.67,-23.001735069589905,0.06,10.0,0.01,1.0,0.08985221674876848,True,1.7161711954548475,,
62141027,LON,ok,15.06958841260784,0.8020405036994276,41.635844353978406,68.8182840628549,3.5249439965320173,8.115252962596795,"(5.0, 15.0)",2025-07-13T12:08:05.150000095+00:00,0.41,3.0695884126078408,0.08,14.0,0.01,0.0,0.0874074074074074,True,2.2695396034293664,,
62141032,LON,fail_incidence,19.776657555357826,0.8238320870582164,46.693046828991015,72.05602538227662,3.746341217003848,5.004291744086917,"(3.0, 15.0)",2025-07-13T12:08:24.959999084+00:00,0.4,,,,,,,,,,
62141052,LON,ok,15.901997042863227,0.9216139182805336,15.693783687593637,71.2002309999364,3.5332058845524195,8.971274910987368,"(1.0, 15.0)",2025-07-13T13:15:01.259999990+00:00,0.32,-2.0980029571367727,0.06,9.0,0.01,0.9685730319472645,0.08129032258064516,True,1.698174461395722,,
62141057,LON,fail_no_result,16.349224549885676,0.9198997499789966,29.117826416532743,69.26495755704084,3.5872104710017982,8.409845262856777,"(5.0, 15.0)",2025-07-13T13:22:06.640000105+00:00,0.28,,,,,,,,,,
62141062,LON,ok,17.414123276870775,0.8202583516102594,41.057166902192066,64.92014042343413,3.532165887469219,6.000131658736505,"(5.0, 15.0)",2025-07-13T13:24:37.399997711+00:00,0.2,-2.585876723129225,0.08,7.0,0.01,0.0,0.07757575757575758,True,2.2648992869731734,,
62141067,LON,ok,16.608849743092215,0.8912808606510046,30.939275462639692,70.70411089115028,3.5218596607756334,7.296475752935414,"(1.0, 5.0)",2025-07-13T13:34:26.099998474+00:00,0.28,10.608849743092215,0.08,91.0,0.1,0.0,0.1898901098901099,True,2.271527196014996,,
62141077,LON,ok,17.357239075931,0.79842191354039,28.028235032436985,71.84502287111323,3.546456491272255,8.788854283385525,"(1.0, 5.0)",2025-07-13T14:22:22.789999008+00:00,0.82,15.357239075930998,0.08,9.0,0.08,0.0,0.21482517482517482,True,2.255772774793039,,
62141082,LON,ok,16.35803651908647,0.7822292995457414,37.0020721761464,65.40224050605437,3.563143931185112,10.257880848780344,"(3.0, 15.0)",2025-07-13T14:43:13.289999962+00:00,0.77,-3.6419634809135317,0.06,15.0,0.01,0.9685730319472645,0.0883809523809524,True,1.6839061558774535,,
62141087,LON,ok,18.300853642535422,0.8676884895432002,14.961486553094387,73.68923884669739,3.67921505948562,9.475885392052746,"(1.0, 5.0)",2025-07-13T14:56:52.439998627+00:00,0.36,-11.699146357464578,0.14,32.0,0.07,0.47951512034245514,0.3117948717948718,True,3.805159462996245,,
62141097,LON,ok,16.818468287892102,0.8669791629033392,18.382339727750907,67.02979473909076,3.558599853282445,11.993061808610927,"(1.0, 5.0)",2025-07-13T15:43:17.940000296+00:00,0.6,22.818468287892102,0.16,91.0,0.1,0.0,0.21942857142857142,True,4.496150356787553,,
62141102,LON,fail_incidence,15.928141260021928,0.8377807134751369,53.10211133213081,70.63779657888188,3.520178431429228,5.305541207317462,"(10.0, 20.0)",2025-07-13T15:50:57.169998169+00:00,0.05,,,,,,,,,,
62141112,LON,ok,17.20052579582286,0.9177461848613608,10.370513776572203,69.61666223597564,3.601372765269655,5.977396839128389,"(1.0, 15.0)",2025-07-13T16:13:30.619998932+00:00,0.16,7.200525795822859,0.08,10.0,0.01,1.0,0.0776470588235294,True,2.221375159258471,,
62141157,LON,ok,16.457725537601505,0.8280817063303594,20.184073839976353,67.88973659113007,3.489645017017322,8.773588093553112,"(1.0, 15.0)",2025-07-13T18:18:09.649999619+00:00,0.56,-29.542274462398495,0.06,13.0,0.01,0.9685730319472645,0.08700460829493087,True,1.7193725925533636,,
62141162,LON,ok,16.62486837512899,0.7183986310779304,28.732209575520116,63.969002621121135,3.5461652515867996,5.485134545613518,"(1.0, 8.0)",2025-07-13T18:41:36+00:00,0.28,-39.37513162487101,0.02,53.0,0.04,0.0,0.16377104377104376,True,0.5639895092607604,,
62141177,LON,ok,16.88600004779407,0.8111465054681033,39.59849069914819,63.45505830086158,3.5279880525523692,10.05158491130095,"(3.0, 15.0)",2025-07-13T18:52:35.899997711+00:00,0.35,-85.11399995220593,0.06,9.0,0.01,0.0,0.09249032258064517,True,1.7006860314221364,,
62141192,LON,ok,17.306283717146332,0.8201962628883732,20.011890613564216,66.98529627630569,3.5563052061049443,8.644257660712872,"(1.0, 20.0)",2025-07-13T19:02:18.949998856+00:00,0.49,1.3062837171463322,0.08,5.0,0.01,-0.9842865159736323,0.06779094076655053,True,2.2495257117602763,,
62141197,LON,fail_no_result,17.96340697249178,0.803705613510545,28.0987336213217,71.47159691555323,3.6358217003653364,4.18913964782696,"(3.0, 15.0)",2025-07-13T19:11:49.090000153+00:00,0.47,,,,,,,,,,
62141202,LON,fail_exception,15.700379825729081,0.8288793230432893,40.64574068732178,65.39669868126576,3.63296174537715,12.583526456098179,"(5.0, 15.0)",2025-07-13T20:12:20.529998779+00:00,1.29,,,,,,,,,unsupported operand type(s) for /: 'NoneType' and 'float',"Traceback (most recent call last):
  File ""/Users/mhemmett/Seismology/mt-rainier/scripts/run_sws_generic.py"", line 203, in process_event
    splitting_obj.perform_sws_analysis(coord_system='LQT', sws_method='EV_and_XC',
    ~~~~~~~~~~~~~~~~~~~~~~~~~~~~~~~~~~^^^^^^^^^^^^^^^^^^^^^^^^^^^^^^^^^^^^^^^^^^^^
                                        cluster_eps=CLUSTER_EPS, cluster_min_samples=CLUSTER_MIN_SAMPLES)
                                        ^^^^^^^^^^^^^^^^^^^^^^^^^^^^^^^^^^^^^^^^^^^^^^^^^^^^^^^^^^^^^^^^^
  File ""/Users/mhemmett/Seismology/mt-rainier/swspy/splitting/split_windowcheck.py"", line 1695, in perform_sws_analysis
    Q_w = self._calc_Q_w(opt_phi, opt_lag, grid_search_results_all_win_XC, tr_T, method=""dbscan"")
  File ""/Users/mhemmett/Seismology/mt-rainier/swspy/splitting/split_windowcheck.py"", line 1385, in _calc_Q_w
    dt_diff = opt_lag_XC / opt_lag_EV
              ~~~~~~~~~~~^~~~~~~~~~~~
TypeError: unsupported operand type(s) for /: 'NoneType' and 'float'
"
62141207,LON,ok,15.79529610905838,0.815674916918534,44.22551210481353,66.85697314211674,3.749539484329773,5.138627963598276,"(10.0, 20.0)",2025-07-13T20:19:28.649999619+00:00,0.27,-80.20470389094162,0.18,12.0,0.01,-0.9842865159736324,0.07329032258064516,True,4.800589532454939,,
62141212,LON,ok,17.69675456472454,0.7396201841862005,26.048487477623798,66.75238442560364,3.6565467528049878,4.852006336516668,"(2.0, 8.0)",2025-07-13T20:24:34.469997406+00:00,0.32,-22.30324543527546,0.06,14.0,0.01,0.5600224472617037,0.10865874363327674,True,1.64089246100773,,
62141217,LON,ok,16.803879478603474,0.848734330915563,41.358848209498035,71.89471260710026,3.546562798270624,8.742415454494118,"(1.0, 8.0)",2025-07-13T20:50:35.229999542+00:00,0.61,36.80387947860348,0.06,21.0,0.01,0.7167211381337342,0.1523809523809524,True,1.6917788690857867,,
62141222,LON,ok,18.810668122535294,0.9472603595170358,21.02375472154259,71.33807826009233,3.8281325700974405,6.704110862196295,"(10.0, 20.0)",2025-07-13T21:06:41.189998627+00:00,0.69,14.810668122535294,0.06,17.0,0.01,0.9057190958417937,0.07116602316602318,True,1.5673438393611527,,
62141227,LON,fail_incidence,15.917781699995615,0.7975162236062943,52.980381049586256,67.22193629989347,3.6066808941787527,10.04641221388604,"(5.0, 10.0)",2025-07-13T21:05:11.840000153+00:00,0.64,,,,,,,,,,
62141282,LON,fail_incidence,15.188905326526498,0.7442850520774623,56.69393931537945,72.06599303136963,3.6377893085829243,7.668055355164078,"(5.0, 15.0)",2025-07-13T22:25:10.130000114+00:00,0.54,,,,,,,,,,
62141292,LON,fail_incidence,15.335608026343134,0.8590315521958581,60.49319576188745,72.62693325194753,3.560370856055857,8.539688253384803,"(1.0, 8.0)",2025-07-13T22:27:03.349999905+00:00,0.81,,,,,,,,,,
62141297,LON,fail_no_result,15.783380844154394,0.8933960383865104,30.805730682706926,65.78655782744012,3.5746904254991296,8.777317143183824,"(1.0, 15.0)",2025-07-13T22:33:57.189998627+00:00,0.62,,,,,,,,,,
62141302,LON,ok,20.16130124448369,0.938598326626949,32.37400481104087,71.13234478811498,3.7246722359342033,4.224232257437594,"(1.0, 5.0)",2025-07-13T22:38:27.959999084+00:00,1.39,-13.838698755516312,0.14,91.0,0.1,-0.9842865159736323,0.1594139194139194,True,3.758719992844845,,
62141327,LON,fail_snr,15.368061687545012,0.7573588058520008,31.28080463842602,70.38445583706444,3.8727538755351993,,None,2025-07-13T23:05:39.610000610+00:00,0.26,,,,,,,,,,
62141332,LON,ok,15.56956567114613,0.85337481399435,17.916113518994564,69.88313772008368,3.5980210146200613,6.470376395273771,"(2.0, 8.0)",2025-07-13T23:15:33.419998169+00:00,0.49,47.56956567114613,0.06,17.0,0.01,-0.45002805907712984,0.16969696969696968,True,1.6675833675289358,,
62141347,LON,ok,16.71751921342096,0.8510378750529732,24.10888496755137,69.78617412855615,3.598398521728827,7.119599184686343,"(3.0, 5.0)",2025-07-13T23:41:47.529998779+00:00,0.42,10.71751921342096,0.06,67.0,0.09,0.31075278136574125,0.20512820512820515,True,1.6674084217657301,,
62141362,LON,fail_exception,16.436205353446724,0.8931759257733585,19.615584894762424,72.47953626392278,3.6574230948832733,9.15065088828659,"(3.0, 5.0)",2025-07-14T00:45:17.840000153+00:00,0.45,,,,,,,,,unsupported operand type(s) for /: 'NoneType' and 'float',"Traceback (most recent call last):
  File ""/Users/mhemmett/Seismology/mt-rainier/scripts/run_sws_generic.py"", line 203, in process_event
    splitting_obj.perform_sws_analysis(coord_system='LQT', sws_method='EV_and_XC',
    ~~~~~~~~~~~~~~~~~~~~~~~~~~~~~~~~~~^^^^^^^^^^^^^^^^^^^^^^^^^^^^^^^^^^^^^^^^^^^^
                                        cluster_eps=CLUSTER_EPS, cluster_min_samples=CLUSTER_MIN_SAMPLES)
                                        ^^^^^^^^^^^^^^^^^^^^^^^^^^^^^^^^^^^^^^^^^^^^^^^^^^^^^^^^^^^^^^^^^
  File ""/Users/mhemmett/Seismology/mt-rainier/swspy/splitting/split_windowcheck.py"", line 1695, in perform_sws_analysis
    Q_w = self._calc_Q_w(opt_phi, opt_lag, grid_search_results_all_win_XC, tr_T, method=""dbscan"")
  File ""/Users/mhemmett/Seismology/mt-rainier/swspy/splitting/split_windowcheck.py"", line 1385, in _calc_Q_w
    dt_diff = opt_lag_XC / opt_lag_EV
              ~~~~~~~~~~~^~~~~~~~~~~~
TypeError: unsupported operand type(s) for /: 'NoneType' and 'float'
"
62141372,LON,fail_incidence,18.717789497667262,0.8919475918982007,47.91281988213962,74.18102729126596,3.7065772475668184,3.771396666188331,"(3.0, 5.0)",2025-07-14T01:05:01.839999914+00:00,0.36,,,,,,,,,,
62141382,LON,ok,17.92942942271112,0.8726838968295458,28.38836079569714,76.80314975959745,3.912275521099474,17.31611062161041,"(10.0, 20.0)",2025-07-14T01:13:56.719997406+00:00,1.05,7.92942942271112,0.06,7.0,0.01,1.0,0.06368550368550369,True,1.5336343178390996,,
62141392,LON,ok,15.546486498450445,0.8438376748464318,40.29406287135804,67.49232481521872,3.5783371585221464,8.439163019163278,"(1.0, 20.0)",2025-07-14T01:32:10.719999313+00:00,0.53,1.5464864984504452,0.08,7.0,0.01,0.0,0.06741510741510742,True,2.2356752998937646,,
62141407,LON,ok,15.974992968540342,0.9273805742044241,27.801785759831226,72.85248132399904,3.576435587986609,8.126439658584863,"(5.0, 15.0)",2025-07-14T02:10:25.239999771+00:00,0.34,-16.02500703145966,0.06,17.0,0.01,0.08375430541829765,0.08985221674876848,True,1.6776479968363587,,
62141417,LON,ok,15.410321590944623,0.7646494844477263,13.991913257995327,73.20034158351115,3.572647436681413,5.584871025082204,"(1.0, 5.0)",2025-07-14T02:29:50.149997711+00:00,0.26,31.410321590944623,0.16,81.0,0.09,-0.0414774743915689,0.17142857142857143,True,4.478471577050491,,
62141422,LON,ok,14.147514415521508,0.7856950779023826,40.72944130315341,71.99441204912213,3.649946363280689,5.488931732607128,"(1.0, 5.0)",2025-07-14T02:30:29.439998627+00:00,0.39,-89.85248558447849,0.16,65.0,0.09,0.7800112236308518,0.1980952380952381,True,4.383626061183729,,
62141427,LON,ok,15.463764890988328,0.9070808134398537,32.81603185184072,68.7526409469996,3.782808130386547,6.296519540127177,"(10.0, 20.0)",2025-07-14T02:41:28.099998474+00:00,0.09,13.463764890988328,0.06,13.0,0.01,0.9685730319472645,0.07635087719298245,True,1.5861232695899088,,
62141432,LON,ok,15.673425633985891,0.7774340647968564,39.33832157470915,76.80274926954966,3.699798685958988,6.101392326098049,"(5.0, 10.0)",2025-07-14T02:42:23.350000381+00:00,0.34,-28.326574366014107,0.08,53.0,0.04,-0.7642977396044841,0.10835978835978835,True,2.162279810077396,,
62141437,LON,ok,15.999589056137403,0.8600717054082319,28.39034122953925,70.62588033305936,3.6182591064401373,3.7470087108943324,"(3.0, 30.0)",2025-07-14T02:45:17.670000076+00:00,0.15,3.9995890561374026,0.08,48.0,0.02,0.0,0.06779094076655053,True,2.2110080468700555,,
62141447,LON,fail_incidence,18.353778514658053,0.8465153993207596,49.4270876298165,72.00913145915155,3.827407371796458,3.2119589223972405,"(1.0, 15.0)",2025-07-14T03:06:25.289999008+00:00,0.32,,,,,,,,,,
62141452,LON,fail_incidence,15.0140220451319,0.9085915620800802,58.56050615559079,68.30175179586564,3.628250485938275,7.147821243834385,"(1.0, 8.0)",2025-07-14T03:09:49.219997406+00:00,0.3,,,,,,,,,,
62141457,LON,ok,15.385287275289883,0.9223799889943599,26.783636468825396,79.22459102693301,3.7617519003202946,8.018296514288036,"(5.0, 30.0)",2025-07-14T03:12:20.619998932+00:00,0.95,1.3852872752898833,0.02,5.0,0.01,0.0,0.07000739098300074,True,0.531667173433131,,
62141477,LON,fail_incidence,15.071730627662772,0.9361645973071192,45.64038234893611,71.78218226274377,3.546242905868442,10.786562173123293,"(3.0, 5.0)",2025-07-14T04:01:32.290000916+00:00,0.4,,,,,,,,,,
62141487,LON,fail_incidence,15.51125718244963,0.733961809976533,64.20392432748297,71.92735137116486,3.547048129961678,8.226034460785584,"(1.0, 5.0)",2025-07-14T04:09:39.209999084+00:00,0.44,,,,,,,,,,
62141492,LON,ok,16.39340551233141,0.853225989287497,39.86497118655146,74.1379450402723,3.5983188007859495,8.230168939493797,"(3.0, 5.0)",2025-07-14T04:12:17.090000153+00:00,1.41,-75.60659448766859,0.06,91.0,0.1,0.0,0.22303030303030305,True,1.6674453632872863,,
62141497,LON,ok,15.124714542153981,0.7976585690554102,21.85526656702137,66.35921805430512,3.606712448340978,5.858038185856683,"(1.0, 20.0)",2025-07-14T04:17:38.610000610+00:00,0.13,87.12471454215398,0.14,6.0,0.01,0.0,0.0663388704318937,True,3.8816512823027374,,
62141502,LON,ok,16.557774853558325,0.8270157732230727,17.5438509097387,72.77074175690512,3.667757144589408,7.957659716329903,"(1.0, 15.0)",2025-07-14T04:19:25.599998474+00:00,0.5,-9.442225146441675,0.06,15.0,0.01,0.9685730319472645,0.08542825361512792,True,1.6358771214858279,,
62141512,LON,ok,18.69246075389053,0.8440498360927979,10.998015185722469,73.37857392747198,3.7790061294553485,8.809026384296518,"(3.0, 5.0)",2025-07-14T04:32:57.319999695+00:00,0.48,12.69246075389053,0.12,91.0,0.1,0.0,0.18285714285714286,True,3.175438088460975,,
62141517,LON,fail_incidence,16.05001095588391,0.9108677838384276,47.65614500954219,68.33006034738365,3.4773906085641344,9.279200813309634,"(1.0, 5.0)",2025-07-14T04:37:47.919998169+00:00,0.28,,,,,,,,,,
62141542,LON,ok,15.85599376445946,0.9156957754490123,44.207543601081156,67.46712407254205,3.595004193157513,7.066355268156609,"(3.0, 5.0)",2025-07-14T05:18:47.559997559+00:00,0.26,19.855993764459463,0.16,91.0,0.1,0.0,0.20779220779220778,True,4.4506206781214095,,
62141562,LON,ok,15.408758523979573,0.771902190286859,23.791480958079678,71.88119910132627,3.6466439841058333,4.542544095706118,"(3.0, 5.0)",2025-07-14T05:51:11.210000038+00:00,0.29,21.40875852397957,0.08,91.0,0.1,0.717785433174694,0.1898901098901099,True,2.193797923479394,,
62141582,LON,ok,16.52535933852993,0.7250119422486281,42.442397467035164,68.67727884294669,3.576078638867965,5.184595743563973,"(3.0, 15.0)",2025-07-14T06:11:57.399997711+00:00,0.36,-21.47464066147007,0.02,21.0,0.01,0.49716851115623284,0.08700460829493087,True,0.5592718175328256,,
62141587,LON,ok,16.021339525267408,0.7986656258915811,31.76051824733922,74.25609317737808,3.612213325414261,11.529401075192098,"(1.0, 5.0)",2025-07-14T06:14:08.949999809+00:00,0.52,14.021339525267408,0.08,91.0,0.1,-0.7642977396044841,0.19692307692307692,True,2.214708623024786,,
62141592,LON,ok,17.81749657704858,0.869353599863087,16.4888317409702,73.53490772501208,3.7046331093424407,9.930376190080112,"(1.0, 5.0)",2025-07-14T06:17:58.079998016+00:00,0.73,29.81749657704858,0.1,57.0,0.06,-0.9842865159736324,0.19692307692307692,True,2.699322633267445,,
62141597,LON,fail_incidence,15.917643502516924,0.8682487152973933,66.40501811638153,70.1202856156519,3.520439151391375,6.49731697900613,"(1.0, 5.0)",2025-07-14T06:23:41.750000+00:00,0.22,,,,,,,,,,
62141612,LON,fail_incidence,19.89659520315491,0.8416502986815909,61.43700828841917,72.16437994692177,3.784587822471666,7.704871682204112,"(10.0, 20.0)",2025-07-14T07:03:19.590000153+00:00,0.38,,,,,,,,,,
62141617,LON,ok,18.867483106412397,0.7473912280122221,35.51750498862275,73.14896464270974,3.7837017707450733,5.63609175019761,"(10.0, 20.0)",2025-07-14T07:16:36.380001068+00:00,0.34,6.867483106412397,0.06,6.0,0.01,0.0,0.07025563909774436,True,1.5857486566174324,,
62141627,LON,fail_incidence,16.34898429438721,0.8946350754418535,54.77481730389254,65.64138118665613,3.4674002427181385,5.872665322655877,"(1.0, 5.0)",2025-07-14T07:36:47.169998169+00:00,0.22,,,,,,,,,,
62141632,LON,fail_incidence,15.576109786982668,0.7758230718073811,50.005633431866215,69.94487104676604,3.505914903064427,7.181072008009215,"(1.0, 5.0)",2025-07-14T07:39:38.439998627+00:00,0.33,,,,,,,,,,
62141642,LON,fail_incidence,16.818468287892102,0.9104353969259112,47.94564953955276,66.09561783093943,3.565600794891589,5.496937191794279,"(3.0, 15.0)",2025-07-14T08:11:32.069999695+00:00,0.31,,,,,,,,,,
62141647,LON,ok,16.159886817838334,0.8894684349481947,29.059136220673974,69.56173577827592,3.5064465300722545,7.97885381904623,"(1.0, 15.0)",2025-07-14T08:12:00.369999886+00:00,0.32,86.15988681783833,0.16,49.0,0.05,0.0,0.08031372549019608,True,4.563024093702721,,
62141652,LON,ok,19.16574553735774,0.8641880602813928,16.550964343539544,72.570799013203,3.658404858210936,6.658716990979389,"(10.0, 20.0)",2025-07-14T08:22:36.860000610+00:00,0.58,7.16574553735774,0.12,51.0,0.09,0.0,0.07588491717523976,True,3.2801181020376027,,
62141657,LON,ok,16.066632455128246,0.8635817093143427,40.512146029247155,66.03010435790846,3.466561217326913,11.66283007192565,"(1.0, 5.0)",2025-07-14T08:32:23.180000305+00:00,0.33,24.066632455128246,0.16,55.0,0.06,-0.8585786437626906,0.21482517482517482,True,4.615525010787983,,
62141667,LON,ok,16.52535933852993,0.8513102048624375,21.83087068775652,68.81054334392367,3.5707794608831325,6.238483249856723,"(1.0, 15.0)",2025-07-14T08:56:02.890000105+00:00,0.35,-17.47464066147007,0.06,13.0,0.01,0.9057190958417937,0.08129032258064516,True,1.6803053971067894,,
62141672,LON,ok,16.492022646298505,0.8790857021050339,44.015656234632026,64.0813704863186,3.523110762987557,6.074039340706808,"(1.0, 5.0)",2025-07-14T08:58:43.340000153+00:00,0.12,24.492022646298505,0.14,91.0,0.1,0.47104499355709106,0.20329411764705882,True,3.973760957809956,,
62141677,LON,ok,16.472145930728058,0.8273991055527562,35.43815299220611,69.40774677321814,3.5940512335982726,8.232759972856941,"(10.0, 20.0)",2025-07-14T09:02:23.479999542+00:00,0.43,86.47214593072806,0.18,12.0,0.01,-0.8585786437626906,0.06886657101865136,True,5.008275850864501,,
62141682,LON,ok,16.12340324373449,0.843376906388984,23.198171217523686,68.99504919246141,3.5013922272424853,5.931915682960858,"(1.0, 15.0)",2025-07-14T09:01:03.449999809+00:00,0.42,-37.87659675626551,0.02,34.0,0.03,1.0,0.08680459770114943,True,0.571201359401856,,
62141687,LON,ok,15.92796093356903,0.7699836248401463,43.130196645527356,67.49176325061093,3.665010747337263,3.096048191890195,"(1.0, 8.0)",2025-07-14T09:03:24.729999542+00:00,0.38,77.92796093356903,0.06,30.0,0.06,-0.27207380648181334,0.1365333333333333,True,1.6371029755804056,,
62141692,LON,fail_snr,18.055675887712855,0.787555731945412,7.04897508547515,66.00716948412463,3.766645540360753,,None,2025-07-14T09:10:41.299999237+00:00,0.32,,,,,,,,,,
62141697,LON,fail_incidence,16.358067363070816,0.9626154026702223,47.73360901279497,70.57388035648036,3.520860936732325,,None,2025-07-14T09:13:18.690000296+00:00,0.36,,,,,,,,,,
62141707,LON,ok,16.330895786369094,0.7970932014312865,30.32068283837545,67.98502287500897,3.483005561847625,8.240553476428703,"(1.0, 5.0)",2025-07-14T09:17:37.619998932+00:00,0.34,20.330895786369094,0.16,91.0,0.1,0.0,0.22646153846153846,True,4.5937336923207495,,
62141717,LON,ok,16.907062218927226,0.7709340172968964,34.212154230890256,64.56371683607864,3.45128481080634,8.781601164113862,"(2.0, 8.0)",2025-07-14T09:50:52.590000153+00:00,0.54,42.90706221892722,0.06,55.0,0.08,-0.8271516757099551,0.14966153846153848,True,1.738483008186795,,
62141722,LON,fail_incidence,16.52741747857606,0.7918250605072084,47.13454722023355,71.93220634596531,3.547342725856744,7.670593811963734,"(10.0, 20.0)",2025-07-14T10:01:27.430000305+00:00,1.05,,,,,,,,,,
62141727,LON,ok,16.466392083154968,0.8380934104366324,39.59679239951783,69.17465990467237,3.495962876480797,9.408957552962336,"(1.0, 5.0)",2025-07-14T10:08:08.449999809+00:00,0.22,20.466392083154968,0.16,56.0,0.08,-0.8585786437626906,0.22646153846153846,True,4.57670763829917,,
62141742,LON,ok,15.237400545384842,0.8226880700459158,29.478356240460904,71.82072072696296,3.633816606338254,17.035925220404106,"(5.0, 15.0)",2025-07-14T10:51:24.329999924+00:00,0.22,7.237400545384842,0.02,55.0,0.08,1.0,0.0883809523809524,True,0.5503855083141831,,
62141747,LON,fail_incidence,16.340210260671384,0.9270990469426057,49.37654555228748,63.94989970540139,3.5279788634518794,7.4585760029381,"(10.0, 20.0)",2025-07-14T10:58:18.590000153+00:00,0.26,,,,,,,,,,
62141762,LON,fail_incidence,17.176753742241427,0.9617760869153926,45.388046042895695,65.28387214819004,3.5404307202013743,12.540238348240136,"(1.0, 5.0)",2025-07-14T12:03:53.279998779+00:00,1.0,,,,,,,,,,
62141767,LON,ok,16.837214353375018,0.8639923594581542,34.23974582679639,68.92292160789042,3.4856773160576675,5.121985785314813,"(3.0, 15.0)",2025-07-14T12:05:40.659999847+00:00,0.22,-63.16278564662498,0.06,14.0,0.01,0.0,0.0883809523809524,True,1.7213297319173693,,
62141772,LON,ok,16.648475625404483,0.8555169799868558,22.401794233980297,68.92119267768598,3.5768081370658917,9.502738960827157,"(10.0, 20.0)",2025-07-14T12:13:38.059997559+00:00,0.4,2.6484756254044832,0.02,11.0,0.04,0.0,0.0632967032967033,True,0.5591577527668647,,
62141777,LON,ok,15.943548948479558,0.867806072104044,22.29536208357747,68.31319458395666,3.568984307989641,6.329901230197862,"(1.0, 15.0)",2025-07-14T12:16:03.409999847+00:00,0.22,1.9435489484795578,0.06,11.0,0.01,0.9371460638945291,0.08413793103448276,True,1.6811505689638955,,
62141782,LON,fail_incidence,16.62486837512899,0.8698137053908214,48.5226809156642,71.96280891279544,3.5483583301637873,6.489823862294131,"(1.0, 15.0)",2025-07-14T12:16:49.479999542+00:00,0.21,,,,,,,,,,
62141787,LON,fail_incidence,16.70578012983188,0.8989759248322708,47.87724153841114,71.74318865747436,3.6323635920698294,8.12683739519109,"(5.0, 15.0)",2025-07-14T12:34:13.750000+00:00,0.5,,,,,,,,,,
62141797,LON,fail_no_result,16.083409498400435,0.8970435526270445,26.276196688878347,68.1530972622378,3.6850757136864565,8.8695583134325,"(1.0, 20.0)",2025-07-14T12:41:03.809999943+00:00,0.8,,,,,,,,,,
62141802,LON,fail_no_result,16.611957804207286,0.6425873907563177,42.04536390639349,66.78414694362355,3.4921017815696005,4.9498305232562485,"(5.0, 15.0)",2025-07-14T12:40:24.199998856+00:00,0.11,,,,,,,,,,
62141807,LON,ok,15.98068120983401,0.949716435067473,41.37998810171288,70.1183475653547,3.512420043756082,8.386773470200604,"(1.0, 15.0)",2025-07-14T12:59:17.489999771+00:00,0.43,89.98068120983402,0.06,23.0,0.01,1.0,0.11003508771929824,True,1.7082239382690034,,
62141812,LON,fail_no_result,18.07531787960708,0.8153877859501657,23.779499286189953,72.44423300373109,3.777186727809598,8.924471438394555,"(3.0, 5.0)",2025-07-14T13:11:13.319999695+00:00,0.27,,,,,,,,,,
62141817,LON,ok,20.85784619654755,0.8239123890623017,43.39572202683686,69.63669153628075,3.7872866303246155,3.8154900807074204,"(3.0, 15.0)",2025-07-14T13:25:30.760000229+00:00,1.09,-17.14215380345245,0.02,63.0,0.08,0.6857303194726456,0.10685217391304348,True,0.5280825549315702,,
62141822,LON,ok,17.186784446953713,0.7590353465569813,33.244890276558706,61.630298041847375,3.5126181270747727,8.35308210553027,"(1.0, 5.0)",2025-07-14T13:29:43.950000763+00:00,0.72,21.186784446953713,0.06,55.0,0.08,0.0,0.19165775401069518,True,1.7081276082227193,,
62141827,LON,ok,16.721884530767376,0.9520519813158715,44.223621885499874,64.94260770482194,3.5563521950114967,8.367984279515142,"(1.0, 5.0)",2025-07-14T13:32:29.920000076+00:00,0.66,18.721884530767376,0.16,11.0,0.06,0.0,0.21333333333333335,True,4.498991979040556,,
62141832,LON,ok,16.597801895894715,0.8000197072647467,31.033002138933803,66.5722654240198,3.542676706130078,10.303166572710053,"(5.0, 15.0)",2025-07-14T13:54:38.479999542+00:00,0.47,-47.40219810410528,0.02,19.0,0.01,0.0,0.08266666666666665,True,0.5645448811457437,,
62141842,LON,fail_incidence,16.556909133421705,0.8617682710543378,66.75256428355223,68.92738376426425,3.490788635370864,6.101399258779676,"(3.0, 15.0)",2025-07-14T14:12:56.090000153+00:00,0.31,,,,,,,,,,
62141847,LON,fail_no_result,17.133253696474647,0.9034969683754003,16.60774671427309,68.61544848319907,3.580736725024299,7.6026000901278135,"(2.0, 8.0)",2025-07-14T14:12:09.159999847+00:00,0.3,,,,,,,,,,
62141852,LON,ok,17.419332933707974,0.98053850315922,43.97809068385676,63.02486132312883,3.537435395877784,10.76669449179758,"(1.0, 5.0)",2025-07-14T14:20:17.600000381+00:00,0.59,19.419332933707974,0.16,11.0,0.02,0.6431825777242566,0.21482517482517482,True,4.523050800770805,,
62141857,LON,ok,17.26114386909032,0.8896861756618788,35.37973306868601,70.9896723756623,3.5280142740851357,4.5002334903894,"(3.0, 5.0)",2025-07-14T14:40:57.409999847+00:00,0.72,27.26114386909032,0.04,19.0,0.08,0.3593502526610721,0.20512820512820515,True,1.1337822608547288,,
62141862,LON,fail_incidence,16.644122026288706,0.9348680902009273,55.44826802673304,71.21585223706246,3.532856294879266,11.786127999004352,"(1.0, 5.0)",2025-07-14T14:48:29.689998627+00:00,0.86,,,,,,,,,,
62141867,LON,ok,17.63411099300585,0.7906798525253815,20.70878763134247,65.07922729612118,3.5318205951978725,9.962922955883018,"(1.0, 5.0)",2025-07-14T15:27:50+00:00,0.88,19.63411099300585,0.06,91.0,0.1,0.0,0.1695726495726496,True,1.698840537981473,,
62141872,LON,fail_incidence,17.148800925209784,0.9117764169134777,48.582381298949066,66.27125043950669,3.544039482832322,9.000060824397366,"(1.0, 5.0)",2025-07-14T15:34:22.229999542+00:00,1.18,,,,,,,,,,
62141877,LON,ok,16.789081893421145,0.9697549751708385,35.126396546203935,70.38538197422575,3.5184867060041225,4.956709076589726,"(1.0, 5.0)",2025-07-14T15:36:48.309997559+00:00,0.7,24.789081893421145,0.16,57.0,0.09,0.0,0.1898901098901099,True,4.547409536235222,,
62141882,LON,ok,15.85599376445946,0.859434324448666,38.72280288389661,68.48825061423405,3.5782627932217954,9.00153170070178,"(1.0, 15.0)",2025-07-14T15:45:24.389999390+00:00,0.55,-34.14400623554054,0.08,18.0,0.01,0.26918572388544604,0.09494505494505495,True,2.23572176284933,,
62141887,LON,ok,15.948914778030066,0.8942229662339045,18.912350835806254,71.88895639211437,3.5465524599579954,7.350732746173027,"(3.0, 15.0)",2025-07-14T15:54:04.179999828+00:00,0.33,-42.051085221969934,0.02,27.0,0.01,-0.6071628993408069,0.09154533844189017,True,0.5639279335582387,,
62141892,LON,fail_incidence,19.25102511513087,0.8454083346703363,55.66455079994365,69.83065580930307,3.701858653948526,7.166664966703085,"(5.0, 15.0)",2025-07-14T16:06:57.239998102+00:00,0.46,,,,,,,,,,
62141907,LON,ok,16.296693460978712,0.9111730725057785,29.76301840220922,70.08141624475704,3.607601058563727,6.166054247065207,"(1.0, 15.0)",2025-07-14T16:54:41.799999237+00:00,0.22,84.29669346097872,0.16,7.0,0.01,0.0,0.07160839160839161,True,4.435080193254513,,
62141912,LON,fail_no_result,16.811199707521265,0.794281215805159,32.562934674000175,65.93751870309892,3.5442955072167313,14.178547218220963,"(1.0, 5.0)",2025-07-14T17:04:12.489999771+00:00,1.07,,,,,,,,,,
62141917,LON,fail_incidence,16.694725022441194,0.8724444517700617,49.910912845422644,66.26565554473017,3.5597729129581555,8.038340489870977,"(3.0, 15.0)",2025-07-14T17:20:38.759998322+00:00,0.48,,,,,,,,,,
62141932,LON,ok,16.412056232919713,0.9596473382981997,25.676801573869668,69.90616723543212,3.5111720644935267,6.720582923481973,"(1.0, 20.0)",2025-07-14T17:40:17.969999313+00:00,0.48,-61.58794376708029,0.06,15.0,0.01,0.2756441771997057,0.09052109181141439,True,1.708831093945684,,
62141967,LON,fail_incidence,16.017455709526953,0.9386358508514859,55.36229435699278,70.50942487394786,3.691043818465631,6.960516479264088,"(1.0, 20.0)",2025-07-14T18:28:12.989999771+00:00,0.54,,,,,,,,,,
62141992,LON,fail_incidence,16.183321079679143,0.8873565705129329,62.63879349211382,70.51761470068111,3.6055733310607025,6.9742549065699135,"(5.0, 15.0)",2025-07-14T18:46:44.009998322+00:00,0.24,,,,,,,,,,
62142007,LON,ok,16.675320067878683,0.768817886146759,34.20511955572841,68.27185884926796,3.479790355326479,8.255542453773373,"(3.0, 15.0)",2025-07-14T19:18:50.279998779+00:00,0.54,-51.32467993212131,0.02,18.0,0.01,0.9371460638945291,0.09154533844189017,True,0.5747472680182071,,
62142022,LON,ok,16.190675016582226,0.6805674897608245,41.70795047735012,68.65775812759377,3.5743800298550985,8.282212854076064,"(1.0, 5.0)",2025-07-14T19:30:34.139999390+00:00,0.27,20.190675016582226,0.16,10.0,0.02,0.7036682602217575,0.1980952380952381,True,4.476300747642837,,
62142027,LON,ok,18.47934205860751,0.8521726774272411,41.6461287226935,75.68193157594156,4.357675808237443,7.1811826836430015,"(5.0, 15.0)",2025-07-14T19:35:45.799999237+00:00,1.64,12.47934205860751,0.06,8.0,0.01,0.9371460638945291,0.0985945945945946,True,1.3768807648926118,,
62142037,LON,ok,15.4508557052393,0.8429207594224133,22.438792060499175,67.9612155375762,3.4718702903987166,7.336833613061733,"(2.0, 8.0)",2025-07-14T19:40:14.589999199+00:00,0.29,-62.5491442947607,0.08,57.0,0.06,0.0,0.22699507389162563,True,2.304233548737002,,
62142047,LON,ok,19.07406461106969,0.8248027161820348,17.71096359661793,69.45102279364335,3.7044309349382774,10.249237440483997,"(3.0, 5.0)",2025-07-14T19:42:47.349998474+00:00,0.78,3.0740646110696908,0.14,91.0,0.1,-0.9214325798681613,0.18666666666666668,True,3.7792579335085557,,
62142102,LON,ok,15.854566097077521,0.8025758819196136,23.4429158944456,70.01377575576437,3.514892236797763,11.497596531017482,"(1.0, 5.0)",2025-07-14T20:27:55.889999390+00:00,0.88,21.854566097077523,0.16,91.0,0.1,0.0,0.24068376068376068,True,4.552059898876665,,
62142127,LON,ok,15.974992968540342,0.8093541923801403,25.010146507873493,71.99390252103605,3.5484778245313335,9.514755539816864,"(1.0, 5.0)",2025-07-14T20:44:20.689998627+00:00,0.51,25.97499296854034,0.06,19.0,0.03,-0.8585786437626906,0.20800000000000002,True,1.6908658576138775,,
62142142,LON,ok,16.109632840670407,0.939566010782607,20.57352506589518,65.17233862267521,3.5552204544858514,10.314115650546444,"(3.0, 5.0)",2025-07-14T20:55:16.879999161+00:00,0.62,28.109632840670407,0.04,62.0,0.08,0.4830645860243059,0.20512820512820515,True,1.1251060380666245,,
62142172,LON,ok,19.307171282284205,0.914267566250324,16.16025265266538,72.29625222382043,3.7578506464145556,6.53624339599755,"(5.0, 15.0)",2025-07-14T21:11:07.039999962+00:00,0.56,17.307171282284205,0.06,6.0,0.01,0.9685730319472645,0.0787878787878788,True,1.5966573886390951,,
62142187,LON,fail_incidence,15.93327026747473,0.8003489058827822,54.00475558401488,73.68898890963219,3.581755330320282,4.45265166802969,"(2.0, 8.0)",2025-07-14T21:30:35.599998474+00:00,0.45,,,,,,,,,,
62142262,LON,fail_incidence,15.969397419099968,0.8435699232004095,49.22635140703255,65.60785473856573,3.5836311356266344,6.3277446501591506,"(5.0, 15.0)",2025-07-14T22:03:59.869998932+00:00,0.41,,,,,,,,,,
62142292,LON,ok,16.043679103510556,0.7689270189560703,25.483987782829658,70.1504818391046,3.5117540437519827,7.699563458498238,"(1.0, 8.0)",2025-07-14T22:47:22.579999924+00:00,0.41,28.043679103510556,0.06,91.0,0.1,0.7328707715517487,0.13409523809523807,True,1.7085479009200648,,
62142337,LON,ok,15.662114560179678,0.8852173396670353,29.743483038931004,71.51975212366281,3.5387162053634653,10.311551612357663,"(3.0, 5.0)",2025-07-14T23:16:42.259998322+00:00,0.78,21.662114560179678,0.16,58.0,0.09,-0.890005611815426,0.21482517482517482,True,4.521413719401843,,
62142397,LON,ok,18.808955863416138,0.7741411708477766,37.866017914839155,72.84628570421383,3.770700027474795,7.939304911970384,"(5.0, 10.0)",2025-07-14T23:38:59.149997711+00:00,0.47,-11.191044136583862,0.06,30.0,0.01,0.7800112236308518,0.32,True,1.591216473408559,,
62142407,LON,ok,15.590152449272647,0.7544095947762344,27.92125295697196,67.73506983377186,3.508518143797261,9.636933678528639,"(3.0, 5.0)",2025-07-14T23:46:10.979999542+00:00,0.31,29.590152449272647,0.04,54.0,0.08,0.09446148618625827,0.20512820512820515,True,1.1400824610445963,,
62142412,LON,fail_incidence,16.504016308775952,0.8000522608059282,45.55145542619692,65.16582508967107,3.464427502472088,3.9360562441242957,"(2.0, 8.0)",2025-07-14T23:46:33.569999695+00:00,0.28,,,,,,,,,,
62142547,LON,ok,16.636167059747805,0.7417365457601195,30.73641214294309,70.54837512776612,3.520622721785929,8.959197255559156,"(3.0, 5.0)",2025-07-15T01:04:33.739998102+00:00,0.86,24.636167059747805,0.04,16.0,0.04,0.43557086634938813,0.19200000000000003,True,1.1361626382877215,,
62142602,LON,ok,16.073611037940246,0.8491857122230422,12.015339823029798,72.91064893530245,3.565764763505104,10.325904496150264,"(5.0, 10.0)",2025-07-15T01:29:53.520000458+00:00,0.57,-77.92638896205975,0.02,3.0,0.01,1.0,0.11383399209486166,True,0.5608894957035876,,
62142622,LON,fail_incidence,18.896720311565026,0.8726581264182964,48.861819198103,75.77576425286755,3.757981923097225,9.364125091132234,"(1.0, 20.0)",2025-07-15T01:41:26.189998627+00:00,0.53,,,,,,,,,,
62142657,LON,fail_no_result,16.410704715059637,0.8105159737455948,41.329623451421796,69.0459294836034,3.607037407368736,3.511842209373995,"(5.0, 15.0)",2025-07-15T01:59:23.889999390+00:00,0.3,,,,,,,,,,
62142692,LON,fail_incidence,15.865289046969442,0.9239518384457048,56.763607556289,71.11366606526934,3.537870156377292,10.028720368087093,"(3.0, 15.0)",2025-07-15T02:19:06.549999714+00:00,0.81,,,,,,,,,,
62142712,LON,fail_incidence,15.964717614839616,0.842637000264306,48.250270846011844,72.14239539347913,3.5750647869179324,6.135874759459156,"(5.0, 10.0)",2025-07-15T02:37:39.939998627+00:00,0.23,,,,,,,,,,
62142737,LON,ok,14.955178330189263,0.8003730697708606,42.825621584350415,71.24485779934575,3.6242986709057226,3.3500383260519353,"(1.0, 5.0)",2025-07-15T02:55:49.110000610+00:00,0.21,10.955178330189263,0.08,91.0,0.1,0.9057190958417937,0.25846153846153846,True,2.207323602831214,,
62142747,LON,ok,15.839237211419299,0.9427840652467172,36.40746900434582,71.47755516268151,3.5418202061138286,8.494594567809429,"(1.0, 5.0)",2025-07-15T03:05:44.149997711+00:00,0.65,19.8392372114193,0.16,12.0,0.01,0.4584793644140308,0.1898901098901099,True,4.51745121685767,,
62142762,LON,fail_incidence,16.33120203862249,0.8914514878231037,48.173258546031036,71.05987015924461,3.531893201673947,4.186294290098223,"(3.0, 5.0)",2025-07-15T03:17:24.529998779+00:00,0.2,,,,,,,,,,
62142782,LON,fail_incidence,16.393867094728236,0.9262279382602339,52.69387514914096,71.55134926773685,3.5484294461080457,7.163466123605426,"(1.0, 5.0)",2025-07-15T03:22:07.170000076+00:00,0.45,,,,,,,,,,
62142792,LON,fail_incidence,15.143576398970655,0.8764069629317657,47.014443465753416,72.07063867934785,3.752530419413583,6.975297400221731,"(3.0, 15.0)",2025-07-15T03:23:21.529998779+00:00,0.29,,,,,,,,,,
62142802,LON,ok,15.787382382423548,0.8706637229964092,34.212689494209265,72.25060446599805,3.5540172732043773,17.52061384664267,"(1.0, 5.0)",2025-07-15T03:27:57.199996948+00:00,1.37,21.787382382423548,0.14,91.0,0.1,0.0,0.21482517482517482,True,3.9392042648620285,,
62142812,LON,ok,16.419264068432547,0.7382779327416422,36.64218024894351,70.41083334902709,3.6208113952151377,7.61635346969477,"(2.0, 8.0)",2025-07-15T03:31:03.490000010+00:00,0.42,-75.58073593156746,0.06,29.0,0.02,-0.23003928270798146,0.13456410256410256,True,1.6570871401722094,,
62142817,LON,fail_incidence,15.098408239825341,0.9220064131690994,52.2579291789996,73.55107562936224,3.5856648724291156,11.052896374524904,"(1.0, 5.0)",2025-07-15T03:31:37.399997711+00:00,0.42,,,,,,,,,,
62142827,LON,fail_incidence,16.313509520012914,0.8924744204863252,51.83115807558217,73.3363494956641,3.600056580404652,11.437985752208743,"(5.0, 15.0)",2025-07-15T03:41:03.529999970+00:00,0.6,,,,,,,,,,
62142837,LON,fail_no_result,16.570820770957496,0.6564862953177875,25.095220403450693,73.1984093244319,3.5724127360532036,4.762484051836089,"(3.0, 15.0)",2025-07-15T03:43:03.339999914+00:00,0.3,,,,,,,,,,
62142842,LON,fail_incidence,16.17915454225414,0.836468318087104,46.29872776212414,71.73844783457676,3.5540885160986213,8.62792806709279,"(5.0, 10.0)",2025-07-15T03:42:43.169998169+00:00,0.21,,,,,,,,,,
62142867,LON,ok,15.776438234889712,0.9392955994190233,41.61821357737371,71.27539641356472,3.5370620525344076,8.921888494790275,"(1.0, 5.0)",2025-07-15T03:57:25.829999924+00:00,0.44,19.77643823488971,0.16,18.0,0.06,-0.41860109102439425,0.19692307692307692,True,4.5235282170228075,,
62142872,LON,fail_incidence,16.476461773170904,0.824642655918764,50.71969336335631,74.6497409660248,3.535353464981315,10.62563816250195,"(5.0, 10.0)",2025-07-15T04:01:32.919998169+00:00,0.75,,,,,,,,,,
62142877,LON,fail_incidence,15.571713956957078,0.8795884487947713,56.7970435442225,75.07995116709253,3.636361318529964,16.626825803753157,"(5.0, 15.0)",2025-07-15T04:20:21.489999771+00:00,0.68,,,,,,,,,,
62142887,LON,fail_incidence,16.456491732127393,0.949548105157614,56.60035376836287,71.12139755747413,3.531907742334789,12.409184019700579,"(1.0, 5.0)",2025-07-15T04:27:03.359999895+00:00,0.42,,,,,,,,,,
62142897,LON,fail_incidence,16.73984076862267,0.7998397193338356,45.16931707184245,73.07301126487646,3.675690657857176,6.7841758266871155,"(5.0, 15.0)",2025-07-15T04:36:35.599998474+00:00,0.23,,,,,,,,,,
62142907,LON,ok,16.738640259853856,0.8274521331412349,40.28935747556969,68.48075850103397,3.4821325651992394,10.376502075899596,"(1.0, 8.0)",2025-07-15T04:54:54.879997253+00:00,0.5,-63.26135974014615,0.08,60.0,0.07,0.0,0.13274074074074074,True,2.2974426878381236,,
62142912,LON,fail_incidence,16.207548606960398,0.9394083434749366,45.27825608206247,73.31006251581873,3.5751893953333207,10.53286799569083,"(3.0, 5.0)",2025-07-15T05:04:16.590000153+00:00,0.65,,,,,,,,,,
62142922,LON,fail_incidence,15.472592396199303,0.9148910782909689,56.644707095016265,73.6190866079474,3.5802844041451105,10.41106904674321,"(1.0, 5.0)",2025-07-15T05:15:44.549999237+00:00,0.63,,,,,,,,,,
62142932,LON,ok,15.875936144398063,0.7946070179705239,32.66065467853858,71.40480166124021,3.5365129137198155,6.3644371398454815,"(1.0, 8.0)",2025-07-15T05:33:59.389999390+00:00,0.13,19.87593614439806,0.06,54.0,0.03,0.6981538287287528,0.12947126436781609,True,1.6965864811982294,,
62142942,LON,ok,15.653443570818952,0.9235322884422564,29.90209085513794,72.51040710535575,3.670436504212148,10.273687491578837,"(3.0, 15.0)",2025-07-15T06:09:34.809997559+00:00,0.67,1.6534435708189523,0.06,13.0,0.01,1.0,0.08680459770114943,True,1.634682957494149,,
62142947,LON,ok,18.384931621670386,0.7597297936324537,18.038469591468335,64.1077109629871,3.8250236290089616,6.324984988188273,"(5.0, 15.0)",2025-07-15T06:07:29.599998474+00:00,0.25,10.384931621670386,0.02,4.0,0.03,0.0,0.08031372549019608,True,0.5228725869382895,,
62142952,LON,ok,16.54167987477,0.8987518476049599,22.038799261375217,70.51329709463633,3.6160281369845824,10.33402727188653,"(1.0, 5.0)",2025-07-15T06:22:04.980000019+00:00,0.54,24.54167987477,0.16,13.0,0.03,0.673537242401579,0.21942857142857142,True,4.424744331038987,,
62142967,LON,ok,15.673425633985891,0.796061551512585,30.430623802955434,72.6855108661238,3.561607603537272,8.274213521566892,"(1.0, 15.0)",2025-07-15T06:39:58.049999237+00:00,0.35,-54.32657436601411,0.02,24.0,0.01,0.0,0.11240143369175627,True,0.5615441740447953,,
62142987,LON,fail_no_result,16.216880762206202,0.8832601945654259,16.88961466083947,67.36029113651286,3.5822910474052496,11.886607357390163,"(1.0, 15.0)",2025-07-15T07:52:22.739999771+00:00,0.62,,,,,,,,,,
62143002,LON,fail_no_result,16.099871275188807,0.8046895455232128,29.593270946497203,63.34611989452636,3.5407587331022463,10.97931819342786,"(1.0, 5.0)",2025-07-15T08:21:16.159999847+00:00,0.69,,,,,,,,,,
62143007,LON,ok,20.185109158879435,0.8983714592299367,23.154871288438247,71.36218593557865,3.81360241940259,5.151824438107729,"(3.0, 5.0)",2025-07-15T08:22:16.479999542+00:00,0.34,18.185109158879435,0.16,91.0,0.1,-0.9528595479208969,0.19692307692307692,True,4.195508141749721,,
62143012,LON,fail_incidence,19.482447017217023,0.9383083221555567,58.4029580540128,71.86577648177699,3.7343053831731905,7.530898449863056,"(1.0, 5.0)",2025-07-15T08:39:02.009999990+00:00,0.85,,,,,,,,,,
62143017,LON,ok,16.366995987364245,0.8937635590417854,34.31483263030903,71.14712138626682,3.5312128598727823,10.302448423081467,"(1.0, 5.0)",2025-07-15T08:39:26.569999695+00:00,1.07,22.366995987364245,0.16,18.0,0.06,0.0,0.20512820512820515,True,4.531021106605402,,
62143022,LON,fail_incidence,15.285102348185713,0.8743653100728987,51.40119581101383,69.20032130914214,3.502680958602892,8.774517327465782,"(2.0, 8.0)",2025-07-15T09:25:53.889999390+00:00,0.39,,,,,,,,,,
62143027,LON,ok,15.372098498797547,0.8308263676081262,37.752200193443606,71.01172164573474,3.621652866855846,8.768532286724495,"(1.0, 20.0)",2025-07-15T09:31:24.309999704+00:00,0.3,7.372098498797547,0.06,11.0,0.01,0.9371460638945291,0.08109161793372319,True,1.6567021248529892,,
62143042,LON,fail_no_result,15.912726541233686,0.7873159153002772,34.926773905707215,70.72814636879221,3.613170245001542,6.273331956158707,"(1.0, 20.0)",2025-07-15T09:56:24.189998627+00:00,1.06,,,,,,,,,,
62143047,LON,ok,16.58150437951254,0.746868856862362,36.62073500796579,68.20950056757219,3.653607783286285,2.6251569734656166,"(10.0, 20.0)",2025-07-15T09:56:50.829998016+00:00,0.1,0.5815043795125412,0.06,29.0,0.03,0.9685730319472645,0.07529411764705882,True,1.642212398234827,,
62143052,LON,fail_incidence,16.05372724272716,0.9141947999223543,57.98964931693646,71.22721033081962,3.536457699766409,15.507399620818113,"(1.0, 5.0)",2025-07-15T10:08:01.529999970+00:00,1.22,,,,,,,,,,
62143057,LON,fail_incidence,16.00115418499114,0.9294771698802867,61.28454919212323,71.59521746436376,3.540547593532802,5.127306116097433,"(1.0, 20.0)",2025-07-15T10:31:33.709999084+00:00,0.33,,,,,,,,,,
62143062,LON,fail_incidence,16.6281551055625,0.9123998563859186,50.27740962927962,69.78488807279155,3.5079710668925568,4.793145352768546,"(1.0, 20.0)",2025-07-15T10:49:53.930000305+00:00,0.23,,,,,,,,,,
62143067,LON,ok,19.96575469515456,0.8735829095261648,34.37381096689498,67.95522365303015,3.6820770025858574,7.489430975987211,"(10.0, 20.0)",2025-07-15T11:44:54.789997101+00:00,0.31,9.965754695154558,0.06,19.0,0.06,0.0,0.07338247338247339,True,1.629515079610314,,
62143072,LON,ok,16.874043916176102,0.9762287326001815,30.76973364458563,70.2822112870714,3.601256821572073,12.041728159665738,"(3.0, 5.0)",2025-07-15T11:45:27.010000229+00:00,0.69,22.874043916176102,0.16,15.0,0.07,1.0,0.21482517482517482,True,4.442893354386053,,
62143077,LON,ok,16.97626379924598,0.8352770566042287,21.020796897957503,67.84223183780699,3.569307951010193,9.105785104500448,"(5.0, 15.0)",2025-07-15T11:48:59.389999390+00:00,0.38,6.976263799245981,0.02,4.0,0.01,0.0,0.07116602316602318,True,0.5603327108365519,,
62143082,LON,ok,16.230907121263133,0.9414216552490839,14.904775597016343,65.49946465386704,3.4840802588750455,7.61371217348437,"(1.0, 15.0)",2025-07-15T12:01:31.829999924+00:00,0.57,-13.769092878736867,0.02,13.0,0.01,0.9371460638945291,0.08985221674876848,True,0.574039589043729,,
62143087,LON,ok,15.836573200734698,0.8733559218354869,23.42598872668037,64.51663785542831,3.6103252356542503,8.710996772680616,"(5.0, 15.0)",2025-07-15T12:13:39.540000916+00:00,0.82,13.836573200734698,0.02,20.0,0.03,0.7800112236308518,0.08680459770114943,True,0.553966711987256,,
62143092,LON,ok,16.205751116521505,0.8593708759750178,19.104611645803857,70.6817172449163,3.522058131909105,12.335800250483691,"(3.0, 15.0)",2025-07-15T12:23:32.090000153+00:00,0.75,4.205751116521505,0.02,4.0,0.01,0.0,0.09329923273657288,True,0.5678497983552347,,
62143097,LON,ok,16.007077728101777,0.8062938500249764,23.018355095515158,69.63930382969245,3.4977050628209794,8.492651816141375,"(2.0, 8.0)",2025-07-15T12:23:45.079998016+00:00,0.39,-63.99292227189822,0.08,48.0,0.02,0.4468803402294479,0.14262857142857144,True,2.2872140035580406,,
62143107,LON,ok,18.630457170903835,0.7602235475192034,11.907134040270282,69.04516931770003,3.694200968582755,5.6990224095808495,"(5.0, 10.0)",2025-07-15T12:40:53.770000458+00:00,0.48,-85.36954282909616,0.02,5.0,0.01,0.0,0.11151515151515153,True,0.541389062752393,,
62143132,LON,ok,16.384664407623596,0.9214426138228622,22.77157290995011,66.00959505300453,3.5499700793786766,7.411966051691541,"(5.0, 15.0)",2025-07-15T13:26:02.609999895+00:00,0.46,-61.615335592376404,0.06,14.0,0.01,0.0,0.08869772998805256,True,1.6901550902789955,,
62143142,LON,fail_no_result,20.07068630350269,0.6483333243254563,35.382343486487905,70.80669088444112,3.9729129522138886,8.22185187011074,"(1.0, 5.0)",2025-07-15T14:02:44.489998102+00:00,0.99,,,,,,,,,,
62143147,LON,fail_incidence,19.23180211624416,0.7306661308599443,50.44094432628061,71.24747259536362,3.898631878253627,10.683592960242034,"(1.0, 5.0)",2025-07-15T14:04:29.649999619+00:00,0.83,,,,,,,,,,
62143162,LON,ok,20.03783937729615,0.9106838330885728,19.799592057441746,71.89061028511826,3.9119684661222665,11.05267857103944,"(1.0, 5.0)",2025-07-15T14:45:25.139999390+00:00,2.32,28.03783937729615,0.1,91.0,0.1,-0.8585786437626906,0.1980952380952381,True,2.55625782431536,,
62143172,LON,ok,19.885366486906825,0.8042708735219144,35.35604156371122,69.5803745115411,3.9551376290483886,10.105770585987695,"(1.0, 5.0)",2025-07-15T14:47:17.690000296+00:00,1.3,-14.114633513093175,0.12,56.0,0.09,0.9685730319472645,0.19692307692307692,True,3.034028427194635,,
62143182,LON,fail_exception,19.859578475470812,0.8167187229480636,31.27628718070153,69.0930964949589,3.956974388548335,9.548399492610008,"(1.0, 8.0)",2025-07-15T15:02:39.809997559+00:00,0.8,,,,,,,,,unsupported operand type(s) for /: 'NoneType' and 'float',"Traceback (most recent call last):
  File ""/Users/mhemmett/Seismology/mt-rainier/scripts/run_sws_generic.py"", line 203, in process_event
    splitting_obj.perform_sws_analysis(coord_system='LQT', sws_method='EV_and_XC',
    ~~~~~~~~~~~~~~~~~~~~~~~~~~~~~~~~~~^^^^^^^^^^^^^^^^^^^^^^^^^^^^^^^^^^^^^^^^^^^^
                                        cluster_eps=CLUSTER_EPS, cluster_min_samples=CLUSTER_MIN_SAMPLES)
                                        ^^^^^^^^^^^^^^^^^^^^^^^^^^^^^^^^^^^^^^^^^^^^^^^^^^^^^^^^^^^^^^^^^
  File ""/Users/mhemmett/Seismology/mt-rainier/swspy/splitting/split_windowcheck.py"", line 1695, in perform_sws_analysis
    Q_w = self._calc_Q_w(opt_phi, opt_lag, grid_search_results_all_win_XC, tr_T, method=""dbscan"")
  File ""/Users/mhemmett/Seismology/mt-rainier/swspy/splitting/split_windowcheck.py"", line 1385, in _calc_Q_w
    dt_diff = opt_lag_XC / opt_lag_EV
              ~~~~~~~~~~~^~~~~~~~~~~~
TypeError: unsupported operand type(s) for /: 'NoneType' and 'float'
"
62143187,LON,fail_no_result,19.939940864716558,0.7993140162792816,29.47972362683457,69.6684645058316,3.955723675342141,10.442101174513683,"(1.0, 5.0)",2025-07-15T15:18:33.899997711+00:00,1.08,,,,,,,,,,
62143197,LON,ok,19.986014239518532,0.8368341103877199,27.179997455478613,70.83775613567103,3.8823639308554916,11.878379468572728,"(10.0, 20.0)",2025-07-15T15:28:00.859999895+00:00,0.62,1.986014239518532,0.18,50.0,0.09,0.0,0.07025563909774436,True,4.6363505123626165,,
62143207,LON,ok,16.131614729797416,0.949286861690677,15.614166873714638,64.48635541838273,3.6116755337117046,11.505756020452875,"(5.0, 15.0)",2025-07-15T15:31:22.309999704+00:00,1.25,2.131614729797416,0.06,13.0,0.01,1.0,0.08680459770114943,True,1.661278800931994,,
62143217,LON,ok,19.89161824781635,0.9071950667367937,20.49633889803776,68.18781591230635,3.924462728146615,2.929114851538036,"(2.0, 8.0)",2025-07-15T15:33:36.689998627+00:00,0.35,-66.10838175218365,0.18,22.0,0.05,0.0,0.1767619047619048,True,4.586615097883924,,
62143227,LON,fail_snr,20.14039881010981,0.8751565652666844,41.42850736735997,66.76824825065823,3.956020667989771,,None,2025-07-15T15:41:58.520000458+00:00,0.84,,,,,,,,,,
62143232,LON,fail_snr,20.142236007067833,0.8024633007778688,32.48742435344401,65.01750605754168,4.022530063763191,,None,2025-07-15T15:43:03.539999962+00:00,0.51,,,,,,,,,,
62143242,LON,fail_incidence,19.58483335558795,0.871039769989114,53.62388420338665,72.51406081669134,3.657991813198885,6.008590830014948,"(3.0, 5.0)",2025-07-15T15:49:26.869998932+00:00,0.38,,,,,,,,,,
62143252,LON,ok,15.928141260021928,0.8010057630073268,19.900759815178738,64.16293813499706,3.524927758802095,3.6926884554468358,"(10.0, 20.0)",2025-07-15T15:57:28.139999390+00:00,0.0,3.9281412600219276,0.1,54.0,0.07,-0.9214325798681613,0.06857142857142857,True,2.836937572700322,,
62143287,LON,fail_incidence,18.726999501414923,0.8809691362640458,47.08766912120046,68.27937411532872,3.850386464020682,3.6402342453817296,"(3.0, 15.0)",2025-07-15T16:24:42.520000458+00:00,0.78,,,,,,,,,,
62143312,LON,fail_no_result,16.358067363070816,0.7946459046459979,28.058063672897024,70.15906012477905,3.510962195722966,11.598625547523735,"(3.0, 5.0)",2025-07-15T16:42:59.349998474+00:00,0.63,,,,,,,,,,
62143317,LON,ok,16.725011527339827,0.8713433408048112,20.527302411065047,70.40248109573554,3.6020019177115548,5.711068698033597,"(1.0, 20.0)",2025-07-15T16:50:32.309997559+00:00,0.37,86.72501152733983,0.14,5.0,0.01,0.0,0.0663388704318937,True,3.886727525368605,,
62143322,LON,fail_incidence,16.832852639638148,0.9401838507611011,50.158579889367076,69.1067180420187,3.5839436424418176,8.374850095845687,"(1.0, 15.0)",2025-07-15T16:54:43.469997406+00:00,0.74,,,,,,,,,,
62143332,LON,ok,18.24983703445836,0.8770479594766217,38.179178858103775,70.89242611150941,3.7160364447844834,14.636702308303946,"(10.0, 20.0)",2025-07-15T17:04:49.669998169+00:00,0.66,10.24983703445836,0.08,53.0,0.08,-0.9528595479208969,0.0745945945945946,True,2.1528314156412884,,
62143337,LON,ok,17.086847313954085,0.9789854902060152,25.522362487477807,65.20606519163077,3.5473704519579456,11.662493179129214,"(3.0, 5.0)",2025-07-15T17:06:04.449999809+00:00,0.82,21.086847313954085,0.16,13.0,0.06,0.9685730319472645,0.1980952380952381,True,4.510383174435282,,
62143342,LON,fail_incidence,18.366040861500913,0.6727532785185121,72.01849767429722,70.2803762808796,3.7140523782652783,7.060927304603101,"(1.0, 5.0)",2025-07-15T17:05:49.729999542+00:00,0.28,,,,,,,,,,
62143357,LON,ok,17.3993191323546,0.960399876855352,10.627848872650437,71.84674068752751,3.6367861117273206,10.361391267227948,"(5.0, 10.0)",2025-07-15T17:41:37.599998474+00:00,1.05,-46.6006808676454,0.02,9.0,0.01,0.0,0.11913419913419913,True,0.5499361080242589,,
62143362,LON,fail_exception,16.13590047900101,0.7807353988888002,19.25185651004749,72.32051191425954,3.555758986880505,7.0691142979313835,"(3.0, 5.0)",2025-07-15T17:49:16.729999542+00:00,0.26,,,,,,,,,unsupported operand type(s) for /: 'NoneType' and 'float',"Traceback (most recent call last):
  File ""/Users/mhemmett/Seismology/mt-rainier/scripts/run_sws_generic.py"", line 203, in process_event
    splitting_obj.perform_sws_analysis(coord_system='LQT', sws_method='EV_and_XC',
    ~~~~~~~~~~~~~~~~~~~~~~~~~~~~~~~~~~^^^^^^^^^^^^^^^^^^^^^^^^^^^^^^^^^^^^^^^^^^^^
                                        cluster_eps=CLUSTER_EPS, cluster_min_samples=CLUSTER_MIN_SAMPLES)
                                        ^^^^^^^^^^^^^^^^^^^^^^^^^^^^^^^^^^^^^^^^^^^^^^^^^^^^^^^^^^^^^^^^^
  File ""/Users/mhemmett/Seismology/mt-rainier/swspy/splitting/split_windowcheck.py"", line 1695, in perform_sws_analysis
    Q_w = self._calc_Q_w(opt_phi, opt_lag, grid_search_results_all_win_XC, tr_T, method=""dbscan"")
  File ""/Users/mhemmett/Seismology/mt-rainier/swspy/splitting/split_windowcheck.py"", line 1385, in _calc_Q_w
    dt_diff = opt_lag_XC / opt_lag_EV
              ~~~~~~~~~~~^~~~~~~~~~~~
TypeError: unsupported operand type(s) for /: 'NoneType' and 'float'
"
62143387,LON,fail_incidence,15.334832058500615,0.8207822285347076,55.2675640286938,69.84850020421415,3.6769687658181187,3.3112894553701437,"(10.0, 20.0)",2025-07-15T18:41:34.630001068+00:00,-0.07,,,,,,,,,,
62143402,LON,ok,16.85177475190558,0.8608459531967056,37.52639780939687,64.03561705886955,3.525289913746182,17.755312559159663,"(1.0, 5.0)",2025-07-15T18:47:41.479999542+00:00,1.72,18.85177475190558,0.14,91.0,0.1,0.14918265846772172,0.22646153846153846,True,3.9713045855915925,,
62143432,LON,fail_incidence,15.458216725714488,0.9113002248152814,54.704636235792016,70.24379071737158,3.5965402854781097,10.265408290616353,"(3.0, 5.0)",2025-07-15T19:22:38.689998627+00:00,0.57,,,,,,,,,,
62143437,LON,fail_incidence,16.061511298736388,0.8868877804480768,51.377128726448426,66.66326880310255,3.727729992412725,,None,2025-07-15T19:23:03.210000038+00:00,-0.44,,,,,,,,,,
62143497,LON,ok,18.63135458668608,0.8683098639202285,17.142428103715353,70.21670928398451,3.7108360522673824,6.447065903458233,"(5.0, 10.0)",2025-07-15T20:27:27.239999771+00:00,0.53,-79.36864541331391,0.02,49.0,0.08,0.0,0.1292929292929293,True,0.5389621022944322,,
62143587,LON,ok,19.547290328855922,0.93626313398695,26.41286730702325,69.36023584393257,3.7030630309623422,8.50061996222457,"(1.0, 5.0)",2025-07-15T21:39:26.629999161+00:00,0.72,7.547290328855922,0.12,91.0,0.1,0.0,0.18747474747474746,True,3.240560557480295,,
62143597,LON,fail_incidence,16.5652048519101,0.9402695160027787,48.53844877848795,69.68808449947902,3.5047846151689814,9.364959445819954,"(1.0, 5.0)",2025-07-15T21:41:17.319999695+00:00,1.39,,,,,,,,,,
62143612,LON,fail_incidence,16.17698168591932,0.8159747975025231,51.05875495985619,68.04484947470876,3.4890147290933826,11.45625809281069,"(1.0, 8.0)",2025-07-15T21:53:26.969999313+00:00,1.46,,,,,,,,,,
62143622,LON,fail_incidence,15.717038673977,0.8816462353389943,51.3831645693012,68.74540329850016,3.501748728433899,11.933654025118328,"(1.0, 5.0)",2025-07-15T22:12:20.100000381+00:00,1.12,,,,,,,,,,
62143632,LON,ok,16.296693460978712,0.8201299510632809,30.708242578360196,69.83448534866548,3.5877114601827422,7.810739639030299,"(1.0, 5.0)",2025-07-15T22:17:32.209999084+00:00,2.03,-79.70330653902128,0.06,91.0,0.1,-0.7637745374947855,0.20512820512820515,True,1.6723752917673003,,
62143637,LON,ok,14.627272957903335,0.8350452860903316,22.328617131133868,67.62149666395067,3.563567932357216,4.407002119197367,"(3.0, 15.0)",2025-07-15T22:19:23.359998703+00:00,0.33,-3.372727042096665,0.06,16.0,0.01,0.0,0.08030888030888031,True,1.6837058010091426,,
62143642,LON,ok,15.754085395814212,0.7145018665370597,40.69270006787367,69.9011337611766,3.58869172480696,3.5008390029246974,"(3.0, 5.0)",2025-07-15T22:19:20.199998856+00:00,0.26,7.7540853958142115,0.12,91.0,0.1,-0.8585786437626906,0.20512820512820515,True,3.3438369523493954,,
62143692,LON,ok,16.109632840670407,0.8779735089656924,34.66426714780313,72.95759830191398,3.5677885162490637,6.046060584018603,"(1.0, 8.0)",2025-07-15T22:52:56.180000305+00:00,0.91,-85.8903671593296,0.04,11.0,0.02,-0.1527459022389802,0.12571428571428572,True,1.1211426859474662,,
62143757,LON,fail_incidence,15.717038673977,0.5311659326727294,47.719693268415284,68.48513418101024,3.506213582932551,5.4539807330234,"(2.0, 8.0)",2025-07-15T23:44:39.079998016+00:00,0.06,,,,,,,,,,
62143797,LON,ok,16.11646078452866,0.8486101164262592,24.572636299567847,71.16262136034672,3.53338162773973,8.595621677199928,"(3.0, 5.0)",2025-07-16T00:30:14.819999695+00:00,0.34,18.11646078452866,0.04,91.0,0.1,-0.7642977396044842,0.17846153846153848,True,1.1320599984436897,,
62143822,LON,ok,18.721963173768213,0.921662930754572,27.123601131467158,73.59088323383331,3.779160753398303,5.139902782862481,"(1.0, 15.0)",2025-07-16T00:44:48.379997253+00:00,0.52,-3.278036826231787,0.1,13.0,0.05,0.0,0.15401069518716576,True,2.646090138136565,,
62143852,LON,fail_incidence,15.684657362102012,0.7579096937490971,47.041817875413976,73.28547836569695,3.574008247283414,6.707261138922547,"(1.0, 8.0)",2025-07-16T01:10:44.219997406+00:00,0.35,,,,,,,,,,
62143872,LON,fail_incidence,15.383581949290408,0.7840721730716356,57.30525607508621,67.38805810366354,3.6380211983215403,5.5491748546169655,"(5.0, 10.0)",2025-07-16T01:21:00.500000+00:00,0.05,,,,,,,,,,
62143897,LON,ok,18.491068718583172,0.8323758797307357,32.812440194962576,74.79625764367444,3.8132486163049686,5.049236885547761,"(3.0, 15.0)",2025-07-16T01:30:25.500000+00:00,0.24,4.491068718583172,0.08,19.0,0.03,1.0,0.07684587813620071,True,2.0979487059388187,,
62143902,LON,ok,16.051091185748373,0.9006889338913352,20.995011059909867,69.6935028240602,3.5967377740843127,7.750194108427133,"(3.0, 5.0)",2025-07-16T01:34:32.459999084+00:00,0.63,30.051091185748373,0.04,62.0,0.09,0.7485842555781164,0.1980952380952381,True,1.1121188841792484,,
62143927,LON,fail_incidence,16.82568575571929,0.8664919793627763,45.847268276435216,67.45356475178738,3.5814827557997027,5.096261277692073,"(1.0, 20.0)",2025-07-16T01:46:27.479999542+00:00,0.27,,,,,,,,,,
62143932,LON,ok,16.597801895894715,0.8859840833026513,22.71659406763942,72.7127477613253,3.5631415721286945,7.168824037325272,"(2.0, 8.0)",2025-07-16T01:47:28.889999390+00:00,0.41,-67.40219810410528,0.06,29.0,0.01,0.9371460638945291,0.1312,True,1.683907270744641,,
62143937,LON,ok,14.99525221490106,0.7916849173078546,22.998987749243277,73.80511180937289,3.680135407141697,9.460401339673254,"(10.0, 45.0)",2025-07-16T01:50:08.519999503+00:00,0.7,8.99525221490106,0.02,12.0,0.01,0.7171572875253809,0.07693379790940766,True,0.5434582640950617,,
62143942,LON,fail_no_result,15.983954892191754,0.798375366550917,44.56565513987499,71.56574737728123,3.6287679705052924,11.874511262259805,"(3.0, 5.0)",2025-07-16T01:52:54.579998016+00:00,1.03,,,,,,,,,,
62143947,LON,fail_incidence,17.06818102462608,0.8774582541131342,55.53463589763777,72.46564277738908,4.244875794711722,7.463446926590352,"(2.0, 8.0)",2025-07-16T01:54:36.329998016+00:00,0.51,,,,,,,,,,
62143952,LON,ok,18.955879726004817,0.8778809141308165,39.81302693328153,69.1283895457941,3.7032019184183973,6.639140102793986,"(1.0, 15.0)",2025-07-16T01:56:15.539999962+00:00,0.43,2.9558797260048166,0.06,7.0,0.01,0.0,0.07314285714285715,True,1.620219510623537,,
62143972,LON,fail_incidence,15.411117201574497,0.8237922402035427,55.214655509724,71.83773291153265,3.547692249010517,8.31364154733583,"(1.0, 5.0)",2025-07-16T02:18:49.099998474+00:00,0.24,,,,,,,,,,
62143982,LON,ok,15.163494405095976,0.8369961859055512,28.052611956977085,70.99383620585277,3.6180692834272237,6.48563100014297,"(5.0, 15.0)",2025-07-16T02:28:39.899997711+00:00,0.74,23.163494405095975,0.08,25.0,0.04,0.6131003256337745,0.08985221674876848,True,2.2111240480231995,,
62143987,LON,ok,15.156717474226728,0.8518396246758406,33.842510935973124,72.86245343325959,3.476395042276677,6.96662403090419,"(2.0, 8.0)",2025-07-16T02:33:38.709999084+00:00,0.33,17.156717474226728,0.06,55.0,0.09,-0.6385898673935424,0.1476923076923077,True,1.7259258303597809,,
62143992,LON,ok,15.546486498450445,0.8011879114040693,26.658281370611537,67.34513478334502,3.5799280678447483,5.887561632333966,"(5.0, 15.0)",2025-07-16T02:44:29.429998398+00:00,0.32,-32.45351350154955,0.02,21.0,0.01,0.9057190958417937,0.08827586206896551,True,0.5586704431198461,,
62144012,LON,fail_incidence,17.933290318632,0.8585079284825246,62.61713839675667,72.91816751711426,4.237056053745272,10.935099633359071,"(3.0, 30.0)",2025-07-16T02:53:13.009999275+00:00,0.32,,,,,,,,,,
62144062,LON,ok,18.78431244109953,0.8708403721985882,38.85971667587011,69.87426165794541,3.8785889873467574,6.349034429831889,"(1.0, 5.0)",2025-07-16T03:53:17.469999313+00:00,0.46,-67.21568755890047,0.14,55.0,0.04,0.0,0.1898901098901099,True,3.6095600863284663,,
62144067,LON,ok,15.461860213981492,0.8509088963501923,17.530577470353684,70.8371918517657,3.5295109472822292,10.446139916877224,"(1.0, 5.0)",2025-07-16T04:04:11.259999274+00:00,0.56,23.461860213981492,0.14,91.0,0.1,0.0,0.24068376068376068,True,3.966555199603557,,
62144087,LON,ok,15.959192079584945,0.8819762836223927,31.296000592062594,73.09130610324588,3.5707764148077787,8.10717012073799,"(3.0, 5.0)",2025-07-16T04:21:34.270000458+00:00,0.6,19.959192079584945,0.16,20.0,0.09,0.14014204087155002,0.21482517482517482,True,4.480818214674275,,
62144102,LON,fail_incidence,16.27865466636529,0.9887460742037959,46.946835801737855,67.91634475959931,3.5784990200551596,13.332220411646178,"(1.0, 5.0)",2025-07-16T04:59:32.299999237+00:00,0.85,,,,,,,,,,
62144107,LON,fail_incidence,16.349074908190445,0.8822269033491746,50.3989118300014,69.77085471494875,3.519893522409288,13.068068187180511,"(1.0, 5.0)",2025-07-16T05:00:47.809997559+00:00,1.17,,,,,,,,,,
62144112,LON,fail_incidence,14.890760188944942,0.8924133214512037,52.39935473243649,70.13810953622142,3.6942357728767514,4.105344550393558,"(1.0, 15.0)",2025-07-16T05:13:56.309997559+00:00,0.05,,,,,,,,,,
62144117,LON,fail_incidence,14.830612450816194,0.8382034063535774,55.95889368676276,70.11441494091305,3.6993997607520193,5.551072707364739,"(1.0, 5.0)",2025-07-16T05:17:06.569999695+00:00,0.25,,,,,,,,,,
62144122,LON,fail_incidence,15.21397072366674,0.8204249778985901,50.53657531267182,66.66036977876713,3.670000205438877,4.316982407129585,"(1.0, 20.0)",2025-07-16T06:35:31.659999847+00:00,0.53,,,,,,,,,,
62144127,LON,fail_incidence,14.635675371601609,0.8617552848155992,54.090965062429106,68.86166179091998,3.669370730422787,7.253551892606394,"(2.0, 8.0)",2025-07-16T06:37:55.959999084+00:00,0.47,,,,,,,,,,
62144132,LON,ok,15.706886060788941,0.8418027559496155,39.13287977924376,67.58789698019832,3.610175101791972,9.800082237996676,"(3.0, 15.0)",2025-07-16T06:51:55.090000153+00:00,0.7,-22.29311393921106,0.06,20.0,0.01,-0.6437506768470801,0.09481481481481481,True,1.661969248256628,,
62144152,LON,ok,18.866650829212595,0.8822504564917034,34.033178190182056,72.34469045002298,3.663228648963669,19.063054166428792,"(5.0, 15.0)",2025-07-16T07:39:48.340000153+00:00,0.56,0.8666508292125954,0.02,8.0,0.03,-0.8585786437626906,0.07923809523809525,True,0.5459664661024645,,
62144157,LON,fail_incidence,19.88442722265428,0.937545911776886,47.35327850850874,68.6997816522748,3.848874617634792,5.614328988922878,"(5.0, 15.0)",2025-07-16T07:40:17.440000296+00:00,0.62,,,,,,,,,,
62144177,LON,fail_incidence,16.23391330305494,0.8805081634826323,58.08951523706178,73.04637245898475,3.5698751450994117,9.04386506830672,"(1.0, 8.0)",2025-07-16T07:57:14.769999504+00:00,0.33,,,,,,,,,,
62144187,LON,fail_incidence,17.031381717712417,0.9569202200389607,47.87691735587512,66.72148725374316,3.558074415958568,9.190683059361998,"(1.0, 5.0)",2025-07-16T08:46:48.479999542+00:00,0.59,,,,,,,,,,
62144192,LON,ok,15.773281546967224,0.7789743557503087,35.31354834931505,72.69957334001658,3.4712104419084975,4.189135749869043,"(3.0, 30.0)",2025-07-16T09:18:36.869998932+00:00,0.23,-10.226718453032776,0.04,8.0,0.02,-0.6700168354462779,0.06545454545454546,True,1.1523357822698788,,
62144197,LON,fail_incidence,15.260325451193212,0.9225891155033649,57.884714054383544,71.70521161866232,3.5428640988407913,11.859616520390597,"(3.0, 5.0)",2025-07-16T10:37:09.829999924+00:00,0.22,,,,,,,,,,
62144212,LON,ok,17.698934155381597,0.7841086023674231,41.97725915555166,72.10993401806269,4.103825833857338,3.9052416562068566,"(10.0, 20.0)",2025-07-16T11:27:16.529998779+00:00,0.3,-0.30106584461840313,0.02,19.0,0.01,0.9057190958417937,0.08579459459459461,True,0.4873501169322592,,
62144217,LON,fail_incidence,17.41492153541664,0.8796786281955888,59.19979949852183,73.24210205328117,4.12754253089292,4.505324750100213,"(5.0, 10.0)",2025-07-16T11:32:30.969999313+00:00,0.4,,,,,,,,,,
62144222,LON,fail_incidence,17.923645174632135,0.9392438467096825,58.02383937955239,65.48977456862106,4.038913643667643,,None,2025-07-16T11:43:36.159999847+00:00,0.58,,,,,,,,,,
62144227,LON,fail_incidence,18.227174786875725,0.8653185975310411,61.583615079987645,70.8217372455556,4.095812255417356,4.33025801684302,"(5.0, 15.0)",2025-07-16T11:44:04.469999790+00:00,0.34,,,,,,,,,,
62144232,LON,fail_incidence,17.196145200396547,0.9045137692383038,53.752486261926855,73.82595617497113,4.176470333196984,,None,2025-07-16T11:44:14.359999657+00:00,-0.19,,,,,,,,,,
62144237,LON,ok,16.84452068363301,0.849797022203371,23.38436135595336,69.6686439443519,3.505917758565334,8.734392142350512,"(1.0, 15.0)",2025-07-16T11:48:54.189998627+00:00,0.53,-7.155479316366989,0.06,18.0,0.01,0.6857303194726456,0.0969142857142857,True,1.7113921127617313,,
62144247,LON,ok,16.893183598815632,0.8128332717586475,17.240610504106993,68.20253935067694,3.476807090370958,7.162992121694243,"(3.0, 15.0)",2025-07-16T11:58:18.930000305+00:00,0.55,-53.10681640118437,0.02,20.0,0.01,0.0,0.08680459770114943,True,0.5752404283628546,,
62144252,LON,fail_incidence,17.204794900861756,0.870241513575043,50.0488214016135,71.86937799999154,3.546484452505999,8.611906620555203,"(1.0, 5.0)",2025-07-16T12:02:33.259998322+00:00,0.32,,,,,,,,,,
62144257,LON,fail_incidence,17.897994286005463,0.8966492006765738,56.14198423454547,66.93311954856743,4.029944043831458,6.974452453284545,"(10.0, 20.0)",2025-07-16T12:23:36.659999847+00:00,1.64,,,,,,,,,,
62144262,LON,ok,18.01885129019799,0.8446914893015902,42.874617241605556,70.32896758159998,3.9991720797719927,4.5452001978520125,"(5.0, 10.0)",2025-07-16T12:31:56+00:00,0.37,-67.98114870980201,0.02,6.0,0.01,0.8742921277890582,0.11383399209486166,True,0.5001035114533074,,
62144267,LON,fail_incidence,17.70961215413109,0.8982605434489545,53.8145729179206,66.89048596247649,4.072233863551388,4.774032901189062,"(5.0, 15.0)",2025-07-16T12:32:10.130000114+00:00,0.68,,,,,,,,,,
62144272,LON,fail_incidence,19.749584079680048,0.8670502520961203,49.35533976793537,66.60317277294482,3.6166250553078467,21.55974870870471,"(5.0, 15.0)",2025-07-16T12:42:03.339999914+00:00,0.82,,,,,,,,,,
62144282,LON,fail_incidence,17.7927374312353,0.9221651834161099,53.63772607431798,68.24063324989687,4.057577944880001,7.85522813958385,"(10.0, 20.0)",2025-07-16T12:46:19.770000458+00:00,0.75,,,,,,,,,,
62144287,LON,fail_incidence,17.58889474753913,0.7471475089202825,45.58739714772419,72.70033589288792,4.047218271301632,5.347256044827979,"(2.0, 8.0)",2025-07-16T12:47:01.369999886+00:00,0.26,,,,,,,,,,
62144292,LON,fail_incidence,18.052971021646155,0.9425173305856545,56.70953065716365,72.62763767758618,4.034342232946458,6.108775217383057,"(5.0, 15.0)",2025-07-16T12:47:17.909999847+00:00,0.39,,,,,,,,,,
62144297,LON,fail_incidence,17.921818050599587,0.809058214543179,48.282003014543015,68.03849518596375,4.162436600709277,4.3223203860319055,"(10.0, 20.0)",2025-07-16T12:51:30.269998550+00:00,0.43,,,,,,,,,,
62144302,LON,fail_incidence,15.8048798125066,0.8794218521167533,48.81067078992753,69.33953873136659,3.591326278890208,9.935434140842474,"(1.0, 5.0)",2025-07-16T12:52:17.479999542+00:00,0.19,,,,,,,,,,
62144312,LON,ok,16.33202839545267,0.8302576571581294,40.53104928432506,66.79304476763497,3.634703874061748,4.92490083819418,"(1.0, 5.0)",2025-07-16T13:14:19.989999771+00:00,0.64,26.33202839545267,0.16,91.0,0.1,0.024448161864840223,0.19200000000000003,True,4.4020092294671995,,
62144322,LON,ok,18.388281418916428,0.8328938499140184,38.006460763336996,70.75421955440906,4.07872955793774,2.3374710893455997,"(1.0, 5.0)",2025-07-16T13:30:51.469997406+00:00,0.4,26.388281418916428,0.18,20.0,0.02,0.9057190958417937,0.20512820512820515,True,4.413138881681834,,
62144332,LON,ok,18.192839296016658,0.8409547958392756,35.79933415713095,73.33112673486531,4.03927587189487,4.5105096044313,"(5.0, 15.0)",2025-07-16T14:16:25.739999771+00:00,0.62,86.19283929601666,0.06,6.0,0.01,0.0,0.08397883597883599,True,1.485414760043446,,
62144337,LON,fail_incidence,16.62486837512899,0.9734204962541948,52.50838058011419,64.29815615451577,3.5451905499970273,12.643313937821215,"(3.0, 5.0)",2025-07-16T14:24:30.079999924+00:00,0.77,,,,,,,,,,
62144342,LON,fail_incidence,19.163935842569508,0.8958712797074475,52.14651098276589,66.62075715492178,3.704665369343604,8.670505106551383,"(10.0, 20.0)",2025-07-16T14:25:41.189998627+00:00,0.5,,,,,,,,,,
62144362,LON,ok,17.952262468310128,0.7869972705430822,42.04837753873463,66.92050860565611,4.0446813333980804,4.742391510773477,"(5.0, 10.0)",2025-07-16T14:39:13.109999657+00:00,0.99,-72.04773753168988,0.02,13.0,0.02,0.0110486911085943,0.1048829431438127,True,0.4944765323006866,,
62144372,LON,ok,16.29527025107037,0.8323966026188016,29.222706312802302,70.97848864556495,3.557391183023067,7.835900998090265,"(5.0, 10.0)",2025-07-16T14:49:18.939998627+00:00,0.33,-83.70472974892962,0.08,14.0,0.01,0.9371460638945291,0.10741258741258741,True,2.2488389913873936,,
62144377,LON,ok,16.48353998937376,0.8646765630261966,44.704497647782766,70.86034358931676,3.528537298513689,9.242368430592293,"(2.0, 8.0)",2025-07-16T14:55:02.140000105+00:00,0.47,-67.51646001062625,0.08,29.0,0.02,0.45497479954060616,0.17066666666666666,True,2.2672284074678215,,
62144397,LON,fail_incidence,16.276769272487105,0.7681325795796533,50.38562042326926,68.97286109468445,3.487823488863113,,None,2025-07-16T15:09:22.709999084+00:00,0.18,,,,,,,,,,
62144427,LON,fail_incidence,19.92409604070448,0.904845637565302,56.888573107681474,71.1890583228405,3.7200291662164386,5.3249324092778245,"(1.0, 15.0)",2025-07-16T15:49:15.599999428+00:00,0.95,,,,,,,,,,
62144452,LON,ok,18.926259033873986,0.8453996362772118,42.53423890777251,69.85145775510645,3.7398160529291915,15.351541744967589,"(5.0, 15.0)",2025-07-16T16:39:02.950000048+00:00,0.84,2.9262590338739862,0.06,5.0,0.01,0.9685730319472645,0.07212698412698412,True,1.6043569830929334,,
62144482,LON,fail_incidence,18.154369202753504,0.7780022156291282,51.375516225607214,73.28415449379506,4.1383515912488384,7.421701234472135,"(10.0, 20.0)",2025-07-16T17:33:09.989999771+00:00,0.64,,,,,,,,,,
62144497,LON,fail_no_result,15.93856475988657,0.8960596479274701,21.981514632416868,71.7418328043418,3.543974234612245,12.071995385145225,"(1.0, 15.0)",2025-07-16T17:44:58.809997559+00:00,0.71,,,,,,,,,,
62144512,LON,ok,18.80806333157504,0.8725972055062592,29.295614592069946,69.44171288502478,3.7197637237507997,7.740592060168047,"(5.0, 10.0)",2025-07-16T18:02:57.069999695+00:00,0.77,-83.19193666842496,0.02,3.0,0.01,0.0,0.11636363636363636,True,0.5376685586855804,,
62144522,LON,fail_incidence,20.567022639695523,0.8843658795034913,45.60404324130977,69.91646642780601,3.7840291775272967,5.441831022712937,"(1.0, 5.0)",2025-07-16T18:28:19.789999008+00:00,0.85,,,,,,,,,,
62144592,LON,ok,16.207548606960398,0.8348943902450643,40.49133819141967,65.20445789126795,3.5698437545855395,7.456913552028503,"(1.0, 20.0)",2025-07-16T20:05:11.429999352+00:00,0.72,-61.7924513930396,0.06,16.0,0.01,0.2594629909799274,0.0899878787878788,True,1.680745828803536,,
62144602,LON,fail_incidence,15.529387597734509,0.856935139865983,47.962003505338885,66.2413198392546,3.6446100008577775,4.679235996118166,"(1.0, 5.0)",2025-07-16T20:23:22.409999847+00:00,1.87,,,,,,,,,,
62144607,LON,ok,14.641245068305661,0.8997269489888723,30.902605631559673,70.90087985993031,3.7030060298992935,4.4522983509514376,"(3.0, 30.0)",2025-07-16T20:25:49.809997559+00:00,0.26,46.641245068305665,0.08,21.0,0.01,-0.8065501628168872,0.07111111111111111,True,2.1604069600225757,,
62144622,LON,ok,19.432655748638172,0.7552273083466993,30.82129480152045,68.80878807571158,3.844041925854285,3.9611609208904124,"(3.0, 5.0)",2025-07-16T21:53:47.409999847+00:00,0.84,-80.56734425136183,0.18,91.0,0.1,-0.0729044424443045,0.20512820512820515,True,4.682571196462627,,
62144627,LON,fail_incidence,15.461860213981492,0.9257863138711191,53.08342119147507,70.94826577251351,3.534504054564707,7.20650631474329,"(2.0, 8.0)",2025-07-16T22:28:30.969999313+00:00,0.65,,,,,,,,,,
62144662,LON,fail_incidence,13.21322732557298,0.8744323106651852,59.87314902470506,70.95851856510505,3.8974495805752127,7.439928183723735,"(5.0, 10.0)",2025-07-17T01:19:49.180000305+00:00,0.52,,,,,,,,,,
62144667,LON,ok,15.739466751126754,0.8331875195087252,24.575099099520127,71.09208858594421,3.555645342248153,6.840436219655533,"(5.0, 15.0)",2025-07-17T01:42:36.119998932+00:00,0.35,-22.260533248873244,0.06,13.0,0.01,1.0,0.0845021645021645,True,1.687457387470016,,
62144672,LON,fail_incidence,19.11335782160091,0.8009803994431353,48.238579009001846,74.22356911001813,4.7283033499693286,5.0611183636177515,"(10.0, 20.0)",2025-07-17T01:49:02.339999914+00:00,0.96,,,,,,,,,,
62144717,LON,ok,18.62864174575039,0.8042551347395068,13.5042977405623,78.81341115029532,3.8605311953140053,5.351819078446752,"(5.0, 15.0)",2025-07-17T03:38:54.199996948+00:00,0.54,20.62864174575039,0.06,9.0,0.01,0.9685730319472645,0.08178498985801216,True,1.55419026461512,,
62144732,LON,fail_incidence,18.698113329703247,0.8697889417494858,50.56641120535696,75.7984426848782,4.685257527629461,8.386734692764545,"(1.0, 15.0)",2025-07-17T04:34:12.250000+00:00,1.7,,,,,,,,,,
62144757,LON,fail_incidence,14.826588558553377,0.8283905500824605,50.796629892012476,74.39783762910497,3.6969067544060445,4.328615269731423,"(1.0, 5.0)",2025-07-17T05:30:18.119998932+00:00,0.25,,,,,,,,,,
62144767,LON,ok,19.041852098255763,0.8887636087778453,43.62905052403774,70.13480167495301,3.9438456991543855,10.521740067573466,"(5.0, 15.0)",2025-07-17T05:52:07.619999886+00:00,1.15,-6.958147901744237,0.06,5.0,0.01,1.0,0.09249032258064517,True,1.5213576944165137,,
62144772,LON,fail_no_result,17.995482402476295,0.8481232063534596,35.641390271408746,71.36216043316966,3.9976198989702576,2.195037495333348,"(5.0, 10.0)",2025-07-17T06:28:48.989998102+00:00,0.27,,,,,,,,,,
62144777,LON,fail_snr,15.746867970979368,0.9518549807379754,34.79144053368438,74.84145104459503,3.6339009718067565,,None,2025-07-17T06:39:19.579999924+00:00,0.94,,,,,,,,,,
62144787,LON,ok,17.039602989676446,0.9206592898234125,13.34893387578924,70.55675041660014,3.5193528026168353,5.471821519752404,"(2.0, 8.0)",2025-07-17T07:51:42.259998322+00:00,0.33,-74.96039701032356,0.08,91.0,0.1,0.0,0.14476190476190476,True,2.273145219783465,,
62144817,LON,ok,18.07531787960708,0.8118057537792637,17.005610801108585,71.37851347175418,3.722257306401046,5.885203143331286,"(5.0, 15.0)",2025-07-17T10:23:20.520000458+00:00,0.19,36.075317879607084,0.08,11.0,0.01,0.5055243455542971,0.09052109181141439,True,2.149233473527652,,
62144822,LON,fail_incidence,19.667609353029672,0.8755576796757015,51.286592799832086,68.6629075049703,3.681146088944664,7.938693180787273,"(1.0, 15.0)",2025-07-17T10:27:52.509998321+00:00,0.53,,,,,,,,,,
62144832,LON,fail_no_result,16.811199707521265,0.8430527679304464,44.12106807254377,64.43783269257501,3.5508872367802646,17.812578039326155,"(1.0, 5.0)",2025-07-17T10:47:43.739998102+00:00,1.1,,,,,,,,,,
62144842,LON,fail_incidence,19.670217400055655,0.8268746398928062,48.81040455129154,66.87056295485652,3.6756860440945287,16.843346150144782,"(10.0, 20.0)",2025-07-17T12:26:32.829998016+00:00,0.9,,,,,,,,,,
62144852,LON,fail_incidence,19.964559363245364,0.7221337498508096,81.18214031606863,69.2686286039927,3.7774023385005777,,None,2025-07-17T13:12:39.319999695+00:00,0.4,,,,,,,,,,
62144857,LON,ok,15.20425827697012,0.8241902530177455,34.30644524733707,72.87290170076905,3.7452467177144895,6.155021078405872,"(3.0, 15.0)",2025-07-17T13:13:28.949998856+00:00,0.03,17.20425827697012,0.06,10.0,0.01,0.9685730319472645,0.08923076923076924,True,1.6020306410311622,,
62144942,LON,ok,19.542941718337033,0.8435222453396829,43.10738932030718,72.51644676270611,3.789338103363856,9.375769282496249,"(1.0, 20.0)",2025-07-17T17:02:42.770000458+00:00,0.65,11.542941718337033,0.06,11.0,0.01,0.8428651597363228,0.07160839160839161,True,1.5833899843019295,,
62144957,LON,ok,16.84452068363301,0.953705240958479,35.314509938550486,69.66181784828633,3.5048149517038265,4.528956448269016,"(1.0, 8.0)",2025-07-17T17:32:49.919998169+00:00,0.85,24.84452068363301,0.04,7.0,0.01,-0.5443089632353362,0.1266236559139785,True,1.141287073674302,,
62144962,LON,fail_incidence,15.008428788778861,0.8225286201363425,49.9335398281077,68.39191197922415,3.659341978094985,4.440832889763637,"(5.0, 10.0)",2025-07-17T17:35:56.729999542+00:00,0.29,,,,,,,,,,
62145102,LON,fail_incidence,16.454086734722935,0.8046547121662779,47.550079824122754,70.80018364468238,3.6185166405776417,16.675186483665914,"(5.0, 10.0)",2025-07-17T21:11:40.189998627+00:00,0.42,,,,,,,,,,
62145137,LON,ok,16.043679103510556,0.9340950434005563,29.74518454268594,70.34529754612304,3.527639002494399,11.476010713645401,"(5.0, 10.0)",2025-07-17T22:20:33.250000+00:00,0.74,-29.956320896489444,0.02,57.0,0.09,0.1501634144012025,0.11383399209486166,True,0.5669514365233509,,
62145192,LON,fail_incidence,15.874893990996426,0.8796802190758204,58.055085040611786,64.52826987291036,3.4658682539767414,12.68867154586947,"(5.0, 10.0)",2025-07-18T00:53:24.989999771+00:00,0.43,,,,,,,,,,
62145207,LON,fail_no_result,15.157340764477373,0.8082976813439356,38.766388675753035,66.91691751210072,3.74716549698967,4.119514354132423,"(10.0, 20.0)",2025-07-18T01:18:07.039999962+00:00,0.09,,,,,,,,,,
62145212,LON,ok,19.04577855643131,0.7953605428521285,37.29134356702957,73.6363010947584,3.6799612193927924,8.709551478691793,"(3.0, 15.0)",2025-07-18T01:32:01.099999905+00:00,0.51,15.045778556431308,0.02,7.0,0.03,0.11375392877292145,0.0776470588235294,True,0.5434839882171387,,
62145242,LON,fail_incidence,14.667668958481189,0.882052807414834,54.41433944958505,73.75101746948302,3.6775039227721007,6.5184141433566065,"(10.0, 20.0)",2025-07-18T05:02:45.059997559+00:00,0.53,,,,,,,,,,
62145252,LON,fail_incidence,17.909633122413297,0.8596354642394093,48.00981641517533,73.0062508904933,3.6633920120298584,5.407225074538347,"(1.0, 20.0)",2025-07-18T06:02:36.139999390+00:00,0.59,,,,,,,,,,
62145257,LON,ok,16.073611037940246,0.8443417860471928,41.13285389616456,73.02764900171137,3.5687997420262443,3.9885806675467848,"(3.0, 15.0)",2025-07-18T06:36:18.149999619+00:00,0.26,-33.926388962059754,0.06,14.0,0.01,0.9685730319472645,0.09312169312169312,True,1.6812375122492589,,
62145267,LON,ok,19.015787177412633,0.9039460344995522,23.132823415893434,74.45762580938985,3.7125463475527174,12.759063965462929,"(5.0, 15.0)",2025-07-18T07:13:58.629997253+00:00,0.29,9.015787177412633,0.06,7.0,0.03,0.0,0.0745945945945946,True,1.6161414399459697,,
62145292,LON,fail_incidence,17.108442494397305,0.8559047511836467,48.13224154736363,71.28408984429802,3.5340495731616426,9.849643614167576,"(1.0, 5.0)",2025-07-18T09:10:53.759998322+00:00,0.58,,,,,,,,,,
62145312,LON,ok,16.83177237663394,0.8054371291551852,23.36332114440555,72.07726395919559,4.643716023375967,8.407565545477027,"(1.0, 5.0)",2025-07-18T09:55:43.719997406+00:00,0.77,6.831772376633939,0.1,91.0,0.1,-0.4814550271298651,0.19692307692307692,True,2.1534477882930556,,
62145317,LON,ok,18.839270449880768,0.7931348810908634,27.97951351456366,70.2304449585069,3.7847085104767655,3.6790970345453644,"(2.0, 8.0)",2025-07-18T10:27:16.219999313+00:00,-0.38,-19.160729550119232,0.12,91.0,0.1,-0.6071628993408069,0.18196078431372548,True,3.170653688859209,,
62145322,LON,fail_incidence,17.278029083335277,0.8828455567207142,48.48563411227595,69.40174855909751,3.4943152667141084,11.997526350267027,"(1.0, 5.0)",2025-07-18T11:27:38.939998627+00:00,1.28,,,,,,,,,,
62145327,LON,ok,16.963374131527942,0.9445666704830078,29.78780651216822,69.0617413223421,3.4899204953177234,14.886897247993733,"(1.0, 5.0)",2025-07-18T11:36:36.149997711+00:00,1.0,22.963374131527942,0.16,14.0,0.03,0.7036682602217575,0.21482517482517482,True,4.584631661800466,,
62145372,LON,fail_incidence,15.782304456679217,0.8789293991163564,53.356648991888875,68.12851587814096,3.662407101980554,7.93715944655131,"(10.0, 20.0)",2025-07-18T14:04:55.949996948+00:00,0.42,,,,,,,,,,
62145382,LON,fail_incidence,20.017159780824635,0.9275144429279338,53.795448070336725,70.29898245394125,3.708053763925864,8.59159023757071,"(10.0, 20.0)",2025-07-18T14:08:00.920000076+00:00,0.53,,,,,,,,,,
62145427,LON,fail_snr,18.691091543044596,0.8596156806904895,25.21734125601561,71.492099090634,3.734340248991462,,None,2025-07-18T14:42:21.770000458+00:00,0.17,,,,,,,,,,
62145442,LON,ok,17.689264321761154,0.8853771657961187,20.537454753037792,70.3442064527545,3.7033707425247533,13.925625236016032,"(5.0, 15.0)",2025-07-18T15:03:08.449999809+00:00,1.03,33.68926432176116,0.06,91.0,0.1,0.0,0.09494505494505495,True,1.6201456503135658,,
62145472,LON,fail_incidence,15.830891355108848,0.8682811616567503,50.895715253840415,69.3609283342469,3.4319111941403824,5.83015255165207,"(1.0, 20.0)",2025-07-18T16:07:43.059997559+00:00,0.35,,,,,,,,,,
62145507,LON,ok,16.060125833313116,0.8347108886970224,44.81584984392255,68.94081325190912,3.498659216250016,9.728235972159034,"(1.0, 15.0)",2025-07-18T17:22:19.869998932+00:00,0.68,-49.939874166686884,0.06,22.0,0.04,0.24952689818807638,0.1013664596273292,True,1.7149426763636062,,
62145512,LON,fail_incidence,16.761494941672098,0.8862173137536222,56.33808562059131,70.572634283856,3.519542248490766,22.67408622136705,"(1.0, 5.0)",2025-07-18T17:23:08.630000114+00:00,0.54,,,,,,,,,,
62145667,LON,ok,18.207595811357358,0.8880905373002713,12.48567967763637,77.7924713897227,3.834550558604596,5.833662407220956,"(5.0, 10.0)",2025-07-18T20:25:12.559999704+00:00,0.63,0.20759581135735772,0.08,34.0,0.04,-0.8585786437626906,0.1351111111111111,True,2.0862940461296784,,
62145712,LON,ok,16.28849032489174,0.8259679615400273,16.794751923878007,64.69155245482422,3.6146594649481765,6.464874723386746,"(1.0, 5.0)",2025-07-18T21:12:14.779999495+00:00,0.73,10.28849032489174,0.08,91.0,0.1,0.0,0.17846153846153848,True,2.213209868751688,,
62145832,LON,ok,15.04742701965678,0.7916558408616962,36.00441247996016,70.19101673061466,3.6787174357050794,5.235169878019052,"(1.0, 15.0)",2025-07-18T22:30:26.359998703+00:00,0.07,29.04742701965678,0.06,25.0,0.03,0.7800112236308518,0.08827586206896551,True,1.6310032245925987,,
62145982,LON,ok,15.665661663713097,0.7170931349325033,38.9251427160007,74.30521132145343,3.429796090237847,6.03183886216167,"(1.0, 20.0)",2025-07-18T23:43:11.590000153+00:00,0.6,11.665661663713097,0.06,12.0,0.01,1.0,0.06603174603174602,True,1.7493751354716587,,
62146017,LON,ok,18.70563803063893,0.8735122327880992,44.65611598674687,76.50914590117718,4.198265803288176,3.7721016671628598,"(1.0, 5.0)",2025-07-19T00:05:19.920000076+00:00,0.41,-11.29436196936107,0.1,21.0,0.01,0.9371460638945291,0.1898901098901099,True,2.3819358917598255,,
62146137,LON,fail_incidence,15.250399937787686,0.8379249638399153,49.99271906950264,68.37681244381027,3.660970904270825,6.1184237726123145,"(1.0, 20.0)",2025-07-19T02:30:08.199999809+00:00,0.43,,,,,,,,,,
62146142,LON,fail_no_result,15.84995817769888,0.7968068703840984,34.46170372150027,71.94593068698066,3.5476054477358008,9.518292112202062,"(10.0, 20.0)",2025-07-19T02:49:17.770000458+00:00,0.21,,,,,,,,,,
62146182,LON,fail_incidence,15.485902792288062,0.8726801539102982,51.02335965128612,72.87145071130443,3.570564903718318,6.537678559806544,"(2.0, 8.0)",2025-07-19T03:34:51.189998627+00:00,0.22,,,,,,,,,,
62146202,LON,fail_incidence,19.12242496233231,0.8547914045732525,47.57819206639618,68.2872839237378,3.8739543509989924,6.61345381273433,"(1.0, 5.0)",2025-07-19T04:30:02.640000105+00:00,0.86,,,,,,,,,,
62146207,LON,ok,18.11863324471649,0.8438207433858204,27.675012966441624,73.88155394240965,3.70983593558316,10.75115771710755,"(10.0, 20.0)",2025-07-19T04:43:37.270000458+00:00,0.45,4.1186332447164915,0.02,47.0,0.07,0.0,0.072241653418124,True,0.5391073984746483,,
62146282,LON,ok,17.07152549011898,0.7796510643176553,36.19484504663274,70.49869392962698,4.320569418304459,13.254983333767804,"(3.0, 15.0)",2025-07-19T08:48:14.960000038+00:00,0.47,5.0715254901189795,0.06,9.0,0.01,0.9685730319472645,0.07969348659003832,True,1.38870584385949,,
62146307,LON,ok,18.630457170903835,0.8879704248384124,24.0840393344602,68.82973449668043,3.738809596503584,13.202529694280479,"(5.0, 15.0)",2025-07-19T09:59:20.069999695+00:00,0.54,10.630457170903835,0.06,3.0,0.01,1.0,0.09859943977591035,True,1.6047888626398652,,
62146497,LON,ok,16.321707735093522,0.875663639382615,36.617183087659136,73.78857301474707,3.4960108980829334,21.19042902373155,"(1.0, 5.0)",2025-07-19T17:25:21.119998932+00:00,1.54,8.321707735093522,0.08,91.0,0.1,0.0,0.1980952380952381,True,2.2883223860620303,,
62146507,LON,ok,15.938847716546473,0.8933024690856785,42.02812026958614,73.25438405614835,3.481455831064474,14.066286894162491,"(1.0, 5.0)",2025-07-19T17:26:29.219999313+00:00,1.48,-82.06115228345352,0.06,91.0,0.1,0.0,0.1980952380952381,True,1.7234169528916492,,
62146512,LON,fail_no_result,15.625032055225237,0.7542947563036726,28.98895600607885,72.14372617017531,3.5768361583068766,14.58966226454039,"(5.0, 15.0)",2025-07-19T17:30:47.789997101+00:00,0.94,,,,,,,,,,
62146572,LON,fail_incidence,19.95149470109235,0.8707580525932068,50.98690639758621,71.46347295996354,3.7247573498860898,7.469447271467272,"(1.0, 5.0)",2025-07-19T18:25:01.109999895+00:00,1.93,,,,,,,,,,
62146737,LON,ok,15.512984789201383,0.8671233154962952,43.38093692128839,72.16414318919635,3.7296570285262143,6.887319134669588,"(3.0, 30.0)",2025-07-19T19:46:28.289999008+00:00,0.96,13.512984789201383,0.06,11.0,0.01,1.0,0.08109161793372319,True,1.6087270100465294,,
62146942,LON,fail_incidence,15.93327026747473,0.8661928772599838,57.97512728552743,66.49172701577442,3.5640262623193255,5.594835548550397,"(1.0, 15.0)",2025-07-19T22:21:28.680000305+00:00,0.48,,,,,,,,,,
62147082,LON,fail_incidence,19.687772646644667,0.9053039382889987,48.37482203684827,72.18545560940794,3.742712876945527,5.885296825961625,"(1.0, 15.0)",2025-07-20T00:51:07.799999714+00:00,0.67,,,,,,,,,,
62147212,LON,fail_incidence,20.38138326130206,0.7675429825968589,59.193180384198214,67.35772508641287,4.106068530771929,4.55795884998776,"(1.0, 15.0)",2025-07-20T04:42:52.379997253+00:00,0.32,,,,,,,,,,
62147292,LON,fail_no_result,19.75176340087446,0.8594942988010698,30.249632644735,70.38232336298871,3.714212047590784,6.858326372723904,"(5.0, 15.0)",2025-07-20T10:19:46.819999695+00:00,0.39,,,,,,,,,,
62147297,LON,ok,16.25473327375815,0.7772142806610026,36.93187891539491,68.09382146861324,3.654461790333987,9.66530833470803,"(3.0, 5.0)",2025-07-20T11:56:12.729999542+00:00,1.07,14.254733273758148,0.12,91.0,0.1,0.0,0.19692307692307692,True,3.283657262949054,,
62147312,LON,fail_incidence,20.288370746444354,0.8398936656218134,51.82462560419571,72.20582587593557,3.920733966370161,13.160041050382457,"(5.0, 10.0)",2025-07-20T12:39:17.739999771+00:00,0.41,,,,,,,,,,
62147327,LON,ok,15.897005941696435,0.7945767259688375,40.11010276912481,67.30154466682897,3.551318243626172,6.910919958878449,"(5.0, 15.0)",2025-07-20T13:26:16.969999313+00:00,-0.05,9.897005941696435,0.02,12.0,0.01,0.9685730319472645,0.0946236559139785,True,0.5631711558347541,,
62147342,LON,ok,18.81010790741588,0.8958087839597267,29.32263713906049,68.87749488451355,3.7785053411353964,7.51356676652813,"(3.0, 5.0)",2025-07-20T14:15:24.519998549+00:00,0.17,14.81010790741588,0.12,91.0,0.1,-0.9842865159736324,0.1898901098901099,True,3.1758589486058897,,
62147352,LON,fail_no_result,19.58082346832205,0.8026060545926005,29.620849508992194,66.1274481433045,3.807300422188765,4.49001541653825,"(1.0, 5.0)",2025-07-20T14:30:16.709999084+00:00,0.45,,,,,,,,,,
62147372,LON,ok,16.201832283533246,0.8092157400458776,41.806129758184106,65.46139948340803,3.6176983010422736,3.50163771294136,"(1.0, 8.0)",2025-07-20T15:12:17.809999704+00:00,0.86,-83.79816771646675,0.12,14.0,0.01,-0.42457744994559765,0.24533333333333332,True,3.317026186662041,,
62147397,LON,fail_no_result,18.98588644139278,0.8656025683181092,25.01103660948051,67.90413644042748,3.6649740744666586,9.189785988761807,"(1.0, 8.0)",2025-07-20T16:28:51.259998322+00:00,0.3,,,,,,,,,,
62147462,LON,fail_incidence,19.810547797522293,0.9043262991665247,61.68874789066252,71.41681579478733,3.8101599833610034,5.508171289879097,"(3.0, 15.0)",2025-07-20T19:24:04.609999895+00:00,0.24,,,,,,,,,,
62147502,LON,fail_incidence,15.423319091985485,0.8273655263789446,48.73557761663369,66.03060220221118,3.5375065937632697,5.348007882871022,"(1.0, 5.0)",2025-07-20T20:51:35.259998322+00:00,0.23,,,,,,,,,,
62147532,LON,ok,16.108769788457682,0.8568162011572146,22.58498164577144,68.01898281177381,3.6665412501906407,8.03003754756669,"(1.0, 20.0)",2025-07-20T21:54:03.449999809+00:00,0.93,14.108769788457682,0.06,10.0,0.01,0.9685730319472645,0.08687782805429864,True,1.6364196092674619,,
62147567,LON,fail_incidence,16.134207894242703,0.8214947240188836,46.96770331041056,68.26725983478389,3.651991670236484,4.57142359798747,"(1.0, 5.0)",2025-07-20T23:04:37.619998932+00:00,0.89,,,,,,,,,,
62147572,LON,fail_no_result,16.29801809768176,0.914498163459253,30.753326677465083,63.08787002406207,3.6890649570138554,5.346294523164139,"(1.0, 5.0)",2025-07-21T00:19:00.460000038+00:00,0.3,,,,,,,,,,
62147602,LON,fail_incidence,18.492401636550106,0.8995248264192374,52.14660827436669,68.83022355510417,3.7696932576202107,3.9809047220573284,"(2.0, 8.0)",2025-07-21T03:02:54.069999695+00:00,0.06,,,,,,,,,,
62147617,LON,ok,15.024913719558432,0.7796855789432329,42.82870664652327,67.74447018231047,3.5652828577054287,3.0619158033900744,"(3.0, 15.0)",2025-07-21T04:59:58.759998322+00:00,-0.12,9.024913719558432,0.06,12.0,0.01,0.9057190958417937,0.0793984962406015,True,1.6828959270461712,,
62147662,LON,fail_no_result,17.443022657117353,0.8628822644511992,17.787350090891078,62.394397797247116,3.865933598177178,5.948680697844409,"(1.0, 8.0)",2025-07-21T08:14:42.649997711+00:00,0.25,,,,,,,,,,
62147672,LON,fail_no_result,17.592926087441327,0.942395711704513,18.974369992048906,66.2741402380327,3.98044879517315,4.191806164464563,"(1.0, 15.0)",2025-07-21T08:15:46.479999542+00:00,0.01,,,,,,,,,,
62147707,LON,ok,15.736600413937467,0.8725788211669575,15.30583107003909,75.84311101807168,4.548756829633986,4.473335729471189,"(1.0, 20.0)",2025-07-21T10:56:43.669998169+00:00,2.19,13.736600413937467,0.02,5.0,0.01,0.9685730319472645,0.08266666666666665,True,0.4396805709574343,,
62147712,LON,ok,15.661063143467668,0.8419008927160548,17.485679503186688,71.66320168193998,4.508424445332516,3.379633555943923,"(1.0, 20.0)",2025-07-21T11:00:39.379997253+00:00,1.16,-14.338936856532332,0.08,61.0,0.09,0.6340916933316643,0.07548717948717948,True,1.7744558208760146,,
62147717,LON,ok,16.841535042510362,0.849887409163852,30.37698249048221,72.6378518714465,4.296487201823217,11.043027768049575,"(5.0, 15.0)",2025-07-21T11:03:57.409999847+00:00,1.17,2.841535042510362,0.02,53.0,0.03,0.0,0.08777142857142857,True,0.46549655708302795,,
62147742,LON,ok,19.181525571660433,0.9415291242604881,44.079517878196306,64.2292481435552,3.813964320737971,6.156130857250108,"(10.0, 20.0)",2025-07-21T12:19:18.579999924+00:00,0.37,41.18152557166043,0.06,54.0,0.09,0.9685730319472645,0.07434343434343434,True,1.5731662636107326,,
62147772,LON,fail_incidence,15.444211618208552,0.8799098785862574,56.63210989813578,67.19525653608574,3.6440506348430364,6.286478740381254,"(5.0, 15.0)",2025-07-21T13:05:08.769999504+00:00,0.1,,,,,,,,,,
62147812,LON,ok,19.425828160355785,0.8370059547632319,29.01940705004387,71.47779908458797,3.7390205328991977,4.122232143291378,"(1.0, 20.0)",2025-07-21T14:19:43.540000916+00:00,0.25,-8.574171839644215,0.08,14.0,0.01,0.9371460638945291,0.07969348659003832,True,2.1395977715578054,,
62147842,LON,ok,22.899757293246058,0.7268858521796235,22.751738890567704,76.88008682366087,3.818158644186374,3.8708781965381815,"(1.0, 5.0)",2025-07-21T15:21:18.090000153+00:00,0.3,-47.100242706753946,0.08,23.0,0.03,0.22531368355386006,0.19692307692307692,True,2.0952508121109648,,
62147902,LON,ok,16.427764079080127,0.75682167674857,25.00196499623244,70.43937766658361,3.5992832043191765,4.532709088082458,"(2.0, 8.0)",2025-07-21T16:40:31.779998779+00:00,0.19,0.42776407908012715,0.06,12.0,0.01,0.9371460638945291,0.09373737373737373,True,1.666998582606653,,
62148877,LON,ok,18.278311131934696,0.8702857959211426,27.205756569345606,71.01236409889178,3.752580353987128,10.695653163916136,"(5.0, 15.0)",2025-07-23T05:59:49.099998474+00:00,0.17,12.278311131934696,0.06,5.0,0.01,0.9685730319472645,0.09696969696969697,True,1.5988998060028168,,
62148967,LON,ok,18.30884840870604,0.8101052122074203,22.33113136979488,71.04943276645872,3.7199696790375802,5.580299878189123,"(5.0, 15.0)",2025-07-23T12:22:31.420000076+00:00,0.62,-83.69115159129396,0.16,8.0,0.01,0.0,0.07657142857142857,True,4.301110326291551,,
62149007,LON,fail_rectilinearity,16.691414504697693,0.49334525630114723,55.638828115569595,69.52109943191826,3.422073474862597,6.864709934043663,"(3.0, 15.0)",2025-07-23T13:51:44.899997711+00:00,0.23,,,,,,,,,,
62149187,LON,ok,15.96307627761787,0.7862654186869097,31.85061015024973,68.7334757982047,3.656613559488611,6.055492351839209,"(5.0, 15.0)",2025-07-23T17:13:08.229999542+00:00,0.1,33.96307627761787,0.06,19.0,0.01,0.46574154310349747,0.08827586206896551,True,1.6408624817436597,,
62149242,LON,ok,15.932862616163662,0.8480893150259333,38.55346843517178,70.57747379877125,3.6898203942178536,4.375879322046536,"(10.0, 20.0)",2025-07-23T18:45:53.389999390+00:00,0.16,17.93286261616366,0.04,22.0,0.01,1.0,0.07000739098300074,True,1.0840636054449193,,
62149247,LON,fail_incidence,15.937962552219846,0.8071246260358571,49.58267275600332,68.93213943348978,3.671251811920346,6.738636261365473,"(10.0, 20.0)",2025-07-23T18:46:37.290000916+00:00,0.39,,,,,,,,,,
62149312,LON,ok,17.36649780936718,0.643604961378158,32.17159304172828,72.49538771282384,3.657846849442771,7.190538199408405,"(3.0, 5.0)",2025-07-23T19:41:41.950000763+00:00,0.25,7.3664978093671785,0.12,46.0,0.07,0.8664353857758743,0.22646153846153846,True,3.2806184878484057,,
62149552,LON,ok,19.5450410923478,0.7103221539923565,27.662277289063734,68.90070553749932,3.862193325529601,4.247182305101491,"(10.0, 20.0)",2025-07-24T03:39:23.309999704+00:00,0.17,17.5450410923478,0.02,71.0,0.08,0.0,0.0787878787878788,True,0.5178404682074663,,
62149557,LON,ok,18.391359201634067,0.7805749906492725,29.2875850008069,74.57120030090182,3.711714640187113,7.10635255566836,"(1.0, 15.0)",2025-07-24T03:52:39.309997559+00:00,0.22,4.391359201634067,0.06,6.0,0.01,0.0,0.15293506493506495,True,1.6165035789759772,,
62149562,LON,ok,18.896730696421063,0.8489894429597107,44.914304108675296,65.48950913342415,3.7847868690795394,6.689643378853334,"(10.0, 20.0)",2025-07-24T04:05:19.649999619+00:00,0.11,6.896730696421063,0.06,14.0,0.01,1.0,0.07320261437908496,True,1.5852940225030956,,
62149602,LON,ok,18.041545765651442,0.8129526708673993,29.370064012514558,70.35488556182665,3.7400889402303417,7.47446014293916,"(1.0, 20.0)",2025-07-24T07:18:25.019998550+00:00,0.06,4.041545765651442,0.06,4.0,0.01,-0.9214325798681613,0.10018893387314438,True,1.6042399247410615,,
62149637,LON,ok,16.420823979770756,0.7933978436782261,40.4036277908724,70.5436173233833,3.519031405980831,9.731565110830765,"(1.0, 5.0)",2025-07-24T11:37:08.489999771+00:00,0.58,-83.57917602022924,0.18,25.0,0.09,0.0,0.20779220779220778,True,5.11504386389044,,
62149642,LON,ok,19.19208063059118,0.9109202495817273,37.78591367520646,69.71206758611346,3.6997839032074533,7.5233045722547365,"(3.0, 30.0)",2025-07-24T12:14:54.639999390+00:00,0.32,-0.8079193694088183,0.06,7.0,0.01,0.9685730319472645,0.0693919413919414,True,1.6217163372159167,,
62149652,LON,fail_incidence,20.7298494381284,0.8378757820818112,61.06921313223994,70.7053794692606,3.977565577263316,2.1318353730914357,"(1.0, 15.0)",2025-07-24T12:42:04.029999495+00:00,0.26,,,,,,,,,,
62149777,LON,fail_incidence,17.692834462766818,0.8933311546361996,52.792813433259184,71.41921575127712,4.399209562108677,4.853289919032536,"(1.0, 5.0)",2025-07-24T16:47:44.469997406+00:00,0.49,,,,,,,,,,
62149787,LON,fail_incidence,17.319513895957545,0.8835523972958415,51.040371286808416,69.4000386037224,4.439204059779469,5.394554649071886,"(10.0, 20.0)",2025-07-24T16:51:07.769999981+00:00,0.82,,,,,,,,,,
62149797,LON,fail_incidence,16.80057656419367,0.8922189603156858,50.25473354711191,72.61791187287518,4.492142912959965,6.822582084360565,"(10.0, 20.0)",2025-07-24T16:58:16.199998856+00:00,0.69,,,,,,,,,,
62150182,LON,fail_incidence,14.469025008001617,0.7989469206415896,50.40717658087973,69.45312557658862,3.6630483024239853,6.895915858145896,"(2.0, 8.0)",2025-07-25T00:53:39.689998627+00:00,0.15,,,,,,,,,,
62150237,LON,ok,16.821694736258898,0.8321199106545851,35.524265212486426,67.33259657790646,3.6937232869197514,7.0400110637023605,"(1.0, 15.0)",2025-07-25T02:26:48.289997101+00:00,0.58,8.821694736258898,0.16,11.0,0.06,0.0,0.1965714285714286,True,4.331672612471907,,
62150322,LON,ok,16.664245741563573,0.7962860614464444,25.734537860431598,71.14477664912565,3.7167386037784103,10.65466497054283,"(5.0, 15.0)",2025-07-25T06:21:26.789999008+00:00,0.51,-83.33575425843642,0.18,17.0,0.01,-0.7957247076572196,0.08178498985801216,True,4.842955590608747,,
62150382,LON,fail_incidence,16.92827213616731,0.8203269305477063,58.608427050708535,65.71894400550144,3.6458797892406474,5.328357595098676,"(3.0, 15.0)",2025-07-25T11:30:14.159999847+00:00,0.29,,,,,,,,,,
62150422,LON,fail_incidence,19.958578420144153,0.8397399220070537,51.326770855034596,70.05601211645046,3.6960917975122682,9.686570057316047,"(10.0, 20.0)",2025-07-25T14:43:22.549999237+00:00,0.8,,,,,,,,,,
62150467,LON,fail_exception,19.193074313806978,0.9621103089069631,28.648541164739324,68.57042199272013,3.687168842752366,7.972249638004479,"(1.0, 20.0)",2025-07-25T17:01:02.569999933+00:00,0.63,,,,,,,,,unsupported operand type(s) for /: 'NoneType' and 'float',"Traceback (most recent call last):
  File ""/Users/mhemmett/Seismology/mt-rainier/scripts/run_sws_generic.py"", line 203, in process_event
    splitting_obj.perform_sws_analysis(coord_system='LQT', sws_method='EV_and_XC',
    ~~~~~~~~~~~~~~~~~~~~~~~~~~~~~~~~~~^^^^^^^^^^^^^^^^^^^^^^^^^^^^^^^^^^^^^^^^^^^^
                                        cluster_eps=CLUSTER_EPS, cluster_min_samples=CLUSTER_MIN_SAMPLES)
                                        ^^^^^^^^^^^^^^^^^^^^^^^^^^^^^^^^^^^^^^^^^^^^^^^^^^^^^^^^^^^^^^^^^
  File ""/Users/mhemmett/Seismology/mt-rainier/swspy/splitting/split_windowcheck.py"", line 1695, in perform_sws_analysis
    Q_w = self._calc_Q_w(opt_phi, opt_lag, grid_search_results_all_win_XC, tr_T, method=""dbscan"")
  File ""/Users/mhemmett/Seismology/mt-rainier/swspy/splitting/split_windowcheck.py"", line 1385, in _calc_Q_w
    dt_diff = opt_lag_XC / opt_lag_EV
              ~~~~~~~~~~~^~~~~~~~~~~~
TypeError: unsupported operand type(s) for /: 'NoneType' and 'float'
"
62150587,LON,ok,17.274324431586404,0.7932269278422589,41.18440001224636,71.81498084805624,4.376417670534783,4.2985171642463325,"(2.0, 8.0)",2025-07-25T19:09:47.590000153+00:00,0.45,-10.725675568413596,0.12,28.0,0.01,-0.9528595479208969,0.13929411764705882,True,2.741968638138151,,
62150637,LON,ok,14.981985560800844,0.8521025161861385,19.26721070832699,73.03603857985077,3.6584438485735684,7.116279520865998,"(1.0, 5.0)",2025-07-25T20:40:20.109998703+00:00,1.49,8.981985560800844,0.12,51.0,0.08,0.0,0.1980952380952381,True,3.2800831437330418,,
62150647,LON,fail_no_result,16.16896621505142,0.7468502915742703,38.64419579008331,68.54219516767726,3.654142616002921,5.190455300409952,"(2.0, 8.0)",2025-07-25T20:47:58.520000458+00:00,0.57,,,,,,,,,,
62150652,LON,fail_no_result,17.283937542664194,0.7431700630688931,37.85948954412677,66.92617849250222,3.6348268088110465,6.561329573915337,"(2.0, 8.0)",2025-07-25T20:49:11.489999771+00:00,0.35,,,,,,,,,,
62150662,LON,ok,16.418499159651418,0.7803698865590392,42.2222152902151,65.38745562539108,3.637513093081283,7.0268945960743565,"(1.0, 5.0)",2025-07-25T20:49:25.029998779+00:00,0.36,4.418499159651418,0.12,91.0,0.1,-0.6496033993061894,0.21482517482517482,True,3.298957197659178,,
62150677,LON,ok,16.75446632858102,0.8179256036260395,43.417763023749046,67.29031808488448,3.649053229177003,5.707935868903785,"(1.0, 15.0)",2025-07-25T21:08:53.809997559+00:00,0.48,-21.24553367141898,0.06,53.0,0.07,0.6981538287287528,0.09098039215686274,True,1.6442621203838188,,
62150817,LON,fail_incidence,16.54975526986967,0.8055084524269173,48.12994852824474,71.12289441617033,3.6199588929467295,3.28689617489123,"(1.0, 5.0)",2025-07-25T23:10:35.180000305+00:00,0.09,,,,,,,,,,
62150852,LON,ok,18.868224239566757,0.7262271555699531,17.265737646030978,65.80342568752084,3.801263404531328,3.586514706079135,"(1.0, 15.0)",2025-07-25T23:49:40.059997559+00:00,0.29,-21.131775760433243,0.06,20.0,0.01,0.9685730319472645,0.07757575757575758,True,1.5784225825675877,,
62150912,LON,ok,19.647334180597586,0.8490692369495664,28.138242057909828,69.1265885065963,3.774510669813475,6.757022040768753,"(1.0, 5.0)",2025-07-26T00:56:43.059997559+00:00,0.82,-88.35266581940242,0.04,91.0,0.1,-0.16718534660251083,0.2016969696969697,True,1.0597400166304651,,
62151037,LON,fail_no_result,14.8021051117324,0.8200688986852611,43.78248822424059,67.62689313393668,3.7272494026040293,4.671791695148286,"(5.0, 15.0)",2025-07-26T03:16:40.680000305+00:00,-0.05,,,,,,,,,,
62151087,LON,ok,19.18433796934091,0.8321466009305019,37.09779565900068,69.80875350825315,3.7683968921760718,4.262448228664574,"(5.0, 15.0)",2025-07-26T04:42:39+00:00,0.35,25.18433796934091,0.08,15.0,0.01,0.9371460638945291,0.10615629984051037,True,2.122918638588617,,
62151122,LON,fail_incidence,17.075824581571123,0.8445236762217185,52.246713295718344,65.3444651934136,3.642833860011876,13.386786835635863,"(3.0, 15.0)",2025-07-26T06:28:39.239998102+00:00,0.67,,,,,,,,,,
62151172,LON,ok,18.896730696421063,0.814326236932048,31.86968102000642,67.91314880670683,3.7425995015304974,4.106209813176119,"(1.0, 8.0)",2025-07-26T09:15:57.129997253+00:00,0.4,88.89673069642106,0.06,91.0,0.1,-0.04341141110973856,0.20800000000000002,True,1.6031637896457693,,
62151812,LON,ok,18.838897182753236,0.8365056824921255,32.965502920772586,68.23137062414466,3.7760239637479116,9.220842034088681,"(10.0, 20.0)",2025-07-27T07:28:28.159999847+00:00,0.2,2.838897182753236,0.06,46.0,0.09,-0.8585786437626906,0.06568421052631579,True,1.5889729666981958,,
62151827,LON,fail_incidence,13.107064577708693,0.8273560502004911,48.59177845116131,67.96651755445173,4.061360668066432,7.33649622530859,"(10.0, 20.0)",2025-07-27T09:56:35.439998627+00:00,0.16,,,,,,,,,,
62151847,LON,ok,19.58250190245447,0.8652164551586397,41.03480117836367,64.82375680009538,3.6700488409146224,4.860370238861048,"(5.0, 15.0)",2025-07-27T10:40:42.719997406+00:00,0.02,-88.41749809754553,0.16,7.0,0.01,0.0,0.07657142857142857,True,4.359615006107821,,
62152002,LON,fail_no_result,18.867384205901793,0.8522235367967558,33.530321678809685,71.76276284748685,3.7371505142659824,6.174800139051891,"(1.0, 15.0)",2025-07-27T18:57:51.559997559+00:00,0.86,,,,,,,,,,
62152162,LON,ok,19.21993086024585,0.8887823721711581,40.13664536545051,71.38371314069084,3.7290003325320016,6.662212075462698,"(1.0, 20.0)",2025-07-27T21:48:01.869999886+00:00,0.35,-14.78006913975415,0.14,17.0,0.05,0.9371460638945291,0.14836363636363636,True,3.7543574018653847,,
62152177,LON,fail_no_result,18.574438882001814,0.8607595442867504,37.33619980723041,72.43412799797254,3.7614864950272358,6.921633988499232,"(1.0, 20.0)",2025-07-27T22:04:07.419999599+00:00,0.46,,,,,,,,,,
62152227,LON,missing_channel,,,,,,,,2025-07-27T22:50:14.899999619+00:00,0.7,,,,,,,,,,
62152232,LON,missing_channel,,,,,,,,2025-07-27T22:50:14.909999847+00:00,0.69,,,,,,,,,,
62152357,LON,ok,17.860061693763754,0.8247725570087867,32.57865620038211,69.7229067968809,3.7953298899764616,14.985654869743689,"(10.0, 20.0)",2025-07-28T02:16:12.579999924+00:00,1.21,5.860061693763754,0.06,7.0,0.01,0.9685730319472645,0.08792792792792793,True,1.5808902450999356,,
62152487,LON,fail_incidence,16.013777406106854,0.8420902641999022,53.259587256136754,67.59263607048226,3.83456108089737,,None,2025-07-28T10:24:37.090000153+00:00,0.12,,,,,,,,,,
62152502,LON,fail_incidence,14.873641907536124,0.8732726100671001,51.09640770303059,67.14944426026312,3.632592432720788,2.5597874139149237,"(1.0, 8.0)",2025-07-28T10:58:19.049999237+00:00,-0.04,,,,,,,,,,
62153112,LON,fail_incidence,14.856110597743376,0.8100188450592428,50.700011188665925,70.49910477064304,3.605464745019456,9.524185817605998,"(5.0, 15.0)",2025-07-29T12:57:24.369998932+00:00,0.95,,,,,,,,,,
62153657,LON,fail_snr,17.952262468310128,0.8229198122266368,43.46478166008433,67.72248840724293,4.005374700627484,,None,2025-07-30T12:14:21.799999237+00:00,0.18,,,,,,,,,,
62153737,LON,ok,19.78649587818448,0.8673222379256317,41.68830603028001,70.41786089030379,3.7869971153104522,3.5372676483036773,"(1.0, 8.0)",2025-07-30T14:38:14.259999274+00:00,0.72,-0.21350412181552159,0.08,10.0,0.01,-0.8271516757099551,0.0899047619047619,True,2.1124917068610367,,
62153847,LON,fail_incidence,15.873217849328098,0.7844711318737043,51.11286365983619,64.71049990507055,3.699885666969442,4.958828767225664,"(5.0, 10.0)",2025-07-30T16:24:25.209999084+00:00,0.22,,,,,,,,,,
62154297,LON,fail_incidence,20.07142631371853,0.8295189817432229,53.110869538103906,71.16359908528615,3.8093585040321214,5.629448345314806,"(1.0, 5.0)",2025-07-31T04:48:35.669998169+00:00,0.46,,,,,,,,,,
62154312,LON,ok,16.446756383940855,0.9303461302122744,24.296228715912385,74.06195082180275,3.608438009554299,6.880478018837362,"(5.0, 15.0)",2025-07-31T05:31:59.109996796+00:00,0.2,0.4467563839408548,0.06,16.0,0.01,0.9685730319472645,0.07160839160839161,True,1.662769315729799,,
62154502,LON,ok,19.69846469666603,0.8673629338053146,27.353581100164043,67.88946567898547,3.6814490996404112,5.90085037188808,"(1.0, 5.0)",2025-07-31T12:59:12.489999771+00:00,1.05,13.69846469666603,0.12,21.0,0.06,-0.7328707715517487,0.1980952380952381,True,3.259586014966799,,
62154512,LON,ok,15.836573200734698,0.8727527482004135,24.20647566748431,71.23308979546883,3.6190079865316758,7.690677538833405,"(5.0, 30.0)",2025-07-31T13:01:22.809999704+00:00,1.07,39.8365732007347,0.08,67.0,0.04,0.6340916933316643,0.09142857142857143,True,2.2105505237270577,,
62154552,LON,ok,15.190991859529506,0.8414662962686333,24.918774412618966,70.21883374764136,3.682936038360416,3.044370331351526,"(1.0, 5.0)",2025-07-31T14:17:53.629997253+00:00,0.11,-82.8090081404705,0.08,8.0,0.02,0.0,0.19692307692307692,True,2.172179998966659,,
62154572,LON,ok,20.35793698591904,0.8036926674397639,42.064678486563885,71.90390263513349,3.734800501048625,5.958854100848202,"(1.0, 20.0)",2025-07-31T14:47:05.299999714+00:00,0.64,-3.6420630140809607,0.04,17.0,0.01,-0.8900056118154259,0.07338247338247339,True,1.0710076746741666,,
62155277,LON,fail_incidence,20.009687692562842,0.8967031509700881,53.65961542240443,71.73838415240445,3.73166913764525,7.0028591064056,"(5.0, 15.0)",2025-08-01T01:31:25.750000+00:00,0.56,,,,,,,,,,
62155302,LON,ok,18.662849613169293,0.8477271347865818,19.243250574980088,71.98873942747456,3.7341143036819386,7.800756515691871,"(2.0, 8.0)",2025-08-01T01:44:01.069999933+00:00,0.84,6.662849613169293,0.08,67.0,0.09,-0.4817973845904636,0.13142857142857142,True,2.142408975566651,,
62155357,LON,ok,18.13847040325245,0.8829895544448063,38.92346321010556,74.55142504968539,4.097774661604169,5.569083531850198,"(1.0, 5.0)",2025-08-01T02:40:59.779998779+00:00,0.48,-17.86152959674755,0.1,36.0,0.02,0.0,0.18379487179487178,True,2.440348927357872,,
62155372,LON,fail_incidence,19.530219507436108,0.7638869803680122,47.10242072697011,69.95868338681242,3.7974419830235187,3.097716381609983,"(5.0, 30.0)",2025-08-01T02:56:21.969999313+00:00,0.54,,,,,,,,,,
62155537,LON,ok,19.270661485812948,0.628966661493439,43.89840458925231,70.66940281743238,4.068568665239797,5.392940524070902,"(10.0, 20.0)",2025-08-01T12:22:46.299999237+00:00,0.38,7.270661485812948,0.08,9.0,0.01,0.8428651597363228,0.07314285714285715,True,1.9662934703176476,,
62155552,LON,ok,18.896482081938572,0.7806659165022899,38.04165364009726,70.08772306352711,4.061449745330109,5.092470507984482,"(10.0, 20.0)",2025-08-01T13:47:50.939998627+00:00,0.41,2.896482081938572,0.08,9.0,0.01,-0.7957247076572196,0.07212698412698412,True,1.9697399947391867,,
62155572,LON,fail_incidence,19.56448808660489,0.7528495920883601,52.10197508634112,70.66965587352833,4.06566213039437,3.1584792101247796,"(10.0, 20.0)",2025-08-01T14:27:11.710000038+00:00,0.44,,,,,,,,,,
62156071,LON,fail_no_result,18.66592094057501,0.7807322564363095,30.641627395876043,69.21432240362216,3.7636048611232167,2.2606743623565313,"(5.0, 30.0)",2025-07-21T17:51:07.629999638+00:00,0.4,,,,,,,,,,
62156376,LON,ok,18.984706608864904,0.808600708193139,27.106903353433037,71.54828182476157,3.7276364687464056,4.1654807037181705,"(1.0, 15.0)",2025-07-22T01:42:47.439998627+00:00,0.38,-77.01529339113509,0.12,20.0,0.01,0.0,0.16969696969696968,True,3.2191980362386485,,
62156401,LON,ok,19.996539069207426,0.909965168451349,37.22904402639204,68.84288736885952,3.8614518680701817,3.9396248293387743,"(10.0, 20.0)",2025-07-22T02:52:50.989998102+00:00,0.53,83.99653906920743,0.16,14.0,0.01,-0.8900056118154259,0.06661396574440052,True,4.143519211595467,,
62156406,LON,ok,19.9043517498228,0.918641601135924,30.593056476487728,70.76183398235163,3.887880916825617,5.917347540269998,"(3.0, 15.0)",2025-07-22T02:57:47.399997711+00:00,0.45,1.9043517498228013,0.02,9.0,0.01,0.9371460638945291,0.07893738140417456,True,0.5144190480075101,,
62156451,LON,ok,19.434817798951343,0.9288819429515194,24.795254847909884,72.65271845363297,3.660655114566717,6.549052916105747,"(5.0, 10.0)",2025-07-22T10:11:52.739998102+00:00,0.66,-60.56518220104866,0.08,51.0,0.07,0.0,0.13929411764705882,True,2.1854011781022145,,
62156461,LON,ok,19.33862078761636,0.8157257013699177,38.36734911169025,70.46439419880251,3.710554406054663,4.81983645424005,"(1.0, 20.0)",2025-07-22T11:33:25.139999390+00:00,0.15,-86.66137921238364,0.16,10.0,0.01,0.0,0.07684587813620071,True,4.312024093728999,,
62156476,LON,fail_incidence,19.74818307120568,0.6100853627428613,85.67765996333418,66.65167850679354,3.826823599697058,2.794996349803011,"(1.0, 5.0)",2025-07-22T12:21:20.889999390+00:00,0.14,,,,,,,,,,
62156551,LON,ok,19.85294819719087,0.8323419688135119,29.81867346153131,68.1115565317251,3.7562398641571084,4.56381334566855,"(1.0, 15.0)",2025-07-22T13:49:48.700000763+00:00,0.81,27.85294819719087,0.04,27.0,0.01,0.9057190958417937,0.07434343434343434,True,1.064894720427443,,
62156556,LON,ok,20.228545517758615,0.8712781959787307,17.150749922559772,69.25665217176922,3.681149458029641,2.6211791911999165,"(1.0, 20.0)",2025-07-22T13:54:28.599998474+00:00,0.61,52.22854551775862,0.04,20.0,0.01,-0.6064564278127814,0.10164705882352941,True,1.0866171139220808,,
62156621,LON,fail_incidence,19.954120024227187,0.9168851878823687,47.697057506959766,62.856933907993245,3.7983418659599466,4.212874614030144,"(10.0, 20.0)",2025-07-22T15:55:20.510000229+00:00,0.53,,,,,,,,,,
62156641,LON,fail_incidence,20.36214757122113,0.9295489840271722,48.87032659126896,69.15711679926123,3.8433243403130586,4.789842446057856,"(1.0, 20.0)",2025-07-22T16:26:56.349998474+00:00,0.64,,,,,,,,,,
62156721,LON,ok,18.926162613650835,0.706618486679641,14.503523242783748,70.74507310411478,3.7170537093315463,4.962715138155373,"(5.0, 10.0)",2025-07-22T18:10:36.200000763+00:00,0.27,22.926162613650835,0.02,6.0,0.01,0.11375392877292145,0.12218181818181818,True,0.5380605598942686,,
62156746,LON,ok,19.382239030234494,0.6998107932758988,39.49561280279036,72.70600891404489,4.48653368031984,7.112500747174433,"(3.0, 15.0)",2025-07-22T18:58:19.670000076+00:00,0.25,-0.6177609697655058,0.06,12.0,0.01,0.9685730319472645,0.08777142857142857,True,1.3373353300163493,,
62161827,LON,fail_incidence,23.526191908798324,0.9791935681015336,52.34011756074682,62.365884630461274,2.2468938839072803,14.531261449847175,"(1.0, 15.0)",2025-08-13T00:21:29.639999390+00:00,0.22,,,,,,,,,,
62161892,LON,ok,20.162904557248954,0.7930233841862239,43.49457094297532,70.05761118067518,3.787584225861242,5.225255649580708,"(1.0, 15.0)",2025-08-13T04:33:22.149999619+00:00,0.56,10.162904557248954,0.06,15.0,0.03,-0.6700168354462779,0.1087581699346405,True,1.5841231883459137,,
62163622,LON,fail_snr,17.373298389660647,0.9107955895872324,21.763560767061666,76.51418338734005,3.829398207308922,,None,2025-08-15T18:57:26.010000229+00:00,0.28,,,,,,,,,,
62163702,LON,ok,15.07522533843219,0.7778314096978972,32.97732067304427,68.96455349087655,4.313251168608502,4.652517629650095,"(5.0, 15.0)",2025-08-15T20:32:58.889999390+00:00,0.51,-8.92477466156781,0.06,5.0,0.03,0.0,0.07329032258064516,True,1.3910620470394863,,
62164321,LON,ok,16.868907661691246,0.8276922481935431,35.636314058853586,73.66171864456093,4.264538569804076,7.780532041860832,"(5.0, 30.0)",2025-08-02T10:05:13.969999313+00:00,1.0,-1.131092338308754,0.06,11.0,0.01,-0.9528595479208969,0.07862691960252936,True,1.406951749125734,,
62164351,LON,ok,19.857923323158214,0.8231656296795575,25.72051821330043,67.9584651302784,3.849517977023422,2.1434673520329492,"(10.0, 20.0)",2025-08-02T11:34:16.029998779+00:00,0.47,65.85792332315822,0.04,62.0,0.06,0.9685730319472645,0.07368421052631578,True,1.0390911339743725,,
62164857,LON,ok,16.531660412907385,0.8732663229921469,18.427080152279018,78.92984132189441,3.6540076137989517,9.7302567990108,"(1.0, 8.0)",2025-08-18T20:10:26.709999084+00:00,0.67,-81.46833958709261,0.06,19.0,0.03,0.0,0.13724941724941725,True,1.642032703309558,,
62165036,LON,ok,21.46849729103055,0.7539988839683238,33.92441409758312,77.84024186816683,3.9516932071556896,3.944078467699475,"(1.0, 8.0)",2025-08-03T15:55:13.949999809+00:00,0.27,61.468497291030545,0.14,20.0,0.01,0.9057190958417937,0.1653333333333333,True,3.542785147047582,,
62165566,LON,fail_incidence,15.364686036595684,0.8538529534181977,52.307962454022714,67.46232992355729,4.182931673827964,5.1255276364346765,"(10.0, 20.0)",2025-08-04T12:34:39.919998169+00:00,0.43,,,,,,,,,,
62166401,LON,fail_incidence,13.944154959054929,0.953026301355907,57.19048345879993,67.48773131588248,3.994800669293484,12.974068907819152,"(2.0, 8.0)",2025-08-05T19:11:04.819999695+00:00,0.33,,,,,,,,,,
62166406,LON,fail_incidence,13.339118098142537,0.8820987935762372,52.9589162356278,68.72113364902458,3.926667901199512,13.920194378517618,"(5.0, 15.0)",2025-08-05T19:17:18.590000153+00:00,0.43,,,,,,,,,,
62166416,LON,fail_incidence,13.853605681823403,0.8573114086741084,54.382127244858815,68.84255976795218,3.8266449653788417,12.677769808428055,"(1.0, 15.0)",2025-08-05T19:20:15.179999352+00:00,0.45,,,,,,,,,,
62167796,LON,fail_incidence,16.017455709526953,0.859395181264518,56.1114121121677,70.19674951447551,3.6828108676660816,3.5895523373450757,"(3.0, 15.0)",2025-08-08T02:14:19.489999771+00:00,-0.29,,,,,,,,,,
62168151,LON,fail_incidence,13.013572431146711,0.8760216184280003,56.31451399109189,70.76707476649823,4.075453815614601,4.451686128133688,"(5.0, 10.0)",2025-08-08T20:24:15.029999495+00:00,0.09,,,,,,,,,,
62168386,LON,fail_no_result,20.922913846170047,0.7768946024054254,36.915083797628846,71.07285174062021,3.7172115233568648,9.044461465012589,"(1.0, 20.0)",2025-08-09T07:36:33.500000+00:00,0.31,,,,,,,,,,
62169666,LON,fail_incidence,15.436112295712073,0.8793095742256977,53.821612941427034,65.62251940776267,3.8819544847675367,14.978840702343371,"(10.0, 20.0)",2025-08-12T02:04:46.360000610+00:00,0.37,,,,,,,,,,
62169751,LON,fail_incidence,19.26260017318553,0.8910642732701413,48.05950612354205,75.16152947830007,4.089494573794727,8.961018048128373,"(1.0, 5.0)",2025-08-12T11:22:03.409999847+00:00,0.41,,,,,,,,,,
62169766,LON,fail_incidence,19.13911342592936,0.7940442591122554,54.83805277574018,71.10187752418058,4.19427856411082,4.192745755250921,"(5.0, 15.0)",2025-08-12T12:15:38.939998627+00:00,0.48,,,,,,,,,,
62172576,LON,fail_no_result,21.599922969092802,0.8219284861680328,35.11647030459066,69.5888501329877,4.658658906174657,6.657924399469422,"(5.0, 15.0)",2025-08-17T07:43:52.699996948+00:00,0.92,,,,,,,,,,
62177106,LON,ok,11.875375713178224,0.7566701456589293,40.59472317446621,72.06588915743242,4.304778097607183,9.02617561471888,"(5.0, 15.0)",2025-08-27T16:35:08.260000229+00:00,0.29,67.87537571317823,0.02,10.0,0.01,0.0,0.08542825361512792,True,0.4646000222663516,,
62177376,LON,fail_incidence,18.816864810533083,0.9427763574019318,56.46657413631231,64.57390792114094,4.0797872560377515,6.656865932514052,"(3.0, 15.0)",2025-08-28T04:20:17.949998856+00:00,0.59,,,,,,,,,,
62177406,LON,fail_incidence,20.160169222337363,0.8208542509364057,57.34968072576825,69.75043581990417,5.54029999553061,9.427287208729554,"(5.0, 15.0)",2025-08-28T07:43:24.449998856+00:00,0.35,,,,,,,,,,
62178006,LON,ok,16.503420857582096,0.9021110567904025,44.721899353211306,69.2216995674884,3.672523106460791,4.815344684952564,"(1.0, 15.0)",2025-08-29T04:32:50.329998016+00:00,0.32,0.5034208575820962,0.02,22.0,0.01,0.8428651597363228,0.09336870026525199,True,0.5445847288153346,,
